"plot","transect","microsite","canopy","point","species","length","width","height","number"
"CP3-012",1,"canopy",1,5,"POSE",1,2,6,1
"CP3-012",1,"canopy",1,5,"POSE",1,1,6,1
"CP3-012",1,"canopy",1,5,"POSE",2,2,6,1
"CP3-012",1,"interspace",0,5,"PHLO2",1,1,2,1
"CP3-012",1,"canopy",1,10,"NO PLANTS",NA,NA,NA,0
"CP3-012",1,"interspace",0,10,"ASPU9",2,2,2,1
"CP3-012",1,"canopy",1,15,"NO PLANTS",NA,NA,NA,0
"CP3-012",1,"interspace",1,15,"NO GAPS >60 cm",NA,NA,NA,1
"CP3-012",1,"canopy",1,17.5,"NO PLANTS",NA,NA,NA,0
"CP3-012",1,"interspace",1,17.5,"ACHY",7,3,7,1
"CP3-012",1,"interspace",0.5,17.5,"ACHY",1,2,12,1
"CP3-012",1,"canopy",1,20,"NO PLANTS",NA,NA,NA,0
"CP3-012",1,"interspace",1,20,"NO GAPS >60 cm",NA,NA,NA,1
"CP3-012",1,"canopy",1,22.5,"NO PLANTS",NA,NA,NA,0
"CP3-012",1,"interspace",0,22.5,"NO PLANTS",NA,NA,NA,0
"CP3-012",1,"canopy",1,25,"ACHY",3,2,12,1
"CP3-012",1,"interspace",0,25,"CHFE3",2,2,2,1
"CP3-012",2,"canopy",1,5,"PHLO2",7,4,8,1
"CP3-012",2,"interspace",0,5,"PLJA",NA,NA,4,1
"CP3-012",2,"canopy",1,10,"NO PLANTS",NA,NA,NA,0
"CP3-012",2,"interspace",0,10,"BOGR2",12,5,5,1
"CP3-012",2,"interspace",0,10,"BOGR2",3,2,3,1
"CP3-012",2,"interspace",0,10,"BOGR2",3,2,4,1
"CP3-012",2,"interspace",0,10,"PLJA",NA,NA,6,1
"CP3-012",2,"interspace",0,10,"BOGR2",3,2,4,1
"CP3-012",2,"interspace",0,10,"BRTE",NA,NA,4,1
"CP3-012",2,"interspace",0,10,"PLJA",NA,NA,6,1
"CP3-012",2,"interspace",0,10,"PLJA",NA,NA,6,1
"CP3-012",2,"interspace",0,10,"BRTE",NA,NA,4,1
"CP3-012",2,"interspace",0,10,"BRTE",NA,NA,4,1
"CP3-012",2,"interspace",0,10,"BRTE",NA,NA,4,1
"CP3-012",2,"interspace",0,10,"BRTE",NA,NA,4,1
"CP3-012",2,"interspace",0,10,"BRTE",NA,NA,4,1
"CP3-012",2,"interspace",0,10,"BRTE",NA,NA,4,1
"CP3-012",2,"canopy",1,15,"NO PLANTS",NA,NA,NA,0
"CP3-012",2,"interspace",0,15,"NO PLANTS",NA,NA,NA,0
"CP3-012",2,"canopy",1,20,"ELEL5",1,2,10,1
"CP3-012",2,"canopy",1,20,"ELEL5",5,3,9,1
"CP3-012",2,"interspace",0,20,"ELEL5",2,1,11,1
"CP3-012",2,"interspace",1,20,"ACHY",4,3,10,1
"CP3-012",2,"interspace",1,20,"ELEL5",1,1,10,1
"CP3-012",2,"canopy",1,25,"ELEL5",1,1,12,1
"CP3-012",2,"interspace",0,25,"ACHY",2,2,24,1
"CP3-012",3,"canopy",1,5,"ELEL5",2,1,15,1
"CP3-012",3,"canopy",1,5,"PHLO2",4,1,6,1
"CP3-012",3,"canopy",1,5,"PHLO2",9,3,8,1
"CP3-012",3,"interspace",0,5,"NO PLANTS",NA,NA,NA,0
"CP3-012",3,"canopy",1,10,"PHLO2",13,6,23,1
"CP3-012",3,"interspace",0,10,"PHLO2",2,1,5,1
"CP3-012",3,"canopy",1,15,"ELEL5",2,2,9,1
"CP3-012",3,"canopy",1,15,"ELEL5",2,2,9,1
"CP3-012",3,"interspace",0,15,"NO PLANTS",NA,NA,NA,0
"CP3-012",3,"canopy",1,20,"ELEL5",3,3,6,1
"CP3-012",3,"canopy",1,20,"ELEL5",1,1,10,1
"CP3-012",3,"interspace",0,20,"NO PLANTS",NA,NA,NA,0
"CP3-012",3,"canopy",1,25,"ELEL5",1,1,5,1
"CP3-012",3,"interspace",0,25,"BOGR2",7,4,1,1
"CP3-014",1,"canopy",1,5,"ELEL5",1,1,13,1
"CP3-014",1,"interspace",0,5,"HECO26",1,1,5,1
"CP3-014",1,"canopy",1,10,"NO PLANTS",NA,NA,NA,NA
"CP3-014",1,"interspace",0,10,"ASLE8",4,3,9,1
"CP3-014",1,"interspace",0,10,"BRTE",NA,NA,19,1
"CP3-014",1,"interspace",0,10,"ASLE8",22,17,16,1
"CP3-014",1,"interspace",0,10,"BRTE",NA,NA,19,1
"CP3-014",1,"interspace",0,10,"BRTE",NA,NA,19,1
"CP3-014",1,"interspace",0,10,"BRTE",NA,NA,19,1
"CP3-014",1,"interspace",0,10,"BRTE",NA,NA,19,1
"CP3-014",1,"interspace",0,10,"BRTE",NA,NA,19,1
"CP3-014",1,"interspace",0,10,"BRTE",NA,NA,19,1
"CP3-014",1,"interspace",0,10,"BRTE",NA,NA,19,1
"CP3-014",1,"interspace",0,10,"BRTE",NA,NA,19,1
"CP3-014",1,"interspace",0,10,"BRTE",NA,NA,19,1
"CP3-014",1,"canopy",1,15,"BRTE",NA,NA,18,1
"CP3-014",1,"interspace",0,15,"NO PLANTS",NA,NA,NA,NA
"CP3-014",1,"canopy",0,20,"BRTE",NA,NA,7,1
"CP3-014",1,"canopy",1,20,"BRTE",NA,NA,17,1
"CP3-014",1,"canopy",0,20,"BRTE",NA,NA,7,1
"CP3-014",1,"canopy",0,20,"BRTE",NA,NA,7,1
"CP3-014",1,"interspace",0,20,"NO PLANTS",NA,NA,NA,NA
"CP3-014",1,"canopy",1,22.5,"BRTE",NA,NA,5,1
"CP3-014",1,"canopy",1,22.5,"HECO26",1,1,5,1
"CP3-014",1,"canopy",1,22.5,"BRTE",NA,NA,5,1
"CP3-014",1,"canopy",1,22.5,"BRTE",NA,NA,5,1
"CP3-014",1,"interspace",NA,22.5,"NO GAPS >60 cm",NA,NA,NA,NA
"CP3-014",1,"canopy",1,25,"NO PLANTS",NA,NA,NA,NA
"CP3-014",1,"interspace",0,25,"NO PLANTS",NA,NA,NA,NA
"CP3-014",2,"canopy",1,5,"HECO26",1,1,15,1
"CP3-014",2,"canopy",1,5,"ACHY",3,3,28,1
"CP3-014",2,"canopy",1,5,"HECO26",1,1,15,1
"CP3-014",2,"interspace",0,5,"NO PLANTS",NA,NA,NA,NA
"CP3-014",2,"canopy",0.5,10,"ACHY",5,4,30,1
"CP3-014",2,"canopy",1,10,"HECO26",1,1,4,1
"CP3-014",2,"interspace",0,10,"NO PLANTS",NA,NA,NA,NA
"CP3-014",2,"canopy",1,15,"NO PLANTS",NA,NA,NA,NA
"CP3-014",2,"interspace",0,15,"HECO26",2,2,7,1
"CP3-014",2,"canopy",1,20,"NO PLANTS",NA,NA,NA,NA
"CP3-014",2,"interspace",0,20,"NO PLANTS",NA,NA,NA,NA
"CP3-014",2,"canopy",1,25,"HECO26",1,1,12,1
"CP3-014",2,"interspace",0,25,"NO PLANTS",NA,NA,NA,NA
"CP3-014",3,"canopy",0,5,"BRTE",NA,NA,5,1
"CP3-014",3,"canopy",1,5,"HECO26",1,1,7,1
"CP3-014",3,"canopy",0.5,5,"ACHY",15,5,35,1
"CP3-014",3,"interspace",0,5,"HECO26",1,1,4,1
"CP3-014",3,"interspace",0,5,"HECO26",1,1,6,1
"CP3-014",3,"interspace",0,5,"HECO26",1,1,6,1
"CP3-014",3,"canopy",1,10,"BRTE",NA,NA,15,1
"CP3-014",3,"canopy",1,10,"BRTE",NA,NA,15,1
"CP3-014",3,"interspace",0,10,"HECO26",4,3,20,1
"CP3-014",3,"interspace",0,10,"HECO26",1,2,6,1
"CP3-014",3,"canopy",1,15,"ELEL5",1,1,10,1
"CP3-014",3,"canopy",1,15,"ELEL5",1,1,5,1
"CP3-014",3,"interspace",0,15,"BRTE",NA,NA,5,1
"CP3-014",3,"canopy",1,20,"NO PLANTS",NA,NA,NA,NA
"CP3-014",3,"interspace",0,20,"HECO26",1,1,6,1
"CP3-014",3,"interspace",0,20,"BRTE",NA,NA,5,1
"CP3-014",3,"interspace",0,20,"HECO26",3,3,15,1
"CP3-014",3,"interspace",0,20,"LAOC3",NA,NA,2,1
"CP3-014",3,"interspace",0,20,"HECO26",1,1,8,1
"CP3-014",3,"interspace",0,20,"BRTE",NA,NA,5,1
"CP3-014",3,"interspace",0,20,"BRTE",NA,NA,5,1
"CP3-014",3,"interspace",0,20,"BRTE",NA,NA,5,1
"CP3-014",3,"canopy",0.5,25,"BRTE",NA,NA,9,1
"CP3-014",3,"canopy",0,25,"HECO26",2,2,6,1
"CP3-014",3,"interspace",0,25,"HECO26",1,1,4,1
"CP3-2023-01",1,"canopy",1,5,"BRTE",NA,NA,13,1
"CP3-2023-01",1,"canopy",1,5,"HECO26",1,1,60,1
"CP3-2023-01",1,"canopy",1,5,"BRTE",NA,NA,7,1
"CP3-2023-01",1,"canopy",1,5,"BRTE",NA,NA,7,1
"CP3-2023-01",1,"canopy",1,5,"BRTE",NA,NA,7,1
"CP3-2023-01",1,"canopy",1,5,"BRTE",NA,NA,7,1
"CP3-2023-01",1,"canopy",1,5,"BRTE",NA,NA,7,1
"CP3-2023-01",1,"canopy",1,5,"BRTE",NA,NA,7,1
"CP3-2023-01",1,"canopy",1,5,"BRTE",NA,NA,7,1
"CP3-2023-01",1,"canopy",1,5,"BRTE",NA,NA,7,1
"CP3-2023-01",1,"canopy",1,5,"BRTE",NA,NA,7,1
"CP3-2023-01",1,"canopy",1,5,"BRTE",NA,NA,7,1
"CP3-2023-01",1,"canopy",1,5,"BRTE",NA,NA,7,1
"CP3-2023-01",1,"canopy",1,5,"BRTE",NA,NA,7,1
"CP3-2023-01",1,"canopy",1,5,"BRTE",NA,NA,7,1
"CP3-2023-01",1,"canopy",1,5,"BRTE",NA,NA,7,1
"CP3-2023-01",1,"canopy",1,5,"BRTE",NA,NA,7,1
"CP3-2023-01",1,"canopy",1,5,"BRTE",NA,NA,7,1
"CP3-2023-01",1,"canopy",1,5,"BRTE",NA,NA,7,1
"CP3-2023-01",1,"canopy",1,5,"BRTE",NA,NA,7,1
"CP3-2023-01",1,"canopy",1,5,"BRTE",NA,NA,7,1
"CP3-2023-01",1,"canopy",1,5,"BRTE",NA,NA,7,1
"CP3-2023-01",1,"canopy",1,5,"BRTE",NA,NA,7,1
"CP3-2023-01",1,"canopy",1,5,"BRTE",NA,NA,7,1
"CP3-2023-01",1,"canopy",1,5,"BRTE",NA,NA,7,1
"CP3-2023-01",1,"canopy",1,5,"BRTE",NA,NA,7,1
"CP3-2023-01",1,"canopy",1,5,"BRTE",NA,NA,7,1
"CP3-2023-01",1,"canopy",1,5,"BRTE",NA,NA,7,1
"CP3-2023-01",1,"canopy",1,5,"BRTE",NA,NA,7,1
"CP3-2023-01",1,"interspace",0,5,"HECO26",1,1,45,1
"CP3-2023-01",1,"interspace",0,5,"GARA2",NA,NA,3,1
"CP3-2023-01",1,"interspace",1,5,"HECO26",1,1,10,1
"CP3-2023-01",1,"interspace",1,5,"BRTE",NA,NA,6,1
"CP3-2023-01",1,"interspace",1,5,"BRTE",NA,NA,16,1
"CP3-2023-01",1,"interspace",0,5,"GARA2",NA,NA,10,1
"CP3-2023-01",1,"interspace",0,5,"BRTE",NA,NA,7,1
"CP3-2023-01",1,"interspace",1,5,"BRTE",NA,NA,9,1
"CP3-2023-01",1,"interspace",0,5,"BRTE",NA,NA,7,1
"CP3-2023-01",1,"canopy",1,10,"BRTE",NA,NA,9,1
"CP3-2023-01",1,"canopy",1,10,"BRTE",NA,NA,5,1
"CP3-2023-01",1,"canopy",1,10,"BRTE",NA,NA,13,1
"CP3-2023-01",1,"canopy",1,10,"BRTE",NA,NA,9,1
"CP3-2023-01",1,"canopy",1,10,"BRTE",NA,NA,9,1
"CP3-2023-01",1,"canopy",1,10,"BRTE",NA,NA,5,1
"CP3-2023-01",1,"canopy",1,10,"BRTE",NA,NA,5,1
"CP3-2023-01",1,"canopy",1,10,"BRTE",NA,NA,13,1
"CP3-2023-01",1,"canopy",1,10,"BRTE",NA,NA,13,1
"CP3-2023-01",1,"canopy",1,10,"BRTE",NA,NA,13,1
"CP3-2023-01",1,"canopy",1,10,"BRTE",NA,NA,13,1
"CP3-2023-01",1,"interspace",0,10,"ACHY",2,3,25,1
"CP3-2023-01",1,"interspace",0,10,"ACHY",3,1,23,1
"CP3-2023-01",1,"interspace",0,10,"ACHY",2,2,30,1
"CP3-2023-01",1,"interspace",0,10,"ACHY",1,1,25,1
"CP3-2023-01",1,"interspace",0,10,"PEHU",15,8,18,1
"CP3-2023-01",1,"canopy",0,15,"PEHU",8,6,18,1
"CP3-2023-01",1,"canopy",0,15,"ACHY",1,1,11,1
"CP3-2023-01",1,"interspace",1,15,"ELEL5",2,2,30,1
"CP3-2023-01",1,"interspace",1,15,"GIIN2",NA,NA,8,1
"CP3-2023-01",1,"interspace",0,15,"GARA2",NA,NA,12,1
"CP3-2023-01",1,"interspace",1,15,"GARA2",NA,NA,8,1
"CP3-2023-01",1,"interspace",1,15,"BRTE",NA,NA,11,1
"CP3-2023-01",1,"interspace",1,15,"BRTE",NA,NA,7,1
"CP3-2023-01",1,"interspace",1,15,"BRTE",NA,NA,11,1
"CP3-2023-01",1,"interspace",1,15,"BRTE",NA,NA,7,1
"CP3-2023-01",1,"interspace",1,15,"BRTE",NA,NA,7,1
"CP3-2023-01",1,"canopy",1,20,"BRTE",NA,NA,10,1
"CP3-2023-01",1,"canopy",1,20,"BRTE",NA,NA,12,1
"CP3-2023-01",1,"canopy",1,20,"HECO26",2,2,60,1
"CP3-2023-01",1,"canopy",1,20,"GIIN2",NA,NA,4,1
"CP3-2023-01",1,"interspace",0,20,"ELEL5",1,1,17,1
"CP3-2023-01",1,"interspace",0,20,"HECO26",3,3,60,1
"CP3-2023-01",1,"interspace",0,20,"ELEL5",2,1,28,1
"CP3-2023-01",1,"interspace",0,20,"ELEL5",1,1,12,1
"CP3-2023-01",1,"interspace",0,20,"ELEL5",1,1,6,1
"CP3-2023-01",1,"interspace",0,20,"ELEL5",1,1,6,1
"CP3-2023-01",1,"canopy",1,25,"ELEL5",1,1,31,1
"CP3-2023-01",1,"canopy",1,25,"GIIN2",NA,NA,7,1
"CP3-2023-01",1,"canopy",1,25,"ELEL5",2,1,25,1
"CP3-2023-01",1,"canopy",1,25,"BRTE",NA,NA,16,1
"CP3-2023-01",1,"canopy",1,25,"ELEL5",2,1,25,1
"CP3-2023-01",1,"canopy",1,25,"BRTE",NA,NA,16,1
"CP3-2023-01",1,"interspace",1,25,"BRTE",NA,NA,13,1
"CP3-2023-01",1,"interspace",1,25,"BRTE",NA,NA,10,1
"CP3-2023-01",1,"interspace",1,25,"BRTE",NA,NA,15,1
"CP3-2023-01",1,"interspace",1,25,"GIIN2",NA,NA,13,1
"CP3-2023-01",1,"interspace",1,25,"BRTE",NA,NA,12,1
"CP3-2023-01",1,"interspace",1,25,"BRTE",NA,NA,13,1
"CP3-2023-01",1,"interspace",1,25,"BRTE",NA,NA,10,1
"CP3-2023-01",1,"interspace",1,25,"BRTE",NA,NA,12,1
"CP3-2023-01",1,"interspace",1,25,"BRTE",NA,NA,12,1
"CP3-2023-01",2,"canopy",1,5,"BRTE",NA,NA,15,1
"CP3-2023-01",2,"canopy",1,5,"GIIN2",NA,NA,6,1
"CP3-2023-01",2,"canopy",1,5,"BRTE",NA,NA,12,1
"CP3-2023-01",2,"canopy",1,5,"GIIN2",NA,NA,9,1
"CP3-2023-01",2,"canopy",1,5,"BRTE",NA,NA,10,1
"CP3-2023-01",2,"canopy",0,5,"BRTE",NA,NA,8,1
"CP3-2023-01",2,"canopy",1,5,"ELEL5",3,3,50,1
"CP3-2023-01",2,"canopy",1,5,"ELEL5",1,1,40,1
"CP3-2023-01",2,"canopy",1,5,"BRTE",NA,NA,13,1
"CP3-2023-01",2,"canopy",1,5,"BRTE",NA,NA,12,1
"CP3-2023-01",2,"canopy",1,5,"BRTE",NA,NA,10,1
"CP3-2023-01",2,"canopy",1,5,"BRTE",NA,NA,10,1
"CP3-2023-01",2,"canopy",0,5,"BRTE",NA,NA,8,1
"CP3-2023-01",2,"canopy",0,5,"BRTE",NA,NA,8,1
"CP3-2023-01",2,"canopy",0,5,"BRTE",NA,NA,8,1
"CP3-2023-01",2,"canopy",0,5,"BRTE",NA,NA,8,1
"CP3-2023-01",2,"canopy",1,5,"BRTE",NA,NA,13,1
"CP3-2023-01",2,"interspace",1,5,"PHLO2",5,4,14,1
"CP3-2023-01",2,"canopy",1,10,"GARA2",NA,NA,4,1
"CP3-2023-01",2,"interspace",0,10,"NO PLANTS",NA,NA,NA,NA
"CP3-2023-01",2,"canopy",1,15,"LOFO",14,27,27,1
"CP3-2023-01",2,"canopy",1,15,"BRTE",NA,NA,9,1
"CP3-2023-01",2,"canopy",1,15,"BRTE",NA,NA,9,1
"CP3-2023-01",2,"interspace",0,15,"NO PLANTS",NA,NA,NA,NA
"CP3-2023-01",2,"canopy",1,20,"BRTE",NA,NA,10,1
"CP3-2023-01",2,"canopy",1,20,"BRTE",NA,NA,5,1
"CP3-2023-01",2,"canopy",1,20,"BRTE",NA,NA,8,1
"CP3-2023-01",2,"canopy",0,20,"BRTE",NA,NA,22,1
"CP3-2023-01",2,"canopy",0,20,"BRTE",NA,NA,22,1
"CP3-2023-01",2,"interspace",0,20,"HECO26",1,1,15,1
"CP3-2023-01",2,"interspace",0,20,"BRTE",NA,NA,12,1
"CP3-2023-01",2,"interspace",0,20,"BRTE",NA,NA,9,1
"CP3-2023-01",2,"interspace",0,20,"BRTE",NA,NA,17,1
"CP3-2023-01",2,"canopy",1,25,"BRTE",NA,NA,23,1
"CP3-2023-01",2,"canopy",1,25,"BRTE",NA,NA,10,1
"CP3-2023-01",2,"canopy",1,25,"BRTE",NA,NA,15,1
"CP3-2023-01",2,"interspace",0.5,25,"BRTE",NA,NA,10,1
"CP3-2023-01",2,"interspace",0.5,25,"BRTE",NA,NA,23,1
"CP3-2023-01",2,"interspace",0.5,25,"BRTE",NA,NA,8,1
"CP3-2023-01",3,"canopy",1,5,"BRTE",NA,NA,13,1
"CP3-2023-01",3,"canopy",1,5,"PHLO2",9,6,20,1
"CP3-2023-01",3,"canopy",1,5,"BRTE",NA,NA,15,1
"CP3-2023-01",3,"canopy",1,5,"BRTE",NA,NA,30,1
"CP3-2023-01",3,"canopy",1,5,"BRTE",NA,NA,15,1
"CP3-2023-01",3,"canopy",1,5,"BRTE",NA,NA,10,1
"CP3-2023-01",3,"canopy",1,5,"GIIN2",NA,NA,7,1
"CP3-2023-01",3,"canopy",1,5,"BRTE",NA,NA,18,1
"CP3-2023-01",3,"canopy",1,5,"BRTE",NA,NA,15,1
"CP3-2023-01",3,"canopy",1,5,"BRTE",NA,NA,15,1
"CP3-2023-01",3,"canopy",1,5,"BRTE",NA,NA,15,1
"CP3-2023-01",3,"canopy",1,5,"BRTE",NA,NA,10,1
"CP3-2023-01",3,"interspace",0,5,"GIIN2",NA,NA,11,1
"CP3-2023-01",3,"interspace",0,5,"GIIN2",NA,NA,14,1
"CP3-2023-01",3,"interspace",0,5,"HECO26",1,1,11,1
"CP3-2023-01",3,"interspace",0,5,"PHLO2",4,4,8,1
"CP3-2023-01",3,"interspace",0,5,"GIIN2",NA,NA,4,1
"CP3-2023-01",3,"canopy",1,10,"HECO26",1,1,5,1
"CP3-2023-01",3,"canopy",1,10,"HECO26",2,1,22,1
"CP3-2023-01",3,"interspace",1,10,"GARA2",NA,NA,5,1
"CP3-2023-01",3,"interspace",0,10,"HECO26",1,1,15,1
"CP3-2023-01",3,"interspace",0,10,"HECO26",1,1,11,1
"CP3-2023-01",3,"canopy",1,15,"BRTE",NA,NA,23,1
"CP3-2023-01",3,"canopy",1,15,"BRTE",NA,NA,17,1
"CP3-2023-01",3,"canopy",1,15,"BRTE",NA,NA,7,1
"CP3-2023-01",3,"canopy",1,15,"BRTE",NA,NA,12,1
"CP3-2023-01",3,"canopy",1,15,"BRTE",NA,NA,17,1
"CP3-2023-01",3,"canopy",1,15,"BRTE",NA,NA,7,1
"CP3-2023-01",3,"canopy",1,15,"BRTE",NA,NA,7,1
"CP3-2023-01",3,"canopy",1,15,"BRTE",NA,NA,7,1
"CP3-2023-01",3,"canopy",1,15,"BRTE",NA,NA,7,1
"CP3-2023-01",3,"canopy",1,15,"BRTE",NA,NA,7,1
"CP3-2023-01",3,"canopy",1,15,"BRTE",NA,NA,7,1
"CP3-2023-01",3,"canopy",1,15,"BRTE",NA,NA,7,1
"CP3-2023-01",3,"canopy",1,15,"BRTE",NA,NA,7,1
"CP3-2023-01",3,"canopy",1,15,"BRTE",NA,NA,7,1
"CP3-2023-01",3,"canopy",1,15,"BRTE",NA,NA,12,1
"CP3-2023-01",3,"canopy",1,15,"BRTE",NA,NA,12,1
"CP3-2023-01",3,"interspace",0,15,"NO PLANTS",NA,NA,NA,NA
"CP3-2023-01",3,"canopy",1,20,"BRTE",NA,NA,11,1
"CP3-2023-01",3,"canopy",1,20,"BRTE",NA,NA,21,1
"CP3-2023-01",3,"canopy",1,20,"BRTE",NA,NA,15,1
"CP3-2023-01",3,"canopy",1,20,"BRTE",NA,NA,21,1
"CP3-2023-01",3,"interspace",1,20,"HECO26",2,2,40,1
"CP3-2023-01",3,"interspace",1,20,"BRTE",NA,NA,35,1
"CP3-2023-01",3,"interspace",1,20,"BRTE",NA,NA,15,1
"CP3-2023-01",3,"interspace",1,20,"BRTE",NA,NA,15,1
"CP3-2023-01",3,"interspace",1,20,"BRTE",NA,NA,15,1
"CP3-2023-01",3,"interspace",1,20,"BRTE",NA,NA,15,1
"CP3-2023-01",3,"interspace",1,20,"BRTE",NA,NA,15,1
"CP3-2023-01",3,"canopy",1,25,"BRTE",NA,NA,23,1
"CP3-2023-01",3,"canopy",1,25,"BRTE",NA,NA,20,1
"CP3-2023-01",3,"canopy",1,25,"BRTE",NA,NA,20,1
"CP3-2023-01",3,"canopy",1,25,"HECO26",1,1,60,1
"CP3-2023-01",3,"canopy",1,25,"HECO26",1,1,35,1
"CP3-2023-01",3,"canopy",1,25,"BRTE",NA,NA,17,1
"CP3-2023-01",3,"canopy",1,25,"BRTE",NA,NA,10,1
"CP3-2023-01",3,"canopy",1,25,"BRTE",NA,NA,23,1
"CP3-2023-01",3,"canopy",1,25,"BRTE",NA,NA,23,1
"CP3-2023-01",3,"canopy",1,25,"BRTE",NA,NA,23,1
"CP3-2023-01",3,"canopy",1,25,"BRTE",NA,NA,20,1
"CP3-2023-01",3,"canopy",1,25,"BRTE",NA,NA,20,1
"CP3-2023-01",3,"canopy",1,25,"HECO26",1,1,35,1
"CP3-2023-01",3,"canopy",1,25,"BRTE",NA,NA,17,1
"CP3-2023-01",3,"canopy",1,25,"BRTE",NA,NA,10,1
"CP3-2023-01",3,"interspace",0,25,"BRTE",NA,NA,14,1
"CP3-2023-01",3,"interspace",0,25,"BRTE",NA,NA,22,1
"CP3-2023-01",3,"interspace",0,25,"BRTE",NA,NA,14,1
"CP3-2023-01",3,"interspace",0,25,"BRTE",NA,NA,14,1
"CP3-2023-01",3,"interspace",0,25,"BRTE",NA,NA,14,1
"CP3-2023-01",3,"interspace",0,25,"BRTE",NA,NA,14,1
"CP3-2023-01",3,"interspace",0,25,"BRTE",NA,NA,14,1
"CP3-2023-01",3,"interspace",0,25,"BRTE",NA,NA,22,1
"CP3-998",1,"canopy",1,5,"NO PLANTS",NA,NA,NA,NA
"CP3-998",1,"interspace",0,5,"CHPA28",NA,NA,1,1
"CP3-998",1,"interspace",0,5,"DEPI",NA,NA,2,1
"CP3-998",1,"canopy",1,10,"DEPI",NA,NA,4,1
"CP3-998",1,"canopy",0,10,"GUSA2",1,1,3,1
"CP3-998",1,"canopy",1,10,"AF024",NA,NA,25,1
"CP3-998",1,"canopy",1,10,"GUSA2",1,1,2,1
"CP3-998",1,"canopy",1,10,"DEPI",NA,NA,7,1
"CP3-998",1,"canopy",0,10,"ASLE8",6,2,3,1
"CP3-998",1,"canopy",0,10,"GUSA2",1,2,4,1
"CP3-998",1,"canopy",1,10,"AF024",NA,NA,25,1
"CP3-998",1,"canopy",1,10,"GUSA2",1,1,2,1
"CP3-998",1,"interspace",0,10,"NO PLANTS",NA,NA,NA,NA
"CP3-998",1,"canopy",1,15,"DEPI",NA,NA,1,1
"CP3-998",1,"interspace",0,15,"NO PLANTS",NA,NA,NA,NA
"CP3-998",1,"canopy",1,20,"NO PLANTS",NA,NA,NA,NA
"CP3-998",1,"interspace",0,20,"NO PLANTS",NA,NA,NA,NA
"CP3-998",1,"canopy",1,25,"GUSA2",1,1,5,1
"CP3-998",1,"canopy",1,25,"GUSA2",1,1,2,1
"CP3-998",1,"canopy",1,25,"DEPI",NA,NA,3,1
"CP3-998",1,"canopy",1,25,"SPCO",4,3,4,1
"CP3-998",1,"canopy",1,25,"GUSA2",1,1,3,1
"CP3-998",1,"canopy",1,25,"DEPI",NA,NA,5,1
"CP3-998",1,"canopy",1,25,"DEPI",NA,NA,3,1
"CP3-998",1,"canopy",1,25,"DEPI",NA,NA,3,1
"CP3-998",1,"canopy",1,25,"GUSA2",1,1,3,1
"CP3-998",1,"interspace",0,25,"GUSA2",1,1,3,1
"CP3-998",1,"interspace",0,25,"GUSA2",1,1,3,1
"CP3-998",1,"interspace",0,25,"GUSA2",3,3,4,1
"CP3-998",1,"interspace",0,25,"GUSA2",1,1,4,1
"CP3-998",2,"canopy",1,5,"NO PLANTS",NA,NA,NA,NA
"CP3-998",2,"interspace",0,5,"DEPI",NA,NA,2,1
"CP3-998",2,"interspace",0,5,"GUSA2",2,1,6,1
"CP3-998",2,"interspace",0,5,"CHPA28",NA,NA,3,1
"CP3-998",2,"canopy",1,10,"GUSA2",1,1,3,1
"CP3-998",2,"interspace",0,10,"GUSA2",1,1,6,1
"CP3-998",2,"interspace",0,10,"AF024",NA,NA,7,1
"CP3-998",2,"canopy",1,15,"NO PLANTS",NA,NA,NA,NA
"CP3-998",2,"interspace",0,15,"SPCO",6,5,7,1
"CP3-998",2,"canopy",1,20,"GUSA2",1,1,3,1
"CP3-998",2,"canopy",1,20,"GUSA2",1,1,1,1
"CP3-998",2,"interspace",0,20,"DEPI",NA,NA,2,1
"CP3-998",2,"canopy",0.5,25,"SPCR",3,2,5,1
"CP3-998",2,"canopy",0,25,"ARDR4",1,1,2,1
"CP3-998",2,"interspace",0,25,"ARDR4",10,8,14,1
"CP3-998",3,"canopy",1,5,"AF024",NA,NA,30,1
"CP3-998",3,"canopy",0.5,5,"DEPI",NA,NA,20,1
"CP3-998",3,"interspace",0,5,"NO PLANTS",NA,NA,NA,NA
"CP3-998",3,"canopy",0,10,"DEPI",NA,NA,2,1
"CP3-998",3,"canopy",1,10,"LAOC3",NA,NA,3,1
"CP3-998",3,"canopy",0,10,"CHPA28",NA,NA,3,1
"CP3-998",3,"canopy",0,10,"CHPA28",NA,NA,3,1
"CP3-998",3,"interspace",0,10,"GUSA2",2,2,3,1
"CP3-998",3,"interspace",0,10,"CHPA28",NA,NA,3,1
"CP3-998",3,"interspace",0,10,"DEPI",NA,NA,6,1
"CP3-998",3,"interspace",0,10,"MUSQ3",NA,NA,3,1
"CP3-998",3,"interspace",0,10,"CHPA28",NA,NA,3,1
"CP3-998",3,"interspace",0,10,"CHPA28",NA,NA,3,1
"CP3-998",3,"canopy",1,15,"DEPI",NA,NA,6,1
"CP3-998",3,"interspace",0,15,"CHPA28",NA,NA,3,1
"CP3-998",3,"interspace",0,15,"ARDR4",1,1,2,1
"CP3-998",3,"interspace",0,15,"DEPI",NA,NA,8,1
"CP3-998",3,"canopy",1,20,"DEPI",NA,NA,2,1
"CP3-998",3,"canopy",1,20,"DEPI",NA,NA,2,1
"CP3-998",3,"interspace",0,20,"GUSA2",1,1,2,1
"CP3-998",3,"interspace",0,20,"DEPI",NA,NA,2,1
"CP3-998",3,"interspace",0,20,"GUSA2",1,1,2,1
"CP3-998",3,"canopy",1,25,"NO PLANTS",NA,NA,NA,NA
"CP3-998",3,"interspace",0,25,"NO PLANTS",NA,NA,NA,NA
"CP5-002",1,"canopy",1,5,"ELEL5",3,3,7,1
"CP5-002",1,"canopy",1,5,"ELEL5",3,2,12,1
"CP5-002",1,"interspace",1,5,"ELEL5",2,1,7,1
"CP5-002",1,"canopy",1,10,"NO PLANTS",NA,NA,NA,0
"CP5-002",1,"interspace",0,10,"BOGR2",3,3,2,1
"CP5-002",1,"interspace",0,10,"VUOC",NA,NA,4,1
"CP5-002",1,"interspace",0,10,"BOGR2",6,3,4,1
"CP5-002",1,"interspace",0,10,"BOGR2",2,1,1,1
"CP5-002",1,"interspace",0,10,"BOGR2",2,1,3,1
"CP5-002",1,"interspace",0,10,"VUOC",NA,NA,4,1
"CP5-002",1,"interspace",0,10,"VUOC",NA,NA,4,1
"CP5-002",1,"interspace",0,10,"VUOC",NA,NA,4,1
"CP5-002",1,"interspace",0,10,"VUOC",NA,NA,4,1
"CP5-002",1,"canopy",0,15,"PLJA",5,3,10,1
"CP5-002",1,"canopy",0,15,"VUOC",NA,NA,3,1
"CP5-002",1,"canopy",1,15,"VUOC",NA,NA,2,1
"CP5-002",1,"canopy",0,15,"VUOC",NA,NA,3,1
"CP5-002",1,"canopy",1,15,"VUOC",NA,NA,2,1
"CP5-002",1,"canopy",1,15,"VUOC",NA,NA,2,1
"CP5-002",1,"interspace",0,15,"BOGR2",6,2,3,1
"CP5-002",1,"interspace",0,15,"BOGR2",1,1,2,1
"CP5-002",1,"canopy",0.5,20,"VUOC",NA,NA,3,1
"CP5-002",1,"canopy",0.5,20,"VUOC",NA,NA,3,1
"CP5-002",1,"canopy",0.5,20,"VUOC",NA,NA,3,1
"CP5-002",1,"canopy",0.5,20,"VUOC",NA,NA,3,1
"CP5-002",1,"canopy",0.5,20,"VUOC",NA,NA,3,1
"CP5-002",1,"canopy",0.5,20,"VUOC",NA,NA,3,1
"CP5-002",1,"canopy",0.5,20,"VUOC",NA,NA,3,1
"CP5-002",1,"interspace",0,20,"VUOC",NA,NA,3,1
"CP5-002",1,"canopy",1,25,"BOGR2",1,1,4,1
"CP5-002",1,"canopy",1,25,"BOGR2",1,1,4,1
"CP5-002",1,"canopy",1,25,"BOGR2",2,1,4,1
"CP5-002",1,"canopy",1,25,"BOGR2",3,2,4,1
"CP5-002",1,"canopy",1,25,"ERPU2",4,3,4,1
"CP5-002",1,"canopy",1,25,"ERPU2",3,2,10,1
"CP5-002",1,"canopy",1,25,"VUOC",NA,NA,4,1
"CP5-002",1,"canopy",1,25,"BOGR2",4,3,6,1
"CP5-002",1,"canopy",1,25,"BOGR2",1,1,5,1
"CP5-002",1,"canopy",1,25,"VUOC",NA,NA,4,1
"CP5-002",1,"canopy",1,25,"VUOC",NA,NA,4,1
"CP5-002",1,"canopy",1,25,"VUOC",NA,NA,4,1
"CP5-002",1,"canopy",1,25,"VUOC",NA,NA,4,1
"CP5-002",1,"canopy",1,25,"VUOC",NA,NA,4,1
"CP5-002",1,"canopy",1,25,"VUOC",NA,NA,4,1
"CP5-002",1,"canopy",1,25,"VUOC",NA,NA,4,1
"CP5-002",1,"canopy",1,25,"VUOC",NA,NA,4,1
"CP5-002",1,"interspace",0,25,"BOGR2",2,2,2,1
"CP5-002",1,"interspace",0,25,"BOGR2",6,3,2,1
"CP5-002",2,"canopy",0.5,5,"VUOC",NA,NA,4,1
"CP5-002",2,"canopy",0.5,5,"VUOC",NA,NA,4,1
"CP5-002",2,"canopy",0.5,5,"VUOC",NA,NA,4,1
"CP5-002",2,"canopy",0.5,5,"VUOC",NA,NA,4,1
"CP5-002",2,"canopy",0.5,5,"VUOC",NA,NA,4,1
"CP5-002",2,"interspace",0,5,"NO PLANTS",NA,NA,NA,0
"CP5-002",2,"canopy",1,10,"ELEL5",1,1,10,1
"CP5-002",2,"interspace",0,10,"ERPU2",1,1,3,1
"CP5-002",2,"interspace",0,10,"VUOC",NA,NA,2,1
"CP5-002",2,"canopy",1,15,"ELEL5",2,1,8,1
"CP5-002",2,"interspace",0,15,"BOGR2",1,1,2,1
"CP5-002",2,"interspace",0,15,"BOGR2",2,1,1,1
"CP5-002",2,"canopy",0,20,"BOGR2",4,3,3,1
"CP5-002",2,"canopy",0,20,"BOGR2",2,1,3,1
"CP5-002",2,"interspace",0,20,"VUOC",NA,NA,2,1
"CP5-002",2,"interspace",0,20,"BOGR2",1,1,3,1
"CP5-002",2,"interspace",0,20,"VUOC",NA,NA,2,1
"CP5-002",2,"interspace",0,20,"VUOC",NA,NA,2,1
"CP5-002",2,"interspace",0,20,"VUOC",NA,NA,2,1
"CP5-002",2,"interspace",0,20,"VUOC",NA,NA,2,1
"CP5-002",2,"interspace",0,20,"VUOC",NA,NA,2,1
"CP5-002",2,"interspace",0,20,"VUOC",NA,NA,2,1
"CP5-002",2,"interspace",0,20,"VUOC",NA,NA,2,1
"CP5-002",2,"interspace",0,20,"VUOC",NA,NA,2,1
"CP5-002",2,"interspace",0,20,"VUOC",NA,NA,2,1
"CP5-002",2,"interspace",0,20,"VUOC",NA,NA,2,1
"CP5-002",2,"interspace",0,20,"VUOC",NA,NA,2,1
"CP5-002",2,"interspace",0,20,"VUOC",NA,NA,2,1
"CP5-002",2,"interspace",0,20,"VUOC",NA,NA,2,1
"CP5-002",2,"interspace",0,20,"VUOC",NA,NA,2,1
"CP5-002",2,"interspace",0,20,"VUOC",NA,NA,2,1
"CP5-002",2,"canopy",0,25,"VUOC",NA,NA,3,1
"CP5-002",2,"canopy",1,25,"BOGR2",3,2,2,1
"CP5-002",2,"canopy",0,25,"ERPU2",2,1,2,1
"CP5-002",2,"canopy",0,25,"VUOC",NA,NA,3,1
"CP5-002",2,"canopy",0,25,"VUOC",NA,NA,3,1
"CP5-002",2,"canopy",0,25,"VUOC",NA,NA,3,1
"CP5-002",2,"canopy",0,25,"VUOC",NA,NA,3,1
"CP5-002",2,"canopy",0,25,"VUOC",NA,NA,3,1
"CP5-002",2,"interspace",0,25,"BOGR2",2,1,1,1
"CP5-002",2,"interspace",0,25,"ERPU2",1,2,5,1
"CP5-002",2,"interspace",0,25,"ERPU2",4,3,3,1
"CP5-002",2,"interspace",0,25,"ERPU2",4,2,3,1
"CP5-002",3,"canopy",1,5,"ERPU2",1,1,3,1
"CP5-002",3,"canopy",1,5,"ERPU2",1,1,3,1
"CP5-002",3,"canopy",1,5,"ERPU2",2,1,1,1
"CP5-002",3,"canopy",1,5,"ERPU2",1,1,2,1
"CP5-002",3,"canopy",1,5,"ERPU2",1,1,1,1
"CP5-002",3,"interspace",1,5,"ELEL5",1,1,7,1
"CP5-002",3,"interspace",1,5,"ERPU2",6,5,4,1
"CP5-002",3,"canopy",1,10,"ELEL5",1,1,8,1
"CP5-002",3,"canopy",1,10,"ELEL5",1,1,6,1
"CP5-002",3,"interspace",0,10,"PLJA",4,2,7,1
"CP5-002",3,"interspace",0,10,"PLJA",5,3,6,1
"CP5-002",3,"interspace",0,10,"PLJA",1,2,4,1
"CP5-002",3,"interspace",0,10,"PLJA",1,1,4,1
"CP5-002",3,"interspace",0,10,"ERPU2",2,2,3,1
"CP5-002",3,"interspace",0,10,"ERPU2",3,3,4,1
"CP5-002",3,"canopy",1,15,"ERPU2",1,1,3,1
"CP5-002",3,"interspace",0,15,"NO PLANTS",NA,NA,NA,0
"CP5-002",3,"canopy",1,20,"NO PLANTS",NA,NA,NA,0
"CP5-002",3,"interspace",0,20,"VUOC",NA,NA,3,1
"CP5-002",3,"interspace",0,20,"VUOC",NA,NA,3,1
"CP5-002",3,"canopy",1,25,"ERPU2",2,2,4,1
"CP5-002",3,"interspace",0,25,"BOGR2",3,2,3,1
"DryGB2-006",1,"canopy",1,5,"ELEL5",5,4,16,1
"DryGB2-006",1,"interspace",0.5,5,"ACHY",2,2,17,1
"DryGB2-006",1,"interspace",0,5,"ACHY",1,1,5,1
"DryGB2-006",1,"canopy",1,10,"NO PLANTS",NA,NA,NA,NA
"DryGB2-006",1,"interspace",0,10,"NO PLANTS",NA,NA,NA,NA
"DryGB2-006",1,"canopy",0,15,"PLJA",NA,NA,11,1
"DryGB2-006",1,"canopy",1,15,"PHST11",6,3,9,1
"DryGB2-006",1,"canopy",0,15,"PLJA",NA,NA,11,1
"DryGB2-006",1,"canopy",0,15,"PLJA",NA,NA,11,1
"DryGB2-006",1,"interspace",0,15,"NO PLANTS",NA,NA,NA,NA
"DryGB2-006",1,"canopy",1,20,"NO PLANTS",NA,NA,NA,NA
"DryGB2-006",1,"interspace",0,20,"PLJA",NA,NA,4,1
"DryGB2-006",1,"canopy",1,25,"PHST11",14,7,12,1
"DryGB2-006",1,"canopy",1,25,"ACHY",1,1,12,1
"DryGB2-006",1,"canopy",1,25,"PHST11",3,3,4,1
"DryGB2-006",1,"interspace",0,25,"PLJA",NA,NA,5,1
"DryGB2-006",2,"canopy",1,5,"NO PLANTS",NA,NA,NA,NA
"DryGB2-006",2,"interspace",NA,5,"NO GAPS >60 cm",NA,NA,NA,NA
"DryGB2-006",2,"canopy",1,7.5,"NO PLANTS",NA,NA,NA,NA
"DryGB2-006",2,"interspace",0,7.5,"NO PLANTS",NA,NA,NA,NA
"DryGB2-006",2,"canopy",1,10,"ACHY",1,1,11,1
"DryGB2-006",2,"interspace",0,10,"PLJA",NA,NA,5,1
"DryGB2-006",2,"interspace",0,10,"PLJA",NA,NA,5,1
"DryGB2-006",2,"interspace",0,10,"PLJA",NA,NA,5,1
"DryGB2-006",2,"interspace",0,10,"PLJA",NA,NA,5,1
"DryGB2-006",2,"interspace",0,10,"PLJA",NA,NA,5,1
"DryGB2-006",2,"interspace",0,10,"PLJA",NA,NA,5,1
"DryGB2-006",2,"canopy",1,15,"ELEL5",2,2,15,1
"DryGB2-006",2,"canopy",1,15,"ELEL5",2,2,16,1
"DryGB2-006",2,"interspace",0,15,"NO PLANTS",NA,NA,NA,NA
"DryGB2-006",2,"canopy",1,20,"NO PLANTS",NA,NA,NA,NA
"DryGB2-006",2,"interspace",0,20,"NO PLANTS",NA,NA,NA,NA
"DryGB2-006",2,"canopy",1,25,"ACHY",4,4,10,1
"DryGB2-006",2,"interspace",0,25,"NO PLANTS",NA,NA,NA,NA
"DryGB2-006",3,"canopy",1,2.5,"NO PLANTS",NA,NA,NA,NA
"DryGB2-006",3,"interspace",0,2.5,"NO PLANTS",NA,NA,NA,NA
"DryGB2-006",3,"canopy",1,5,"ACHY",1,1,15,1
"DryGB2-006",3,"interspace",0,5,"NO PLANTS",NA,NA,NA,NA
"DryGB2-006",3,"canopy",1,10,"NO PLANTS",NA,NA,NA,NA
"DryGB2-006",3,"interspace",0,10,"GISI",NA,NA,4,1
"DryGB2-006",3,"canopy",1,15,"ACHY",3,2,14,1
"DryGB2-006",3,"interspace",0,15,"NO PLANTS",NA,NA,NA,NA
"DryGB2-006",3,"canopy",0.5,20,"PHST11",4,2,3,1
"DryGB2-006",3,"interspace",0,20,"NO PLANTS",NA,NA,NA,NA
"DryGB2-006",3,"canopy",0,25,"ACHY",1,1,8,1
"DryGB2-006",3,"interspace",NA,25,"NO GAPS >60 cm",NA,NA,NA,NA
"DryGB2-019",1,"canopy",0.5,5,"ELEL5",12,6,17,1
"DryGB2-019",1,"interspace",0,5,"NO PLANTS",NA,NA,NA,NA
"DryGB2-019",1,"canopy",1,10,"NO PLANTS",NA,NA,NA,NA
"DryGB2-019",1,"interspace",0,10,"NO PLANTS",NA,NA,NA,NA
"DryGB2-019",1,"canopy",0.5,15,"NO PLANTS",NA,NA,NA,NA
"DryGB2-019",1,"interspace",0,15,"NO PLANTS",NA,NA,NA,NA
"DryGB2-019",1,"canopy",1,20,"ELEL5",4,4,24,1
"DryGB2-019",1,"canopy",1,20,"ELEL5",4,4,24,1
"DryGB2-019",1,"canopy",1,20,"ELEL5",4,4,24,1
"DryGB2-019",1,"canopy",1,20,"ELEL5",4,4,24,1
"DryGB2-019",1,"canopy",1,20,"ELEL5",4,4,24,1
"DryGB2-019",1,"canopy",1,20,"ELEL5",4,4,24,1
"DryGB2-019",1,"canopy",1,20,"ELEL5",4,4,24,1
"DryGB2-019",1,"canopy",1,20,"ELEL5",4,4,24,1
"DryGB2-019",1,"canopy",1,20,"ELEL5",4,4,24,1
"DryGB2-019",1,"canopy",1,20,"ELEL5",4,4,24,1
"DryGB2-019",1,"canopy",1,20,"ELEL5",4,4,24,1
"DryGB2-019",1,"canopy",1,20,"ELEL5",4,4,24,1
"DryGB2-019",1,"canopy",1,20,"ELEL5",4,4,24,1
"DryGB2-019",1,"canopy",1,20,"ELEL5",4,4,24,1
"DryGB2-019",1,"canopy",1,20,"ELEL5",4,4,24,1
"DryGB2-019",1,"canopy",1,20,"ELEL5",4,4,24,1
"DryGB2-019",1,"canopy",1,20,"ELEL5",4,4,24,1
"DryGB2-019",1,"canopy",1,20,"ELEL5",4,4,24,1
"DryGB2-019",1,"canopy",1,20,"ELEL5",4,4,24,1
"DryGB2-019",1,"canopy",1,20,"ELEL5",4,4,24,1
"DryGB2-019",1,"canopy",1,20,"ELEL5",4,4,24,1
"DryGB2-019",1,"canopy",1,20,"ELEL5",4,4,24,1
"DryGB2-019",1,"canopy",1,20,"ELEL5",4,4,24,1
"DryGB2-019",1,"canopy",1,20,"ELEL5",4,4,24,1
"DryGB2-019",1,"canopy",1,20,"ELEL5",4,4,24,1
"DryGB2-019",1,"canopy",1,20,"ELEL5",4,4,24,1
"DryGB2-019",1,"canopy",1,20,"ELEL5",4,4,24,1
"DryGB2-019",1,"canopy",1,20,"ELEL5",4,4,24,1
"DryGB2-019",1,"canopy",1,20,"ELEL5",4,4,24,1
"DryGB2-019",1,"canopy",1,20,"ELEL5",4,4,24,1
"DryGB2-019",1,"canopy",1,20,"ELEL5",4,4,24,1
"DryGB2-019",1,"canopy",1,20,"ELEL5",4,4,24,1
"DryGB2-019",1,"canopy",1,20,"ELEL5",4,4,24,1
"DryGB2-019",1,"canopy",1,20,"ELEL5",4,4,24,1
"DryGB2-019",1,"canopy",1,20,"ELEL5",4,4,24,1
"DryGB2-019",1,"canopy",1,20,"ELEL5",4,4,24,1
"DryGB2-019",1,"canopy",1,20,"ELEL5",4,4,24,1
"DryGB2-019",1,"canopy",1,20,"ELEL5",4,4,24,1
"DryGB2-019",1,"canopy",1,20,"ELEL5",4,4,24,1
"DryGB2-019",1,"canopy",1,20,"ELEL5",4,4,24,1
"DryGB2-019",1,"canopy",1,20,"ELEL5",4,4,24,1
"DryGB2-019",1,"canopy",1,20,"ELEL5",4,4,24,1
"DryGB2-019",1,"canopy",1,20,"ELEL5",4,4,24,1
"DryGB2-019",1,"canopy",1,20,"ELEL5",4,4,24,1
"DryGB2-019",1,"canopy",1,20,"ELEL5",4,4,24,1
"DryGB2-019",1,"canopy",1,20,"ELEL5",4,4,24,1
"DryGB2-019",1,"canopy",1,20,"ELEL5",4,4,24,1
"DryGB2-019",1,"canopy",1,20,"ELEL5",4,4,24,1
"DryGB2-019",1,"canopy",1,20,"ELEL5",4,4,24,1
"DryGB2-019",1,"canopy",1,20,"ELEL5",4,4,24,1
"DryGB2-019",1,"canopy",1,20,"ELEL5",4,4,24,1
"DryGB2-019",1,"canopy",1,20,"ELEL5",4,4,24,1
"DryGB2-019",1,"canopy",1,20,"ELEL5",4,4,24,1
"DryGB2-019",1,"canopy",1,20,"ELEL5",4,4,24,1
"DryGB2-019",1,"canopy",1,20,"ELEL5",4,4,24,1
"DryGB2-019",1,"canopy",1,20,"ELEL5",4,4,24,1
"DryGB2-019",1,"canopy",1,20,"ELEL5",4,4,24,1
"DryGB2-019",1,"canopy",1,20,"ELEL5",4,4,24,1
"DryGB2-019",1,"canopy",1,20,"ELEL5",4,4,24,1
"DryGB2-019",1,"canopy",1,20,"ELEL5",4,4,24,1
"DryGB2-019",1,"canopy",1,20,"ELEL5",4,4,24,1
"DryGB2-019",1,"canopy",1,20,"ELEL5",4,4,24,1
"DryGB2-019",1,"canopy",1,20,"ELEL5",4,4,24,1
"DryGB2-019",1,"canopy",1,20,"ELEL5",4,4,24,1
"DryGB2-019",1,"canopy",1,20,"ELEL5",4,4,24,1
"DryGB2-019",1,"canopy",1,20,"ELEL5",4,4,24,1
"DryGB2-019",1,"canopy",1,20,"ELEL5",4,4,24,1
"DryGB2-019",1,"canopy",1,20,"ELEL5",4,4,24,1
"DryGB2-019",1,"canopy",1,20,"ELEL5",4,4,24,1
"DryGB2-019",1,"canopy",1,20,"ELEL5",4,4,24,1
"DryGB2-019",1,"canopy",1,20,"ELEL5",4,4,24,1
"DryGB2-019",1,"canopy",1,20,"ELEL5",4,4,24,1
"DryGB2-019",1,"canopy",1,20,"ELEL5",4,4,24,1
"DryGB2-019",1,"canopy",1,20,"ELEL5",4,4,24,1
"DryGB2-019",1,"canopy",1,20,"ELEL5",4,4,24,1
"DryGB2-019",1,"canopy",1,20,"ELEL5",4,4,24,1
"DryGB2-019",1,"canopy",1,20,"ELEL5",4,4,24,1
"DryGB2-019",1,"canopy",1,20,"ELEL5",4,4,24,1
"DryGB2-019",1,"canopy",1,20,"ELEL5",4,4,24,1
"DryGB2-019",1,"canopy",1,20,"ELEL5",4,4,24,1
"DryGB2-019",1,"canopy",1,20,"ELEL5",4,4,24,1
"DryGB2-019",1,"canopy",1,20,"ELEL5",4,4,24,1
"DryGB2-019",1,"canopy",1,20,"ELEL5",4,4,24,1
"DryGB2-019",1,"canopy",1,20,"ELEL5",4,4,24,1
"DryGB2-019",1,"canopy",1,20,"ELEL5",4,4,24,1
"DryGB2-019",1,"canopy",1,20,"ELEL5",4,4,24,1
"DryGB2-019",1,"canopy",1,20,"ELEL5",4,4,24,1
"DryGB2-019",1,"canopy",1,20,"ELEL5",4,4,24,1
"DryGB2-019",1,"canopy",1,20,"ELEL5",4,4,24,1
"DryGB2-019",1,"canopy",1,20,"ELEL5",4,4,24,1
"DryGB2-019",1,"canopy",1,20,"ELEL5",4,4,24,1
"DryGB2-019",1,"canopy",1,20,"ELEL5",4,4,24,1
"DryGB2-019",1,"canopy",1,20,"ELEL5",4,4,24,1
"DryGB2-019",1,"canopy",1,20,"ELEL5",4,4,24,1
"DryGB2-019",1,"canopy",1,20,"ELEL5",4,4,24,1
"DryGB2-019",1,"canopy",1,20,"ELEL5",4,4,24,1
"DryGB2-019",1,"canopy",1,20,"ELEL5",4,4,24,1
"DryGB2-019",1,"canopy",1,20,"ELEL5",4,4,24,1
"DryGB2-019",1,"canopy",1,20,"ELEL5",4,4,24,1
"DryGB2-019",1,"canopy",1,20,"ELEL5",4,4,24,1
"DryGB2-019",1,"canopy",1,20,"ELEL5",4,4,24,1
"DryGB2-019",1,"canopy",1,20,"ELEL5",4,4,24,1
"DryGB2-019",1,"canopy",1,20,"ELEL5",4,4,24,1
"DryGB2-019",1,"canopy",1,20,"ELEL5",4,4,24,1
"DryGB2-019",1,"canopy",1,20,"ELEL5",4,4,24,1
"DryGB2-019",1,"canopy",1,20,"ELEL5",4,4,24,1
"DryGB2-019",1,"canopy",1,20,"ELEL5",4,4,24,1
"DryGB2-019",1,"canopy",1,20,"ELEL5",4,4,24,1
"DryGB2-019",1,"canopy",1,20,"ELEL5",4,4,24,1
"DryGB2-019",1,"canopy",1,20,"ELEL5",4,4,24,1
"DryGB2-019",1,"canopy",1,20,"ELEL5",4,4,24,1
"DryGB2-019",1,"canopy",1,20,"ELEL5",4,4,24,1
"DryGB2-019",1,"canopy",1,20,"ELEL5",4,4,24,1
"DryGB2-019",1,"canopy",1,20,"ELEL5",4,4,24,1
"DryGB2-019",1,"canopy",1,20,"ELEL5",4,4,24,1
"DryGB2-019",1,"canopy",1,20,"ELEL5",4,4,24,1
"DryGB2-019",1,"canopy",1,20,"ELEL5",4,4,24,1
"DryGB2-019",1,"canopy",1,20,"ELEL5",4,4,24,1
"DryGB2-019",1,"canopy",1,20,"ELEL5",4,4,24,1
"DryGB2-019",1,"canopy",1,20,"ELEL5",4,4,24,1
"DryGB2-019",1,"canopy",1,20,"ELEL5",4,4,24,1
"DryGB2-019",1,"canopy",1,20,"ELEL5",4,4,24,1
"DryGB2-019",1,"canopy",1,20,"ELEL5",4,4,24,1
"DryGB2-019",1,"canopy",1,20,"ELEL5",4,4,24,1
"DryGB2-019",1,"canopy",1,20,"ELEL5",4,4,24,1
"DryGB2-019",1,"canopy",1,20,"ELEL5",4,4,24,1
"DryGB2-019",1,"canopy",1,20,"ELEL5",4,4,24,1
"DryGB2-019",1,"canopy",1,20,"ELEL5",4,4,24,1
"DryGB2-019",1,"canopy",1,20,"ELEL5",4,4,24,1
"DryGB2-019",1,"canopy",1,20,"ELEL5",4,4,24,1
"DryGB2-019",1,"canopy",1,20,"ELEL5",4,4,24,1
"DryGB2-019",1,"canopy",1,20,"ELEL5",4,4,24,1
"DryGB2-019",1,"canopy",1,20,"ELEL5",4,4,24,1
"DryGB2-019",1,"canopy",1,20,"ELEL5",4,4,24,1
"DryGB2-019",1,"canopy",1,20,"ELEL5",4,4,24,1
"DryGB2-019",1,"canopy",1,20,"ELEL5",4,4,24,1
"DryGB2-019",1,"canopy",1,20,"ELEL5",4,4,24,1
"DryGB2-019",1,"canopy",1,20,"ELEL5",4,4,24,1
"DryGB2-019",1,"canopy",1,20,"ELEL5",4,4,24,1
"DryGB2-019",1,"canopy",1,20,"ELEL5",4,4,24,1
"DryGB2-019",1,"canopy",1,20,"ELEL5",4,4,24,1
"DryGB2-019",1,"canopy",1,20,"ELEL5",4,4,24,1
"DryGB2-019",1,"canopy",1,20,"ELEL5",4,4,24,1
"DryGB2-019",1,"canopy",1,20,"ELEL5",4,4,24,1
"DryGB2-019",1,"canopy",1,20,"ELEL5",4,4,24,1
"DryGB2-019",1,"canopy",1,20,"ELEL5",4,4,24,1
"DryGB2-019",1,"canopy",1,20,"ELEL5",4,4,24,1
"DryGB2-019",1,"canopy",1,20,"ELEL5",4,4,24,1
"DryGB2-019",1,"canopy",1,20,"ELEL5",4,4,24,1
"DryGB2-019",1,"canopy",1,20,"ELEL5",4,4,24,1
"DryGB2-019",1,"canopy",1,20,"ELEL5",4,4,24,1
"DryGB2-019",1,"canopy",1,20,"ELEL5",4,4,24,1
"DryGB2-019",1,"canopy",1,20,"ELEL5",4,4,24,1
"DryGB2-019",1,"canopy",1,20,"ELEL5",4,4,24,1
"DryGB2-019",1,"canopy",1,20,"ELEL5",4,4,24,1
"DryGB2-019",1,"canopy",1,20,"ELEL5",4,4,24,1
"DryGB2-019",1,"canopy",1,20,"ELEL5",4,4,24,1
"DryGB2-019",1,"canopy",1,20,"ELEL5",4,4,24,1
"DryGB2-019",1,"canopy",1,20,"ELEL5",4,4,24,1
"DryGB2-019",1,"canopy",1,20,"ELEL5",4,4,24,1
"DryGB2-019",1,"canopy",1,20,"ELEL5",4,4,24,1
"DryGB2-019",1,"canopy",1,20,"ELEL5",4,4,24,1
"DryGB2-019",1,"canopy",1,20,"ELEL5",4,4,24,1
"DryGB2-019",1,"canopy",1,20,"ELEL5",4,4,24,1
"DryGB2-019",1,"canopy",1,20,"ELEL5",4,4,24,1
"DryGB2-019",1,"canopy",1,20,"ELEL5",4,4,24,1
"DryGB2-019",1,"canopy",1,20,"ELEL5",4,4,24,1
"DryGB2-019",1,"canopy",1,20,"ELEL5",4,4,24,1
"DryGB2-019",1,"canopy",1,20,"ELEL5",4,4,24,1
"DryGB2-019",1,"canopy",1,20,"ELEL5",4,4,24,1
"DryGB2-019",1,"canopy",1,20,"ELEL5",4,4,24,1
"DryGB2-019",1,"canopy",1,20,"ELEL5",4,4,24,1
"DryGB2-019",1,"canopy",1,20,"ELEL5",4,4,24,1
"DryGB2-019",1,"canopy",1,20,"ELEL5",4,4,24,1
"DryGB2-019",1,"canopy",1,20,"ELEL5",4,4,24,1
"DryGB2-019",1,"canopy",1,20,"ELEL5",4,4,24,1
"DryGB2-019",1,"canopy",1,20,"ELEL5",4,4,24,1
"DryGB2-019",1,"canopy",1,20,"ELEL5",4,4,24,1
"DryGB2-019",1,"canopy",1,20,"ELEL5",4,4,24,1
"DryGB2-019",1,"canopy",1,20,"ELEL5",4,4,24,1
"DryGB2-019",1,"canopy",1,20,"ELEL5",4,4,24,1
"DryGB2-019",1,"canopy",1,20,"ELEL5",4,4,24,1
"DryGB2-019",1,"canopy",1,20,"ELEL5",4,4,24,1
"DryGB2-019",1,"canopy",1,20,"ELEL5",4,4,24,1
"DryGB2-019",1,"canopy",1,20,"ELEL5",4,4,24,1
"DryGB2-019",1,"canopy",1,20,"ELEL5",4,4,24,1
"DryGB2-019",1,"canopy",1,20,"ELEL5",4,4,24,1
"DryGB2-019",1,"canopy",1,20,"ELEL5",4,4,24,1
"DryGB2-019",1,"canopy",1,20,"ELEL5",4,4,24,1
"DryGB2-019",1,"canopy",1,20,"ELEL5",4,4,24,1
"DryGB2-019",1,"canopy",1,20,"ELEL5",4,4,24,1
"DryGB2-019",1,"canopy",1,20,"ELEL5",4,4,24,1
"DryGB2-019",1,"canopy",1,20,"ELEL5",4,4,24,1
"DryGB2-019",1,"canopy",1,20,"ELEL5",4,4,24,1
"DryGB2-019",1,"canopy",1,20,"ELEL5",4,4,24,1
"DryGB2-019",1,"canopy",1,20,"ELEL5",4,4,24,1
"DryGB2-019",1,"canopy",1,20,"ELEL5",4,4,24,1
"DryGB2-019",1,"canopy",1,20,"ELEL5",4,4,24,1
"DryGB2-019",1,"canopy",1,20,"ELEL5",4,4,24,1
"DryGB2-019",1,"canopy",1,20,"ELEL5",4,4,24,1
"DryGB2-019",1,"canopy",1,20,"ELEL5",4,4,24,1
"DryGB2-019",1,"canopy",1,20,"ELEL5",4,4,24,1
"DryGB2-019",1,"canopy",1,20,"ELEL5",4,4,24,1
"DryGB2-019",1,"canopy",1,20,"ELEL5",4,4,24,1
"DryGB2-019",1,"canopy",1,20,"ELEL5",4,4,24,1
"DryGB2-019",1,"canopy",1,20,"ELEL5",4,4,24,1
"DryGB2-019",1,"canopy",1,20,"ELEL5",4,4,24,1
"DryGB2-019",1,"canopy",1,20,"ELEL5",4,4,24,1
"DryGB2-019",1,"canopy",1,20,"ELEL5",4,4,24,1
"DryGB2-019",1,"canopy",1,20,"ELEL5",4,4,24,1
"DryGB2-019",1,"canopy",1,20,"ELEL5",4,4,24,1
"DryGB2-019",1,"canopy",1,20,"ELEL5",4,4,24,1
"DryGB2-019",1,"canopy",1,20,"ELEL5",4,4,24,1
"DryGB2-019",1,"canopy",1,20,"ELEL5",4,4,24,1
"DryGB2-019",1,"canopy",1,20,"ELEL5",4,4,24,1
"DryGB2-019",1,"canopy",1,20,"ELEL5",4,4,24,1
"DryGB2-019",1,"canopy",1,20,"ELEL5",4,4,24,1
"DryGB2-019",1,"canopy",1,20,"ELEL5",4,4,24,1
"DryGB2-019",1,"canopy",1,20,"ELEL5",4,4,24,1
"DryGB2-019",1,"canopy",1,20,"ELEL5",4,4,24,1
"DryGB2-019",1,"canopy",1,20,"ELEL5",4,4,24,1
"DryGB2-019",1,"canopy",1,20,"ELEL5",4,4,24,1
"DryGB2-019",1,"canopy",1,20,"ELEL5",4,4,24,1
"DryGB2-019",1,"canopy",1,20,"ELEL5",4,4,24,1
"DryGB2-019",1,"canopy",1,20,"ELEL5",4,4,24,1
"DryGB2-019",1,"canopy",1,20,"ELEL5",4,4,24,1
"DryGB2-019",1,"canopy",1,20,"ELEL5",4,4,24,1
"DryGB2-019",1,"canopy",1,20,"ELEL5",4,4,24,1
"DryGB2-019",1,"canopy",1,20,"ELEL5",4,4,24,1
"DryGB2-019",1,"canopy",1,20,"ELEL5",4,4,24,1
"DryGB2-019",1,"canopy",1,20,"ELEL5",4,4,24,1
"DryGB2-019",1,"canopy",1,20,"ELEL5",4,4,24,1
"DryGB2-019",1,"canopy",1,20,"ELEL5",4,4,24,1
"DryGB2-019",1,"canopy",1,20,"ELEL5",4,4,24,1
"DryGB2-019",1,"canopy",1,20,"ELEL5",4,4,24,1
"DryGB2-019",1,"canopy",1,20,"ELEL5",4,4,24,1
"DryGB2-019",1,"canopy",1,20,"ELEL5",4,4,24,1
"DryGB2-019",1,"canopy",1,20,"ELEL5",4,4,24,1
"DryGB2-019",1,"canopy",1,20,"ELEL5",4,4,24,1
"DryGB2-019",1,"canopy",1,20,"ELEL5",4,4,24,1
"DryGB2-019",1,"canopy",1,20,"ELEL5",4,4,24,1
"DryGB2-019",1,"canopy",1,20,"ELEL5",4,4,24,1
"DryGB2-019",1,"canopy",1,20,"ELEL5",4,4,24,1
"DryGB2-019",1,"canopy",1,20,"ELEL5",4,4,24,1
"DryGB2-019",1,"canopy",1,20,"ELEL5",4,4,24,1
"DryGB2-019",1,"canopy",1,20,"ELEL5",4,4,24,1
"DryGB2-019",1,"canopy",1,20,"ELEL5",4,4,24,1
"DryGB2-019",1,"canopy",1,20,"ELEL5",4,4,24,1
"DryGB2-019",1,"canopy",1,20,"ELEL5",4,4,24,1
"DryGB2-019",1,"canopy",1,20,"ELEL5",4,4,24,1
"DryGB2-019",1,"canopy",1,20,"ELEL5",4,4,24,1
"DryGB2-019",1,"canopy",1,20,"ELEL5",4,4,24,1
"DryGB2-019",1,"canopy",1,20,"ELEL5",4,4,24,1
"DryGB2-019",1,"canopy",1,20,"ELEL5",4,4,24,1
"DryGB2-019",1,"canopy",1,20,"ELEL5",4,4,24,1
"DryGB2-019",1,"canopy",1,20,"ELEL5",4,4,24,1
"DryGB2-019",1,"canopy",1,20,"ELEL5",4,4,24,1
"DryGB2-019",1,"canopy",1,20,"ELEL5",4,4,24,1
"DryGB2-019",1,"canopy",1,20,"ELEL5",4,4,24,1
"DryGB2-019",1,"canopy",1,20,"ELEL5",4,4,24,1
"DryGB2-019",1,"canopy",1,20,"ELEL5",4,4,24,1
"DryGB2-019",1,"canopy",1,20,"ELEL5",4,4,24,1
"DryGB2-019",1,"canopy",1,20,"ELEL5",4,4,24,1
"DryGB2-019",1,"canopy",1,20,"ELEL5",4,4,24,1
"DryGB2-019",1,"canopy",1,20,"ELEL5",4,4,24,1
"DryGB2-019",1,"canopy",1,20,"ELEL5",4,4,24,1
"DryGB2-019",1,"canopy",1,20,"ELEL5",4,4,24,1
"DryGB2-019",1,"canopy",1,20,"ELEL5",4,4,24,1
"DryGB2-019",1,"canopy",1,20,"ELEL5",4,4,24,1
"DryGB2-019",1,"canopy",1,20,"ELEL5",4,4,24,1
"DryGB2-019",1,"canopy",1,20,"ELEL5",4,4,24,1
"DryGB2-019",1,"canopy",1,20,"ELEL5",4,4,24,1
"DryGB2-019",1,"canopy",1,20,"ELEL5",4,4,24,1
"DryGB2-019",1,"canopy",1,20,"ELEL5",4,4,24,1
"DryGB2-019",1,"canopy",1,20,"ELEL5",4,4,24,1
"DryGB2-019",1,"canopy",1,20,"ELEL5",4,4,24,1
"DryGB2-019",1,"canopy",1,20,"ELEL5",4,4,24,1
"DryGB2-019",1,"canopy",1,20,"ELEL5",4,4,24,1
"DryGB2-019",1,"canopy",1,20,"ELEL5",4,4,24,1
"DryGB2-019",1,"canopy",1,20,"ELEL5",4,4,24,1
"DryGB2-019",1,"canopy",1,20,"ELEL5",4,4,24,1
"DryGB2-019",1,"canopy",1,20,"ELEL5",4,4,24,1
"DryGB2-019",1,"canopy",1,20,"ELEL5",4,4,24,1
"DryGB2-019",1,"canopy",1,20,"ELEL5",4,4,24,1
"DryGB2-019",1,"canopy",1,20,"ELEL5",4,4,24,1
"DryGB2-019",1,"canopy",1,20,"ELEL5",4,4,24,1
"DryGB2-019",1,"canopy",1,20,"ELEL5",4,4,24,1
"DryGB2-019",1,"canopy",1,20,"ELEL5",4,4,24,1
"DryGB2-019",1,"canopy",1,20,"ELEL5",4,4,24,1
"DryGB2-019",1,"canopy",1,20,"ELEL5",4,4,24,1
"DryGB2-019",1,"canopy",1,20,"ELEL5",4,4,24,1
"DryGB2-019",1,"canopy",1,20,"ELEL5",4,4,24,1
"DryGB2-019",1,"canopy",1,20,"ELEL5",4,4,24,1
"DryGB2-019",1,"canopy",1,20,"ELEL5",4,4,24,1
"DryGB2-019",1,"canopy",1,20,"ELEL5",4,4,24,1
"DryGB2-019",1,"canopy",1,20,"ELEL5",4,4,24,1
"DryGB2-019",1,"canopy",1,20,"ELEL5",4,4,24,1
"DryGB2-019",1,"canopy",1,20,"ELEL5",4,4,24,1
"DryGB2-019",1,"canopy",1,20,"ELEL5",4,4,24,1
"DryGB2-019",1,"canopy",1,20,"ELEL5",4,4,24,1
"DryGB2-019",1,"canopy",1,20,"ELEL5",4,4,24,1
"DryGB2-019",1,"canopy",1,20,"ELEL5",4,4,24,1
"DryGB2-019",1,"canopy",1,20,"ELEL5",4,4,24,1
"DryGB2-019",1,"canopy",1,20,"ELEL5",4,4,24,1
"DryGB2-019",1,"canopy",1,20,"ELEL5",4,4,24,1
"DryGB2-019",1,"canopy",1,20,"ELEL5",4,4,24,1
"DryGB2-019",1,"canopy",1,20,"ELEL5",4,4,24,1
"DryGB2-019",1,"canopy",1,20,"ELEL5",4,4,24,1
"DryGB2-019",1,"canopy",1,20,"ELEL5",4,4,24,1
"DryGB2-019",1,"canopy",1,20,"ELEL5",4,4,24,1
"DryGB2-019",1,"canopy",1,20,"ELEL5",4,4,24,1
"DryGB2-019",1,"canopy",1,20,"ELEL5",4,4,24,1
"DryGB2-019",1,"canopy",1,20,"ELEL5",4,4,24,1
"DryGB2-019",1,"canopy",1,20,"ELEL5",4,4,24,1
"DryGB2-019",1,"canopy",1,20,"ELEL5",4,4,24,1
"DryGB2-019",1,"canopy",1,20,"ELEL5",4,4,24,1
"DryGB2-019",1,"canopy",1,20,"ELEL5",4,4,24,1
"DryGB2-019",1,"canopy",1,20,"ELEL5",4,4,24,1
"DryGB2-019",1,"canopy",1,20,"ELEL5",4,4,24,1
"DryGB2-019",1,"canopy",1,20,"ELEL5",4,4,24,1
"DryGB2-019",1,"canopy",1,20,"ELEL5",4,4,24,1
"DryGB2-019",1,"canopy",1,20,"ELEL5",4,4,24,1
"DryGB2-019",1,"canopy",1,20,"ELEL5",4,4,24,1
"DryGB2-019",1,"canopy",1,20,"ELEL5",4,4,24,1
"DryGB2-019",1,"canopy",1,20,"ELEL5",4,4,24,1
"DryGB2-019",1,"canopy",1,20,"ELEL5",4,4,24,1
"DryGB2-019",1,"canopy",1,20,"ELEL5",4,4,24,1
"DryGB2-019",1,"canopy",1,20,"ELEL5",4,4,24,1
"DryGB2-019",1,"canopy",1,20,"ELEL5",4,4,24,1
"DryGB2-019",1,"canopy",1,20,"ELEL5",4,4,24,1
"DryGB2-019",1,"canopy",1,20,"ELEL5",4,4,24,1
"DryGB2-019",1,"canopy",1,20,"ELEL5",4,4,24,1
"DryGB2-019",1,"canopy",1,20,"ELEL5",4,4,24,1
"DryGB2-019",1,"canopy",1,20,"ELEL5",4,4,24,1
"DryGB2-019",1,"canopy",1,20,"ELEL5",4,4,24,1
"DryGB2-019",1,"canopy",1,20,"ELEL5",4,4,24,1
"DryGB2-019",1,"canopy",1,20,"ELEL5",4,4,24,1
"DryGB2-019",1,"canopy",1,20,"ELEL5",4,4,24,1
"DryGB2-019",1,"canopy",1,20,"ELEL5",4,4,24,1
"DryGB2-019",1,"canopy",1,20,"ELEL5",4,4,24,1
"DryGB2-019",1,"canopy",1,20,"ELEL5",4,4,24,1
"DryGB2-019",1,"canopy",1,20,"ELEL5",4,4,24,1
"DryGB2-019",1,"canopy",1,20,"ELEL5",4,4,24,1
"DryGB2-019",1,"canopy",1,20,"ELEL5",4,4,24,1
"DryGB2-019",1,"canopy",1,20,"ELEL5",4,4,24,1
"DryGB2-019",1,"canopy",1,20,"ELEL5",4,4,24,1
"DryGB2-019",1,"canopy",1,20,"ELEL5",4,4,24,1
"DryGB2-019",1,"canopy",1,20,"ELEL5",4,4,24,1
"DryGB2-019",1,"canopy",1,20,"ELEL5",4,4,24,1
"DryGB2-019",1,"canopy",1,20,"ELEL5",4,4,24,1
"DryGB2-019",1,"canopy",1,20,"ELEL5",4,4,24,1
"DryGB2-019",1,"canopy",1,20,"ELEL5",4,4,24,1
"DryGB2-019",1,"canopy",1,20,"ELEL5",4,4,24,1
"DryGB2-019",1,"canopy",1,20,"ELEL5",4,4,24,1
"DryGB2-019",1,"canopy",1,20,"ELEL5",4,4,24,1
"DryGB2-019",1,"canopy",1,20,"ELEL5",4,4,24,1
"DryGB2-019",1,"canopy",1,20,"ELEL5",4,4,24,1
"DryGB2-019",1,"canopy",1,20,"ELEL5",4,4,24,1
"DryGB2-019",1,"canopy",1,20,"ELEL5",4,4,24,1
"DryGB2-019",1,"canopy",1,20,"ELEL5",4,4,24,1
"DryGB2-019",1,"canopy",1,20,"ELEL5",4,4,24,1
"DryGB2-019",1,"canopy",1,20,"ELEL5",4,4,24,1
"DryGB2-019",1,"canopy",1,20,"ELEL5",4,4,24,1
"DryGB2-019",1,"canopy",1,20,"ELEL5",4,4,24,1
"DryGB2-019",1,"canopy",1,20,"ELEL5",4,4,24,1
"DryGB2-019",1,"canopy",1,20,"ELEL5",4,4,24,1
"DryGB2-019",1,"canopy",1,20,"ELEL5",4,4,24,1
"DryGB2-019",1,"canopy",1,20,"ELEL5",4,4,24,1
"DryGB2-019",1,"canopy",1,20,"ELEL5",4,4,24,1
"DryGB2-019",1,"canopy",1,20,"ELEL5",4,4,24,1
"DryGB2-019",1,"canopy",1,20,"ELEL5",4,4,24,1
"DryGB2-019",1,"canopy",1,20,"ELEL5",4,4,24,1
"DryGB2-019",1,"canopy",1,20,"ELEL5",4,4,24,1
"DryGB2-019",1,"canopy",1,20,"ELEL5",4,4,24,1
"DryGB2-019",1,"canopy",1,20,"ELEL5",4,4,24,1
"DryGB2-019",1,"canopy",1,20,"ELEL5",4,4,24,1
"DryGB2-019",1,"canopy",1,20,"ELEL5",4,4,24,1
"DryGB2-019",1,"canopy",1,20,"ELEL5",4,4,24,1
"DryGB2-019",1,"canopy",1,20,"ELEL5",4,4,24,1
"DryGB2-019",1,"canopy",1,20,"ELEL5",4,4,24,1
"DryGB2-019",1,"canopy",1,20,"ELEL5",4,4,24,1
"DryGB2-019",1,"canopy",1,20,"ELEL5",4,4,24,1
"DryGB2-019",1,"canopy",1,20,"ELEL5",4,4,24,1
"DryGB2-019",1,"canopy",1,20,"ELEL5",4,4,24,1
"DryGB2-019",1,"canopy",1,20,"ELEL5",4,4,24,1
"DryGB2-019",1,"canopy",1,20,"ELEL5",4,4,24,1
"DryGB2-019",1,"canopy",1,20,"ELEL5",4,4,24,1
"DryGB2-019",1,"canopy",1,20,"ELEL5",4,4,24,1
"DryGB2-019",1,"canopy",1,20,"ELEL5",4,4,24,1
"DryGB2-019",1,"canopy",1,20,"ELEL5",4,4,24,1
"DryGB2-019",1,"canopy",1,20,"ELEL5",4,4,24,1
"DryGB2-019",1,"canopy",1,20,"ELEL5",4,4,24,1
"DryGB2-019",1,"canopy",1,20,"ELEL5",4,4,24,1
"DryGB2-019",1,"canopy",1,20,"ELEL5",4,4,24,1
"DryGB2-019",1,"canopy",1,20,"ELEL5",4,4,24,1
"DryGB2-019",1,"canopy",1,20,"ELEL5",4,4,24,1
"DryGB2-019",1,"canopy",1,20,"ELEL5",4,4,24,1
"DryGB2-019",1,"canopy",1,20,"ELEL5",4,4,24,1
"DryGB2-019",1,"canopy",1,20,"ELEL5",4,4,24,1
"DryGB2-019",1,"canopy",1,20,"ELEL5",4,4,24,1
"DryGB2-019",1,"canopy",1,20,"ELEL5",4,4,24,1
"DryGB2-019",1,"canopy",1,20,"ELEL5",4,4,24,1
"DryGB2-019",1,"canopy",1,20,"ELEL5",4,4,24,1
"DryGB2-019",1,"canopy",1,20,"ELEL5",4,4,24,1
"DryGB2-019",1,"canopy",1,20,"ELEL5",4,4,24,1
"DryGB2-019",1,"canopy",1,20,"ELEL5",4,4,24,1
"DryGB2-019",1,"canopy",1,20,"ELEL5",4,4,24,1
"DryGB2-019",1,"canopy",1,20,"ELEL5",4,4,24,1
"DryGB2-019",1,"canopy",1,20,"ELEL5",4,4,24,1
"DryGB2-019",1,"canopy",1,20,"ELEL5",4,4,24,1
"DryGB2-019",1,"canopy",1,20,"ELEL5",4,4,24,1
"DryGB2-019",1,"canopy",1,20,"ELEL5",4,4,24,1
"DryGB2-019",1,"canopy",1,20,"ELEL5",4,4,24,1
"DryGB2-019",1,"canopy",1,20,"ELEL5",4,4,24,1
"DryGB2-019",1,"canopy",1,20,"ELEL5",4,4,24,1
"DryGB2-019",1,"canopy",1,20,"ELEL5",4,4,24,1
"DryGB2-019",1,"canopy",1,20,"ELEL5",4,4,24,1
"DryGB2-019",1,"canopy",1,20,"ELEL5",4,4,24,1
"DryGB2-019",1,"canopy",1,20,"ELEL5",4,4,24,1
"DryGB2-019",1,"canopy",1,20,"ELEL5",4,4,24,1
"DryGB2-019",1,"canopy",1,20,"ELEL5",4,4,24,1
"DryGB2-019",1,"canopy",1,20,"ELEL5",4,4,24,1
"DryGB2-019",1,"canopy",1,20,"ELEL5",4,4,24,1
"DryGB2-019",1,"canopy",1,20,"ELEL5",4,4,24,1
"DryGB2-019",1,"canopy",1,20,"ELEL5",4,4,24,1
"DryGB2-019",1,"canopy",1,20,"ELEL5",4,4,24,1
"DryGB2-019",1,"canopy",1,20,"ELEL5",4,4,24,1
"DryGB2-019",1,"canopy",1,20,"ELEL5",4,4,24,1
"DryGB2-019",1,"canopy",1,20,"ELEL5",4,4,24,1
"DryGB2-019",1,"canopy",1,20,"ELEL5",4,4,24,1
"DryGB2-019",1,"canopy",1,20,"ELEL5",4,4,24,1
"DryGB2-019",1,"canopy",1,20,"ELEL5",4,4,24,1
"DryGB2-019",1,"canopy",1,20,"ELEL5",4,4,24,1
"DryGB2-019",1,"canopy",1,20,"ELEL5",4,4,24,1
"DryGB2-019",1,"canopy",1,20,"ELEL5",4,4,24,1
"DryGB2-019",1,"canopy",1,20,"ELEL5",4,4,24,1
"DryGB2-019",1,"canopy",1,20,"ELEL5",4,4,24,1
"DryGB2-019",1,"canopy",1,20,"ELEL5",4,4,24,1
"DryGB2-019",1,"canopy",1,20,"ELEL5",4,4,24,1
"DryGB2-019",1,"canopy",1,20,"ELEL5",4,4,24,1
"DryGB2-019",1,"canopy",1,20,"ELEL5",4,4,24,1
"DryGB2-019",1,"canopy",1,20,"ELEL5",4,4,24,1
"DryGB2-019",1,"canopy",1,20,"ELEL5",4,4,24,1
"DryGB2-019",1,"canopy",1,20,"ELEL5",4,4,24,1
"DryGB2-019",1,"canopy",1,20,"ELEL5",4,4,24,1
"DryGB2-019",1,"canopy",1,20,"ELEL5",4,4,24,1
"DryGB2-019",1,"canopy",1,20,"ELEL5",4,4,24,1
"DryGB2-019",1,"canopy",1,20,"ELEL5",4,4,24,1
"DryGB2-019",1,"canopy",1,20,"ELEL5",4,4,24,1
"DryGB2-019",1,"canopy",1,20,"ELEL5",4,4,24,1
"DryGB2-019",1,"canopy",1,20,"ELEL5",4,4,24,1
"DryGB2-019",1,"canopy",1,20,"ELEL5",4,4,24,1
"DryGB2-019",1,"canopy",1,20,"ELEL5",4,4,24,1
"DryGB2-019",1,"canopy",1,20,"ELEL5",4,4,24,1
"DryGB2-019",1,"canopy",1,20,"ELEL5",4,4,24,1
"DryGB2-019",1,"canopy",1,20,"ELEL5",4,4,24,1
"DryGB2-019",1,"canopy",1,20,"ELEL5",4,4,24,1
"DryGB2-019",1,"canopy",1,20,"ELEL5",4,4,24,1
"DryGB2-019",1,"canopy",1,20,"ELEL5",4,4,24,1
"DryGB2-019",1,"canopy",1,20,"ELEL5",4,4,24,1
"DryGB2-019",1,"canopy",1,20,"ELEL5",4,4,24,1
"DryGB2-019",1,"canopy",1,20,"ELEL5",4,4,24,1
"DryGB2-019",1,"canopy",1,20,"ELEL5",4,4,24,1
"DryGB2-019",1,"canopy",1,20,"ELEL5",4,4,24,1
"DryGB2-019",1,"canopy",1,20,"ELEL5",4,4,24,1
"DryGB2-019",1,"canopy",1,20,"ELEL5",4,4,24,1
"DryGB2-019",1,"canopy",1,20,"ELEL5",4,4,24,1
"DryGB2-019",1,"canopy",1,20,"ELEL5",4,4,24,1
"DryGB2-019",1,"canopy",1,20,"ELEL5",4,4,24,1
"DryGB2-019",1,"canopy",1,20,"ELEL5",4,4,24,1
"DryGB2-019",1,"canopy",1,20,"ELEL5",4,4,24,1
"DryGB2-019",1,"canopy",1,20,"ELEL5",4,4,24,1
"DryGB2-019",1,"canopy",1,20,"ELEL5",4,4,24,1
"DryGB2-019",1,"canopy",1,20,"ELEL5",4,4,24,1
"DryGB2-019",1,"canopy",1,20,"ELEL5",4,4,24,1
"DryGB2-019",1,"canopy",1,20,"ELEL5",4,4,24,1
"DryGB2-019",1,"canopy",1,20,"ELEL5",4,4,24,1
"DryGB2-019",1,"canopy",1,20,"ELEL5",4,4,24,1
"DryGB2-019",1,"canopy",1,20,"ELEL5",4,4,24,1
"DryGB2-019",1,"canopy",1,20,"ELEL5",4,4,24,1
"DryGB2-019",1,"canopy",1,20,"ELEL5",4,4,24,1
"DryGB2-019",1,"canopy",1,20,"ELEL5",4,4,24,1
"DryGB2-019",1,"canopy",1,20,"ELEL5",4,4,24,1
"DryGB2-019",1,"canopy",1,20,"ELEL5",4,4,24,1
"DryGB2-019",1,"canopy",1,20,"ELEL5",4,4,24,1
"DryGB2-019",1,"canopy",1,20,"ELEL5",4,4,24,1
"DryGB2-019",1,"canopy",1,20,"ELEL5",4,4,24,1
"DryGB2-019",1,"canopy",1,20,"ELEL5",4,4,24,1
"DryGB2-019",1,"canopy",1,20,"ELEL5",4,4,24,1
"DryGB2-019",1,"canopy",1,20,"ELEL5",4,4,24,1
"DryGB2-019",1,"canopy",1,20,"ELEL5",4,4,24,1
"DryGB2-019",1,"canopy",1,20,"ELEL5",4,4,24,1
"DryGB2-019",1,"canopy",1,20,"ELEL5",4,4,24,1
"DryGB2-019",1,"canopy",1,20,"ELEL5",4,4,24,1
"DryGB2-019",1,"canopy",1,20,"ELEL5",4,4,24,1
"DryGB2-019",1,"canopy",1,20,"ELEL5",4,4,24,1
"DryGB2-019",1,"canopy",1,20,"ELEL5",4,4,24,1
"DryGB2-019",1,"canopy",1,20,"ELEL5",4,4,24,1
"DryGB2-019",1,"canopy",1,20,"ELEL5",4,4,24,1
"DryGB2-019",1,"canopy",1,20,"ELEL5",4,4,24,1
"DryGB2-019",1,"canopy",1,20,"ELEL5",4,4,24,1
"DryGB2-019",1,"canopy",1,20,"ELEL5",4,4,24,1
"DryGB2-019",1,"canopy",1,20,"ELEL5",4,4,24,1
"DryGB2-019",1,"canopy",1,20,"ELEL5",4,4,24,1
"DryGB2-019",1,"canopy",1,20,"ELEL5",4,4,24,1
"DryGB2-019",1,"canopy",1,20,"ELEL5",4,4,24,1
"DryGB2-019",1,"canopy",1,20,"ELEL5",4,4,24,1
"DryGB2-019",1,"canopy",1,20,"ELEL5",4,4,24,1
"DryGB2-019",1,"canopy",1,20,"ELEL5",4,4,24,1
"DryGB2-019",1,"canopy",1,20,"ELEL5",4,4,24,1
"DryGB2-019",1,"canopy",1,20,"ELEL5",4,4,24,1
"DryGB2-019",1,"canopy",1,20,"ELEL5",4,4,24,1
"DryGB2-019",1,"canopy",1,20,"ELEL5",4,4,24,1
"DryGB2-019",1,"canopy",1,20,"ELEL5",4,4,24,1
"DryGB2-019",1,"canopy",1,20,"ELEL5",4,4,24,1
"DryGB2-019",1,"canopy",1,20,"ELEL5",4,4,24,1
"DryGB2-019",1,"canopy",1,20,"ELEL5",4,4,24,1
"DryGB2-019",1,"canopy",1,20,"ELEL5",4,4,24,1
"DryGB2-019",1,"canopy",1,20,"ELEL5",4,4,24,1
"DryGB2-019",1,"canopy",1,20,"ELEL5",4,4,24,1
"DryGB2-019",1,"canopy",1,20,"ELEL5",4,4,24,1
"DryGB2-019",1,"canopy",1,20,"ELEL5",4,4,24,1
"DryGB2-019",1,"canopy",1,20,"ELEL5",4,4,24,1
"DryGB2-019",1,"canopy",1,20,"ELEL5",4,4,24,1
"DryGB2-019",1,"canopy",1,20,"ELEL5",4,4,24,1
"DryGB2-019",1,"canopy",1,20,"ELEL5",4,4,24,1
"DryGB2-019",1,"canopy",1,20,"ELEL5",4,4,24,1
"DryGB2-019",1,"canopy",1,20,"ELEL5",4,4,24,1
"DryGB2-019",1,"canopy",1,20,"ELEL5",4,4,24,1
"DryGB2-019",1,"canopy",1,20,"ELEL5",4,4,24,1
"DryGB2-019",1,"canopy",1,20,"ELEL5",4,4,24,1
"DryGB2-019",1,"canopy",1,20,"ELEL5",4,4,24,1
"DryGB2-019",1,"canopy",1,20,"ELEL5",4,4,24,1
"DryGB2-019",1,"canopy",1,20,"ELEL5",4,4,24,1
"DryGB2-019",1,"canopy",1,20,"ELEL5",4,4,24,1
"DryGB2-019",1,"canopy",1,20,"ELEL5",4,4,24,1
"DryGB2-019",1,"canopy",1,20,"ELEL5",4,4,24,1
"DryGB2-019",1,"canopy",1,20,"ELEL5",4,4,24,1
"DryGB2-019",1,"canopy",1,20,"ELEL5",4,4,24,1
"DryGB2-019",1,"canopy",1,20,"ELEL5",4,4,24,1
"DryGB2-019",1,"canopy",1,20,"ELEL5",4,4,24,1
"DryGB2-019",1,"canopy",1,20,"ELEL5",4,4,24,1
"DryGB2-019",1,"canopy",1,20,"ELEL5",4,4,24,1
"DryGB2-019",1,"canopy",1,20,"ELEL5",4,4,24,1
"DryGB2-019",1,"canopy",1,20,"ELEL5",4,4,24,1
"DryGB2-019",1,"canopy",1,20,"ELEL5",4,4,24,1
"DryGB2-019",1,"canopy",1,20,"ELEL5",4,4,24,1
"DryGB2-019",1,"canopy",1,20,"ELEL5",4,4,24,1
"DryGB2-019",1,"canopy",1,20,"ELEL5",4,4,24,1
"DryGB2-019",1,"canopy",1,20,"ELEL5",4,4,24,1
"DryGB2-019",1,"canopy",1,20,"ELEL5",4,4,24,1
"DryGB2-019",1,"canopy",1,20,"ELEL5",4,4,24,1
"DryGB2-019",1,"canopy",1,20,"ELEL5",4,4,24,1
"DryGB2-019",1,"canopy",1,20,"ELEL5",4,4,24,1
"DryGB2-019",1,"canopy",1,20,"ELEL5",4,4,24,1
"DryGB2-019",1,"canopy",1,20,"ELEL5",4,4,24,1
"DryGB2-019",1,"canopy",1,20,"ELEL5",4,4,24,1
"DryGB2-019",1,"canopy",1,20,"ELEL5",4,4,24,1
"DryGB2-019",1,"canopy",1,20,"ELEL5",4,4,24,1
"DryGB2-019",1,"canopy",1,20,"ELEL5",4,4,24,1
"DryGB2-019",1,"canopy",1,20,"ELEL5",4,4,24,1
"DryGB2-019",1,"canopy",1,20,"ELEL5",4,4,24,1
"DryGB2-019",1,"canopy",1,20,"ELEL5",4,4,24,1
"DryGB2-019",1,"canopy",1,20,"ELEL5",4,4,24,1
"DryGB2-019",1,"canopy",1,20,"ELEL5",4,4,24,1
"DryGB2-019",1,"canopy",1,20,"ELEL5",4,4,24,1
"DryGB2-019",1,"canopy",1,20,"ELEL5",4,4,24,1
"DryGB2-019",1,"canopy",1,20,"ELEL5",4,4,24,1
"DryGB2-019",1,"canopy",1,20,"ELEL5",4,4,24,1
"DryGB2-019",1,"canopy",1,20,"ELEL5",4,4,24,1
"DryGB2-019",1,"canopy",1,20,"ELEL5",4,4,24,1
"DryGB2-019",1,"canopy",1,20,"ELEL5",4,4,24,1
"DryGB2-019",1,"canopy",1,20,"ELEL5",4,4,24,1
"DryGB2-019",1,"canopy",1,20,"ELEL5",4,4,24,1
"DryGB2-019",1,"canopy",1,20,"ELEL5",4,4,24,1
"DryGB2-019",1,"canopy",1,20,"ELEL5",4,4,24,1
"DryGB2-019",1,"canopy",1,20,"ELEL5",4,4,24,1
"DryGB2-019",1,"canopy",1,20,"ELEL5",4,4,24,1
"DryGB2-019",1,"canopy",1,20,"ELEL5",4,4,24,1
"DryGB2-019",1,"canopy",1,20,"ELEL5",4,4,24,1
"DryGB2-019",1,"canopy",1,20,"ELEL5",4,4,24,1
"DryGB2-019",1,"canopy",1,20,"ELEL5",4,4,24,1
"DryGB2-019",1,"canopy",1,20,"ELEL5",4,4,24,1
"DryGB2-019",1,"canopy",1,20,"ELEL5",4,4,24,1
"DryGB2-019",1,"canopy",1,20,"ELEL5",4,4,24,1
"DryGB2-019",1,"canopy",1,20,"ELEL5",4,4,24,1
"DryGB2-019",1,"canopy",1,20,"ELEL5",4,4,24,1
"DryGB2-019",1,"canopy",1,20,"ELEL5",4,4,24,1
"DryGB2-019",1,"canopy",1,20,"ELEL5",4,4,24,1
"DryGB2-019",1,"canopy",1,20,"ELEL5",4,4,24,1
"DryGB2-019",1,"canopy",1,20,"ELEL5",4,4,24,1
"DryGB2-019",1,"canopy",1,20,"ELEL5",4,4,24,1
"DryGB2-019",1,"canopy",1,20,"ELEL5",4,4,24,1
"DryGB2-019",1,"canopy",1,20,"ELEL5",4,4,24,1
"DryGB2-019",1,"canopy",1,20,"ELEL5",4,4,24,1
"DryGB2-019",1,"canopy",1,20,"ELEL5",4,4,24,1
"DryGB2-019",1,"canopy",1,20,"ELEL5",4,4,24,1
"DryGB2-019",1,"canopy",1,20,"ELEL5",4,4,24,1
"DryGB2-019",1,"canopy",1,20,"ELEL5",4,4,24,1
"DryGB2-019",1,"canopy",1,20,"ELEL5",4,4,24,1
"DryGB2-019",1,"canopy",1,20,"ELEL5",4,4,24,1
"DryGB2-019",1,"canopy",1,20,"ELEL5",4,4,24,1
"DryGB2-019",1,"canopy",1,20,"ELEL5",4,4,24,1
"DryGB2-019",1,"canopy",1,20,"ELEL5",4,4,24,1
"DryGB2-019",1,"canopy",1,20,"ELEL5",4,4,24,1
"DryGB2-019",1,"canopy",1,20,"ELEL5",4,4,24,1
"DryGB2-019",1,"canopy",1,20,"ELEL5",4,4,24,1
"DryGB2-019",1,"canopy",1,20,"ELEL5",4,4,24,1
"DryGB2-019",1,"canopy",1,20,"ELEL5",4,4,24,1
"DryGB2-019",1,"canopy",1,20,"ELEL5",4,4,24,1
"DryGB2-019",1,"canopy",1,20,"ELEL5",4,4,24,1
"DryGB2-019",1,"canopy",1,20,"ELEL5",4,4,24,1
"DryGB2-019",1,"canopy",1,20,"ELEL5",4,4,24,1
"DryGB2-019",1,"canopy",1,20,"ELEL5",4,4,24,1
"DryGB2-019",1,"canopy",1,20,"ELEL5",4,4,24,1
"DryGB2-019",1,"canopy",1,20,"ELEL5",4,4,24,1
"DryGB2-019",1,"canopy",1,20,"ELEL5",4,4,24,1
"DryGB2-019",1,"canopy",1,20,"ELEL5",4,4,24,1
"DryGB2-019",1,"canopy",1,20,"ELEL5",4,4,24,1
"DryGB2-019",1,"canopy",1,20,"ELEL5",4,4,24,1
"DryGB2-019",1,"canopy",1,20,"ELEL5",4,4,24,1
"DryGB2-019",1,"canopy",1,20,"ELEL5",4,4,24,1
"DryGB2-019",1,"canopy",1,20,"ELEL5",4,4,24,1
"DryGB2-019",1,"canopy",1,20,"ELEL5",4,4,24,1
"DryGB2-019",1,"canopy",1,20,"ELEL5",4,4,24,1
"DryGB2-019",1,"canopy",1,20,"ELEL5",4,4,24,1
"DryGB2-019",1,"canopy",1,20,"ELEL5",4,4,24,1
"DryGB2-019",1,"canopy",1,20,"ELEL5",4,4,24,1
"DryGB2-019",1,"canopy",1,20,"ELEL5",4,4,24,1
"DryGB2-019",1,"canopy",1,20,"ELEL5",4,4,24,1
"DryGB2-019",1,"canopy",1,20,"ELEL5",4,4,24,1
"DryGB2-019",1,"canopy",1,20,"ELEL5",4,4,24,1
"DryGB2-019",1,"canopy",1,20,"ELEL5",4,4,24,1
"DryGB2-019",1,"canopy",1,20,"ELEL5",4,4,24,1
"DryGB2-019",1,"canopy",1,20,"ELEL5",4,4,24,1
"DryGB2-019",1,"canopy",1,20,"ELEL5",4,4,24,1
"DryGB2-019",1,"canopy",1,20,"ELEL5",4,4,24,1
"DryGB2-019",1,"canopy",1,20,"ELEL5",4,4,24,1
"DryGB2-019",1,"canopy",1,20,"ELEL5",4,4,24,1
"DryGB2-019",1,"canopy",1,20,"ELEL5",4,4,24,1
"DryGB2-019",1,"canopy",1,20,"ELEL5",4,4,24,1
"DryGB2-019",1,"canopy",1,20,"ELEL5",4,4,24,1
"DryGB2-019",1,"canopy",1,20,"ELEL5",4,4,24,1
"DryGB2-019",1,"canopy",1,20,"ELEL5",4,4,24,1
"DryGB2-019",1,"canopy",1,20,"ELEL5",4,4,24,1
"DryGB2-019",1,"canopy",1,20,"ELEL5",4,4,24,1
"DryGB2-019",1,"canopy",1,20,"ELEL5",4,4,24,1
"DryGB2-019",1,"canopy",1,20,"ELEL5",4,4,24,1
"DryGB2-019",1,"canopy",1,20,"ELEL5",4,4,24,1
"DryGB2-019",1,"canopy",1,20,"ELEL5",4,4,24,1
"DryGB2-019",1,"canopy",1,20,"ELEL5",4,4,24,1
"DryGB2-019",1,"canopy",1,20,"ELEL5",4,4,24,1
"DryGB2-019",1,"canopy",1,20,"ELEL5",4,4,24,1
"DryGB2-019",1,"canopy",1,20,"ELEL5",4,4,24,1
"DryGB2-019",1,"canopy",1,20,"ELEL5",4,4,24,1
"DryGB2-019",1,"canopy",1,20,"ELEL5",4,4,24,1
"DryGB2-019",1,"canopy",1,20,"ELEL5",4,4,24,1
"DryGB2-019",1,"canopy",1,20,"ELEL5",4,4,24,1
"DryGB2-019",1,"canopy",1,20,"ELEL5",4,4,24,1
"DryGB2-019",1,"canopy",1,20,"ELEL5",4,4,24,1
"DryGB2-019",1,"canopy",1,20,"ELEL5",4,4,24,1
"DryGB2-019",1,"canopy",1,20,"ELEL5",4,4,24,1
"DryGB2-019",1,"canopy",1,20,"ELEL5",4,4,24,1
"DryGB2-019",1,"canopy",1,20,"ELEL5",4,4,24,1
"DryGB2-019",1,"canopy",1,20,"ELEL5",4,4,24,1
"DryGB2-019",1,"canopy",1,20,"ELEL5",4,4,24,1
"DryGB2-019",1,"canopy",1,20,"ELEL5",4,4,24,1
"DryGB2-019",1,"canopy",1,20,"ELEL5",4,4,24,1
"DryGB2-019",1,"canopy",1,20,"ELEL5",4,4,24,1
"DryGB2-019",1,"canopy",1,20,"ELEL5",4,4,24,1
"DryGB2-019",1,"canopy",1,20,"ELEL5",4,4,24,1
"DryGB2-019",1,"canopy",1,20,"ELEL5",4,4,24,1
"DryGB2-019",1,"canopy",1,20,"ELEL5",4,4,24,1
"DryGB2-019",1,"canopy",1,20,"ELEL5",4,4,24,1
"DryGB2-019",1,"canopy",1,20,"ELEL5",4,4,24,1
"DryGB2-019",1,"canopy",1,20,"ELEL5",4,4,24,1
"DryGB2-019",1,"canopy",1,20,"ELEL5",4,4,24,1
"DryGB2-019",1,"canopy",1,20,"ELEL5",4,4,24,1
"DryGB2-019",1,"canopy",1,20,"ELEL5",4,4,24,1
"DryGB2-019",1,"canopy",1,20,"ELEL5",4,4,24,1
"DryGB2-019",1,"canopy",1,20,"ELEL5",4,4,24,1
"DryGB2-019",1,"canopy",1,20,"ELEL5",4,4,24,1
"DryGB2-019",1,"canopy",1,20,"ELEL5",4,4,24,1
"DryGB2-019",1,"canopy",1,20,"ELEL5",4,4,24,1
"DryGB2-019",1,"canopy",1,20,"ELEL5",4,4,24,1
"DryGB2-019",1,"canopy",1,20,"ELEL5",4,4,24,1
"DryGB2-019",1,"canopy",1,20,"ELEL5",4,4,24,1
"DryGB2-019",1,"canopy",1,20,"ELEL5",4,4,24,1
"DryGB2-019",1,"canopy",1,20,"ELEL5",4,4,24,1
"DryGB2-019",1,"canopy",1,20,"ELEL5",4,4,24,1
"DryGB2-019",1,"canopy",1,20,"ELEL5",4,4,24,1
"DryGB2-019",1,"canopy",1,20,"ELEL5",4,4,24,1
"DryGB2-019",1,"canopy",1,20,"ELEL5",4,4,24,1
"DryGB2-019",1,"canopy",1,20,"ELEL5",4,4,24,1
"DryGB2-019",1,"canopy",1,20,"ELEL5",4,4,24,1
"DryGB2-019",1,"canopy",1,20,"ELEL5",4,4,24,1
"DryGB2-019",1,"canopy",1,20,"ELEL5",4,4,24,1
"DryGB2-019",1,"canopy",1,20,"ELEL5",4,4,24,1
"DryGB2-019",1,"canopy",1,20,"ELEL5",4,4,24,1
"DryGB2-019",1,"canopy",1,20,"ELEL5",4,4,24,1
"DryGB2-019",1,"canopy",1,20,"ELEL5",4,4,24,1
"DryGB2-019",1,"canopy",1,20,"ELEL5",4,4,24,1
"DryGB2-019",1,"canopy",1,20,"ELEL5",4,4,24,1
"DryGB2-019",1,"canopy",1,20,"ELEL5",4,4,24,1
"DryGB2-019",1,"canopy",1,20,"ELEL5",4,4,24,1
"DryGB2-019",1,"canopy",1,20,"ELEL5",4,4,24,1
"DryGB2-019",1,"canopy",1,20,"ELEL5",4,4,24,1
"DryGB2-019",1,"canopy",1,20,"ELEL5",4,4,24,1
"DryGB2-019",1,"canopy",1,20,"ELEL5",4,4,24,1
"DryGB2-019",1,"canopy",1,20,"ELEL5",4,4,24,1
"DryGB2-019",1,"canopy",1,20,"ELEL5",4,4,24,1
"DryGB2-019",1,"canopy",1,20,"ELEL5",4,4,24,1
"DryGB2-019",1,"canopy",1,20,"ELEL5",4,4,24,1
"DryGB2-019",1,"canopy",1,20,"ELEL5",4,4,24,1
"DryGB2-019",1,"canopy",1,20,"ELEL5",4,4,24,1
"DryGB2-019",1,"canopy",1,20,"ELEL5",4,4,24,1
"DryGB2-019",1,"canopy",1,20,"ELEL5",4,4,24,1
"DryGB2-019",1,"canopy",1,20,"ELEL5",4,4,24,1
"DryGB2-019",1,"canopy",1,20,"ELEL5",4,4,24,1
"DryGB2-019",1,"canopy",1,20,"ELEL5",4,4,24,1
"DryGB2-019",1,"canopy",1,20,"ELEL5",4,4,24,1
"DryGB2-019",1,"canopy",1,20,"ELEL5",4,4,24,1
"DryGB2-019",1,"canopy",1,20,"ELEL5",4,4,24,1
"DryGB2-019",1,"canopy",1,20,"ELEL5",4,4,24,1
"DryGB2-019",1,"canopy",1,20,"ELEL5",4,4,24,1
"DryGB2-019",1,"canopy",1,20,"ELEL5",4,4,24,1
"DryGB2-019",1,"canopy",1,20,"ELEL5",4,4,24,1
"DryGB2-019",1,"canopy",1,20,"ELEL5",4,4,24,1
"DryGB2-019",1,"canopy",1,20,"ELEL5",4,4,24,1
"DryGB2-019",1,"canopy",1,20,"ELEL5",4,4,24,1
"DryGB2-019",1,"canopy",1,20,"ELEL5",4,4,24,1
"DryGB2-019",1,"canopy",1,20,"ELEL5",4,4,24,1
"DryGB2-019",1,"canopy",1,20,"ELEL5",4,4,24,1
"DryGB2-019",1,"canopy",1,20,"ELEL5",4,4,24,1
"DryGB2-019",1,"canopy",1,20,"ELEL5",4,4,24,1
"DryGB2-019",1,"canopy",1,20,"ELEL5",4,4,24,1
"DryGB2-019",1,"canopy",1,20,"ELEL5",4,4,24,1
"DryGB2-019",1,"canopy",1,20,"ELEL5",4,4,24,1
"DryGB2-019",1,"canopy",1,20,"ELEL5",4,4,24,1
"DryGB2-019",1,"canopy",1,20,"ELEL5",4,4,24,1
"DryGB2-019",1,"canopy",1,20,"ELEL5",4,4,24,1
"DryGB2-019",1,"canopy",1,20,"ELEL5",4,4,24,1
"DryGB2-019",1,"canopy",1,20,"ELEL5",4,4,24,1
"DryGB2-019",1,"canopy",1,20,"ELEL5",4,4,24,1
"DryGB2-019",1,"canopy",1,20,"ELEL5",4,4,24,1
"DryGB2-019",1,"canopy",1,20,"ELEL5",4,4,24,1
"DryGB2-019",1,"canopy",1,20,"ELEL5",4,4,24,1
"DryGB2-019",1,"canopy",1,20,"ELEL5",4,4,24,1
"DryGB2-019",1,"canopy",1,20,"ELEL5",4,4,24,1
"DryGB2-019",1,"canopy",1,20,"ELEL5",4,4,24,1
"DryGB2-019",1,"canopy",1,20,"ELEL5",4,4,24,1
"DryGB2-019",1,"canopy",1,20,"ELEL5",4,4,24,1
"DryGB2-019",1,"canopy",1,20,"ELEL5",4,4,24,1
"DryGB2-019",1,"canopy",1,20,"ELEL5",4,4,24,1
"DryGB2-019",1,"canopy",1,20,"ELEL5",4,4,24,1
"DryGB2-019",1,"canopy",1,20,"ELEL5",4,4,24,1
"DryGB2-019",1,"canopy",1,20,"ELEL5",4,4,24,1
"DryGB2-019",1,"canopy",1,20,"ELEL5",4,4,24,1
"DryGB2-019",1,"canopy",1,20,"ELEL5",4,4,24,1
"DryGB2-019",1,"canopy",1,20,"ELEL5",4,4,24,1
"DryGB2-019",1,"canopy",1,20,"ELEL5",4,4,24,1
"DryGB2-019",1,"canopy",1,20,"ELEL5",4,4,24,1
"DryGB2-019",1,"canopy",1,20,"ELEL5",4,4,24,1
"DryGB2-019",1,"canopy",1,20,"ELEL5",4,4,24,1
"DryGB2-019",1,"canopy",1,20,"ELEL5",4,4,24,1
"DryGB2-019",1,"canopy",1,20,"ELEL5",4,4,24,1
"DryGB2-019",1,"canopy",1,20,"ELEL5",4,4,24,1
"DryGB2-019",1,"canopy",1,20,"ELEL5",4,4,24,1
"DryGB2-019",1,"canopy",1,20,"ELEL5",4,4,24,1
"DryGB2-019",1,"canopy",1,20,"ELEL5",4,4,24,1
"DryGB2-019",1,"canopy",1,20,"ELEL5",4,4,24,1
"DryGB2-019",1,"canopy",1,20,"ELEL5",4,4,24,1
"DryGB2-019",1,"canopy",1,20,"ELEL5",4,4,24,1
"DryGB2-019",1,"canopy",1,20,"ELEL5",4,4,24,1
"DryGB2-019",1,"canopy",1,20,"ELEL5",4,4,24,1
"DryGB2-019",1,"canopy",1,20,"ELEL5",4,4,24,1
"DryGB2-019",1,"canopy",1,20,"ELEL5",4,4,24,1
"DryGB2-019",1,"canopy",1,20,"ELEL5",4,4,24,1
"DryGB2-019",1,"canopy",1,20,"ELEL5",4,4,24,1
"DryGB2-019",1,"canopy",1,20,"ELEL5",4,4,24,1
"DryGB2-019",1,"canopy",1,20,"ELEL5",4,4,24,1
"DryGB2-019",1,"canopy",1,20,"ELEL5",4,4,24,1
"DryGB2-019",1,"canopy",1,20,"ELEL5",4,4,24,1
"DryGB2-019",1,"canopy",1,20,"ELEL5",4,4,24,1
"DryGB2-019",1,"canopy",1,20,"ELEL5",4,4,24,1
"DryGB2-019",1,"canopy",1,20,"ELEL5",4,4,24,1
"DryGB2-019",1,"canopy",1,20,"ELEL5",4,4,24,1
"DryGB2-019",1,"canopy",1,20,"ELEL5",4,4,24,1
"DryGB2-019",1,"canopy",1,20,"ELEL5",4,4,24,1
"DryGB2-019",1,"canopy",1,20,"ELEL5",4,4,24,1
"DryGB2-019",1,"canopy",1,20,"ELEL5",4,4,24,1
"DryGB2-019",1,"canopy",1,20,"ELEL5",4,4,24,1
"DryGB2-019",1,"canopy",1,20,"ELEL5",4,4,24,1
"DryGB2-019",1,"canopy",1,20,"ELEL5",4,4,24,1
"DryGB2-019",1,"canopy",1,20,"ELEL5",4,4,24,1
"DryGB2-019",1,"canopy",1,20,"ELEL5",4,4,24,1
"DryGB2-019",1,"canopy",1,20,"ELEL5",4,4,24,1
"DryGB2-019",1,"canopy",1,20,"ELEL5",4,4,24,1
"DryGB2-019",1,"canopy",1,20,"ELEL5",4,4,24,1
"DryGB2-019",1,"canopy",1,20,"ELEL5",4,4,24,1
"DryGB2-019",1,"canopy",1,20,"ELEL5",4,4,24,1
"DryGB2-019",1,"canopy",1,20,"ELEL5",4,4,24,1
"DryGB2-019",1,"canopy",1,20,"ELEL5",4,4,24,1
"DryGB2-019",1,"canopy",1,20,"ELEL5",4,4,24,1
"DryGB2-019",1,"canopy",1,20,"ELEL5",4,4,24,1
"DryGB2-019",1,"canopy",1,20,"ELEL5",4,4,24,1
"DryGB2-019",1,"canopy",1,20,"ELEL5",4,4,24,1
"DryGB2-019",1,"canopy",1,20,"ELEL5",4,4,24,1
"DryGB2-019",1,"canopy",1,20,"ELEL5",4,4,24,1
"DryGB2-019",1,"canopy",1,20,"ELEL5",4,4,24,1
"DryGB2-019",1,"canopy",1,20,"ELEL5",4,4,24,1
"DryGB2-019",1,"canopy",1,20,"ELEL5",4,4,24,1
"DryGB2-019",1,"canopy",1,20,"ELEL5",4,4,24,1
"DryGB2-019",1,"canopy",1,20,"ELEL5",4,4,24,1
"DryGB2-019",1,"canopy",1,20,"ELEL5",4,4,24,1
"DryGB2-019",1,"canopy",1,20,"ELEL5",4,4,24,1
"DryGB2-019",1,"canopy",1,20,"ELEL5",4,4,24,1
"DryGB2-019",1,"canopy",1,20,"ELEL5",4,4,24,1
"DryGB2-019",1,"canopy",1,20,"ELEL5",4,4,24,1
"DryGB2-019",1,"canopy",1,20,"ELEL5",4,4,24,1
"DryGB2-019",1,"canopy",1,20,"ELEL5",4,4,24,1
"DryGB2-019",1,"canopy",1,20,"ELEL5",4,4,24,1
"DryGB2-019",1,"canopy",1,20,"ELEL5",4,4,24,1
"DryGB2-019",1,"canopy",1,20,"ELEL5",4,4,24,1
"DryGB2-019",1,"canopy",1,20,"ELEL5",4,4,24,1
"DryGB2-019",1,"canopy",1,20,"ELEL5",4,4,24,1
"DryGB2-019",1,"canopy",1,20,"ELEL5",4,4,24,1
"DryGB2-019",1,"canopy",1,20,"ELEL5",4,4,24,1
"DryGB2-019",1,"canopy",1,20,"ELEL5",4,4,24,1
"DryGB2-019",1,"canopy",1,20,"ELEL5",4,4,24,1
"DryGB2-019",1,"canopy",1,20,"ELEL5",4,4,24,1
"DryGB2-019",1,"canopy",1,20,"ELEL5",4,4,24,1
"DryGB2-019",1,"canopy",1,20,"ELEL5",4,4,24,1
"DryGB2-019",1,"canopy",1,20,"ELEL5",4,4,24,1
"DryGB2-019",1,"canopy",1,20,"ELEL5",4,4,24,1
"DryGB2-019",1,"canopy",1,20,"ELEL5",4,4,24,1
"DryGB2-019",1,"canopy",1,20,"ELEL5",4,4,24,1
"DryGB2-019",1,"canopy",1,20,"ELEL5",4,4,24,1
"DryGB2-019",1,"canopy",1,20,"ELEL5",4,4,24,1
"DryGB2-019",1,"canopy",1,20,"ELEL5",4,4,24,1
"DryGB2-019",1,"canopy",1,20,"ELEL5",4,4,24,1
"DryGB2-019",1,"canopy",1,20,"ELEL5",4,4,24,1
"DryGB2-019",1,"canopy",1,20,"ELEL5",4,4,24,1
"DryGB2-019",1,"canopy",1,20,"ELEL5",4,4,24,1
"DryGB2-019",1,"canopy",1,20,"ELEL5",4,4,24,1
"DryGB2-019",1,"canopy",1,20,"ELEL5",4,4,24,1
"DryGB2-019",1,"canopy",1,20,"ELEL5",4,4,24,1
"DryGB2-019",1,"canopy",1,20,"ELEL5",4,4,24,1
"DryGB2-019",1,"canopy",1,20,"ELEL5",4,4,24,1
"DryGB2-019",1,"canopy",1,20,"ELEL5",4,4,24,1
"DryGB2-019",1,"canopy",1,20,"ELEL5",4,4,24,1
"DryGB2-019",1,"canopy",1,20,"ELEL5",4,4,24,1
"DryGB2-019",1,"canopy",1,20,"ELEL5",4,4,24,1
"DryGB2-019",1,"canopy",1,20,"ELEL5",4,4,24,1
"DryGB2-019",1,"canopy",1,20,"ELEL5",4,4,24,1
"DryGB2-019",1,"canopy",1,20,"ELEL5",4,4,24,1
"DryGB2-019",1,"canopy",1,20,"ELEL5",4,4,24,1
"DryGB2-019",1,"canopy",1,20,"ELEL5",4,4,24,1
"DryGB2-019",1,"canopy",1,20,"ELEL5",4,4,24,1
"DryGB2-019",1,"canopy",1,20,"ELEL5",4,4,24,1
"DryGB2-019",1,"canopy",1,20,"ELEL5",4,4,24,1
"DryGB2-019",1,"canopy",1,20,"ELEL5",4,4,24,1
"DryGB2-019",1,"canopy",1,20,"ELEL5",4,4,24,1
"DryGB2-019",1,"canopy",1,20,"ELEL5",4,4,24,1
"DryGB2-019",1,"canopy",1,20,"ELEL5",4,4,24,1
"DryGB2-019",1,"canopy",1,20,"ELEL5",4,4,24,1
"DryGB2-019",1,"canopy",1,20,"ELEL5",4,4,24,1
"DryGB2-019",1,"canopy",1,20,"ELEL5",4,4,24,1
"DryGB2-019",1,"canopy",1,20,"ELEL5",4,4,24,1
"DryGB2-019",1,"canopy",1,20,"ELEL5",4,4,24,1
"DryGB2-019",1,"canopy",1,20,"ELEL5",4,4,24,1
"DryGB2-019",1,"canopy",1,20,"ELEL5",4,4,24,1
"DryGB2-019",1,"canopy",1,20,"ELEL5",4,4,24,1
"DryGB2-019",1,"canopy",1,20,"ELEL5",4,4,24,1
"DryGB2-019",1,"canopy",1,20,"ELEL5",4,4,24,1
"DryGB2-019",1,"canopy",1,20,"ELEL5",4,4,24,1
"DryGB2-019",1,"canopy",1,20,"ELEL5",4,4,24,1
"DryGB2-019",1,"canopy",1,20,"ELEL5",4,4,24,1
"DryGB2-019",1,"canopy",1,20,"ELEL5",4,4,24,1
"DryGB2-019",1,"canopy",1,20,"ELEL5",4,4,24,1
"DryGB2-019",1,"canopy",1,20,"ELEL5",4,4,24,1
"DryGB2-019",1,"canopy",1,20,"ELEL5",4,4,24,1
"DryGB2-019",1,"canopy",1,20,"ELEL5",4,4,24,1
"DryGB2-019",1,"canopy",1,20,"ELEL5",4,4,24,1
"DryGB2-019",1,"canopy",1,20,"ELEL5",4,4,24,1
"DryGB2-019",1,"canopy",1,20,"ELEL5",4,4,24,1
"DryGB2-019",1,"canopy",1,20,"ELEL5",4,4,24,1
"DryGB2-019",1,"canopy",1,20,"ELEL5",4,4,24,1
"DryGB2-019",1,"canopy",1,20,"ELEL5",4,4,24,1
"DryGB2-019",1,"canopy",1,20,"ELEL5",4,4,24,1
"DryGB2-019",1,"canopy",1,20,"ELEL5",4,4,24,1
"DryGB2-019",1,"canopy",1,20,"ELEL5",4,4,24,1
"DryGB2-019",1,"canopy",1,20,"ELEL5",4,4,24,1
"DryGB2-019",1,"canopy",1,20,"ELEL5",4,4,24,1
"DryGB2-019",1,"canopy",1,20,"ELEL5",4,4,24,1
"DryGB2-019",1,"canopy",1,20,"ELEL5",4,4,24,1
"DryGB2-019",1,"canopy",1,20,"ELEL5",4,4,24,1
"DryGB2-019",1,"canopy",1,20,"ELEL5",4,4,24,1
"DryGB2-019",1,"canopy",1,20,"ELEL5",4,4,24,1
"DryGB2-019",1,"canopy",1,20,"ELEL5",4,4,24,1
"DryGB2-019",1,"canopy",1,20,"ELEL5",4,4,24,1
"DryGB2-019",1,"canopy",1,20,"ELEL5",4,4,24,1
"DryGB2-019",1,"canopy",1,20,"ELEL5",4,4,24,1
"DryGB2-019",1,"canopy",1,20,"ELEL5",4,4,24,1
"DryGB2-019",1,"canopy",1,20,"ELEL5",4,4,24,1
"DryGB2-019",1,"canopy",1,20,"ELEL5",4,4,24,1
"DryGB2-019",1,"canopy",1,20,"ELEL5",4,4,24,1
"DryGB2-019",1,"canopy",1,20,"ELEL5",4,4,24,1
"DryGB2-019",1,"canopy",1,20,"ELEL5",4,4,24,1
"DryGB2-019",1,"canopy",1,20,"ELEL5",4,4,24,1
"DryGB2-019",1,"canopy",1,20,"ELEL5",4,4,24,1
"DryGB2-019",1,"canopy",1,20,"ELEL5",4,4,24,1
"DryGB2-019",1,"canopy",1,20,"ELEL5",4,4,24,1
"DryGB2-019",1,"canopy",1,20,"ELEL5",4,4,24,1
"DryGB2-019",1,"canopy",1,20,"ELEL5",4,4,24,1
"DryGB2-019",1,"canopy",1,20,"ELEL5",4,4,24,1
"DryGB2-019",1,"canopy",1,20,"ELEL5",4,4,24,1
"DryGB2-019",1,"canopy",1,20,"ELEL5",4,4,24,1
"DryGB2-019",1,"canopy",1,20,"ELEL5",4,4,24,1
"DryGB2-019",1,"canopy",1,20,"ELEL5",4,4,24,1
"DryGB2-019",1,"canopy",1,20,"ELEL5",4,4,24,1
"DryGB2-019",1,"canopy",1,20,"ELEL5",4,4,24,1
"DryGB2-019",1,"canopy",1,20,"ELEL5",4,4,24,1
"DryGB2-019",1,"canopy",1,20,"ELEL5",4,4,24,1
"DryGB2-019",1,"canopy",1,20,"ELEL5",4,4,24,1
"DryGB2-019",1,"canopy",1,20,"ELEL5",4,4,24,1
"DryGB2-019",1,"canopy",1,20,"ELEL5",4,4,24,1
"DryGB2-019",1,"canopy",1,20,"ELEL5",4,4,24,1
"DryGB2-019",1,"canopy",1,20,"ELEL5",4,4,24,1
"DryGB2-019",1,"canopy",1,20,"ELEL5",4,4,24,1
"DryGB2-019",1,"canopy",1,20,"ELEL5",4,4,24,1
"DryGB2-019",1,"canopy",1,20,"ELEL5",4,4,24,1
"DryGB2-019",1,"canopy",1,20,"ELEL5",4,4,24,1
"DryGB2-019",1,"canopy",1,20,"ELEL5",4,4,24,1
"DryGB2-019",1,"canopy",1,20,"ELEL5",4,4,24,1
"DryGB2-019",1,"canopy",1,20,"ELEL5",4,4,24,1
"DryGB2-019",1,"canopy",1,20,"ELEL5",4,4,24,1
"DryGB2-019",1,"canopy",1,20,"ELEL5",4,4,24,1
"DryGB2-019",1,"canopy",1,20,"ELEL5",4,4,24,1
"DryGB2-019",1,"canopy",1,20,"ELEL5",4,4,24,1
"DryGB2-019",1,"canopy",1,20,"ELEL5",4,4,24,1
"DryGB2-019",1,"canopy",1,20,"ELEL5",4,4,24,1
"DryGB2-019",1,"canopy",1,20,"ELEL5",4,4,24,1
"DryGB2-019",1,"canopy",1,20,"ELEL5",4,4,24,1
"DryGB2-019",1,"canopy",1,20,"ELEL5",4,4,24,1
"DryGB2-019",1,"canopy",1,20,"ELEL5",4,4,24,1
"DryGB2-019",1,"canopy",1,20,"ELEL5",4,4,24,1
"DryGB2-019",1,"canopy",1,20,"ELEL5",4,4,24,1
"DryGB2-019",1,"canopy",1,20,"ELEL5",4,4,24,1
"DryGB2-019",1,"canopy",1,20,"ELEL5",4,4,24,1
"DryGB2-019",1,"canopy",1,20,"ELEL5",4,4,24,1
"DryGB2-019",1,"canopy",1,20,"ELEL5",4,4,24,1
"DryGB2-019",1,"canopy",1,20,"ELEL5",4,4,24,1
"DryGB2-019",1,"canopy",1,20,"ELEL5",4,4,24,1
"DryGB2-019",1,"canopy",1,20,"ELEL5",4,4,24,1
"DryGB2-019",1,"canopy",1,20,"ELEL5",4,4,24,1
"DryGB2-019",1,"canopy",1,20,"ELEL5",4,4,24,1
"DryGB2-019",1,"canopy",1,20,"ELEL5",4,4,24,1
"DryGB2-019",1,"canopy",1,20,"ELEL5",4,4,24,1
"DryGB2-019",1,"canopy",1,20,"ELEL5",4,4,24,1
"DryGB2-019",1,"canopy",1,20,"ELEL5",4,4,24,1
"DryGB2-019",1,"canopy",1,20,"ELEL5",4,4,24,1
"DryGB2-019",1,"canopy",1,20,"ELEL5",4,4,24,1
"DryGB2-019",1,"canopy",1,20,"ELEL5",4,4,24,1
"DryGB2-019",1,"canopy",1,20,"ELEL5",4,4,24,1
"DryGB2-019",1,"canopy",1,20,"ELEL5",4,4,24,1
"DryGB2-019",1,"canopy",1,20,"ELEL5",4,4,24,1
"DryGB2-019",1,"canopy",1,20,"ELEL5",4,4,24,1
"DryGB2-019",1,"canopy",1,20,"ELEL5",4,4,24,1
"DryGB2-019",1,"canopy",1,20,"ELEL5",4,4,24,1
"DryGB2-019",1,"canopy",1,20,"ELEL5",4,4,24,1
"DryGB2-019",1,"canopy",1,20,"ELEL5",4,4,24,1
"DryGB2-019",1,"canopy",1,20,"ELEL5",4,4,24,1
"DryGB2-019",1,"canopy",1,20,"ELEL5",4,4,24,1
"DryGB2-019",1,"canopy",1,20,"ELEL5",4,4,24,1
"DryGB2-019",1,"canopy",1,20,"ELEL5",4,4,24,1
"DryGB2-019",1,"canopy",1,20,"ELEL5",4,4,24,1
"DryGB2-019",1,"canopy",1,20,"ELEL5",4,4,24,1
"DryGB2-019",1,"canopy",1,20,"ELEL5",4,4,24,1
"DryGB2-019",1,"canopy",1,20,"ELEL5",4,4,24,1
"DryGB2-019",1,"canopy",1,20,"ELEL5",4,4,24,1
"DryGB2-019",1,"canopy",1,20,"ELEL5",4,4,24,1
"DryGB2-019",1,"canopy",1,20,"ELEL5",4,4,24,1
"DryGB2-019",1,"canopy",1,20,"ELEL5",4,4,24,1
"DryGB2-019",1,"canopy",1,20,"ELEL5",4,4,24,1
"DryGB2-019",1,"canopy",1,20,"ELEL5",4,4,24,1
"DryGB2-019",1,"canopy",1,20,"ELEL5",4,4,24,1
"DryGB2-019",1,"canopy",1,20,"ELEL5",4,4,24,1
"DryGB2-019",1,"canopy",1,20,"ELEL5",4,4,24,1
"DryGB2-019",1,"canopy",1,20,"ELEL5",4,4,24,1
"DryGB2-019",1,"canopy",1,20,"ELEL5",4,4,24,1
"DryGB2-019",1,"canopy",1,20,"ELEL5",4,4,24,1
"DryGB2-019",1,"canopy",1,20,"ELEL5",4,4,24,1
"DryGB2-019",1,"canopy",1,20,"ELEL5",4,4,24,1
"DryGB2-019",1,"canopy",1,20,"ELEL5",4,4,24,1
"DryGB2-019",1,"canopy",1,20,"ELEL5",4,4,24,1
"DryGB2-019",1,"canopy",1,20,"ELEL5",4,4,24,1
"DryGB2-019",1,"canopy",1,20,"ELEL5",4,4,24,1
"DryGB2-019",1,"canopy",1,20,"ELEL5",4,4,24,1
"DryGB2-019",1,"canopy",1,20,"ELEL5",4,4,24,1
"DryGB2-019",1,"canopy",1,20,"ELEL5",4,4,24,1
"DryGB2-019",1,"canopy",1,20,"ELEL5",4,4,24,1
"DryGB2-019",1,"canopy",1,20,"ELEL5",4,4,24,1
"DryGB2-019",1,"canopy",1,20,"ELEL5",4,4,24,1
"DryGB2-019",1,"canopy",1,20,"ELEL5",4,4,24,1
"DryGB2-019",1,"canopy",1,20,"ELEL5",4,4,24,1
"DryGB2-019",1,"canopy",1,20,"ELEL5",4,4,24,1
"DryGB2-019",1,"canopy",1,20,"ELEL5",4,4,24,1
"DryGB2-019",1,"canopy",1,20,"ELEL5",4,4,24,1
"DryGB2-019",1,"canopy",1,20,"ELEL5",4,4,24,1
"DryGB2-019",1,"canopy",1,20,"ELEL5",4,4,24,1
"DryGB2-019",1,"canopy",1,20,"ELEL5",4,4,24,1
"DryGB2-019",1,"canopy",1,20,"ELEL5",4,4,24,1
"DryGB2-019",1,"canopy",1,20,"ELEL5",4,4,24,1
"DryGB2-019",1,"canopy",1,20,"ELEL5",4,4,24,1
"DryGB2-019",1,"canopy",1,20,"ELEL5",4,4,24,1
"DryGB2-019",1,"canopy",1,20,"ELEL5",4,4,24,1
"DryGB2-019",1,"canopy",1,20,"ELEL5",4,4,24,1
"DryGB2-019",1,"canopy",1,20,"ELEL5",4,4,24,1
"DryGB2-019",1,"canopy",1,20,"ELEL5",4,4,24,1
"DryGB2-019",1,"canopy",1,20,"ELEL5",4,4,24,1
"DryGB2-019",1,"canopy",1,20,"ELEL5",4,4,24,1
"DryGB2-019",1,"canopy",1,20,"ELEL5",4,4,24,1
"DryGB2-019",1,"canopy",1,20,"ELEL5",4,4,24,1
"DryGB2-019",1,"canopy",1,20,"ELEL5",4,4,24,1
"DryGB2-019",1,"canopy",1,20,"ELEL5",4,4,24,1
"DryGB2-019",1,"canopy",1,20,"ELEL5",4,4,24,1
"DryGB2-019",1,"canopy",1,20,"ELEL5",4,4,24,1
"DryGB2-019",1,"canopy",1,20,"ELEL5",4,4,24,1
"DryGB2-019",1,"canopy",1,20,"ELEL5",4,4,24,1
"DryGB2-019",1,"canopy",1,20,"ELEL5",4,4,24,1
"DryGB2-019",1,"canopy",1,20,"ELEL5",4,4,24,1
"DryGB2-019",1,"canopy",1,20,"ELEL5",4,4,24,1
"DryGB2-019",1,"canopy",1,20,"ELEL5",4,4,24,1
"DryGB2-019",1,"canopy",1,20,"ELEL5",4,4,24,1
"DryGB2-019",1,"canopy",1,20,"ELEL5",4,4,24,1
"DryGB2-019",1,"canopy",1,20,"ELEL5",4,4,24,1
"DryGB2-019",1,"canopy",1,20,"ELEL5",4,4,24,1
"DryGB2-019",1,"canopy",1,20,"ELEL5",4,4,24,1
"DryGB2-019",1,"canopy",1,20,"ELEL5",4,4,24,1
"DryGB2-019",1,"canopy",1,20,"ELEL5",4,4,24,1
"DryGB2-019",1,"canopy",1,20,"ELEL5",4,4,24,1
"DryGB2-019",1,"canopy",1,20,"ELEL5",4,4,24,1
"DryGB2-019",1,"canopy",1,20,"ELEL5",4,4,24,1
"DryGB2-019",1,"canopy",1,20,"ELEL5",4,4,24,1
"DryGB2-019",1,"canopy",1,20,"ELEL5",4,4,24,1
"DryGB2-019",1,"canopy",1,20,"ELEL5",4,4,24,1
"DryGB2-019",1,"canopy",1,20,"ELEL5",4,4,24,1
"DryGB2-019",1,"canopy",1,20,"ELEL5",4,4,24,1
"DryGB2-019",1,"canopy",1,20,"ELEL5",4,4,24,1
"DryGB2-019",1,"canopy",1,20,"ELEL5",4,4,24,1
"DryGB2-019",1,"canopy",1,20,"ELEL5",4,4,24,1
"DryGB2-019",1,"canopy",1,20,"ELEL5",4,4,24,1
"DryGB2-019",1,"canopy",1,20,"ELEL5",4,4,24,1
"DryGB2-019",1,"canopy",1,20,"ELEL5",4,4,24,1
"DryGB2-019",1,"canopy",1,20,"ELEL5",4,4,24,1
"DryGB2-019",1,"canopy",1,20,"ELEL5",4,4,24,1
"DryGB2-019",1,"canopy",1,20,"ELEL5",4,4,24,1
"DryGB2-019",1,"canopy",1,20,"ELEL5",4,4,24,1
"DryGB2-019",1,"canopy",1,20,"ELEL5",4,4,24,1
"DryGB2-019",1,"canopy",1,20,"ELEL5",4,4,24,1
"DryGB2-019",1,"canopy",1,20,"ELEL5",4,4,24,1
"DryGB2-019",1,"canopy",1,20,"ELEL5",4,4,24,1
"DryGB2-019",1,"canopy",1,20,"ELEL5",4,4,24,1
"DryGB2-019",1,"canopy",1,20,"ELEL5",4,4,24,1
"DryGB2-019",1,"canopy",1,20,"ELEL5",4,4,24,1
"DryGB2-019",1,"canopy",1,20,"ELEL5",4,4,24,1
"DryGB2-019",1,"canopy",1,20,"ELEL5",4,4,24,1
"DryGB2-019",1,"canopy",1,20,"ELEL5",4,4,24,1
"DryGB2-019",1,"canopy",1,20,"ELEL5",4,4,24,1
"DryGB2-019",1,"canopy",1,20,"ELEL5",4,4,24,1
"DryGB2-019",1,"canopy",1,20,"ELEL5",4,4,24,1
"DryGB2-019",1,"canopy",1,20,"ELEL5",4,4,24,1
"DryGB2-019",1,"canopy",1,20,"ELEL5",4,4,24,1
"DryGB2-019",1,"canopy",1,20,"ELEL5",4,4,24,1
"DryGB2-019",1,"canopy",1,20,"ELEL5",4,4,24,1
"DryGB2-019",1,"canopy",1,20,"ELEL5",4,4,24,1
"DryGB2-019",1,"canopy",1,20,"ELEL5",4,4,24,1
"DryGB2-019",1,"canopy",1,20,"ELEL5",4,4,24,1
"DryGB2-019",1,"canopy",1,20,"ELEL5",4,4,24,1
"DryGB2-019",1,"canopy",1,20,"ELEL5",4,4,24,1
"DryGB2-019",1,"canopy",1,20,"ELEL5",4,4,24,1
"DryGB2-019",1,"canopy",1,20,"ELEL5",4,4,24,1
"DryGB2-019",1,"canopy",1,20,"ELEL5",4,4,24,1
"DryGB2-019",1,"canopy",1,20,"ELEL5",4,4,24,1
"DryGB2-019",1,"canopy",1,20,"ELEL5",4,4,24,1
"DryGB2-019",1,"canopy",1,20,"ELEL5",4,4,24,1
"DryGB2-019",1,"canopy",1,20,"ELEL5",4,4,24,1
"DryGB2-019",1,"canopy",1,20,"ELEL5",4,4,24,1
"DryGB2-019",1,"canopy",1,20,"ELEL5",4,4,24,1
"DryGB2-019",1,"canopy",1,20,"ELEL5",4,4,24,1
"DryGB2-019",1,"canopy",1,20,"ELEL5",4,4,24,1
"DryGB2-019",1,"canopy",1,20,"ELEL5",4,4,24,1
"DryGB2-019",1,"canopy",1,20,"ELEL5",4,4,24,1
"DryGB2-019",1,"canopy",1,20,"ELEL5",4,4,24,1
"DryGB2-019",1,"canopy",1,20,"ELEL5",4,4,24,1
"DryGB2-019",1,"canopy",1,20,"ELEL5",4,4,24,1
"DryGB2-019",1,"canopy",1,20,"ELEL5",4,4,24,1
"DryGB2-019",1,"canopy",1,20,"ELEL5",4,4,24,1
"DryGB2-019",1,"canopy",1,20,"ELEL5",4,4,24,1
"DryGB2-019",1,"canopy",1,20,"ELEL5",4,4,24,1
"DryGB2-019",1,"canopy",1,20,"ELEL5",4,4,24,1
"DryGB2-019",1,"canopy",1,20,"ELEL5",4,4,24,1
"DryGB2-019",1,"canopy",1,20,"ELEL5",4,4,24,1
"DryGB2-019",1,"canopy",1,20,"ELEL5",4,4,24,1
"DryGB2-019",1,"canopy",1,20,"ELEL5",4,4,24,1
"DryGB2-019",1,"canopy",1,20,"ELEL5",4,4,24,1
"DryGB2-019",1,"canopy",1,20,"ELEL5",4,4,24,1
"DryGB2-019",1,"canopy",1,20,"ELEL5",4,4,24,1
"DryGB2-019",1,"canopy",1,20,"ELEL5",4,4,24,1
"DryGB2-019",1,"canopy",1,20,"ELEL5",4,4,24,1
"DryGB2-019",1,"canopy",1,20,"ELEL5",4,4,24,1
"DryGB2-019",1,"canopy",1,20,"ELEL5",4,4,24,1
"DryGB2-019",1,"canopy",1,20,"ELEL5",4,4,24,1
"DryGB2-019",1,"canopy",1,20,"ELEL5",4,4,24,1
"DryGB2-019",1,"canopy",1,20,"ELEL5",4,4,24,1
"DryGB2-019",1,"canopy",1,20,"ELEL5",4,4,24,1
"DryGB2-019",1,"canopy",1,20,"ELEL5",4,4,24,1
"DryGB2-019",1,"canopy",1,20,"ELEL5",4,4,24,1
"DryGB2-019",1,"canopy",1,20,"ELEL5",4,4,24,1
"DryGB2-019",1,"canopy",1,20,"ELEL5",4,4,24,1
"DryGB2-019",1,"canopy",1,20,"ELEL5",4,4,24,1
"DryGB2-019",1,"canopy",1,20,"ELEL5",4,4,24,1
"DryGB2-019",1,"canopy",1,20,"ELEL5",4,4,24,1
"DryGB2-019",1,"canopy",1,20,"ELEL5",4,4,24,1
"DryGB2-019",1,"canopy",1,20,"ELEL5",4,4,24,1
"DryGB2-019",1,"canopy",1,20,"ELEL5",4,4,24,1
"DryGB2-019",1,"canopy",1,20,"ELEL5",4,4,24,1
"DryGB2-019",1,"canopy",1,20,"ELEL5",4,4,24,1
"DryGB2-019",1,"canopy",1,20,"ELEL5",4,4,24,1
"DryGB2-019",1,"canopy",1,20,"ELEL5",4,4,24,1
"DryGB2-019",1,"canopy",1,20,"ELEL5",4,4,24,1
"DryGB2-019",1,"canopy",1,20,"ELEL5",4,4,24,1
"DryGB2-019",1,"canopy",1,20,"ELEL5",4,4,24,1
"DryGB2-019",1,"canopy",1,20,"ELEL5",4,4,24,1
"DryGB2-019",1,"canopy",1,20,"ELEL5",4,4,24,1
"DryGB2-019",1,"canopy",1,20,"ELEL5",4,4,24,1
"DryGB2-019",1,"canopy",1,20,"ELEL5",4,4,24,1
"DryGB2-019",1,"canopy",1,20,"ELEL5",4,4,24,1
"DryGB2-019",1,"canopy",1,20,"ELEL5",4,4,24,1
"DryGB2-019",1,"canopy",1,20,"ELEL5",4,4,24,1
"DryGB2-019",1,"canopy",1,20,"ELEL5",4,4,24,1
"DryGB2-019",1,"canopy",1,20,"ELEL5",4,4,24,1
"DryGB2-019",1,"canopy",1,20,"ELEL5",4,4,24,1
"DryGB2-019",1,"canopy",1,20,"ELEL5",4,4,24,1
"DryGB2-019",1,"canopy",1,20,"ELEL5",4,4,24,1
"DryGB2-019",1,"canopy",1,20,"ELEL5",4,4,24,1
"DryGB2-019",1,"canopy",1,20,"ELEL5",4,4,24,1
"DryGB2-019",1,"canopy",1,20,"ELEL5",4,4,24,1
"DryGB2-019",1,"canopy",1,20,"ELEL5",4,4,24,1
"DryGB2-019",1,"canopy",1,20,"ELEL5",4,4,24,1
"DryGB2-019",1,"canopy",1,20,"ELEL5",4,4,24,1
"DryGB2-019",1,"canopy",1,20,"ELEL5",4,4,24,1
"DryGB2-019",1,"canopy",1,20,"ELEL5",4,4,24,1
"DryGB2-019",1,"canopy",1,20,"ELEL5",4,4,24,1
"DryGB2-019",1,"canopy",1,20,"ELEL5",4,4,24,1
"DryGB2-019",1,"canopy",1,20,"ELEL5",4,4,24,1
"DryGB2-019",1,"canopy",1,20,"ELEL5",4,4,24,1
"DryGB2-019",1,"canopy",1,20,"ELEL5",4,4,24,1
"DryGB2-019",1,"canopy",1,20,"ELEL5",4,4,24,1
"DryGB2-019",1,"canopy",1,20,"ELEL5",4,4,24,1
"DryGB2-019",1,"canopy",1,20,"ELEL5",4,4,24,1
"DryGB2-019",1,"canopy",1,20,"ELEL5",4,4,24,1
"DryGB2-019",1,"canopy",1,20,"ELEL5",4,4,24,1
"DryGB2-019",1,"canopy",1,20,"ELEL5",4,4,24,1
"DryGB2-019",1,"canopy",1,20,"ELEL5",4,4,24,1
"DryGB2-019",1,"canopy",1,20,"ELEL5",4,4,24,1
"DryGB2-019",1,"canopy",1,20,"ELEL5",4,4,24,1
"DryGB2-019",1,"canopy",1,20,"ELEL5",4,4,24,1
"DryGB2-019",1,"canopy",1,20,"ELEL5",4,4,24,1
"DryGB2-019",1,"canopy",1,20,"ELEL5",4,4,24,1
"DryGB2-019",1,"canopy",1,20,"ELEL5",4,4,24,1
"DryGB2-019",1,"canopy",1,20,"ELEL5",4,4,24,1
"DryGB2-019",1,"canopy",1,20,"ELEL5",4,4,24,1
"DryGB2-019",1,"canopy",1,20,"ELEL5",4,4,24,1
"DryGB2-019",1,"canopy",1,20,"ELEL5",4,4,24,1
"DryGB2-019",1,"canopy",1,20,"ELEL5",4,4,24,1
"DryGB2-019",1,"canopy",1,20,"ELEL5",4,4,24,1
"DryGB2-019",1,"canopy",1,20,"ELEL5",4,4,24,1
"DryGB2-019",1,"canopy",1,20,"ELEL5",4,4,24,1
"DryGB2-019",1,"canopy",1,20,"ELEL5",4,4,24,1
"DryGB2-019",1,"canopy",1,20,"ELEL5",4,4,24,1
"DryGB2-019",1,"canopy",1,20,"ELEL5",4,4,24,1
"DryGB2-019",1,"canopy",1,20,"ELEL5",4,4,24,1
"DryGB2-019",1,"canopy",1,20,"ELEL5",4,4,24,1
"DryGB2-019",1,"canopy",1,20,"ELEL5",4,4,24,1
"DryGB2-019",1,"canopy",1,20,"ELEL5",4,4,24,1
"DryGB2-019",1,"canopy",1,20,"ELEL5",4,4,24,1
"DryGB2-019",1,"canopy",1,20,"ELEL5",4,4,24,1
"DryGB2-019",1,"canopy",1,20,"ELEL5",4,4,24,1
"DryGB2-019",1,"canopy",1,20,"ELEL5",4,4,24,1
"DryGB2-019",1,"canopy",1,20,"ELEL5",4,4,24,1
"DryGB2-019",1,"canopy",1,20,"ELEL5",4,4,24,1
"DryGB2-019",1,"canopy",1,20,"ELEL5",4,4,24,1
"DryGB2-019",1,"canopy",1,20,"ELEL5",4,4,24,1
"DryGB2-019",1,"canopy",1,20,"ELEL5",4,4,24,1
"DryGB2-019",1,"canopy",1,20,"ELEL5",4,4,24,1
"DryGB2-019",1,"canopy",1,20,"ELEL5",4,4,24,1
"DryGB2-019",1,"canopy",1,20,"ELEL5",4,4,24,1
"DryGB2-019",1,"canopy",1,20,"ELEL5",4,4,24,1
"DryGB2-019",1,"canopy",1,20,"ELEL5",4,4,24,1
"DryGB2-019",1,"canopy",1,20,"ELEL5",4,4,24,1
"DryGB2-019",1,"canopy",1,20,"ELEL5",4,4,24,1
"DryGB2-019",1,"canopy",1,20,"ELEL5",4,4,24,1
"DryGB2-019",1,"canopy",1,20,"ELEL5",4,4,24,1
"DryGB2-019",1,"canopy",1,20,"ELEL5",4,4,24,1
"DryGB2-019",1,"canopy",1,20,"ELEL5",4,4,24,1
"DryGB2-019",1,"canopy",1,20,"ELEL5",4,4,24,1
"DryGB2-019",1,"canopy",1,20,"ELEL5",4,4,24,1
"DryGB2-019",1,"canopy",1,20,"ELEL5",4,4,24,1
"DryGB2-019",1,"canopy",1,20,"ELEL5",4,4,24,1
"DryGB2-019",1,"canopy",1,20,"ELEL5",4,4,24,1
"DryGB2-019",1,"canopy",1,20,"ELEL5",4,4,24,1
"DryGB2-019",1,"canopy",1,20,"ELEL5",4,4,24,1
"DryGB2-019",1,"canopy",1,20,"ELEL5",4,4,24,1
"DryGB2-019",1,"canopy",1,20,"ELEL5",4,4,24,1
"DryGB2-019",1,"canopy",1,20,"ELEL5",4,4,24,1
"DryGB2-019",1,"canopy",1,20,"ELEL5",4,4,24,1
"DryGB2-019",1,"canopy",1,20,"ELEL5",4,4,24,1
"DryGB2-019",1,"canopy",1,20,"ELEL5",4,4,24,1
"DryGB2-019",1,"canopy",1,20,"ELEL5",4,4,24,1
"DryGB2-019",1,"canopy",1,20,"ELEL5",4,4,24,1
"DryGB2-019",1,"canopy",1,20,"ELEL5",4,4,24,1
"DryGB2-019",1,"canopy",1,20,"ELEL5",4,4,24,1
"DryGB2-019",1,"canopy",1,20,"ELEL5",4,4,24,1
"DryGB2-019",1,"canopy",1,20,"ELEL5",4,4,24,1
"DryGB2-019",1,"canopy",1,20,"ELEL5",4,4,24,1
"DryGB2-019",1,"canopy",1,20,"ELEL5",4,4,24,1
"DryGB2-019",1,"canopy",1,20,"ELEL5",4,4,24,1
"DryGB2-019",1,"canopy",1,20,"ELEL5",4,4,24,1
"DryGB2-019",1,"canopy",1,20,"ELEL5",4,4,24,1
"DryGB2-019",1,"canopy",1,20,"ELEL5",4,4,24,1
"DryGB2-019",1,"canopy",1,20,"ELEL5",4,4,24,1
"DryGB2-019",1,"canopy",1,20,"ELEL5",4,4,24,1
"DryGB2-019",1,"canopy",1,20,"ELEL5",4,4,24,1
"DryGB2-019",1,"canopy",1,20,"ELEL5",4,4,24,1
"DryGB2-019",1,"canopy",1,20,"ELEL5",4,4,24,1
"DryGB2-019",1,"canopy",1,20,"ELEL5",4,4,24,1
"DryGB2-019",1,"canopy",1,20,"ELEL5",4,4,24,1
"DryGB2-019",1,"canopy",1,20,"ELEL5",4,4,24,1
"DryGB2-019",1,"canopy",1,20,"ELEL5",4,4,24,1
"DryGB2-019",1,"canopy",1,20,"ELEL5",4,4,24,1
"DryGB2-019",1,"canopy",1,20,"ELEL5",4,4,24,1
"DryGB2-019",1,"canopy",1,20,"ELEL5",4,4,24,1
"DryGB2-019",1,"canopy",1,20,"ELEL5",4,4,24,1
"DryGB2-019",1,"canopy",1,20,"ELEL5",4,4,24,1
"DryGB2-019",1,"canopy",1,20,"ELEL5",4,4,24,1
"DryGB2-019",1,"canopy",1,20,"ELEL5",4,4,24,1
"DryGB2-019",1,"canopy",1,20,"ELEL5",4,4,24,1
"DryGB2-019",1,"canopy",1,20,"ELEL5",4,4,24,1
"DryGB2-019",1,"canopy",1,20,"ELEL5",4,4,24,1
"DryGB2-019",1,"canopy",1,20,"ELEL5",4,4,24,1
"DryGB2-019",1,"canopy",1,20,"ELEL5",4,4,24,1
"DryGB2-019",1,"canopy",1,20,"ELEL5",4,4,24,1
"DryGB2-019",1,"canopy",1,20,"ELEL5",4,4,24,1
"DryGB2-019",1,"canopy",1,20,"ELEL5",4,4,24,1
"DryGB2-019",1,"canopy",1,20,"ELEL5",4,4,24,1
"DryGB2-019",1,"canopy",1,20,"ELEL5",4,4,24,1
"DryGB2-019",1,"canopy",1,20,"ELEL5",4,4,24,1
"DryGB2-019",1,"canopy",1,20,"ELEL5",4,4,24,1
"DryGB2-019",1,"canopy",1,20,"ELEL5",4,4,24,1
"DryGB2-019",1,"canopy",1,20,"ELEL5",4,4,24,1
"DryGB2-019",1,"canopy",1,20,"ELEL5",4,4,24,1
"DryGB2-019",1,"canopy",1,20,"ELEL5",4,4,24,1
"DryGB2-019",1,"canopy",1,20,"ELEL5",4,4,24,1
"DryGB2-019",1,"canopy",1,20,"ELEL5",4,4,24,1
"DryGB2-019",1,"canopy",1,20,"ELEL5",4,4,24,1
"DryGB2-019",1,"canopy",1,20,"ELEL5",4,4,24,1
"DryGB2-019",1,"canopy",1,20,"ELEL5",4,4,24,1
"DryGB2-019",1,"canopy",1,20,"ELEL5",4,4,24,1
"DryGB2-019",1,"canopy",1,20,"ELEL5",4,4,24,1
"DryGB2-019",1,"canopy",1,20,"ELEL5",4,4,24,1
"DryGB2-019",1,"canopy",1,20,"ELEL5",4,4,24,1
"DryGB2-019",1,"canopy",1,20,"ELEL5",4,4,24,1
"DryGB2-019",1,"canopy",1,20,"ELEL5",4,4,24,1
"DryGB2-019",1,"canopy",1,20,"ELEL5",4,4,24,1
"DryGB2-019",1,"canopy",1,20,"ELEL5",4,4,24,1
"DryGB2-019",1,"canopy",1,20,"ELEL5",4,4,24,1
"DryGB2-019",1,"canopy",1,20,"ELEL5",4,4,24,1
"DryGB2-019",1,"canopy",1,20,"ELEL5",4,4,24,1
"DryGB2-019",1,"canopy",1,20,"ELEL5",4,4,24,1
"DryGB2-019",1,"canopy",1,20,"ELEL5",4,4,24,1
"DryGB2-019",1,"canopy",1,20,"ELEL5",4,4,24,1
"DryGB2-019",1,"canopy",1,20,"ELEL5",4,4,24,1
"DryGB2-019",1,"canopy",1,20,"ELEL5",4,4,24,1
"DryGB2-019",1,"canopy",1,20,"ELEL5",4,4,24,1
"DryGB2-019",1,"canopy",1,20,"ELEL5",4,4,24,1
"DryGB2-019",1,"canopy",1,20,"ELEL5",4,4,24,1
"DryGB2-019",1,"canopy",1,20,"ELEL5",4,4,24,1
"DryGB2-019",1,"canopy",1,20,"ELEL5",4,4,24,1
"DryGB2-019",1,"canopy",1,20,"ELEL5",4,4,24,1
"DryGB2-019",1,"canopy",1,20,"ELEL5",4,4,24,1
"DryGB2-019",1,"canopy",1,20,"ELEL5",4,4,24,1
"DryGB2-019",1,"canopy",1,20,"ELEL5",4,4,24,1
"DryGB2-019",1,"canopy",1,20,"ELEL5",4,4,24,1
"DryGB2-019",1,"canopy",1,20,"ELEL5",4,4,24,1
"DryGB2-019",1,"canopy",1,20,"ELEL5",4,4,24,1
"DryGB2-019",1,"canopy",1,20,"ELEL5",4,4,24,1
"DryGB2-019",1,"canopy",1,20,"ELEL5",4,4,24,1
"DryGB2-019",1,"canopy",1,20,"ELEL5",4,4,24,1
"DryGB2-019",1,"canopy",1,20,"ELEL5",4,4,24,1
"DryGB2-019",1,"canopy",1,20,"ELEL5",4,4,24,1
"DryGB2-019",1,"canopy",1,20,"ELEL5",4,4,24,1
"DryGB2-019",1,"canopy",1,20,"ELEL5",4,4,24,1
"DryGB2-019",1,"canopy",1,20,"ELEL5",4,4,24,1
"DryGB2-019",1,"canopy",1,20,"ELEL5",4,4,24,1
"DryGB2-019",1,"canopy",1,20,"ELEL5",4,4,24,1
"DryGB2-019",1,"canopy",1,20,"ELEL5",4,4,24,1
"DryGB2-019",1,"canopy",1,20,"ELEL5",4,4,24,1
"DryGB2-019",1,"canopy",1,20,"ELEL5",4,4,24,1
"DryGB2-019",1,"canopy",1,20,"ELEL5",4,4,24,1
"DryGB2-019",1,"canopy",1,20,"ELEL5",4,4,24,1
"DryGB2-019",1,"canopy",1,20,"ELEL5",4,4,24,1
"DryGB2-019",1,"canopy",1,20,"ELEL5",4,4,24,1
"DryGB2-019",1,"canopy",1,20,"ELEL5",4,4,24,1
"DryGB2-019",1,"canopy",1,20,"ELEL5",4,4,24,1
"DryGB2-019",1,"canopy",1,20,"ELEL5",4,4,24,1
"DryGB2-019",1,"canopy",1,20,"ELEL5",4,4,24,1
"DryGB2-019",1,"canopy",1,20,"ELEL5",4,4,24,1
"DryGB2-019",1,"canopy",1,20,"ELEL5",4,4,24,1
"DryGB2-019",1,"canopy",1,20,"ELEL5",4,4,24,1
"DryGB2-019",1,"canopy",1,20,"ELEL5",4,4,24,1
"DryGB2-019",1,"canopy",1,20,"ELEL5",4,4,24,1
"DryGB2-019",1,"canopy",1,20,"ELEL5",4,4,24,1
"DryGB2-019",1,"canopy",1,20,"ELEL5",4,4,24,1
"DryGB2-019",1,"canopy",1,20,"ELEL5",4,4,24,1
"DryGB2-019",1,"canopy",1,20,"ELEL5",4,4,24,1
"DryGB2-019",1,"canopy",1,20,"ELEL5",4,4,24,1
"DryGB2-019",1,"canopy",1,20,"ELEL5",4,4,24,1
"DryGB2-019",1,"canopy",1,20,"ELEL5",4,4,24,1
"DryGB2-019",1,"canopy",1,20,"ELEL5",4,4,24,1
"DryGB2-019",1,"canopy",1,20,"ELEL5",4,4,24,1
"DryGB2-019",1,"canopy",1,20,"ELEL5",4,4,24,1
"DryGB2-019",1,"canopy",1,20,"ELEL5",4,4,24,1
"DryGB2-019",1,"canopy",1,20,"ELEL5",4,4,24,1
"DryGB2-019",1,"canopy",1,20,"ELEL5",4,4,24,1
"DryGB2-019",1,"canopy",1,20,"ELEL5",4,4,24,1
"DryGB2-019",1,"canopy",1,20,"ELEL5",4,4,24,1
"DryGB2-019",1,"canopy",1,20,"ELEL5",4,4,24,1
"DryGB2-019",1,"canopy",1,20,"ELEL5",4,4,24,1
"DryGB2-019",1,"canopy",1,20,"ELEL5",4,4,24,1
"DryGB2-019",1,"canopy",1,20,"ELEL5",4,4,24,1
"DryGB2-019",1,"canopy",1,20,"ELEL5",4,4,24,1
"DryGB2-019",1,"canopy",1,20,"ELEL5",4,4,24,1
"DryGB2-019",1,"canopy",1,20,"ELEL5",4,4,24,1
"DryGB2-019",1,"canopy",1,20,"ELEL5",4,4,24,1
"DryGB2-019",1,"canopy",1,20,"ELEL5",4,4,24,1
"DryGB2-019",1,"canopy",1,20,"ELEL5",4,4,24,1
"DryGB2-019",1,"canopy",1,20,"ELEL5",4,4,24,1
"DryGB2-019",1,"canopy",1,20,"ELEL5",4,4,24,1
"DryGB2-019",1,"canopy",1,20,"ELEL5",4,4,24,1
"DryGB2-019",1,"canopy",1,20,"ELEL5",4,4,24,1
"DryGB2-019",1,"canopy",1,20,"ELEL5",4,4,24,1
"DryGB2-019",1,"canopy",1,20,"ELEL5",4,4,24,1
"DryGB2-019",1,"canopy",1,20,"ELEL5",4,4,24,1
"DryGB2-019",1,"canopy",1,20,"ELEL5",4,4,24,1
"DryGB2-019",1,"canopy",1,20,"ELEL5",4,4,24,1
"DryGB2-019",1,"canopy",1,20,"ELEL5",4,4,24,1
"DryGB2-019",1,"canopy",1,20,"ELEL5",4,4,24,1
"DryGB2-019",1,"canopy",1,20,"ELEL5",4,4,24,1
"DryGB2-019",1,"canopy",1,20,"ELEL5",4,4,24,1
"DryGB2-019",1,"canopy",1,20,"ELEL5",4,4,24,1
"DryGB2-019",1,"canopy",1,20,"ELEL5",4,4,24,1
"DryGB2-019",1,"canopy",1,20,"ELEL5",4,4,24,1
"DryGB2-019",1,"canopy",1,20,"ELEL5",4,4,24,1
"DryGB2-019",1,"canopy",1,20,"ELEL5",4,4,24,1
"DryGB2-019",1,"canopy",1,20,"ELEL5",4,4,24,1
"DryGB2-019",1,"canopy",1,20,"ELEL5",4,4,24,1
"DryGB2-019",1,"canopy",1,20,"ELEL5",4,4,24,1
"DryGB2-019",1,"canopy",1,20,"ELEL5",4,4,24,1
"DryGB2-019",1,"canopy",1,20,"ELEL5",4,4,24,1
"DryGB2-019",1,"canopy",1,20,"ELEL5",4,4,24,1
"DryGB2-019",1,"canopy",1,20,"ELEL5",4,4,24,1
"DryGB2-019",1,"canopy",1,20,"ELEL5",4,4,24,1
"DryGB2-019",1,"canopy",1,20,"ELEL5",4,4,24,1
"DryGB2-019",1,"canopy",1,20,"ELEL5",4,4,24,1
"DryGB2-019",1,"canopy",1,20,"ELEL5",4,4,24,1
"DryGB2-019",1,"canopy",1,20,"ELEL5",4,4,24,1
"DryGB2-019",1,"canopy",1,20,"ELEL5",4,4,24,1
"DryGB2-019",1,"canopy",1,20,"ELEL5",4,4,24,1
"DryGB2-019",1,"canopy",1,20,"ELEL5",4,4,24,1
"DryGB2-019",1,"canopy",1,20,"ELEL5",4,4,24,1
"DryGB2-019",1,"canopy",1,20,"ELEL5",4,4,24,1
"DryGB2-019",1,"canopy",1,20,"ELEL5",4,4,24,1
"DryGB2-019",1,"canopy",1,20,"ELEL5",4,4,24,1
"DryGB2-019",1,"canopy",1,20,"ELEL5",4,4,24,1
"DryGB2-019",1,"canopy",1,20,"ELEL5",4,4,24,1
"DryGB2-019",1,"canopy",1,20,"ELEL5",4,4,24,1
"DryGB2-019",1,"canopy",1,20,"ELEL5",4,4,24,1
"DryGB2-019",1,"canopy",1,20,"ELEL5",4,4,24,1
"DryGB2-019",1,"canopy",1,20,"ELEL5",4,4,24,1
"DryGB2-019",1,"canopy",1,20,"ELEL5",4,4,24,1
"DryGB2-019",1,"canopy",1,20,"ELEL5",4,4,24,1
"DryGB2-019",1,"canopy",1,20,"ELEL5",4,4,24,1
"DryGB2-019",1,"canopy",1,20,"ELEL5",4,4,24,1
"DryGB2-019",1,"canopy",1,20,"ELEL5",4,4,24,1
"DryGB2-019",1,"canopy",1,20,"ELEL5",4,4,24,1
"DryGB2-019",1,"canopy",1,20,"ELEL5",4,4,24,1
"DryGB2-019",1,"canopy",1,20,"ELEL5",4,4,24,1
"DryGB2-019",1,"canopy",1,20,"ELEL5",4,4,24,1
"DryGB2-019",1,"canopy",1,20,"ELEL5",4,4,24,1
"DryGB2-019",1,"canopy",1,20,"ELEL5",4,4,24,1
"DryGB2-019",1,"canopy",1,20,"ELEL5",4,4,24,1
"DryGB2-019",1,"canopy",1,20,"ELEL5",4,4,24,1
"DryGB2-019",1,"canopy",1,20,"ELEL5",4,4,24,1
"DryGB2-019",1,"canopy",1,20,"ELEL5",4,4,24,1
"DryGB2-019",1,"canopy",1,20,"ELEL5",4,4,24,1
"DryGB2-019",1,"canopy",1,20,"ELEL5",4,4,24,1
"DryGB2-019",1,"canopy",1,20,"ELEL5",4,4,24,1
"DryGB2-019",1,"canopy",1,20,"ELEL5",4,4,24,1
"DryGB2-019",1,"canopy",1,20,"ELEL5",4,4,24,1
"DryGB2-019",1,"canopy",1,20,"ELEL5",4,4,24,1
"DryGB2-019",1,"canopy",1,20,"ELEL5",4,4,24,1
"DryGB2-019",1,"canopy",1,20,"ELEL5",4,4,24,1
"DryGB2-019",1,"canopy",1,20,"ELEL5",4,4,24,1
"DryGB2-019",1,"canopy",1,20,"ELEL5",4,4,24,1
"DryGB2-019",1,"canopy",1,20,"ELEL5",4,4,24,1
"DryGB2-019",1,"canopy",1,20,"ELEL5",4,4,24,1
"DryGB2-019",1,"canopy",1,20,"ELEL5",4,4,24,1
"DryGB2-019",1,"canopy",1,20,"ELEL5",4,4,24,1
"DryGB2-019",1,"canopy",1,20,"ELEL5",4,4,24,1
"DryGB2-019",1,"canopy",1,20,"ELEL5",4,4,24,1
"DryGB2-019",1,"canopy",1,20,"ELEL5",4,4,24,1
"DryGB2-019",1,"canopy",1,20,"ELEL5",4,4,24,1
"DryGB2-019",1,"interspace",0,20,"NO PLANTS",NA,NA,NA,NA
"DryGB2-019",1,"canopy",1,25,"NO PLANTS",NA,NA,NA,NA
"DryGB2-019",1,"interspace",0,25,"NO PLANTS",NA,NA,NA,NA
"DryGB2-019",2,"canopy",1,5,"NO PLANTS",NA,NA,NA,NA
"DryGB2-019",2,"interspace",0,5,"NO PLANTS",NA,NA,NA,NA
"DryGB2-019",2,"canopy",1,10,"NO PLANTS",NA,NA,NA,NA
"DryGB2-019",2,"interspace",0,10,"NO PLANTS",NA,NA,NA,NA
"DryGB2-019",2,"canopy",0.5,15,"NO PLANTS",NA,NA,NA,NA
"DryGB2-019",2,"interspace",0.5,15,"NO PLANTS",NA,NA,NA,NA
"DryGB2-019",2,"canopy",0.5,20,"NO PLANTS",NA,NA,NA,NA
"DryGB2-019",2,"interspace",0,20,"NO PLANTS",NA,NA,NA,NA
"DryGB2-019",2,"canopy",1,25,"NO PLANTS",NA,NA,NA,NA
"DryGB2-019",2,"interspace",0,25,"NO PLANTS",NA,NA,NA,NA
"DryGB2-019",3,"canopy",0.5,5,"NO PLANTS",NA,NA,NA,NA
"DryGB2-019",3,"interspace",0,5,"NO PLANTS",NA,NA,NA,NA
"DryGB2-019",3,"canopy",1,10,"NO PLANTS",NA,NA,NA,NA
"DryGB2-019",3,"interspace",0,10,"NO PLANTS",NA,NA,NA,NA
"DryGB2-019",3,"canopy",1,15,"NO PLANTS",NA,NA,NA,NA
"DryGB2-019",3,"interspace",0,15,"NO PLANTS",NA,NA,NA,NA
"DryGB2-019",3,"canopy",1,20,"NO PLANTS",NA,NA,NA,NA
"DryGB2-019",3,"interspace",0,20,"NO PLANTS",NA,NA,NA,NA
"DryGB2-019",3,"canopy",1,25,"ACHY",2,2,18,1
"DryGB2-019",3,"interspace",0,25,"NO PLANTS",NA,NA,NA,NA
"DryGB3-996",1,"canopy",0.5,5,"POSE",4,2,9,1
"DryGB3-996",1,"canopy",0,5,"POSE",4,4,5,1
"DryGB3-996",1,"canopy",0,5,"VUMI",NA,NA,15,1
"DryGB3-996",1,"canopy",0.5,5,"POSE",5,4,5,1
"DryGB3-996",1,"canopy",0,5,"BRTE",NA,NA,37,1
"DryGB3-996",1,"canopy",0,5,"POSE",5,3,5,1
"DryGB3-996",1,"canopy",0,5,"VUMI",NA,NA,15,1
"DryGB3-996",1,"canopy",0,5,"VUMI",NA,NA,15,1
"DryGB3-996",1,"canopy",0,5,"VUMI",NA,NA,15,1
"DryGB3-996",1,"canopy",0,5,"BRTE",NA,NA,37,1
"DryGB3-996",1,"canopy",0,5,"BRTE",NA,NA,37,1
"DryGB3-996",1,"canopy",0,5,"BRTE",NA,NA,37,1
"DryGB3-996",1,"canopy",0,5,"BRTE",NA,NA,37,1
"DryGB3-996",1,"canopy",0,5,"BRTE",NA,NA,37,1
"DryGB3-996",1,"canopy",0,5,"BRTE",NA,NA,37,1
"DryGB3-996",1,"canopy",0,5,"BRTE",NA,NA,37,1
"DryGB3-996",1,"canopy",0,5,"BRTE",NA,NA,37,1
"DryGB3-996",1,"canopy",0,5,"BRTE",NA,NA,37,1
"DryGB3-996",1,"canopy",0,5,"BRTE",NA,NA,37,1
"DryGB3-996",1,"canopy",0,5,"BRTE",NA,NA,37,1
"DryGB3-996",1,"canopy",0,5,"BRTE",NA,NA,37,1
"DryGB3-996",1,"canopy",0,5,"BRTE",NA,NA,37,1
"DryGB3-996",1,"canopy",0,5,"BRTE",NA,NA,37,1
"DryGB3-996",1,"canopy",0,5,"BRTE",NA,NA,37,1
"DryGB3-996",1,"canopy",0,5,"BRTE",NA,NA,37,1
"DryGB3-996",1,"canopy",0,5,"BRTE",NA,NA,37,1
"DryGB3-996",1,"canopy",0,5,"BRTE",NA,NA,37,1
"DryGB3-996",1,"canopy",0,5,"BRTE",NA,NA,37,1
"DryGB3-996",1,"canopy",0,5,"BRTE",NA,NA,37,1
"DryGB3-996",1,"canopy",0,5,"BRTE",NA,NA,37,1
"DryGB3-996",1,"canopy",0,5,"BRTE",NA,NA,37,1
"DryGB3-996",1,"canopy",0,5,"BRTE",NA,NA,37,1
"DryGB3-996",1,"canopy",0,5,"BRTE",NA,NA,37,1
"DryGB3-996",1,"canopy",0,5,"BRTE",NA,NA,37,1
"DryGB3-996",1,"canopy",0,5,"BRTE",NA,NA,37,1
"DryGB3-996",1,"canopy",0,5,"BRTE",NA,NA,37,1
"DryGB3-996",1,"canopy",0,5,"BRTE",NA,NA,37,1
"DryGB3-996",1,"canopy",0,5,"BRTE",NA,NA,37,1
"DryGB3-996",1,"canopy",0,5,"BRTE",NA,NA,37,1
"DryGB3-996",1,"canopy",0,5,"BRTE",NA,NA,37,1
"DryGB3-996",1,"canopy",0,5,"BRTE",NA,NA,37,1
"DryGB3-996",1,"canopy",0,5,"BRTE",NA,NA,37,1
"DryGB3-996",1,"canopy",0,5,"BRTE",NA,NA,37,1
"DryGB3-996",1,"canopy",0,5,"BRTE",NA,NA,37,1
"DryGB3-996",1,"interspace",0,5,"PLMA4",NA,NA,24,1
"DryGB3-996",1,"interspace",0.5,5,"BRTE",NA,NA,38,1
"DryGB3-996",1,"interspace",1,5,"BRTE",NA,NA,35,1
"DryGB3-996",1,"interspace",0.5,5,"BRTE",NA,NA,38,1
"DryGB3-996",1,"interspace",0.5,5,"BRTE",NA,NA,38,1
"DryGB3-996",1,"interspace",0.5,5,"BRTE",NA,NA,38,1
"DryGB3-996",1,"interspace",0.5,5,"BRTE",NA,NA,38,1
"DryGB3-996",1,"interspace",0.5,5,"BRTE",NA,NA,38,1
"DryGB3-996",1,"interspace",0.5,5,"BRTE",NA,NA,38,1
"DryGB3-996",1,"interspace",0.5,5,"BRTE",NA,NA,38,1
"DryGB3-996",1,"interspace",0.5,5,"BRTE",NA,NA,38,1
"DryGB3-996",1,"interspace",0.5,5,"BRTE",NA,NA,38,1
"DryGB3-996",1,"interspace",0.5,5,"BRTE",NA,NA,38,1
"DryGB3-996",1,"interspace",0.5,5,"BRTE",NA,NA,38,1
"DryGB3-996",1,"interspace",0.5,5,"BRTE",NA,NA,38,1
"DryGB3-996",1,"interspace",1,5,"BRTE",NA,NA,35,1
"DryGB3-996",1,"interspace",1,5,"BRTE",NA,NA,35,1
"DryGB3-996",1,"interspace",1,5,"BRTE",NA,NA,35,1
"DryGB3-996",1,"interspace",1,5,"BRTE",NA,NA,35,1
"DryGB3-996",1,"canopy",0.5,10,"BACA3",60,28,22,1
"DryGB3-996",1,"canopy",0.5,10,"BRTE",NA,NA,30,1
"DryGB3-996",1,"canopy",0.5,10,"BRTE",NA,NA,30,1
"DryGB3-996",1,"canopy",0.5,10,"BRTE",NA,NA,30,1
"DryGB3-996",1,"canopy",0.5,10,"BRTE",NA,NA,30,1
"DryGB3-996",1,"canopy",0.5,10,"BRTE",NA,NA,30,1
"DryGB3-996",1,"canopy",0.5,10,"BRTE",NA,NA,30,1
"DryGB3-996",1,"interspace",0.5,10,"BRTE",NA,NA,16,1
"DryGB3-996",1,"interspace",0.5,10,"BRAR5",NA,NA,16,1
"DryGB3-996",1,"interspace",0,10,"BRTE",NA,NA,32,1
"DryGB3-996",1,"interspace",0,10,"VUOC",NA,NA,7,1
"DryGB3-996",1,"interspace",0,10,"POSE",2,2,5,1
"DryGB3-996",1,"interspace",1,10,"LOMA3",11,5,10,1
"DryGB3-996",1,"interspace",0,10,"BRAR5",NA,NA,15,1
"DryGB3-996",1,"interspace",1,10,"POSE",5,3,6,1
"DryGB3-996",1,"interspace",0.5,10,"BRTE",NA,NA,16,1
"DryGB3-996",1,"interspace",0.5,10,"BRTE",NA,NA,16,1
"DryGB3-996",1,"interspace",0.5,10,"BRTE",NA,NA,16,1
"DryGB3-996",1,"interspace",0.5,10,"BRTE",NA,NA,16,1
"DryGB3-996",1,"interspace",0.5,10,"BRTE",NA,NA,16,1
"DryGB3-996",1,"interspace",0.5,10,"BRTE",NA,NA,16,1
"DryGB3-996",1,"interspace",0.5,10,"BRTE",NA,NA,16,1
"DryGB3-996",1,"interspace",0.5,10,"BRTE",NA,NA,16,1
"DryGB3-996",1,"interspace",0.5,10,"BRTE",NA,NA,16,1
"DryGB3-996",1,"interspace",0.5,10,"BRTE",NA,NA,16,1
"DryGB3-996",1,"interspace",0.5,10,"BRTE",NA,NA,16,1
"DryGB3-996",1,"interspace",0.5,10,"BRTE",NA,NA,16,1
"DryGB3-996",1,"interspace",0.5,10,"BRTE",NA,NA,16,1
"DryGB3-996",1,"interspace",0.5,10,"BRTE",NA,NA,16,1
"DryGB3-996",1,"interspace",0.5,10,"BRAR5",NA,NA,16,1
"DryGB3-996",1,"interspace",0,10,"BRTE",NA,NA,32,1
"DryGB3-996",1,"interspace",0,10,"BRTE",NA,NA,32,1
"DryGB3-996",1,"interspace",0,10,"BRTE",NA,NA,32,1
"DryGB3-996",1,"interspace",0,10,"BRTE",NA,NA,32,1
"DryGB3-996",1,"interspace",0,10,"BRTE",NA,NA,32,1
"DryGB3-996",1,"interspace",0,10,"BRTE",NA,NA,32,1
"DryGB3-996",1,"interspace",0,10,"BRTE",NA,NA,32,1
"DryGB3-996",1,"interspace",0,10,"BRTE",NA,NA,32,1
"DryGB3-996",1,"interspace",0,10,"BRTE",NA,NA,32,1
"DryGB3-996",1,"interspace",0,10,"BRTE",NA,NA,32,1
"DryGB3-996",1,"interspace",0,10,"BRTE",NA,NA,32,1
"DryGB3-996",1,"interspace",0,10,"BRTE",NA,NA,32,1
"DryGB3-996",1,"interspace",0,10,"BRTE",NA,NA,32,1
"DryGB3-996",1,"interspace",0,10,"BRTE",NA,NA,32,1
"DryGB3-996",1,"interspace",0,10,"VUOC",NA,NA,7,1
"DryGB3-996",1,"interspace",0,10,"POSE",2,2,5,1
"DryGB3-996",1,"interspace",0,10,"POSE",2,2,5,1
"DryGB3-996",1,"interspace",0,10,"POSE",2,2,5,1
"DryGB3-996",1,"interspace",0,10,"BRAR5",NA,NA,15,1
"DryGB3-996",1,"interspace",0,10,"BRAR5",NA,NA,15,1
"DryGB3-996",1,"canopy",0.5,15,"BRTE",NA,NA,28,1
"DryGB3-996",1,"canopy",0.5,15,"DRVE2",NA,NA,7,1
"DryGB3-996",1,"canopy",0.5,15,"HOUM",NA,NA,15,1
"DryGB3-996",1,"canopy",0,15,"POSE",2,2,5,1
"DryGB3-996",1,"canopy",0.5,15,"BRTE",NA,NA,28,1
"DryGB3-996",1,"canopy",0.5,15,"BRTE",NA,NA,28,1
"DryGB3-996",1,"canopy",0.5,15,"BRTE",NA,NA,28,1
"DryGB3-996",1,"canopy",0.5,15,"BRTE",NA,NA,28,1
"DryGB3-996",1,"canopy",0.5,15,"BRTE",NA,NA,28,1
"DryGB3-996",1,"canopy",0.5,15,"BRTE",NA,NA,28,1
"DryGB3-996",1,"canopy",0.5,15,"BRTE",NA,NA,28,1
"DryGB3-996",1,"canopy",0.5,15,"BRTE",NA,NA,28,1
"DryGB3-996",1,"canopy",0.5,15,"BRTE",NA,NA,28,1
"DryGB3-996",1,"canopy",0.5,15,"BRTE",NA,NA,28,1
"DryGB3-996",1,"canopy",0.5,15,"BRTE",NA,NA,28,1
"DryGB3-996",1,"canopy",0.5,15,"BRTE",NA,NA,28,1
"DryGB3-996",1,"canopy",0.5,15,"BRTE",NA,NA,28,1
"DryGB3-996",1,"canopy",0.5,15,"BRTE",NA,NA,28,1
"DryGB3-996",1,"canopy",0.5,15,"DRVE2",NA,NA,7,1
"DryGB3-996",1,"canopy",0.5,15,"DRVE2",NA,NA,7,1
"DryGB3-996",1,"canopy",0.5,15,"DRVE2",NA,NA,7,1
"DryGB3-996",1,"canopy",0.5,15,"DRVE2",NA,NA,7,1
"DryGB3-996",1,"canopy",0.5,15,"DRVE2",NA,NA,7,1
"DryGB3-996",1,"canopy",0.5,15,"DRVE2",NA,NA,7,1
"DryGB3-996",1,"canopy",0.5,15,"DRVE2",NA,NA,7,1
"DryGB3-996",1,"canopy",0.5,15,"DRVE2",NA,NA,7,1
"DryGB3-996",1,"canopy",0.5,15,"DRVE2",NA,NA,7,1
"DryGB3-996",1,"canopy",0.5,15,"DRVE2",NA,NA,7,1
"DryGB3-996",1,"canopy",0.5,15,"DRVE2",NA,NA,7,1
"DryGB3-996",1,"canopy",0.5,15,"DRVE2",NA,NA,7,1
"DryGB3-996",1,"canopy",0.5,15,"HOUM",NA,NA,15,1
"DryGB3-996",1,"canopy",0.5,15,"HOUM",NA,NA,15,1
"DryGB3-996",1,"canopy",0,15,"POSE",2,2,5,1
"DryGB3-996",1,"canopy",0,15,"POSE",2,2,5,1
"DryGB3-996",1,"interspace",0,15,"POSE",2,3,5,1
"DryGB3-996",1,"interspace",0,15,"LOSI2",5,5,33,1
"DryGB3-996",1,"interspace",0,15,"VUMI",NA,NA,15,1
"DryGB3-996",1,"interspace",0,15,"BRTE",NA,NA,30,1
"DryGB3-996",1,"interspace",0,15,"POSE",2,3,5,1
"DryGB3-996",1,"interspace",0,15,"POSE",2,3,5,1
"DryGB3-996",1,"interspace",0,15,"VUMI",NA,NA,15,1
"DryGB3-996",1,"interspace",0,15,"VUMI",NA,NA,15,1
"DryGB3-996",1,"interspace",0,15,"VUMI",NA,NA,15,1
"DryGB3-996",1,"interspace",0,15,"VUMI",NA,NA,15,1
"DryGB3-996",1,"interspace",0,15,"BRTE",NA,NA,30,1
"DryGB3-996",1,"interspace",0,15,"BRTE",NA,NA,30,1
"DryGB3-996",1,"interspace",0,15,"BRTE",NA,NA,30,1
"DryGB3-996",1,"interspace",0,15,"BRTE",NA,NA,30,1
"DryGB3-996",1,"interspace",0,15,"BRTE",NA,NA,30,1
"DryGB3-996",1,"interspace",0,15,"BRTE",NA,NA,30,1
"DryGB3-996",1,"interspace",0,15,"BRTE",NA,NA,30,1
"DryGB3-996",1,"interspace",0,15,"BRTE",NA,NA,30,1
"DryGB3-996",1,"interspace",0,15,"BRTE",NA,NA,30,1
"DryGB3-996",1,"interspace",0,15,"BRTE",NA,NA,30,1
"DryGB3-996",1,"interspace",0,15,"BRTE",NA,NA,30,1
"DryGB3-996",1,"interspace",0,15,"BRTE",NA,NA,30,1
"DryGB3-996",1,"interspace",0,15,"BRTE",NA,NA,30,1
"DryGB3-996",1,"interspace",0,15,"BRTE",NA,NA,30,1
"DryGB3-996",1,"interspace",0,15,"BRTE",NA,NA,30,1
"DryGB3-996",1,"interspace",0,15,"BRTE",NA,NA,30,1
"DryGB3-996",1,"interspace",0,15,"BRTE",NA,NA,30,1
"DryGB3-996",1,"interspace",0,15,"BRTE",NA,NA,30,1
"DryGB3-996",1,"interspace",0,15,"BRTE",NA,NA,30,1
"DryGB3-996",1,"interspace",0,15,"BRTE",NA,NA,30,1
"DryGB3-996",1,"interspace",0,15,"BRTE",NA,NA,30,1
"DryGB3-996",1,"interspace",0,15,"BRTE",NA,NA,30,1
"DryGB3-996",1,"interspace",0,15,"BRTE",NA,NA,30,1
"DryGB3-996",1,"interspace",0,15,"BRTE",NA,NA,30,1
"DryGB3-996",1,"interspace",0,15,"BRTE",NA,NA,30,1
"DryGB3-996",1,"interspace",0,15,"BRTE",NA,NA,30,1
"DryGB3-996",1,"interspace",0,15,"BRTE",NA,NA,30,1
"DryGB3-996",1,"interspace",0,15,"BRTE",NA,NA,30,1
"DryGB3-996",1,"interspace",0,15,"BRTE",NA,NA,30,1
"DryGB3-996",1,"interspace",0,15,"BRTE",NA,NA,30,1
"DryGB3-996",1,"interspace",0,15,"BRTE",NA,NA,30,1
"DryGB3-996",1,"interspace",0,15,"BRTE",NA,NA,30,1
"DryGB3-996",1,"interspace",0,15,"BRTE",NA,NA,30,1
"DryGB3-996",1,"interspace",0,15,"BRTE",NA,NA,30,1
"DryGB3-996",1,"interspace",0,15,"BRTE",NA,NA,30,1
"DryGB3-996",1,"interspace",0,15,"BRTE",NA,NA,30,1
"DryGB3-996",1,"interspace",0,15,"BRTE",NA,NA,30,1
"DryGB3-996",1,"interspace",0,15,"BRTE",NA,NA,30,1
"DryGB3-996",1,"interspace",0,15,"BRTE",NA,NA,30,1
"DryGB3-996",1,"canopy",1,20,"BRTE",NA,NA,35,1
"DryGB3-996",1,"canopy",1,20,"PLMA4",NA,NA,15,1
"DryGB3-996",1,"canopy",0,20,"BRAR5",NA,NA,28,1
"DryGB3-996",1,"canopy",1,20,"BRTE",NA,NA,35,1
"DryGB3-996",1,"canopy",1,20,"BRTE",NA,NA,35,1
"DryGB3-996",1,"canopy",1,20,"BRTE",NA,NA,35,1
"DryGB3-996",1,"canopy",1,20,"BRTE",NA,NA,35,1
"DryGB3-996",1,"canopy",1,20,"BRTE",NA,NA,35,1
"DryGB3-996",1,"canopy",1,20,"BRTE",NA,NA,35,1
"DryGB3-996",1,"canopy",1,20,"BRTE",NA,NA,35,1
"DryGB3-996",1,"canopy",1,20,"BRTE",NA,NA,35,1
"DryGB3-996",1,"canopy",1,20,"BRTE",NA,NA,35,1
"DryGB3-996",1,"canopy",1,20,"BRTE",NA,NA,35,1
"DryGB3-996",1,"canopy",1,20,"BRTE",NA,NA,35,1
"DryGB3-996",1,"canopy",1,20,"BRTE",NA,NA,35,1
"DryGB3-996",1,"canopy",0,20,"BRAR5",NA,NA,28,1
"DryGB3-996",1,"canopy",0,20,"BRAR5",NA,NA,28,1
"DryGB3-996",1,"canopy",0,20,"BRAR5",NA,NA,28,1
"DryGB3-996",1,"canopy",0,20,"BRAR5",NA,NA,28,1
"DryGB3-996",1,"canopy",0,20,"BRAR5",NA,NA,28,1
"DryGB3-996",1,"canopy",0,20,"BRAR5",NA,NA,28,1
"DryGB3-996",1,"canopy",0,20,"BRAR5",NA,NA,28,1
"DryGB3-996",1,"canopy",0,20,"BRAR5",NA,NA,28,1
"DryGB3-996",1,"canopy",0,20,"BRAR5",NA,NA,28,1
"DryGB3-996",1,"canopy",0,20,"BRAR5",NA,NA,28,1
"DryGB3-996",1,"canopy",0,20,"BRAR5",NA,NA,28,1
"DryGB3-996",1,"interspace",0.5,20,"POSE",6,5,5,1
"DryGB3-996",1,"interspace",0.5,20,"POSE",2,2,5,1
"DryGB3-996",1,"interspace",0.5,20,"HOUM",NA,NA,17,1
"DryGB3-996",1,"interspace",0.5,20,"LOMA3",10,4,7,1
"DryGB3-996",1,"interspace",0.5,20,"POSE",3,2,5,1
"DryGB3-996",1,"interspace",0.5,20,"MIGR",NA,NA,5,1
"DryGB3-996",1,"interspace",0.5,20,"BRAR5",NA,NA,18,1
"DryGB3-996",1,"interspace",0.5,20,"ACHY",2,2,25,1
"DryGB3-996",1,"interspace",0.5,20,"BRTE",NA,NA,16,1
"DryGB3-996",1,"interspace",0.5,20,"POSE",2,2,5,1
"DryGB3-996",1,"interspace",0.5,20,"POSE",2,2,5,1
"DryGB3-996",1,"interspace",0.5,20,"POSE",2,2,5,1
"DryGB3-996",1,"interspace",0.5,20,"POSE",2,2,5,1
"DryGB3-996",1,"interspace",0.5,20,"POSE",2,2,5,1
"DryGB3-996",1,"interspace",0.5,20,"POSE",2,2,5,1
"DryGB3-996",1,"interspace",0.5,20,"POSE",2,2,5,1
"DryGB3-996",1,"interspace",0.5,20,"MIGR",NA,NA,5,1
"DryGB3-996",1,"interspace",0.5,20,"MIGR",NA,NA,5,1
"DryGB3-996",1,"interspace",0.5,20,"MIGR",NA,NA,5,1
"DryGB3-996",1,"interspace",0.5,20,"BRAR5",NA,NA,18,1
"DryGB3-996",1,"interspace",0.5,20,"BRAR5",NA,NA,18,1
"DryGB3-996",1,"interspace",0.5,20,"BRAR5",NA,NA,18,1
"DryGB3-996",1,"interspace",0.5,20,"BRAR5",NA,NA,18,1
"DryGB3-996",1,"interspace",0.5,20,"BRAR5",NA,NA,18,1
"DryGB3-996",1,"interspace",0.5,20,"BRAR5",NA,NA,18,1
"DryGB3-996",1,"interspace",0.5,20,"BRAR5",NA,NA,18,1
"DryGB3-996",1,"interspace",0.5,20,"BRAR5",NA,NA,18,1
"DryGB3-996",1,"interspace",0.5,20,"BRAR5",NA,NA,18,1
"DryGB3-996",1,"interspace",0.5,20,"BRAR5",NA,NA,18,1
"DryGB3-996",1,"interspace",0.5,20,"BRAR5",NA,NA,18,1
"DryGB3-996",1,"interspace",0.5,20,"BRAR5",NA,NA,18,1
"DryGB3-996",1,"interspace",0.5,20,"BRAR5",NA,NA,18,1
"DryGB3-996",1,"interspace",0.5,20,"BRAR5",NA,NA,18,1
"DryGB3-996",1,"interspace",0.5,20,"BRAR5",NA,NA,18,1
"DryGB3-996",1,"interspace",0.5,20,"BRAR5",NA,NA,18,1
"DryGB3-996",1,"interspace",0.5,20,"BRAR5",NA,NA,18,1
"DryGB3-996",1,"interspace",0.5,20,"BRAR5",NA,NA,18,1
"DryGB3-996",1,"interspace",0.5,20,"BRAR5",NA,NA,18,1
"DryGB3-996",1,"interspace",0.5,20,"BRAR5",NA,NA,18,1
"DryGB3-996",1,"interspace",0.5,20,"BRAR5",NA,NA,18,1
"DryGB3-996",1,"interspace",0.5,20,"BRAR5",NA,NA,18,1
"DryGB3-996",1,"interspace",0.5,20,"BRAR5",NA,NA,18,1
"DryGB3-996",1,"interspace",0.5,20,"BRAR5",NA,NA,18,1
"DryGB3-996",1,"interspace",0.5,20,"BRAR5",NA,NA,18,1
"DryGB3-996",1,"interspace",0.5,20,"BRAR5",NA,NA,18,1
"DryGB3-996",1,"interspace",0.5,20,"BRAR5",NA,NA,18,1
"DryGB3-996",1,"interspace",0.5,20,"BRAR5",NA,NA,18,1
"DryGB3-996",1,"interspace",0.5,20,"BRAR5",NA,NA,18,1
"DryGB3-996",1,"interspace",0.5,20,"BRTE",NA,NA,16,1
"DryGB3-996",1,"canopy",1,25,"LOSI2",15,10,55,1
"DryGB3-996",1,"canopy",0.5,25,"POSE",1,1,5,1
"DryGB3-996",1,"canopy",0.5,25,"POSE",3,3,5,1
"DryGB3-996",1,"canopy",1,25,"BRAR5",NA,NA,14,1
"DryGB3-996",1,"canopy",1,25,"HOUM",NA,NA,15,1
"DryGB3-996",1,"canopy",1,25,"POSE",1,3,5,1
"DryGB3-996",1,"canopy",0,25,"DRVE2",NA,NA,5,1
"DryGB3-996",1,"canopy",0.5,25,"MIGR",NA,NA,4,1
"DryGB3-996",1,"canopy",1,25,"POSE",4,3,5,1
"DryGB3-996",1,"canopy",0.5,25,"POSE",1,1,5,1
"DryGB3-996",1,"canopy",0.5,25,"POSE",1,1,5,1
"DryGB3-996",1,"canopy",1,25,"BRAR5",NA,NA,14,1
"DryGB3-996",1,"canopy",1,25,"BRAR5",NA,NA,14,1
"DryGB3-996",1,"canopy",1,25,"BRAR5",NA,NA,14,1
"DryGB3-996",1,"canopy",1,25,"BRAR5",NA,NA,14,1
"DryGB3-996",1,"canopy",1,25,"BRAR5",NA,NA,14,1
"DryGB3-996",1,"canopy",1,25,"BRAR5",NA,NA,14,1
"DryGB3-996",1,"canopy",1,25,"BRAR5",NA,NA,14,1
"DryGB3-996",1,"canopy",0,25,"DRVE2",NA,NA,5,1
"DryGB3-996",1,"canopy",0,25,"DRVE2",NA,NA,5,1
"DryGB3-996",1,"canopy",0.5,25,"MIGR",NA,NA,4,1
"DryGB3-996",1,"canopy",0.5,25,"MIGR",NA,NA,4,1
"DryGB3-996",1,"interspace",1,25,"CAMA5",14,1,13,1
"DryGB3-996",1,"interspace",1,25,"POSE",6,5,5,1
"DryGB3-996",1,"interspace",1,25,"POSE",10,7,5,1
"DryGB3-996",1,"interspace",0.5,25,"BRAR5",NA,NA,22,1
"DryGB3-996",1,"interspace",1,25,"HECO26",1,1,30,1
"DryGB3-996",1,"interspace",0.5,25,"BRTE",NA,NA,27,1
"DryGB3-996",1,"interspace",0.5,25,"HOUM",NA,NA,12,1
"DryGB3-996",1,"interspace",1,25,"CAMA5",14,1,13,1
"DryGB3-996",1,"interspace",0.5,25,"BRAR5",NA,NA,22,1
"DryGB3-996",1,"interspace",0.5,25,"BRAR5",NA,NA,22,1
"DryGB3-996",1,"interspace",0.5,25,"BRAR5",NA,NA,22,1
"DryGB3-996",1,"interspace",0.5,25,"BRAR5",NA,NA,22,1
"DryGB3-996",1,"interspace",0.5,25,"BRAR5",NA,NA,22,1
"DryGB3-996",1,"interspace",0.5,25,"BRAR5",NA,NA,22,1
"DryGB3-996",1,"interspace",0.5,25,"BRAR5",NA,NA,22,1
"DryGB3-996",1,"interspace",0.5,25,"BRAR5",NA,NA,22,1
"DryGB3-996",1,"interspace",0.5,25,"BRAR5",NA,NA,22,1
"DryGB3-996",1,"interspace",0.5,25,"BRAR5",NA,NA,22,1
"DryGB3-996",1,"interspace",0.5,25,"BRAR5",NA,NA,22,1
"DryGB3-996",1,"interspace",0.5,25,"BRAR5",NA,NA,22,1
"DryGB3-996",1,"interspace",0.5,25,"BRAR5",NA,NA,22,1
"DryGB3-996",1,"interspace",0.5,25,"BRAR5",NA,NA,22,1
"DryGB3-996",1,"interspace",0.5,25,"BRAR5",NA,NA,22,1
"DryGB3-996",1,"interspace",0.5,25,"BRAR5",NA,NA,22,1
"DryGB3-996",1,"interspace",0.5,25,"BRAR5",NA,NA,22,1
"DryGB3-996",1,"interspace",0.5,25,"BRAR5",NA,NA,22,1
"DryGB3-996",1,"interspace",0.5,25,"BRAR5",NA,NA,22,1
"DryGB3-996",1,"interspace",0.5,25,"BRAR5",NA,NA,22,1
"DryGB3-996",1,"interspace",0.5,25,"BRTE",NA,NA,27,1
"DryGB3-996",1,"interspace",0.5,25,"BRTE",NA,NA,27,1
"DryGB3-996",1,"interspace",0.5,25,"BRTE",NA,NA,27,1
"DryGB3-996",1,"interspace",0.5,25,"BRTE",NA,NA,27,1
"DryGB3-996",1,"interspace",0.5,25,"BRTE",NA,NA,27,1
"DryGB3-996",1,"interspace",0.5,25,"BRTE",NA,NA,27,1
"DryGB3-996",1,"interspace",0.5,25,"BRTE",NA,NA,27,1
"DryGB3-996",2,"canopy",1,5,"VUMI",NA,NA,18,1
"DryGB3-996",2,"canopy",1,5,"BRTE",NA,NA,30,1
"DryGB3-996",2,"canopy",1,5,"DRVE2",NA,NA,7,1
"DryGB3-996",2,"canopy",1,5,"VUMI",NA,NA,18,1
"DryGB3-996",2,"canopy",1,5,"VUMI",NA,NA,18,1
"DryGB3-996",2,"canopy",1,5,"BRTE",NA,NA,30,1
"DryGB3-996",2,"canopy",1,5,"BRTE",NA,NA,30,1
"DryGB3-996",2,"canopy",1,5,"BRTE",NA,NA,30,1
"DryGB3-996",2,"canopy",1,5,"BRTE",NA,NA,30,1
"DryGB3-996",2,"interspace",1,5,"VUMI",NA,NA,17,1
"DryGB3-996",2,"interspace",1,5,"BRAR5",NA,NA,25,1
"DryGB3-996",2,"interspace",1,5,"LOSI2",9,8,38,1
"DryGB3-996",2,"interspace",1,5,"POSE",2,1,5,1
"DryGB3-996",2,"interspace",1,5,"BRTE",NA,NA,25,1
"DryGB3-996",2,"interspace",1,5,"VUMI",NA,NA,17,1
"DryGB3-996",2,"interspace",1,5,"BRAR5",NA,NA,25,1
"DryGB3-996",2,"interspace",1,5,"POSE",2,1,5,1
"DryGB3-996",2,"interspace",1,5,"POSE",2,1,5,1
"DryGB3-996",2,"interspace",1,5,"BRTE",NA,NA,25,1
"DryGB3-996",2,"interspace",1,5,"BRTE",NA,NA,25,1
"DryGB3-996",2,"interspace",1,5,"BRTE",NA,NA,25,1
"DryGB3-996",2,"interspace",1,5,"BRTE",NA,NA,25,1
"DryGB3-996",2,"interspace",1,5,"BRTE",NA,NA,25,1
"DryGB3-996",2,"canopy",1,10,"MIGR",NA,NA,10,1
"DryGB3-996",2,"canopy",1,10,"VUMI",NA,NA,15,1
"DryGB3-996",2,"canopy",1,10,"BRTE",NA,NA,25,1
"DryGB3-996",2,"canopy",1,10,"BRAR5",NA,NA,20,1
"DryGB3-996",2,"canopy",1,10,"VUMI",NA,NA,15,1
"DryGB3-996",2,"canopy",1,10,"VUMI",NA,NA,15,1
"DryGB3-996",2,"canopy",1,10,"BRTE",NA,NA,25,1
"DryGB3-996",2,"canopy",1,10,"BRTE",NA,NA,25,1
"DryGB3-996",2,"canopy",1,10,"BRTE",NA,NA,25,1
"DryGB3-996",2,"canopy",1,10,"BRTE",NA,NA,25,1
"DryGB3-996",2,"interspace",1,10,"BRTE",NA,NA,30,1
"DryGB3-996",2,"interspace",1,10,"BRTE",NA,NA,30,1
"DryGB3-996",2,"interspace",1,10,"BRTE",NA,NA,30,1
"DryGB3-996",2,"interspace",1,10,"BRTE",NA,NA,30,1
"DryGB3-996",2,"interspace",1,10,"BRTE",NA,NA,30,1
"DryGB3-996",2,"interspace",1,10,"BRTE",NA,NA,30,1
"DryGB3-996",2,"interspace",1,10,"BRTE",NA,NA,30,1
"DryGB3-996",2,"interspace",1,10,"BRTE",NA,NA,30,1
"DryGB3-996",2,"interspace",1,10,"BRTE",NA,NA,30,1
"DryGB3-996",2,"interspace",1,10,"BRTE",NA,NA,30,1
"DryGB3-996",2,"interspace",1,10,"BRTE",NA,NA,30,1
"DryGB3-996",2,"interspace",1,10,"BRTE",NA,NA,30,1
"DryGB3-996",2,"interspace",1,10,"BRTE",NA,NA,30,1
"DryGB3-996",2,"interspace",1,10,"BRTE",NA,NA,30,1
"DryGB3-996",2,"interspace",1,10,"BRTE",NA,NA,30,1
"DryGB3-996",2,"interspace",1,10,"BRTE",NA,NA,30,1
"DryGB3-996",2,"interspace",1,10,"BRTE",NA,NA,30,1
"DryGB3-996",2,"canopy",0.5,15,"MIGR",NA,NA,7,1
"DryGB3-996",2,"canopy",0.5,15,"POSE",3,3,5,1
"DryGB3-996",2,"canopy",0.5,15,"HOUM",NA,NA,18,1
"DryGB3-996",2,"canopy",0.5,15,"BRTE",NA,NA,30,1
"DryGB3-996",2,"canopy",0.5,15,"DRVE2",NA,NA,6,1
"DryGB3-996",2,"canopy",0.5,15,"VUMI",NA,NA,15,1
"DryGB3-996",2,"canopy",0.5,15,"POSE",4,3,6,1
"DryGB3-996",2,"canopy",0.5,15,"MIGR",NA,NA,7,1
"DryGB3-996",2,"canopy",0.5,15,"MIGR",NA,NA,7,1
"DryGB3-996",2,"canopy",0.5,15,"HOUM",NA,NA,18,1
"DryGB3-996",2,"canopy",0.5,15,"HOUM",NA,NA,18,1
"DryGB3-996",2,"canopy",0.5,15,"BRTE",NA,NA,30,1
"DryGB3-996",2,"canopy",0.5,15,"BRTE",NA,NA,30,1
"DryGB3-996",2,"canopy",0.5,15,"BRTE",NA,NA,30,1
"DryGB3-996",2,"canopy",0.5,15,"BRTE",NA,NA,30,1
"DryGB3-996",2,"canopy",0.5,15,"BRTE",NA,NA,30,1
"DryGB3-996",2,"canopy",0.5,15,"BRTE",NA,NA,30,1
"DryGB3-996",2,"canopy",0.5,15,"BRTE",NA,NA,30,1
"DryGB3-996",2,"canopy",0.5,15,"BRTE",NA,NA,30,1
"DryGB3-996",2,"canopy",0.5,15,"BRTE",NA,NA,30,1
"DryGB3-996",2,"canopy",0.5,15,"VUMI",NA,NA,15,1
"DryGB3-996",2,"canopy",0.5,15,"VUMI",NA,NA,15,1
"DryGB3-996",2,"interspace",0,15,"BRAR5",NA,NA,15,1
"DryGB3-996",2,"interspace",0,15,"PLPA2",NA,NA,2,1
"DryGB3-996",2,"interspace",0,15,"VUMI",NA,NA,5,1
"DryGB3-996",2,"interspace",0,15,"HOUM",NA,NA,10,1
"DryGB3-996",2,"interspace",0,15,"DRVE2",NA,NA,5,1
"DryGB3-996",2,"interspace",0,15,"VUOC",NA,NA,3,1
"DryGB3-996",2,"interspace",0,15,"MIGR",NA,NA,4,1
"DryGB3-996",2,"interspace",0,15,"POSE",2,2,4,1
"DryGB3-996",2,"interspace",0,15,"BRTE",NA,NA,40,1
"DryGB3-996",2,"interspace",0,15,"BRAR5",NA,NA,15,1
"DryGB3-996",2,"interspace",0,15,"VUMI",NA,NA,5,1
"DryGB3-996",2,"interspace",0,15,"VUMI",NA,NA,5,1
"DryGB3-996",2,"interspace",0,15,"HOUM",NA,NA,10,1
"DryGB3-996",2,"interspace",0,15,"DRVE2",NA,NA,5,1
"DryGB3-996",2,"interspace",0,15,"DRVE2",NA,NA,5,1
"DryGB3-996",2,"interspace",0,15,"DRVE2",NA,NA,5,1
"DryGB3-996",2,"interspace",0,15,"DRVE2",NA,NA,5,1
"DryGB3-996",2,"interspace",0,15,"DRVE2",NA,NA,5,1
"DryGB3-996",2,"interspace",0,15,"DRVE2",NA,NA,5,1
"DryGB3-996",2,"interspace",0,15,"VUOC",NA,NA,3,1
"DryGB3-996",2,"interspace",0,15,"MIGR",NA,NA,4,1
"DryGB3-996",2,"interspace",0,15,"BRTE",NA,NA,40,1
"DryGB3-996",2,"interspace",0,15,"BRTE",NA,NA,40,1
"DryGB3-996",2,"interspace",0,15,"BRTE",NA,NA,40,1
"DryGB3-996",2,"interspace",0,15,"BRTE",NA,NA,40,1
"DryGB3-996",2,"interspace",0,15,"BRTE",NA,NA,40,1
"DryGB3-996",2,"interspace",0,15,"BRTE",NA,NA,40,1
"DryGB3-996",2,"interspace",0,15,"BRTE",NA,NA,40,1
"DryGB3-996",2,"interspace",0,15,"BRTE",NA,NA,40,1
"DryGB3-996",2,"interspace",0,15,"BRTE",NA,NA,40,1
"DryGB3-996",2,"interspace",0,15,"BRTE",NA,NA,40,1
"DryGB3-996",2,"canopy",1,20,"CAMA5",1,1,24,1
"DryGB3-996",2,"canopy",1,20,"LOSI2",22,11,42,1
"DryGB3-996",2,"canopy",1,20,"HOUM",NA,NA,17,1
"DryGB3-996",2,"canopy",1,20,"BRTE",NA,NA,40,1
"DryGB3-996",2,"canopy",1,20,"POSE",1,1,5,1
"DryGB3-996",2,"canopy",1,20,"HOUM",NA,NA,17,1
"DryGB3-996",2,"canopy",1,20,"HOUM",NA,NA,17,1
"DryGB3-996",2,"canopy",1,20,"BRTE",NA,NA,40,1
"DryGB3-996",2,"canopy",1,20,"BRTE",NA,NA,40,1
"DryGB3-996",2,"canopy",1,20,"BRTE",NA,NA,40,1
"DryGB3-996",2,"canopy",1,20,"BRTE",NA,NA,40,1
"DryGB3-996",2,"canopy",1,20,"BRTE",NA,NA,40,1
"DryGB3-996",2,"canopy",1,20,"BRTE",NA,NA,40,1
"DryGB3-996",2,"canopy",1,20,"BRTE",NA,NA,40,1
"DryGB3-996",2,"canopy",1,20,"BRTE",NA,NA,40,1
"DryGB3-996",2,"canopy",1,20,"BRTE",NA,NA,40,1
"DryGB3-996",2,"canopy",1,20,"BRTE",NA,NA,40,1
"DryGB3-996",2,"canopy",1,20,"BRTE",NA,NA,40,1
"DryGB3-996",2,"canopy",1,20,"BRTE",NA,NA,40,1
"DryGB3-996",2,"canopy",1,20,"BRTE",NA,NA,40,1
"DryGB3-996",2,"canopy",1,20,"BRTE",NA,NA,40,1
"DryGB3-996",2,"canopy",1,20,"BRTE",NA,NA,40,1
"DryGB3-996",2,"canopy",1,20,"BRTE",NA,NA,40,1
"DryGB3-996",2,"canopy",1,20,"BRTE",NA,NA,40,1
"DryGB3-996",2,"canopy",1,20,"BRTE",NA,NA,40,1
"DryGB3-996",2,"canopy",1,20,"BRTE",NA,NA,40,1
"DryGB3-996",2,"canopy",1,20,"POSE",1,1,5,1
"DryGB3-996",2,"interspace",0.5,20,"MIGR",NA,NA,10,1
"DryGB3-996",2,"interspace",0.5,20,"HOUM",NA,NA,15,1
"DryGB3-996",2,"interspace",0.5,20,"BRTE",NA,NA,35,1
"DryGB3-996",2,"interspace",0.5,20,"DRVE2",NA,NA,6,1
"DryGB3-996",2,"interspace",0.5,20,"VUMI",NA,NA,30,1
"DryGB3-996",2,"interspace",0.5,20,"MIGR",NA,NA,10,1
"DryGB3-996",2,"interspace",0.5,20,"MIGR",NA,NA,10,1
"DryGB3-996",2,"interspace",0.5,20,"HOUM",NA,NA,15,1
"DryGB3-996",2,"interspace",0.5,20,"HOUM",NA,NA,15,1
"DryGB3-996",2,"interspace",0.5,20,"HOUM",NA,NA,15,1
"DryGB3-996",2,"interspace",0.5,20,"HOUM",NA,NA,15,1
"DryGB3-996",2,"interspace",0.5,20,"HOUM",NA,NA,15,1
"DryGB3-996",2,"interspace",0.5,20,"HOUM",NA,NA,15,1
"DryGB3-996",2,"interspace",0.5,20,"HOUM",NA,NA,15,1
"DryGB3-996",2,"interspace",0.5,20,"HOUM",NA,NA,15,1
"DryGB3-996",2,"interspace",0.5,20,"HOUM",NA,NA,15,1
"DryGB3-996",2,"interspace",0.5,20,"BRTE",NA,NA,35,1
"DryGB3-996",2,"interspace",0.5,20,"BRTE",NA,NA,35,1
"DryGB3-996",2,"interspace",0.5,20,"BRTE",NA,NA,35,1
"DryGB3-996",2,"interspace",0.5,20,"BRTE",NA,NA,35,1
"DryGB3-996",2,"interspace",0.5,20,"BRTE",NA,NA,35,1
"DryGB3-996",2,"interspace",0.5,20,"BRTE",NA,NA,35,1
"DryGB3-996",2,"interspace",0.5,20,"BRTE",NA,NA,35,1
"DryGB3-996",2,"interspace",0.5,20,"BRTE",NA,NA,35,1
"DryGB3-996",2,"interspace",0.5,20,"BRTE",NA,NA,35,1
"DryGB3-996",2,"interspace",0.5,20,"BRTE",NA,NA,35,1
"DryGB3-996",2,"interspace",0.5,20,"BRTE",NA,NA,35,1
"DryGB3-996",2,"interspace",0.5,20,"DRVE2",NA,NA,6,1
"DryGB3-996",2,"interspace",0.5,20,"DRVE2",NA,NA,6,1
"DryGB3-996",2,"interspace",0.5,20,"DRVE2",NA,NA,6,1
"DryGB3-996",2,"interspace",0.5,20,"DRVE2",NA,NA,6,1
"DryGB3-996",2,"interspace",0.5,20,"DRVE2",NA,NA,6,1
"DryGB3-996",2,"interspace",0.5,20,"DRVE2",NA,NA,6,1
"DryGB3-996",2,"interspace",0.5,20,"DRVE2",NA,NA,6,1
"DryGB3-996",2,"interspace",0.5,20,"VUMI",NA,NA,30,1
"DryGB3-996",2,"canopy",1,25,"HOUM",NA,NA,20,1
"DryGB3-996",2,"canopy",1,25,"MINU",1,2,28,1
"DryGB3-996",2,"canopy",1,25,"BRTE",NA,NA,33,1
"DryGB3-996",2,"canopy",1,25,"CRAT",9,5,45,1
"DryGB3-996",2,"canopy",1,25,"HOUM",NA,NA,20,1
"DryGB3-996",2,"canopy",1,25,"BRTE",NA,NA,33,1
"DryGB3-996",2,"canopy",1,25,"BRTE",NA,NA,33,1
"DryGB3-996",2,"canopy",1,25,"BRTE",NA,NA,33,1
"DryGB3-996",2,"canopy",1,25,"BRTE",NA,NA,33,1
"DryGB3-996",2,"canopy",1,25,"BRTE",NA,NA,33,1
"DryGB3-996",2,"canopy",1,25,"BRTE",NA,NA,33,1
"DryGB3-996",2,"canopy",1,25,"BRTE",NA,NA,33,1
"DryGB3-996",2,"canopy",1,25,"BRTE",NA,NA,33,1
"DryGB3-996",2,"canopy",1,25,"BRTE",NA,NA,33,1
"DryGB3-996",2,"canopy",1,25,"BRTE",NA,NA,33,1
"DryGB3-996",2,"canopy",1,25,"BRTE",NA,NA,33,1
"DryGB3-996",2,"canopy",1,25,"BRTE",NA,NA,33,1
"DryGB3-996",2,"canopy",1,25,"BRTE",NA,NA,33,1
"DryGB3-996",2,"canopy",1,25,"BRTE",NA,NA,33,1
"DryGB3-996",2,"canopy",1,25,"BRTE",NA,NA,33,1
"DryGB3-996",2,"canopy",1,25,"BRTE",NA,NA,33,1
"DryGB3-996",2,"canopy",1,25,"BRTE",NA,NA,33,1
"DryGB3-996",2,"canopy",1,25,"BRTE",NA,NA,33,1
"DryGB3-996",2,"canopy",1,25,"BRTE",NA,NA,33,1
"DryGB3-996",2,"canopy",1,25,"BRTE",NA,NA,33,1
"DryGB3-996",2,"canopy",1,25,"BRTE",NA,NA,33,1
"DryGB3-996",2,"canopy",1,25,"BRTE",NA,NA,33,1
"DryGB3-996",2,"canopy",1,25,"BRTE",NA,NA,33,1
"DryGB3-996",2,"canopy",1,25,"BRTE",NA,NA,33,1
"DryGB3-996",2,"canopy",1,25,"BRTE",NA,NA,33,1
"DryGB3-996",2,"canopy",1,25,"BRTE",NA,NA,33,1
"DryGB3-996",2,"interspace",0,25,"POSE",3,2,5,1
"DryGB3-996",2,"interspace",0,25,"POSE",2,2,3,1
"DryGB3-996",2,"interspace",0,25,"POSE",6,3,5,1
"DryGB3-996",2,"interspace",0,25,"VUMI",NA,NA,12,1
"DryGB3-996",2,"interspace",0,25,"POSE",7,3,3,1
"DryGB3-996",2,"interspace",0,25,"POSE",2,2,3,1
"DryGB3-996",2,"interspace",0,25,"PLPA2",NA,NA,2,1
"DryGB3-996",2,"interspace",0,25,"POSE",1,1,2,1
"DryGB3-996",2,"interspace",0,25,"POSE",6,3,5,1
"DryGB3-996",2,"interspace",0,25,"BRAR5",NA,NA,20,1
"DryGB3-996",2,"interspace",0,25,"POSE",4,3,5,1
"DryGB3-996",2,"interspace",0,25,"VUMI",NA,NA,12,1
"DryGB3-996",2,"interspace",0,25,"VUMI",NA,NA,12,1
"DryGB3-996",2,"interspace",0,25,"VUMI",NA,NA,12,1
"DryGB3-996",2,"interspace",0,25,"VUMI",NA,NA,12,1
"DryGB3-996",2,"interspace",0,25,"VUMI",NA,NA,12,1
"DryGB3-996",2,"interspace",0,25,"VUMI",NA,NA,12,1
"DryGB3-996",2,"interspace",0,25,"VUMI",NA,NA,12,1
"DryGB3-996",2,"interspace",0,25,"POSE",2,2,3,1
"DryGB3-996",2,"interspace",0,25,"PLPA2",NA,NA,2,1
"DryGB3-996",2,"interspace",0,25,"PLPA2",NA,NA,2,1
"DryGB3-996",2,"interspace",0,25,"PLPA2",NA,NA,2,1
"DryGB3-996",2,"interspace",0,25,"PLPA2",NA,NA,2,1
"DryGB3-996",2,"interspace",0,25,"PLPA2",NA,NA,2,1
"DryGB3-996",2,"interspace",0,25,"PLPA2",NA,NA,2,1
"DryGB3-996",2,"interspace",0,25,"PLPA2",NA,NA,2,1
"DryGB3-996",2,"interspace",0,25,"PLPA2",NA,NA,2,1
"DryGB3-996",2,"interspace",0,25,"BRAR5",NA,NA,20,1
"DryGB3-996",2,"interspace",0,25,"BRAR5",NA,NA,20,1
"DryGB3-996",2,"interspace",0,25,"BRAR5",NA,NA,20,1
"DryGB3-996",2,"interspace",0,25,"BRAR5",NA,NA,20,1
"DryGB3-996",3,"canopy",1,5,"BRAR5",NA,NA,10,1
"DryGB3-996",3,"canopy",1,5,"AF013",1,1,2,1
"DryGB3-996",3,"canopy",1,5,"VUMI",NA,NA,12,1
"DryGB3-996",3,"canopy",1,5,"BRTE",NA,NA,30,1
"DryGB3-996",3,"canopy",1,5,"DRVE2",NA,NA,6,1
"DryGB3-996",3,"canopy",1,5,"VUMI",NA,NA,12,1
"DryGB3-996",3,"canopy",1,5,"VUMI",NA,NA,12,1
"DryGB3-996",3,"canopy",1,5,"VUMI",NA,NA,12,1
"DryGB3-996",3,"canopy",1,5,"BRTE",NA,NA,30,1
"DryGB3-996",3,"canopy",1,5,"BRTE",NA,NA,30,1
"DryGB3-996",3,"canopy",1,5,"BRTE",NA,NA,30,1
"DryGB3-996",3,"canopy",1,5,"BRTE",NA,NA,30,1
"DryGB3-996",3,"canopy",1,5,"BRTE",NA,NA,30,1
"DryGB3-996",3,"canopy",1,5,"BRTE",NA,NA,30,1
"DryGB3-996",3,"canopy",1,5,"BRTE",NA,NA,30,1
"DryGB3-996",3,"canopy",1,5,"BRTE",NA,NA,30,1
"DryGB3-996",3,"canopy",1,5,"BRTE",NA,NA,30,1
"DryGB3-996",3,"interspace",0,5,"BRTE",NA,NA,35,1
"DryGB3-996",3,"interspace",0,5,"VUMI",NA,NA,12,1
"DryGB3-996",3,"interspace",0,5,"POSE",1,1,3,1
"DryGB3-996",3,"interspace",0,5,"POSE",5,3,4,1
"DryGB3-996",3,"interspace",0,5,"BRTE",NA,NA,35,1
"DryGB3-996",3,"interspace",0,5,"BRTE",NA,NA,35,1
"DryGB3-996",3,"interspace",0,5,"BRTE",NA,NA,35,1
"DryGB3-996",3,"interspace",0,5,"VUMI",NA,NA,12,1
"DryGB3-996",3,"interspace",0,5,"VUMI",NA,NA,12,1
"DryGB3-996",3,"interspace",0,5,"VUMI",NA,NA,12,1
"DryGB3-996",3,"interspace",0,5,"VUMI",NA,NA,12,1
"DryGB3-996",3,"interspace",0,5,"VUMI",NA,NA,12,1
"DryGB3-996",3,"interspace",0,5,"VUMI",NA,NA,12,1
"DryGB3-996",3,"canopy",0,10,"MIGR",NA,NA,5,1
"DryGB3-996",3,"canopy",0,10,"POSE",3,3,5,1
"DryGB3-996",3,"canopy",0,10,"POSE",1,1,5,1
"DryGB3-996",3,"canopy",0,10,"VUMI",NA,NA,10,1
"DryGB3-996",3,"canopy",0,10,"HOUM",NA,NA,9,1
"DryGB3-996",3,"canopy",0,10,"DRVE2",NA,NA,5,1
"DryGB3-996",3,"canopy",0,10,"POSE",5,2,5,1
"DryGB3-996",3,"canopy",0,10,"POSE",2,2,4,1
"DryGB3-996",3,"canopy",0,10,"POSE",1,1,3,1
"DryGB3-996",3,"canopy",1,10,"BRTE",NA,NA,30,1
"DryGB3-996",3,"canopy",0,10,"POSE",2,2,4,1
"DryGB3-996",3,"canopy",0,10,"MIGR",NA,NA,5,1
"DryGB3-996",3,"canopy",0,10,"MIGR",NA,NA,5,1
"DryGB3-996",3,"canopy",0,10,"VUMI",NA,NA,10,1
"DryGB3-996",3,"canopy",0,10,"VUMI",NA,NA,10,1
"DryGB3-996",3,"canopy",0,10,"HOUM",NA,NA,9,1
"DryGB3-996",3,"canopy",0,10,"HOUM",NA,NA,9,1
"DryGB3-996",3,"canopy",0,10,"DRVE2",NA,NA,5,1
"DryGB3-996",3,"canopy",0,10,"POSE",1,1,3,1
"DryGB3-996",3,"canopy",1,10,"BRTE",NA,NA,30,1
"DryGB3-996",3,"canopy",1,10,"BRTE",NA,NA,30,1
"DryGB3-996",3,"canopy",1,10,"BRTE",NA,NA,30,1
"DryGB3-996",3,"canopy",1,10,"BRTE",NA,NA,30,1
"DryGB3-996",3,"canopy",1,10,"BRTE",NA,NA,30,1
"DryGB3-996",3,"canopy",1,10,"BRTE",NA,NA,30,1
"DryGB3-996",3,"canopy",1,10,"BRTE",NA,NA,30,1
"DryGB3-996",3,"canopy",1,10,"BRTE",NA,NA,30,1
"DryGB3-996",3,"canopy",1,10,"BRTE",NA,NA,30,1
"DryGB3-996",3,"canopy",1,10,"BRTE",NA,NA,30,1
"DryGB3-996",3,"canopy",1,10,"BRTE",NA,NA,30,1
"DryGB3-996",3,"canopy",1,10,"BRTE",NA,NA,30,1
"DryGB3-996",3,"canopy",1,10,"BRTE",NA,NA,30,1
"DryGB3-996",3,"interspace",0,10,"MIGR",NA,NA,6,1
"DryGB3-996",3,"interspace",0,10,"BRTE",NA,NA,40,1
"DryGB3-996",3,"interspace",0,10,"CRAT",4,4,18,1
"DryGB3-996",3,"interspace",0,10,"MIGR",NA,NA,6,1
"DryGB3-996",3,"interspace",0,10,"MIGR",NA,NA,6,1
"DryGB3-996",3,"interspace",0,10,"MIGR",NA,NA,6,1
"DryGB3-996",3,"interspace",0,10,"BRTE",NA,NA,40,1
"DryGB3-996",3,"interspace",0,10,"BRTE",NA,NA,40,1
"DryGB3-996",3,"interspace",0,10,"BRTE",NA,NA,40,1
"DryGB3-996",3,"interspace",0,10,"BRTE",NA,NA,40,1
"DryGB3-996",3,"interspace",0,10,"BRTE",NA,NA,40,1
"DryGB3-996",3,"interspace",0,10,"BRTE",NA,NA,40,1
"DryGB3-996",3,"interspace",0,10,"BRTE",NA,NA,40,1
"DryGB3-996",3,"interspace",0,10,"BRTE",NA,NA,40,1
"DryGB3-996",3,"interspace",0,10,"BRTE",NA,NA,40,1
"DryGB3-996",3,"interspace",0,10,"BRTE",NA,NA,40,1
"DryGB3-996",3,"interspace",0,10,"BRTE",NA,NA,40,1
"DryGB3-996",3,"interspace",0,10,"BRTE",NA,NA,40,1
"DryGB3-996",3,"interspace",0,10,"BRTE",NA,NA,40,1
"DryGB3-996",3,"interspace",0,10,"BRTE",NA,NA,40,1
"DryGB3-996",3,"interspace",0,10,"BRTE",NA,NA,40,1
"DryGB3-996",3,"interspace",0,10,"BRTE",NA,NA,40,1
"DryGB3-996",3,"interspace",0,10,"BRTE",NA,NA,40,1
"DryGB3-996",3,"canopy",1,15,"CRAT",10,3,12,1
"DryGB3-996",3,"canopy",1,15,"BACA3",33,22,49,1
"DryGB3-996",3,"interspace",0.5,15,"POSE",2,2,3,1
"DryGB3-996",3,"interspace",0.5,15,"DRVE2",NA,NA,3,1
"DryGB3-996",3,"interspace",0.5,15,"CRAT",7,7,11,1
"DryGB3-996",3,"interspace",0.5,15,"BRTE",NA,NA,12,1
"DryGB3-996",3,"interspace",0.5,15,"BRTE",NA,NA,12,1
"DryGB3-996",3,"canopy",1,20,"POSE",3,2,5,1
"DryGB3-996",3,"canopy",1,20,"POSE",5,2,4,1
"DryGB3-996",3,"canopy",1,20,"POSE",8,5,7,1
"DryGB3-996",3,"canopy",1,20,"VUMI",NA,NA,10,1
"DryGB3-996",3,"canopy",1,20,"POSE",4,3,7,1
"DryGB3-996",3,"canopy",0,20,"BRTE",NA,NA,16,1
"DryGB3-996",3,"canopy",1,20,"POSE",2,1,5,1
"DryGB3-996",3,"canopy",1,20,"POSE",5,2,5,1
"DryGB3-996",3,"canopy",1,20,"VUMI",NA,NA,10,1
"DryGB3-996",3,"canopy",1,20,"VUMI",NA,NA,10,1
"DryGB3-996",3,"canopy",1,20,"VUMI",NA,NA,10,1
"DryGB3-996",3,"canopy",1,20,"VUMI",NA,NA,10,1
"DryGB3-996",3,"canopy",0,20,"BRTE",NA,NA,16,1
"DryGB3-996",3,"canopy",0,20,"BRTE",NA,NA,16,1
"DryGB3-996",3,"canopy",0,20,"BRTE",NA,NA,16,1
"DryGB3-996",3,"canopy",0,20,"BRTE",NA,NA,16,1
"DryGB3-996",3,"canopy",0,20,"BRTE",NA,NA,16,1
"DryGB3-996",3,"canopy",0,20,"BRTE",NA,NA,16,1
"DryGB3-996",3,"canopy",0,20,"BRTE",NA,NA,16,1
"DryGB3-996",3,"canopy",0,20,"BRTE",NA,NA,16,1
"DryGB3-996",3,"canopy",0,20,"BRTE",NA,NA,16,1
"DryGB3-996",3,"canopy",0,20,"BRTE",NA,NA,16,1
"DryGB3-996",3,"canopy",0,20,"BRTE",NA,NA,16,1
"DryGB3-996",3,"canopy",0,20,"BRTE",NA,NA,16,1
"DryGB3-996",3,"canopy",1,20,"POSE",5,2,5,1
"DryGB3-996",3,"interspace",0.5,20,"POSE",4,3,7,1
"DryGB3-996",3,"interspace",0.5,20,"DRVE2",NA,NA,9,1
"DryGB3-996",3,"interspace",0.5,20,"VUMI",NA,NA,13,1
"DryGB3-996",3,"interspace",0.5,20,"HOUM",NA,NA,8,1
"DryGB3-996",3,"interspace",0.5,20,"BRAR5",NA,NA,15,1
"DryGB3-996",3,"interspace",0.5,20,"BRTE",NA,NA,14,1
"DryGB3-996",3,"interspace",0.5,20,"POSE",3,2,4,1
"DryGB3-996",3,"interspace",0.5,20,"POSE",2,2,4,1
"DryGB3-996",3,"interspace",0.5,20,"DRVE2",NA,NA,9,1
"DryGB3-996",3,"interspace",0.5,20,"DRVE2",NA,NA,9,1
"DryGB3-996",3,"interspace",0.5,20,"DRVE2",NA,NA,9,1
"DryGB3-996",3,"interspace",0.5,20,"VUMI",NA,NA,13,1
"DryGB3-996",3,"interspace",0.5,20,"VUMI",NA,NA,13,1
"DryGB3-996",3,"interspace",0.5,20,"VUMI",NA,NA,13,1
"DryGB3-996",3,"interspace",0.5,20,"VUMI",NA,NA,13,1
"DryGB3-996",3,"interspace",0.5,20,"VUMI",NA,NA,13,1
"DryGB3-996",3,"interspace",0.5,20,"VUMI",NA,NA,13,1
"DryGB3-996",3,"interspace",0.5,20,"HOUM",NA,NA,8,1
"DryGB3-996",3,"interspace",0.5,20,"HOUM",NA,NA,8,1
"DryGB3-996",3,"interspace",0.5,20,"HOUM",NA,NA,8,1
"DryGB3-996",3,"interspace",0.5,20,"BRAR5",NA,NA,15,1
"DryGB3-996",3,"interspace",0.5,20,"BRAR5",NA,NA,15,1
"DryGB3-996",3,"interspace",0.5,20,"BRAR5",NA,NA,15,1
"DryGB3-996",3,"interspace",0.5,20,"BRAR5",NA,NA,15,1
"DryGB3-996",3,"canopy",1,25,"POSE",4,3,4,1
"DryGB3-996",3,"canopy",1,25,"POSE",2,2,5,1
"DryGB3-996",3,"canopy",1,25,"BRTE",NA,NA,20,1
"DryGB3-996",3,"canopy",1,25,"POSE",1,1,3,1
"DryGB3-996",3,"canopy",1,25,"POSE",3,2,4,1
"DryGB3-996",3,"canopy",1,25,"MIGR",NA,NA,5,1
"DryGB3-996",3,"canopy",1,25,"BRAR5",NA,NA,9,1
"DryGB3-996",3,"canopy",1,25,"POSE",4,3,5,1
"DryGB3-996",3,"canopy",1,25,"ACTH7",4,2,18,1
"DryGB3-996",3,"canopy",1,25,"ACTH7",5,2,26,1
"DryGB3-996",3,"canopy",1,25,"BRTE",NA,NA,20,1
"DryGB3-996",3,"canopy",1,25,"BRTE",NA,NA,20,1
"DryGB3-996",3,"canopy",1,25,"BRTE",NA,NA,20,1
"DryGB3-996",3,"canopy",1,25,"POSE",1,1,3,1
"DryGB3-996",3,"canopy",1,25,"BRAR5",NA,NA,9,1
"DryGB3-996",3,"canopy",1,25,"BRAR5",NA,NA,9,1
"DryGB3-996",3,"interspace",0,25,"ACTH7",8,4,26,1
"DryGB3-996",3,"interspace",0.5,25,"POSE",1,1,3,1
"DryGB3-996",3,"interspace",0.5,25,"BRTE",NA,NA,30,1
"DryGB3-996",3,"interspace",0.5,25,"BRAR5",NA,NA,25,1
"DryGB3-996",3,"interspace",0,25,"POSE",3,2,5,1
"DryGB3-996",3,"interspace",0.5,25,"BRTE",NA,NA,30,1
"DryGB3-996",3,"interspace",0.5,25,"BRTE",NA,NA,30,1
"DryGB3-996",3,"interspace",0.5,25,"BRAR5",NA,NA,25,1
"DryGB3-996",3,"interspace",0.5,25,"BRAR5",NA,NA,25,1
"DryGB3-997",1,"canopy",1,5,"ELEL5",3,2,22,1
"DryGB3-997",1,"canopy",1,5,"ELEL5",1,1,26,1
"DryGB3-997",1,"canopy",1,5,"BRTE",NA,NA,27,1
"DryGB3-997",1,"canopy",1,5,"ARTRT",4,5,5,1
"DryGB3-997",1,"interspace",0.5,5,"ELEL5",3,3,22,1
"DryGB3-997",1,"interspace",0,5,"DEPI",NA,NA,45,1
"DryGB3-997",1,"interspace",0,5,"BRTE",NA,NA,25,1
"DryGB3-997",1,"interspace",0,5,"DEPI",NA,NA,39,1
"DryGB3-997",1,"interspace",0,5,"BRTE",NA,NA,25,1
"DryGB3-997",1,"canopy",0.5,10,"NO PLANTS",NA,NA,NA,NA
"DryGB3-997",1,"interspace",0,10,"NO PLANTS",NA,NA,NA,NA
"DryGB3-997",1,"canopy",1,15,"BRTE",NA,NA,22,1
"DryGB3-997",1,"canopy",1,15,"BRTE",NA,NA,22,1
"DryGB3-997",1,"canopy",1,15,"BRTE",NA,NA,22,1
"DryGB3-997",1,"interspace",1,15,"BRTE",NA,NA,14,1
"DryGB3-997",1,"interspace",1,15,"BRTE",NA,NA,26,1
"DryGB3-997",1,"interspace",1,15,"ELEL5",1,1,22,1
"DryGB3-997",1,"interspace",1,15,"BRTE",NA,NA,35,1
"DryGB3-997",1,"interspace",1,15,"BRTE",NA,NA,14,1
"DryGB3-997",1,"interspace",1,15,"BRTE",NA,NA,14,1
"DryGB3-997",1,"interspace",1,15,"BRTE",NA,NA,14,1
"DryGB3-997",1,"canopy",1,20,"BRTE",NA,NA,28,1
"DryGB3-997",1,"canopy",1,20,"BRTE",NA,NA,28,1
"DryGB3-997",1,"interspace",1,20,"BRTE",NA,NA,16,1
"DryGB3-997",1,"interspace",1,20,"BRTE",NA,NA,16,1
"DryGB3-997",1,"interspace",1,20,"BRTE",NA,NA,26,1
"DryGB3-997",1,"interspace",1,20,"DEPI",NA,NA,40,1
"DryGB3-997",1,"interspace",1,20,"CRPT",NA,NA,26,1
"DryGB3-997",1,"interspace",1,20,"BRTE",NA,NA,35,1
"DryGB3-997",1,"interspace",1,20,"DEPI",NA,NA,35,1
"DryGB3-997",1,"interspace",1,20,"BRTE",NA,NA,32,1
"DryGB3-997",1,"interspace",1,20,"BRTE",NA,NA,35,1
"DryGB3-997",1,"interspace",1,20,"BRTE",NA,NA,11,1
"DryGB3-997",1,"interspace",1,20,"BRTE",NA,NA,16,1
"DryGB3-997",1,"interspace",1,20,"BRTE",NA,NA,35,1
"DryGB3-997",1,"interspace",1,20,"BRTE",NA,NA,32,1
"DryGB3-997",1,"canopy",1,25,"ELEL5",2,2,18,1
"DryGB3-997",1,"canopy",1,25,"BRTE",NA,NA,29,1
"DryGB3-997",1,"interspace",0,25,"NO PLANTS",NA,NA,NA,NA
"DryGB3-997",2,"canopy",1,5,"BRTE",NA,NA,24,1
"DryGB3-997",2,"canopy",1,5,"ELEL5",8,5,20,1
"DryGB3-997",2,"canopy",1,5,"BRTE",NA,NA,17,1
"DryGB3-997",2,"canopy",0,5,"BRTE",NA,NA,9,1
"DryGB3-997",2,"canopy",0,5,"BRTE",NA,NA,5,1
"DryGB3-997",2,"canopy",1,5,"BRTE",NA,NA,13,1
"DryGB3-997",2,"canopy",1,5,"BRTE",NA,NA,20,1
"DryGB3-997",2,"canopy",1,5,"BRTE",NA,NA,20,1
"DryGB3-997",2,"interspace",0,5,"BRTE",NA,NA,6,1
"DryGB3-997",2,"interspace",0,5,"BRTE",NA,NA,27,1
"DryGB3-997",2,"interspace",0,5,"BRTE",NA,NA,14,1
"DryGB3-997",2,"interspace",0,5,"BRTE",NA,NA,9,1
"DryGB3-997",2,"interspace",0,5,"BRTE",NA,NA,6,1
"DryGB3-997",2,"interspace",0,5,"BRTE",NA,NA,6,1
"DryGB3-997",2,"interspace",0,5,"BRTE",NA,NA,14,1
"DryGB3-997",2,"interspace",0,5,"BRTE",NA,NA,14,1
"DryGB3-997",2,"canopy",1,10,"NO PLANTS",NA,NA,NA,NA
"DryGB3-997",2,"interspace",0,10,"NO PLANTS",NA,NA,NA,NA
"DryGB3-997",2,"canopy",1,15,"ELEL5",5,5,22,1
"DryGB3-997",2,"interspace",0,15,"BRTE",NA,NA,5,1
"DryGB3-997",2,"interspace",1,15,"ELEL5",5,5,22,1
"DryGB3-997",2,"canopy",1,20,"BRTE",NA,NA,22,1
"DryGB3-997",2,"canopy",1,20,"ELEL5",1,1,20,1
"DryGB3-997",2,"interspace",1,20,"BRTE",NA,NA,13,1
"DryGB3-997",2,"interspace",1,20,"ELEL5",3,2,20,1
"DryGB3-997",2,"interspace",1,20,"BRTE",NA,NA,6,1
"DryGB3-997",2,"interspace",1,20,"BRTE",NA,NA,23,1
"DryGB3-997",2,"interspace",1,20,"BRTE",NA,NA,19,1
"DryGB3-997",2,"canopy",1,25,"CRPT",NA,NA,19,1
"DryGB3-997",2,"canopy",1,25,"DEPI",NA,NA,48,1
"DryGB3-997",2,"canopy",1,25,"BRTE",NA,NA,23,1
"DryGB3-997",2,"canopy",1,25,"BRTE",NA,NA,20,1
"DryGB3-997",2,"canopy",1,25,"DEPI",NA,NA,58,1
"DryGB3-997",2,"canopy",1,25,"BRTE",NA,NA,12,1
"DryGB3-997",2,"canopy",1,25,"BRTE",NA,NA,20,1
"DryGB3-997",2,"canopy",1,25,"DEPI",NA,NA,58,1
"DryGB3-997",2,"interspace",0,25,"BRTE",NA,NA,22,1
"DryGB3-997",2,"interspace",0,25,"ELEL5",1,1,10,1
"DryGB3-997",3,"canopy",1,5,"DEPI",NA,NA,35,1
"DryGB3-997",3,"canopy",1,5,"DEPI",NA,NA,26,1
"DryGB3-997",3,"interspace",0,5,"BRTE",NA,NA,27,1
"DryGB3-997",3,"interspace",0,5,"ELEL5",1,1,6,1
"DryGB3-997",3,"interspace",0,5,"BRTE",NA,NA,15,1
"DryGB3-997",3,"interspace",0,5,"BRTE",NA,NA,23,1
"DryGB3-997",3,"interspace",0,5,"BRTE",NA,NA,15,1
"DryGB3-997",3,"interspace",0,5,"BRTE",NA,NA,23,1
"DryGB3-997",3,"canopy",1,10,"BRTE",NA,NA,23,1
"DryGB3-997",3,"interspace",1,10,"ELEL5",3,3,22,1
"DryGB3-997",3,"interspace",1,10,"ELEL5",1,1,17,1
"DryGB3-997",3,"interspace",1,10,"BRTE",NA,NA,15,1
"DryGB3-997",3,"canopy",1,15,"ELEL5",8,5,30,1
"DryGB3-997",3,"canopy",1,15,"BRTE",NA,NA,22,1
"DryGB3-997",3,"canopy",1,15,"BRTE",NA,NA,20,1
"DryGB3-997",3,"canopy",1,15,"BRTE",NA,NA,12,1
"DryGB3-997",3,"canopy",1,15,"BRTE",NA,NA,15,1
"DryGB3-997",3,"canopy",1,15,"BRTE",NA,NA,20,1
"DryGB3-997",3,"canopy",1,15,"BRTE",NA,NA,15,1
"DryGB3-997",3,"interspace",1,15,"DEPI",NA,NA,47,1
"DryGB3-997",3,"interspace",1,15,"ELEL5",1,1,14,1
"DryGB3-997",3,"interspace",1,15,"BRTE",NA,NA,20,1
"DryGB3-997",3,"interspace",1,15,"DEPI",NA,NA,20,1
"DryGB3-997",3,"interspace",1,15,"BRTE",NA,NA,11,1
"DryGB3-997",3,"interspace",1,15,"BRTE",NA,NA,20,1
"DryGB3-997",3,"interspace",1,15,"DEPI",NA,NA,47,1
"DryGB3-997",3,"interspace",1,15,"BRTE",NA,NA,20,1
"DryGB3-997",3,"canopy",0,20,"BRTE",NA,NA,24,1
"DryGB3-997",3,"canopy",0,20,"DEPI",NA,NA,32,1
"DryGB3-997",3,"canopy",0,20,"DEPI",NA,NA,8,1
"DryGB3-997",3,"canopy",0,20,"BRTE",NA,NA,7,1
"DryGB3-997",3,"canopy",0,20,"DEPI",NA,NA,47,1
"DryGB3-997",3,"canopy",0,20,"BRTE",NA,NA,10,1
"DryGB3-997",3,"canopy",0,20,"ELEL5",4,2,7,1
"DryGB3-997",3,"canopy",0,20,"DEPI",NA,NA,36,1
"DryGB3-997",3,"canopy",0,20,"BRTE",NA,NA,38,1
"DryGB3-997",3,"canopy",0,20,"BRTE",NA,NA,15,1
"DryGB3-997",3,"canopy",0,20,"DEPI",NA,NA,13,1
"DryGB3-997",3,"canopy",0,20,"BRTE",NA,NA,7,1
"DryGB3-997",3,"canopy",0,20,"BRTE",NA,NA,15,1
"DryGB3-997",3,"canopy",0,20,"BRTE",NA,NA,15,1
"DryGB3-997",3,"canopy",0,20,"BRTE",NA,NA,15,1
"DryGB3-997",3,"interspace",0,20,"BRTE",NA,NA,21,1
"DryGB3-997",3,"interspace",0,20,"BRTE",NA,NA,8,1
"DryGB3-997",3,"interspace",0,20,"BRTE",NA,NA,9,1
"DryGB3-997",3,"interspace",0,20,"BRTE",NA,NA,25,1
"DryGB3-997",3,"interspace",0,20,"BRTE",NA,NA,8,1
"DryGB3-997",3,"canopy",1,25,"BRTE",NA,NA,24,1
"DryGB3-997",3,"canopy",1,25,"BRTE",NA,NA,10,1
"DryGB3-997",3,"interspace",0,25,"NO PLANTS",NA,NA,NA,NA
"DryGB3-998",1,"canopy",1,5,"LIPU11",28,16,17,1
"DryGB3-998",1,"interspace",0,5,"ERBA7",NA,NA,3,1
"DryGB3-998",1,"interspace",0.5,5,"BRTE",NA,NA,30,1
"DryGB3-998",1,"interspace",0,5,"GISI",NA,NA,12,1
"DryGB3-998",1,"interspace",0,5,"BRTE",NA,NA,27,1
"DryGB3-998",1,"interspace",0.5,5,"MIGR",NA,NA,4,1
"DryGB3-998",1,"interspace",0,5,"MIGR",NA,NA,4,1
"DryGB3-998",1,"interspace",0,5,"CRCI2",NA,NA,1,1
"DryGB3-998",1,"interspace",1,5,"MIGR",NA,NA,8,1
"DryGB3-998",1,"interspace",0.5,5,"BRTE",NA,NA,30,1
"DryGB3-998",1,"interspace",0.5,5,"BRTE",NA,NA,30,1
"DryGB3-998",1,"interspace",0,5,"GISI",NA,NA,12,1
"DryGB3-998",1,"interspace",0,5,"GISI",NA,NA,12,1
"DryGB3-998",1,"interspace",0.5,5,"MIGR",NA,NA,4,1
"DryGB3-998",1,"interspace",0,5,"CRCI2",NA,NA,1,1
"DryGB3-998",1,"interspace",0,5,"CRCI2",NA,NA,1,1
"DryGB3-998",1,"interspace",0,5,"CRCI2",NA,NA,1,1
"DryGB3-998",1,"canopy",0.5,10,"BRTE",NA,NA,15,1
"DryGB3-998",1,"canopy",0.5,10,"BRTE",NA,NA,15,1
"DryGB3-998",1,"canopy",0.5,10,"BRTE",NA,NA,15,1
"DryGB3-998",1,"canopy",0.5,10,"BRTE",NA,NA,15,1
"DryGB3-998",1,"interspace",0,10,"MIGR",NA,NA,9,1
"DryGB3-998",1,"canopy",1,15,"NO PLANTS",NA,NA,NA,NA
"DryGB3-998",1,"interspace",0.5,15,"BRTE",NA,NA,20,1
"DryGB3-998",1,"interspace",0.5,15,"BRTE",NA,NA,20,1
"DryGB3-998",1,"interspace",0.5,15,"BRTE",NA,NA,20,1
"DryGB3-998",1,"interspace",0.5,15,"BRTE",NA,NA,20,1
"DryGB3-998",1,"interspace",0.5,15,"BRTE",NA,NA,20,1
"DryGB3-998",1,"interspace",0.5,15,"BRTE",NA,NA,20,1
"DryGB3-998",1,"interspace",0.5,15,"BRTE",NA,NA,20,1
"DryGB3-998",1,"interspace",0.5,15,"BRTE",NA,NA,20,1
"DryGB3-998",1,"interspace",0.5,15,"BRTE",NA,NA,20,1
"DryGB3-998",1,"interspace",0.5,15,"BRTE",NA,NA,20,1
"DryGB3-998",1,"interspace",0.5,15,"BRTE",NA,NA,20,1
"DryGB3-998",1,"interspace",0.5,15,"BRTE",NA,NA,20,1
"DryGB3-998",1,"interspace",0.5,15,"BRTE",NA,NA,20,1
"DryGB3-998",1,"interspace",0.5,15,"BRTE",NA,NA,20,1
"DryGB3-998",1,"interspace",0.5,15,"BRTE",NA,NA,20,1
"DryGB3-998",1,"canopy",0.5,20,"MIGR",NA,NA,5,1
"DryGB3-998",1,"interspace",0,20,"GISI",NA,NA,9,1
"DryGB3-998",1,"interspace",0,20,"MIGR",NA,NA,3,1
"DryGB3-998",1,"interspace",0,20,"BRTE",NA,NA,14,1
"DryGB3-998",1,"canopy",1,25,"NO PLANTS",NA,NA,NA,NA
"DryGB3-998",1,"interspace",1,25,"BRTE",NA,NA,14,1
"DryGB3-998",1,"interspace",1,25,"ACHY",1,1,17,1
"DryGB3-998",2,"canopy",0,5,"BRTE",NA,NA,9,1
"DryGB3-998",2,"interspace",0,5,"MIGR",NA,NA,4,1
"DryGB3-998",2,"interspace",0,5,"BRTE",NA,NA,10,1
"DryGB3-998",2,"interspace",0,5,"MIGR",NA,NA,4,1
"DryGB3-998",2,"canopy",1,10,"ELEL5",8,8,43,1
"DryGB3-998",2,"interspace",0,10,"BRTE",NA,NA,18,1
"DryGB3-998",2,"interspace",0.5,10,"BRTE",NA,NA,17,1
"DryGB3-998",2,"interspace",0,10,"BRTE",NA,NA,18,1
"DryGB3-998",2,"interspace",0.5,10,"BRTE",NA,NA,17,1
"DryGB3-998",2,"interspace",0.5,10,"BRTE",NA,NA,17,1
"DryGB3-998",2,"canopy",1,15,"BRTE",NA,NA,17,1
"DryGB3-998",2,"canopy",1,15,"BRTE",NA,NA,17,1
"DryGB3-998",2,"canopy",1,15,"BRTE",NA,NA,17,1
"DryGB3-998",2,"canopy",1,15,"BRTE",NA,NA,17,1
"DryGB3-998",2,"interspace",0,15,"BRTE",NA,NA,11,1
"DryGB3-998",2,"interspace",0.5,15,"BRTE",NA,NA,20,1
"DryGB3-998",2,"interspace",1,15,"BRTE",NA,NA,14,1
"DryGB3-998",2,"interspace",0.5,15,"BRTE",NA,NA,20,1
"DryGB3-998",2,"interspace",0.5,15,"BRTE",NA,NA,20,1
"DryGB3-998",2,"interspace",0.5,15,"BRTE",NA,NA,20,1
"DryGB3-998",2,"canopy",1,20,"BRTE",NA,NA,17,1
"DryGB3-998",2,"canopy",1,20,"BRTE",NA,NA,17,1
"DryGB3-998",2,"canopy",1,20,"BRTE",NA,NA,17,1
"DryGB3-998",2,"canopy",1,20,"BRTE",NA,NA,17,1
"DryGB3-998",2,"interspace",0,20,"BRTE",NA,NA,18,1
"DryGB3-998",2,"interspace",0,20,"BRTE",NA,NA,11,1
"DryGB3-998",2,"interspace",0,20,"BRTE",NA,NA,18,1
"DryGB3-998",2,"canopy",0.5,25,"BRTE",NA,NA,15,1
"DryGB3-998",2,"canopy",0.5,25,"BRTE",NA,NA,15,1
"DryGB3-998",2,"interspace",0,25,"CRCI2",NA,NA,1,1
"DryGB3-998",2,"interspace",0,25,"BRTE",NA,NA,33,1
"DryGB3-998",2,"interspace",0,25,"GISI",NA,NA,17,1
"DryGB3-998",2,"interspace",0,25,"CRCI2",NA,NA,1,1
"DryGB3-998",2,"interspace",0,25,"CRCI2",NA,NA,1,1
"DryGB3-998",2,"interspace",0,25,"CRCI2",NA,NA,1,1
"DryGB3-998",2,"interspace",0,25,"CRCI2",NA,NA,1,1
"DryGB3-998",2,"interspace",0,25,"CRCI2",NA,NA,1,1
"DryGB3-998",2,"interspace",0,25,"CRCI2",NA,NA,1,1
"DryGB3-998",2,"interspace",0,25,"CRCI2",NA,NA,1,1
"DryGB3-998",3,"canopy",1,5,"NO PLANTS",NA,NA,NA,NA
"DryGB3-998",3,"interspace",0,5,"GISI",NA,NA,17,1
"DryGB3-998",3,"canopy",1,10,"ELEL5",7,7,40,1
"DryGB3-998",3,"interspace",0,10,"GISI",NA,NA,17,1
"DryGB3-998",3,"interspace",0,10,"GISI",NA,NA,8,1
"DryGB3-998",3,"canopy",1,15,"BRTE",NA,NA,15,1
"DryGB3-998",3,"canopy",1,15,"BRTE",NA,NA,33,1
"DryGB3-998",3,"canopy",0.5,15,"BRTE",NA,NA,23,1
"DryGB3-998",3,"canopy",1,15,"BRTE",NA,NA,15,1
"DryGB3-998",3,"canopy",1,15,"BRTE",NA,NA,15,1
"DryGB3-998",3,"canopy",0.5,15,"BRTE",NA,NA,23,1
"DryGB3-998",3,"canopy",0.5,15,"BRTE",NA,NA,23,1
"DryGB3-998",3,"canopy",0.5,15,"BRTE",NA,NA,23,1
"DryGB3-998",3,"canopy",0.5,15,"BRTE",NA,NA,23,1
"DryGB3-998",3,"canopy",0.5,15,"BRTE",NA,NA,23,1
"DryGB3-998",3,"canopy",0.5,15,"BRTE",NA,NA,23,1
"DryGB3-998",3,"canopy",0.5,15,"BRTE",NA,NA,23,1
"DryGB3-998",3,"canopy",0.5,15,"BRTE",NA,NA,23,1
"DryGB3-998",3,"interspace",0,15,"NO PLANTS",NA,NA,NA,NA
"DryGB3-998",3,"canopy",1,20,"NO PLANTS",NA,NA,NA,NA
"DryGB3-998",3,"interspace",0.5,20,"MIGR",NA,NA,2,1
"DryGB3-998",3,"interspace",1,20,"BRTE",NA,NA,20,1
"DryGB3-998",3,"interspace",0,20,"BRTE",NA,NA,21,1
"DryGB3-998",3,"interspace",1,20,"MIGR",NA,NA,3,1
"DryGB3-998",3,"interspace",1,20,"BRTE",NA,NA,12,1
"DryGB3-998",3,"interspace",0,20,"BRTE",NA,NA,12,1
"DryGB3-998",3,"interspace",0,20,"MIGR",NA,NA,3,1
"DryGB3-998",3,"interspace",0,20,"BRTE",NA,NA,12,1
"DryGB3-998",3,"interspace",0,20,"MIGR",NA,NA,3,1
"DryGB3-998",3,"interspace",0,20,"MIGR",NA,NA,3,1
"DryGB3-998",3,"canopy",1,25,"LIPU11",45,24,30,1
"DryGB3-998",3,"interspace",0,25,"BRTE",NA,NA,20,1
"DryGB3-998",3,"interspace",0,25,"GISI",NA,NA,12,1
"DryGB3-998",3,"interspace",0,25,"GISI",NA,NA,12,1
"DryGB3-998",3,"interspace",0,25,"GISI",NA,NA,12,1
"DryGB3-998",3,"interspace",0,25,"GISI",NA,NA,12,1
"DryGB3-998",3,"interspace",0,25,"GISI",NA,NA,12,1
"DryGB3-998",3,"interspace",0,25,"GISI",NA,NA,12,1
"DryGB3-998",3,"interspace",0,25,"GISI",NA,NA,12,1
"DryGB3-998",3,"interspace",0,25,"GISI",NA,NA,12,1
"DryGB3-999",1,"canopy",1,5,"NO PLANTS",NA,NA,NA,NA
"DryGB3-999",1,"interspace",0,5,"NO PLANTS",NA,NA,NA,NA
"DryGB3-999",1,"canopy",1,10,"NO PLANTS",NA,NA,NA,NA
"DryGB3-999",1,"interspace",0,10,"NO PLANTS",NA,NA,NA,NA
"DryGB3-999",1,"canopy",1,15,"NO PLANTS",NA,NA,NA,NA
"DryGB3-999",1,"interspace",0,15,"NO PLANTS",NA,NA,NA,NA
"DryGB3-999",1,"canopy",1,20,"NO PLANTS",NA,NA,NA,NA
"DryGB3-999",1,"interspace",0,20,"NO PLANTS",NA,NA,NA,NA
"DryGB3-999",1,"canopy",1,25,"NO PLANTS",NA,NA,NA,NA
"DryGB3-999",1,"interspace",0,25,"NO PLANTS",NA,NA,NA,NA
"DryGB3-999",2,"canopy",1,5,"NO PLANTS",NA,NA,NA,NA
"DryGB3-999",2,"interspace",0,5,"NO PLANTS",NA,NA,NA,NA
"DryGB3-999",2,"canopy",0.5,10,"NO PLANTS",NA,NA,NA,NA
"DryGB3-999",2,"interspace",0,10,"NO PLANTS",NA,NA,NA,NA
"DryGB3-999",2,"canopy",0.5,15,"NO PLANTS",NA,NA,NA,NA
"DryGB3-999",2,"interspace",0,15,"NO PLANTS",NA,NA,NA,NA
"DryGB3-999",2,"canopy",1,20,"NO PLANTS",NA,NA,NA,NA
"DryGB3-999",2,"interspace",0,20,"NO PLANTS",NA,NA,NA,NA
"DryGB3-999",2,"canopy",1,25,"NO PLANTS",NA,NA,NA,NA
"DryGB3-999",2,"interspace",0,25,"NO PLANTS",NA,NA,NA,NA
"DryGB3-999",3,"canopy",1,5,"NO PLANTS",NA,NA,NA,NA
"DryGB3-999",3,"interspace",1,5,"PHST11",2,2,4,1
"DryGB3-999",3,"canopy",1,10,"NO PLANTS",NA,NA,NA,NA
"DryGB3-999",3,"interspace",1,10,"SPAM2",3,3,3,1
"DryGB3-999",3,"canopy",1,15,"NO PLANTS",NA,NA,NA,NA
"DryGB3-999",3,"interspace",0,15,"NO PLANTS",NA,NA,NA,NA
"DryGB3-999",3,"canopy",1,20,"NO PLANTS",NA,NA,NA,NA
"DryGB3-999",3,"interspace",0,20,"NO PLANTS",NA,NA,NA,NA
"DryGB3-999",3,"canopy",1,25,"NO PLANTS",NA,NA,NA,NA
"DryGB3-999",3,"interspace",0,25,"NO PLANTS",NA,NA,NA,NA
"DryGB4-009",1,"canopy",1,5,"ELEL5",2,2,10,1
"DryGB4-009",1,"interspace",1,5,"POSE",4,3,6,1
"DryGB4-009",1,"interspace",0.5,5,"POSE",5,3,7,1
"DryGB4-009",1,"interspace",0,5,"BRTE",NA,NA,5,1
"DryGB4-009",1,"interspace",1,5,"PHLO2",3,2,9,1
"DryGB4-009",1,"interspace",1,5,"POSE",7,4,11,1
"DryGB4-009",1,"interspace",1,5,"POSE",2,2,4,1
"DryGB4-009",1,"interspace",0,5,"BRTE",NA,NA,5,1
"DryGB4-009",1,"interspace",0,5,"BRTE",NA,NA,5,1
"DryGB4-009",1,"interspace",0,5,"BRTE",NA,NA,5,1
"DryGB4-009",1,"interspace",0,5,"BRTE",NA,NA,5,1
"DryGB4-009",1,"interspace",0,5,"BRTE",NA,NA,5,1
"DryGB4-009",1,"canopy",1,10,"BRTE",NA,NA,8,1
"DryGB4-009",1,"canopy",1,10,"ELEL5",1,1,8,1
"DryGB4-009",1,"canopy",1,10,"BRTE",NA,NA,8,1
"DryGB4-009",1,"canopy",1,10,"BRTE",NA,NA,8,1
"DryGB4-009",1,"canopy",1,10,"BRTE",NA,NA,8,1
"DryGB4-009",1,"canopy",1,10,"BRTE",NA,NA,8,1
"DryGB4-009",1,"interspace",0,10,"BRTE",NA,NA,4,1
"DryGB4-009",1,"interspace",0,10,"BRTE",NA,NA,4,1
"DryGB4-009",1,"interspace",0,10,"BRTE",NA,NA,4,1
"DryGB4-009",1,"interspace",0,10,"BRTE",NA,NA,4,1
"DryGB4-009",1,"canopy",1,15,"PHLO2",16,5,10,1
"DryGB4-009",1,"interspace",0,15,"BRTE",NA,NA,8,1
"DryGB4-009",1,"interspace",0,15,"BRTE",NA,NA,8,1
"DryGB4-009",1,"interspace",0,15,"BRTE",NA,NA,8,1
"DryGB4-009",1,"interspace",0,15,"BRTE",NA,NA,8,1
"DryGB4-009",1,"interspace",0,15,"BRTE",NA,NA,8,1
"DryGB4-009",1,"interspace",0,15,"BRTE",NA,NA,8,1
"DryGB4-009",1,"interspace",0,15,"BRTE",NA,NA,8,1
"DryGB4-009",1,"interspace",0,15,"BRTE",NA,NA,8,1
"DryGB4-009",1,"interspace",0,15,"BRTE",NA,NA,8,1
"DryGB4-009",1,"interspace",0,15,"BRTE",NA,NA,8,1
"DryGB4-009",1,"canopy",1,20,"ELEL5",6,4,16,1
"DryGB4-009",1,"canopy",1,20,"ACHY",6,5,15,1
"DryGB4-009",1,"interspace",0,20,"BRTE",NA,NA,8,1
"DryGB4-009",1,"interspace",0,20,"BRTE",NA,NA,8,1
"DryGB4-009",1,"interspace",0,20,"BRTE",NA,NA,8,1
"DryGB4-009",1,"interspace",0,20,"BRTE",NA,NA,8,1
"DryGB4-009",1,"interspace",0,20,"BRTE",NA,NA,8,1
"DryGB4-009",1,"interspace",0,20,"BRTE",NA,NA,8,1
"DryGB4-009",1,"canopy",1,25,"NO PLANTS",NA,NA,NA,0
"DryGB4-009",1,"interspace",0,25,"BRTE",NA,NA,7,1
"DryGB4-009",1,"interspace",0,25,"BRTE",NA,NA,7,1
"DryGB4-009",1,"interspace",0,25,"BRTE",NA,NA,7,1
"DryGB4-009",1,"interspace",0,25,"BRTE",NA,NA,7,1
"DryGB4-009",1,"interspace",0,25,"BRTE",NA,NA,7,1
"DryGB4-009",2,"canopy",0,5,"PLJA",1,1,14,1
"DryGB4-009",2,"canopy",0.5,5,"ALDE",NA,NA,6,1
"DryGB4-009",2,"canopy",0,5,"PLJA",1,1,5,1
"DryGB4-009",2,"canopy",1,5,"BRTE",NA,NA,4,1
"DryGB4-009",2,"canopy",0.5,5,"ALDE",NA,NA,6,1
"DryGB4-009",2,"canopy",1,5,"BRTE",NA,NA,4,1
"DryGB4-009",2,"canopy",1,5,"BRTE",NA,NA,4,1
"DryGB4-009",2,"canopy",1,5,"BRTE",NA,NA,4,1
"DryGB4-009",2,"canopy",1,5,"BRTE",NA,NA,4,1
"DryGB4-009",2,"canopy",1,5,"BRTE",NA,NA,4,1
"DryGB4-009",2,"canopy",1,5,"BRTE",NA,NA,4,1
"DryGB4-009",2,"canopy",1,5,"BRTE",NA,NA,4,1
"DryGB4-009",2,"interspace",0,5,"PLJA",2,1,8,1
"DryGB4-009",2,"interspace",0,5,"PLJA",1,1,8,1
"DryGB4-009",2,"canopy",1,10,"POSE",1,1,8,1
"DryGB4-009",2,"canopy",1,10,"POSE",5,3,6,1
"DryGB4-009",2,"interspace",0,10,"BRTE",NA,NA,4,1
"DryGB4-009",2,"interspace",0,10,"PLJA",1,1,6,1
"DryGB4-009",2,"interspace",0,10,"PLJA",1,1,9,1
"DryGB4-009",2,"interspace",0,10,"PLJA",1,1,9,1
"DryGB4-009",2,"interspace",0.5,10,"PLJA",2,2,11,1
"DryGB4-009",2,"interspace",0.5,10,"PLJA",2,2,11,1
"DryGB4-009",2,"interspace",0,10,"BRTE",NA,NA,4,1
"DryGB4-009",2,"interspace",0,10,"BRTE",NA,NA,4,1
"DryGB4-009",2,"interspace",0,10,"BRTE",NA,NA,4,1
"DryGB4-009",2,"interspace",0,10,"BRTE",NA,NA,4,1
"DryGB4-009",2,"canopy",1,15,"ACHY",10,5,18,1
"DryGB4-009",2,"interspace",0,15,"POSE",8,5,4,1
"DryGB4-009",2,"interspace",0,15,"BRTE",NA,NA,4,1
"DryGB4-009",2,"interspace",0,15,"ALDE",NA,NA,3,1
"DryGB4-009",2,"interspace",0,15,"BRTE",NA,NA,4,1
"DryGB4-009",2,"interspace",0,15,"BRTE",NA,NA,4,1
"DryGB4-009",2,"interspace",0,15,"BRTE",NA,NA,4,1
"DryGB4-009",2,"interspace",0,15,"ALDE",NA,NA,3,1
"DryGB4-009",2,"canopy",0,20,"BRTE",NA,NA,11,1
"DryGB4-009",2,"canopy",0.5,20,"ALDE",NA,NA,13,1
"DryGB4-009",2,"canopy",0,20,"BRTE",NA,NA,11,1
"DryGB4-009",2,"canopy",0,20,"BRTE",NA,NA,11,1
"DryGB4-009",2,"canopy",0,20,"BRTE",NA,NA,11,1
"DryGB4-009",2,"canopy",0,20,"BRTE",NA,NA,11,1
"DryGB4-009",2,"canopy",0,20,"BRTE",NA,NA,11,1
"DryGB4-009",2,"canopy",0,20,"BRTE",NA,NA,11,1
"DryGB4-009",2,"canopy",0.5,20,"ALDE",NA,NA,13,1
"DryGB4-009",2,"canopy",0.5,20,"ALDE",NA,NA,13,1
"DryGB4-009",2,"interspace",1,20,"BRTE",NA,NA,6,1
"DryGB4-009",2,"interspace",1,20,"ALDE",NA,NA,4,1
"DryGB4-009",2,"interspace",1,20,"ACHY",12,7,14,1
"DryGB4-009",2,"interspace",1,20,"BRTE",NA,NA,6,1
"DryGB4-009",2,"interspace",1,20,"BRTE",NA,NA,6,1
"DryGB4-009",2,"interspace",1,20,"BRTE",NA,NA,6,1
"DryGB4-009",2,"interspace",1,20,"BRTE",NA,NA,6,1
"DryGB4-009",2,"interspace",1,20,"BRTE",NA,NA,6,1
"DryGB4-009",2,"interspace",1,20,"BRTE",NA,NA,6,1
"DryGB4-009",2,"interspace",1,20,"ALDE",NA,NA,4,1
"DryGB4-009",2,"interspace",1,20,"ALDE",NA,NA,4,1
"DryGB4-009",2,"canopy",1,25,"ELEL5",1,1,14,1
"DryGB4-009",2,"interspace",0,25,"ALDE",NA,NA,3,1
"DryGB4-009",2,"interspace",0,25,"ALDE",NA,NA,3,1
"DryGB4-009",2,"interspace",0,25,"ALDE",NA,NA,3,1
"DryGB4-009",2,"interspace",0,25,"ALDE",NA,NA,3,1
"DryGB4-009",2,"interspace",0,25,"ALDE",NA,NA,3,1
"DryGB4-009",2,"interspace",0,25,"ALDE",NA,NA,3,1
"DryGB4-009",2,"interspace",0,25,"ALDE",NA,NA,3,1
"DryGB4-009",3,"canopy",1,5,"BRTE",NA,NA,3,1
"DryGB4-009",3,"canopy",1,5,"BRTE",NA,NA,3,1
"DryGB4-009",3,"interspace",0,5,"BRTE",NA,NA,3,1
"DryGB4-009",3,"interspace",0,5,"ALDE",NA,NA,2,1
"DryGB4-009",3,"interspace",0,5,"BRTE",NA,NA,3,1
"DryGB4-009",3,"interspace",0,5,"BRTE",NA,NA,3,1
"DryGB4-009",3,"canopy",0.5,10,"POSE",3,3,6,1
"DryGB4-009",3,"interspace",1,10,"POSE",5,5,9,1
"DryGB4-009",3,"interspace",0,10,"BRTE",NA,NA,6,1
"DryGB4-009",3,"interspace",0,10,"BRTE",NA,NA,6,1
"DryGB4-009",3,"interspace",0,10,"BRTE",NA,NA,6,1
"DryGB4-009",3,"canopy",1,15,"ELEL5",9,8,16,1
"DryGB4-009",3,"canopy",1,15,"PHLO2",2,2,5,1
"DryGB4-009",3,"interspace",0,15,"BRTE",NA,NA,3,1
"DryGB4-009",3,"interspace",0,15,"BRTE",NA,NA,3,1
"DryGB4-009",3,"interspace",0,15,"BRTE",NA,NA,3,1
"DryGB4-009",3,"canopy",1,20,"POSE",2,2,7,1
"DryGB4-009",3,"canopy",1,20,"POSE",3,3,10,1
"DryGB4-009",3,"interspace",0.5,20,"BRTE",NA,NA,3,1
"DryGB4-009",3,"canopy",0,25,"ELEL5",8,3,7,1
"DryGB4-009",3,"interspace",0,25,"POSE",4,3,5,1
"DryGB4-009",3,"interspace",0,25,"BRTE",NA,NA,3,1
"DryGB4-009",3,"interspace",0,25,"BRTE",NA,NA,3,1
"DryGB4-009",3,"interspace",0,25,"BRTE",NA,NA,3,1
"DryGB4-009",3,"interspace",0,25,"BRTE",NA,NA,3,1
"DryGB4-009",3,"interspace",0,25,"BRTE",NA,NA,3,1
"DryGB4-009",3,"interspace",0,25,"BRTE",NA,NA,3,1
"DryGB4-009",3,"interspace",0,25,"BRTE",NA,NA,3,1
"DryGB4-009",3,"interspace",0,25,"BRTE",NA,NA,3,1
"DryGB4-009",3,"interspace",0,25,"BRTE",NA,NA,3,1
"DryGB5-019",1,"canopy",1,5,"NO PLANTS",NA,NA,NA,0
"DryGB5-019",1,"interspace",0,5,"NO PLANTS",NA,NA,NA,0
"DryGB5-019",1,"canopy",1,10,"PHLO2",3,3,11,1
"DryGB5-019",1,"canopy",1,10,"PHLO2",2,2,4,1
"DryGB5-019",1,"canopy",1,10,"PHLO2",2,2,4,1
"DryGB5-019",1,"interspace",0.5,10,"CANU3",1,1,25,1
"DryGB5-019",1,"canopy",1,15,"PHLO2",3,4,15,1
"DryGB5-019",1,"canopy",1,15,"PHLO2",3,5,15,1
"DryGB5-019",1,"interspace",1,15,"PHLO2",1,1,3,1
"DryGB5-019",1,"interspace",1,15,"PHLO2",1,1,3,1
"DryGB5-019",1,"interspace",1,15,"PHLO2",3,2,5,1
"DryGB5-019",1,"canopy",1,20,"NO PLANTS",NA,NA,NA,0
"DryGB5-019",1,"interspace",0,20,"NO PLANTS",NA,NA,NA,0
"DryGB5-019",1,"canopy",1,25,"CAAN7",10,6,10,1
"DryGB5-019",1,"canopy",1,25,"PHLO2",3,3,17,1
"DryGB5-019",1,"canopy",1,25,"ACHY",1,1,14,1
"DryGB5-019",1,"canopy",1,25,"ELEL5",4,3,18,1
"DryGB5-019",1,"interspace",0,25,"ACHY",1,1,9,1
"DryGB5-019",2,"canopy",1,5,"NO PLANTS",NA,NA,NA,0
"DryGB5-019",2,"interspace",0,5,"NO PLANTS",NA,NA,NA,0
"DryGB5-019",2,"canopy",1,10,"NO PLANTS",NA,NA,NA,0
"DryGB5-019",2,"interspace",1,10,"PHHO",14,8,9,1
"DryGB5-019",2,"canopy",1,15,"POSE",8,5,7,1
"DryGB5-019",2,"canopy",1,15,"POSE",10,5,10,1
"DryGB5-019",2,"canopy",1,15,"ELEL5",5,3,13,1
"DryGB5-019",2,"interspace",0,15,"NO PLANTS",NA,NA,NA,0
"DryGB5-019",2,"canopy",1,20,"POSE",5,5,11,1
"DryGB5-019",2,"interspace",0,20,"NO PLANTS",NA,NA,NA,0
"DryGB5-019",2,"canopy",1,25,"PHHO",15,15,5,1
"DryGB5-019",2,"interspace",1,25,"NO PLANTS",NA,NA,NA,0
"DryGB5-019",3,"canopy",1,5,"NO PLANTS",NA,NA,NA,0
"DryGB5-019",3,"interspace",0.5,5,"NO PLANTS",NA,NA,NA,0
"DryGB5-019",3,"canopy",1,10,"POSE",3,3,4,1
"DryGB5-019",3,"canopy",1,10,"PHHO",1,1,3,1
"DryGB5-019",3,"interspace",0,10,"NO PLANTS",NA,NA,NA,0
"DryGB5-019",3,"canopy",1,15,"POSE",6,5,11,1
"DryGB5-019",3,"interspace",0,15,"NO PLANTS",NA,NA,NA,0
"DryGB5-019",3,"canopy",1,20,"NO PLANTS",NA,NA,NA,0
"DryGB5-019",3,"interspace",0.5,20,"NO PLANTS",NA,NA,NA,0
"DryGB5-019",3,"canopy",1,25,"CANU3",5,3,36,1
"DryGB5-019",3,"canopy",1,25,"PHLO2",4,3,15,1
"DryGB5-019",3,"canopy",1,25,"PHLO2",2,2,10,1
"DryGB5-019",3,"interspace",0,25,"NO PLANTS",NA,NA,NA,0
"GB3-003",1,"canopy",1,5,"ELEL5",1,1,14,1
"GB3-003",1,"canopy",1,5,"BRTE",NA,NA,8,1
"GB3-003",1,"canopy",1,5,"BRTE",NA,NA,8,1
"GB3-003",1,"canopy",1,5,"BRTE",NA,NA,8,1
"GB3-003",1,"canopy",1,5,"BRTE",NA,NA,8,1
"GB3-003",1,"canopy",1,5,"BRTE",NA,NA,8,1
"GB3-003",1,"interspace",1,5,"ELEL5",8,5,20,1
"GB3-003",1,"interspace",1,5,"BRTE",NA,NA,8,1
"GB3-003",1,"interspace",1,5,"BRTE",NA,NA,8,1
"GB3-003",1,"interspace",1,5,"BRTE",NA,NA,8,1
"GB3-003",1,"interspace",1,5,"BRTE",NA,NA,8,1
"GB3-003",1,"interspace",1,5,"BRTE",NA,NA,8,1
"GB3-003",1,"interspace",1,5,"BRTE",NA,NA,8,1
"GB3-003",1,"interspace",1,5,"BRTE",NA,NA,8,1
"GB3-003",1,"interspace",1,5,"BRTE",NA,NA,8,1
"GB3-003",1,"interspace",1,5,"BRTE",NA,NA,8,1
"GB3-003",1,"interspace",1,5,"BRTE",NA,NA,8,1
"GB3-003",1,"interspace",1,5,"BRTE",NA,NA,8,1
"GB3-003",1,"canopy",0.5,10,"ELEL5",1,1,9,1
"GB3-003",1,"canopy",0.5,10,"ELEL5",4,3,14,1
"GB3-003",1,"canopy",0.5,10,"BRTE",NA,NA,10,1
"GB3-003",1,"canopy",0.5,10,"BRTE",NA,NA,10,1
"GB3-003",1,"canopy",0.5,10,"BRTE",NA,NA,10,1
"GB3-003",1,"canopy",0.5,10,"BRTE",NA,NA,10,1
"GB3-003",1,"canopy",0.5,10,"BRTE",NA,NA,10,1
"GB3-003",1,"canopy",0.5,10,"BRTE",NA,NA,10,1
"GB3-003",1,"canopy",0.5,10,"BRTE",NA,NA,10,1
"GB3-003",1,"canopy",0.5,10,"BRTE",NA,NA,10,1
"GB3-003",1,"canopy",0.5,10,"BRTE",NA,NA,10,1
"GB3-003",1,"canopy",0.5,10,"BRTE",NA,NA,10,1
"GB3-003",1,"canopy",0.5,10,"BRTE",NA,NA,10,1
"GB3-003",1,"canopy",0.5,10,"BRTE",NA,NA,10,1
"GB3-003",1,"canopy",0.5,10,"BRTE",NA,NA,10,1
"GB3-003",1,"canopy",0.5,10,"BRTE",NA,NA,10,1
"GB3-003",1,"interspace",1,10,"BRTE",NA,NA,12,1
"GB3-003",1,"interspace",0,10,"BRTE",NA,NA,5,1
"GB3-003",1,"interspace",1,10,"ELEL5",9,8,20,1
"GB3-003",1,"interspace",1,10,"BRTE",NA,NA,12,1
"GB3-003",1,"interspace",1,10,"BRTE",NA,NA,12,1
"GB3-003",1,"interspace",1,10,"BRTE",NA,NA,12,1
"GB3-003",1,"interspace",1,10,"BRTE",NA,NA,12,1
"GB3-003",1,"canopy",0,15,"BRTE",NA,NA,7,1
"GB3-003",1,"canopy",0,15,"ELEL5",10,7,10,1
"GB3-003",1,"canopy",0,15,"BRTE",NA,NA,7,1
"GB3-003",1,"canopy",0,15,"BRTE",NA,NA,7,1
"GB3-003",1,"interspace",0,15,"NO PLANTS",NA,NA,NA,NA
"GB3-003",1,"canopy",1,20,"BRTE",NA,NA,15,1
"GB3-003",1,"canopy",1,20,"BRTE",NA,NA,15,1
"GB3-003",1,"canopy",1,20,"BRTE",NA,NA,15,1
"GB3-003",1,"canopy",1,20,"BRTE",NA,NA,15,1
"GB3-003",1,"canopy",1,20,"BRTE",NA,NA,15,1
"GB3-003",1,"canopy",1,20,"BRTE",NA,NA,15,1
"GB3-003",1,"canopy",1,20,"BRTE",NA,NA,15,1
"GB3-003",1,"canopy",1,20,"BRTE",NA,NA,15,1
"GB3-003",1,"canopy",1,20,"BRTE",NA,NA,15,1
"GB3-003",1,"canopy",1,20,"BRTE",NA,NA,15,1
"GB3-003",1,"canopy",1,20,"BRTE",NA,NA,15,1
"GB3-003",1,"interspace",0,20,"BRTE",NA,NA,12,1
"GB3-003",1,"interspace",1,20,"BRTE",NA,NA,14,1
"GB3-003",1,"interspace",0,20,"BRTE",NA,NA,12,1
"GB3-003",1,"interspace",0,20,"BRTE",NA,NA,12,1
"GB3-003",1,"interspace",0,20,"BRTE",NA,NA,12,1
"GB3-003",1,"interspace",0,20,"BRTE",NA,NA,12,1
"GB3-003",1,"interspace",0,20,"BRTE",NA,NA,12,1
"GB3-003",1,"interspace",0,20,"BRTE",NA,NA,12,1
"GB3-003",1,"interspace",0,20,"BRTE",NA,NA,12,1
"GB3-003",1,"interspace",0,20,"BRTE",NA,NA,12,1
"GB3-003",1,"interspace",0,20,"BRTE",NA,NA,12,1
"GB3-003",1,"interspace",0,20,"BRTE",NA,NA,12,1
"GB3-003",1,"interspace",0,20,"BRTE",NA,NA,12,1
"GB3-003",1,"interspace",0,20,"BRTE",NA,NA,12,1
"GB3-003",1,"interspace",0,20,"BRTE",NA,NA,12,1
"GB3-003",1,"interspace",0,20,"BRTE",NA,NA,12,1
"GB3-003",1,"canopy",0.5,25,"BRTE",NA,NA,13,1
"GB3-003",1,"canopy",1,25,"LIPU11",29,23,22,1
"GB3-003",1,"canopy",0,25,"BRTE",NA,NA,8,1
"GB3-003",1,"canopy",0.5,25,"BRTE",NA,NA,13,1
"GB3-003",1,"canopy",0.5,25,"BRTE",NA,NA,13,1
"GB3-003",1,"canopy",0.5,25,"BRTE",NA,NA,13,1
"GB3-003",1,"canopy",0.5,25,"BRTE",NA,NA,13,1
"GB3-003",1,"canopy",0.5,25,"BRTE",NA,NA,13,1
"GB3-003",1,"canopy",0.5,25,"BRTE",NA,NA,13,1
"GB3-003",1,"canopy",0.5,25,"BRTE",NA,NA,13,1
"GB3-003",1,"canopy",0.5,25,"BRTE",NA,NA,13,1
"GB3-003",1,"interspace",0,25,"BRTE",NA,NA,8,1
"GB3-003",1,"interspace",0,25,"BRTE",NA,NA,8,1
"GB3-003",1,"interspace",0,25,"BRTE",NA,NA,8,1
"GB3-003",1,"interspace",0,25,"BRTE",NA,NA,8,1
"GB3-003",1,"interspace",0,25,"BRTE",NA,NA,8,1
"GB3-003",1,"interspace",0,25,"BRTE",NA,NA,8,1
"GB3-003",1,"interspace",0,25,"BRTE",NA,NA,8,1
"GB3-003",2,"canopy",1,5,"BRTE",NA,NA,8,1
"GB3-003",2,"canopy",1,5,"BRTE",NA,NA,8,1
"GB3-003",2,"canopy",1,5,"BRTE",NA,NA,8,1
"GB3-003",2,"canopy",1,5,"BRTE",NA,NA,8,1
"GB3-003",2,"canopy",1,5,"BRTE",NA,NA,8,1
"GB3-003",2,"canopy",1,5,"BRTE",NA,NA,8,1
"GB3-003",2,"canopy",1,5,"BRTE",NA,NA,8,1
"GB3-003",2,"canopy",1,5,"BRTE",NA,NA,8,1
"GB3-003",2,"canopy",1,5,"BRTE",NA,NA,8,1
"GB3-003",2,"canopy",1,5,"BRTE",NA,NA,8,1
"GB3-003",2,"canopy",1,5,"BRTE",NA,NA,8,1
"GB3-003",2,"canopy",1,5,"BRTE",NA,NA,8,1
"GB3-003",2,"canopy",1,5,"BRTE",NA,NA,8,1
"GB3-003",2,"canopy",1,5,"BRTE",NA,NA,8,1
"GB3-003",2,"canopy",1,5,"BRTE",NA,NA,8,1
"GB3-003",2,"interspace",0,5,"BRTE",NA,NA,7,1
"GB3-003",2,"interspace",0,5,"BRTE",NA,NA,7,1
"GB3-003",2,"canopy",1,10,"BRTE",NA,NA,7,1
"GB3-003",2,"canopy",1,10,"GIIN2",NA,NA,3,1
"GB3-003",2,"canopy",1,10,"ELEL5",8,5,25,1
"GB3-003",2,"canopy",1,10,"BRTE",NA,NA,7,1
"GB3-003",2,"canopy",1,10,"BRTE",NA,NA,7,1
"GB3-003",2,"canopy",1,10,"BRTE",NA,NA,7,1
"GB3-003",2,"canopy",1,10,"GIIN2",NA,NA,3,1
"GB3-003",2,"interspace",0,10,"NO PLANTS",NA,NA,NA,NA
"GB3-003",2,"canopy",1,15,"BRTE",NA,NA,5,1
"GB3-003",2,"canopy",1,15,"ELEL5",6,5,19,1
"GB3-003",2,"canopy",1,15,"ELEL5",5,3,18,1
"GB3-003",2,"canopy",1,15,"ELEL5",1,1,15,1
"GB3-003",2,"interspace",0.5,15,"NO PLANTS",NA,NA,NA,NA
"GB3-003",2,"canopy",1,20,"BRTE",NA,NA,6,1
"GB3-003",2,"canopy",1,20,"ELEL5",9,6,22,1
"GB3-003",2,"canopy",1,20,"BRTE",NA,NA,6,1
"GB3-003",2,"interspace",0,20,"NO PLANTS",NA,NA,NA,NA
"GB3-003",2,"canopy",1,25,"ELEL5",3,2,8,1
"GB3-003",2,"canopy",1,25,"ELEL5",1,2,10,1
"GB3-003",2,"canopy",1,25,"BRTE",NA,NA,5,1
"GB3-003",2,"canopy",1,25,"BRTE",NA,NA,5,1
"GB3-003",2,"canopy",1,25,"BRTE",NA,NA,5,1
"GB3-003",2,"interspace",0,25,"NO PLANTS",NA,NA,NA,NA
"GB3-003",3,"canopy",1,5,"POSE",7,4,14,1
"GB3-003",3,"canopy",1,5,"ELEL5",4,3,14,1
"GB3-003",3,"canopy",1,5,"POSE",3,3,11,1
"GB3-003",3,"canopy",1,5,"BRTE",NA,NA,8,1
"GB3-003",3,"interspace",0,5,"POSE",3,3,7,1
"GB3-003",3,"interspace",1,5,"BRTE",NA,NA,8,1
"GB3-003",3,"interspace",1,5,"ELEL5",10,8,22,1
"GB3-003",3,"interspace",1,5,"BRTE",NA,NA,8,1
"GB3-003",3,"interspace",1,5,"BRTE",NA,NA,8,1
"GB3-003",3,"interspace",1,5,"BRTE",NA,NA,8,1
"GB3-003",3,"interspace",1,5,"BRTE",NA,NA,8,1
"GB3-003",3,"interspace",1,5,"BRTE",NA,NA,8,1
"GB3-003",3,"interspace",1,5,"BRTE",NA,NA,8,1
"GB3-003",3,"interspace",1,5,"BRTE",NA,NA,8,1
"GB3-003",3,"canopy",1,10,"POSE",1,1,5,1
"GB3-003",3,"canopy",1,10,"BRTE",NA,NA,7,1
"GB3-003",3,"interspace",0,10,"BRTE",NA,NA,5,1
"GB3-003",3,"interspace",0,10,"BRTE",NA,NA,5,1
"GB3-003",3,"canopy",1,15,"ELEL5",12,11,18,1
"GB3-003",3,"canopy",0.5,15,"BRTE",NA,NA,9,1
"GB3-003",3,"canopy",1,15,"ELEL5",8,5,15,1
"GB3-003",3,"interspace",0,15,"PLJA",NA,NA,5,1
"GB3-003",3,"interspace",0,15,"BRTE",NA,NA,5,1
"GB3-003",3,"interspace",0,15,"PLJA",NA,NA,5,1
"GB3-003",3,"interspace",0,15,"PLJA",NA,NA,5,1
"GB3-003",3,"interspace",0,15,"PLJA",NA,NA,5,1
"GB3-003",3,"interspace",0,15,"PLJA",NA,NA,5,1
"GB3-003",3,"interspace",0,15,"PLJA",NA,NA,5,1
"GB3-003",3,"interspace",0,15,"PLJA",NA,NA,5,1
"GB3-003",3,"interspace",0,15,"PLJA",NA,NA,5,1
"GB3-003",3,"interspace",0,15,"BRTE",NA,NA,5,1
"GB3-003",3,"interspace",0,15,"BRTE",NA,NA,5,1
"GB3-003",3,"interspace",0,15,"BRTE",NA,NA,5,1
"GB3-003",3,"interspace",0,15,"BRTE",NA,NA,5,1
"GB3-003",3,"interspace",0,15,"BRTE",NA,NA,5,1
"GB3-003",3,"interspace",0,15,"BRTE",NA,NA,5,1
"GB3-003",3,"interspace",0,15,"BRTE",NA,NA,5,1
"GB3-003",3,"interspace",0,15,"BRTE",NA,NA,5,1
"GB3-003",3,"interspace",0,15,"BRTE",NA,NA,5,1
"GB3-003",3,"interspace",0,15,"BRTE",NA,NA,5,1
"GB3-003",3,"interspace",0,15,"BRTE",NA,NA,5,1
"GB3-003",3,"interspace",0,15,"BRTE",NA,NA,5,1
"GB3-003",3,"interspace",0,15,"BRTE",NA,NA,5,1
"GB3-003",3,"interspace",0,15,"BRTE",NA,NA,5,1
"GB3-003",3,"interspace",0,15,"BRTE",NA,NA,5,1
"GB3-003",3,"interspace",0,15,"BRTE",NA,NA,5,1
"GB3-003",3,"interspace",0,15,"BRTE",NA,NA,5,1
"GB3-003",3,"interspace",0,15,"BRTE",NA,NA,5,1
"GB3-003",3,"interspace",0,15,"BRTE",NA,NA,5,1
"GB3-003",3,"interspace",0,15,"BRTE",NA,NA,5,1
"GB3-003",3,"interspace",0,15,"BRTE",NA,NA,5,1
"GB3-003",3,"interspace",0,15,"BRTE",NA,NA,5,1
"GB3-003",3,"interspace",0,15,"BRTE",NA,NA,5,1
"GB3-003",3,"interspace",0,15,"BRTE",NA,NA,5,1
"GB3-003",3,"interspace",0,15,"BRTE",NA,NA,5,1
"GB3-003",3,"interspace",0,15,"BRTE",NA,NA,5,1
"GB3-003",3,"interspace",0,15,"BRTE",NA,NA,5,1
"GB3-003",3,"interspace",0,15,"BRTE",NA,NA,5,1
"GB3-003",3,"interspace",0,15,"BRTE",NA,NA,5,1
"GB3-003",3,"interspace",0,15,"BRTE",NA,NA,5,1
"GB3-003",3,"interspace",0,15,"BRTE",NA,NA,5,1
"GB3-003",3,"interspace",0,15,"BRTE",NA,NA,5,1
"GB3-003",3,"interspace",0,15,"BRTE",NA,NA,5,1
"GB3-003",3,"interspace",0,15,"BRTE",NA,NA,5,1
"GB3-003",3,"interspace",0,15,"BRTE",NA,NA,5,1
"GB3-003",3,"interspace",0,15,"BRTE",NA,NA,5,1
"GB3-003",3,"canopy",0.5,20,"ELEL5",2,1,10,1
"GB3-003",3,"canopy",0.5,20,"DEPI",NA,NA,4,1
"GB3-003",3,"canopy",0.5,20,"BRTE",NA,NA,9,1
"GB3-003",3,"canopy",0.5,20,"DEPI",NA,NA,4,1
"GB3-003",3,"canopy",0.5,20,"DEPI",NA,NA,4,1
"GB3-003",3,"canopy",0.5,20,"BRTE",NA,NA,9,1
"GB3-003",3,"canopy",0.5,20,"BRTE",NA,NA,9,1
"GB3-003",3,"canopy",0.5,20,"BRTE",NA,NA,9,1
"GB3-003",3,"canopy",0.5,20,"BRTE",NA,NA,9,1
"GB3-003",3,"canopy",0.5,20,"BRTE",NA,NA,9,1
"GB3-003",3,"interspace",0,20,"NO PLANTS",NA,NA,NA,NA
"GB3-003",3,"canopy",1,25,"BRTE",NA,NA,7,1
"GB3-003",3,"canopy",0,25,"BRTE",NA,NA,8,1
"GB3-003",3,"canopy",0,25,"ELEL5",9,7,12,1
"GB3-003",3,"canopy",1,25,"BRTE",NA,NA,7,1
"GB3-003",3,"canopy",1,25,"BRTE",NA,NA,7,1
"GB3-003",3,"canopy",1,25,"BRTE",NA,NA,7,1
"GB3-003",3,"canopy",1,25,"BRTE",NA,NA,7,1
"GB3-003",3,"canopy",1,25,"BRTE",NA,NA,7,1
"GB3-003",3,"canopy",1,25,"BRTE",NA,NA,7,1
"GB3-003",3,"canopy",1,25,"BRTE",NA,NA,7,1
"GB3-003",3,"canopy",1,25,"BRTE",NA,NA,7,1
"GB3-003",3,"canopy",1,25,"BRTE",NA,NA,7,1
"GB3-003",3,"canopy",1,25,"BRTE",NA,NA,7,1
"GB3-003",3,"canopy",1,25,"BRTE",NA,NA,7,1
"GB3-003",3,"canopy",1,25,"BRTE",NA,NA,7,1
"GB3-003",3,"canopy",1,25,"BRTE",NA,NA,7,1
"GB3-003",3,"canopy",1,25,"BRTE",NA,NA,7,1
"GB3-003",3,"canopy",1,25,"BRTE",NA,NA,7,1
"GB3-003",3,"canopy",1,25,"BRTE",NA,NA,7,1
"GB3-003",3,"canopy",1,25,"BRTE",NA,NA,7,1
"GB3-003",3,"canopy",1,25,"BRTE",NA,NA,7,1
"GB3-003",3,"canopy",1,25,"BRTE",NA,NA,7,1
"GB3-003",3,"canopy",1,25,"BRTE",NA,NA,7,1
"GB3-003",3,"canopy",1,25,"BRTE",NA,NA,7,1
"GB3-003",3,"canopy",0,25,"BRTE",NA,NA,8,1
"GB3-003",3,"canopy",0,25,"BRTE",NA,NA,8,1
"GB3-003",3,"canopy",0,25,"BRTE",NA,NA,8,1
"GB3-003",3,"interspace",0,25,"NO PLANTS",NA,NA,NA,NA
"GB3-014",1,"canopy",0,5,"BRTE",NA,NA,8,1
"GB3-014",1,"canopy",1,5,"BRTE",NA,NA,3,1
"GB3-014",1,"canopy",0,5,"BRTE",NA,NA,8,1
"GB3-014",1,"canopy",0,5,"BRTE",NA,NA,8,1
"GB3-014",1,"canopy",0,5,"BRTE",NA,NA,8,1
"GB3-014",1,"canopy",0,5,"BRTE",NA,NA,8,1
"GB3-014",1,"canopy",0,5,"BRTE",NA,NA,8,1
"GB3-014",1,"canopy",0,5,"BRTE",NA,NA,8,1
"GB3-014",1,"canopy",0,5,"BRTE",NA,NA,8,1
"GB3-014",1,"canopy",1,5,"BRTE",NA,NA,3,1
"GB3-014",1,"interspace",0,5,"NO PLANTS",NA,NA,NA,NA
"GB3-014",1,"canopy",1,10,"POSE",1,1,2,1
"GB3-014",1,"canopy",1,10,"BRTE",NA,NA,4,1
"GB3-014",1,"canopy",1,10,"POSE",1,1,4,1
"GB3-014",1,"canopy",1,10,"POSE",1,1,2,1
"GB3-014",1,"canopy",1,10,"POSE",1,1,2,1
"GB3-014",1,"canopy",1,10,"POSE",1,1,2,1
"GB3-014",1,"canopy",1,10,"POSE",1,1,2,1
"GB3-014",1,"canopy",1,10,"BRTE",NA,NA,4,1
"GB3-014",1,"canopy",1,10,"BRTE",NA,NA,4,1
"GB3-014",1,"canopy",1,10,"BRTE",NA,NA,4,1
"GB3-014",1,"canopy",1,10,"BRTE",NA,NA,4,1
"GB3-014",1,"canopy",1,10,"BRTE",NA,NA,4,1
"GB3-014",1,"canopy",1,10,"BRTE",NA,NA,4,1
"GB3-014",1,"canopy",1,10,"BRTE",NA,NA,4,1
"GB3-014",1,"canopy",1,10,"BRTE",NA,NA,4,1
"GB3-014",1,"canopy",1,10,"BRTE",NA,NA,4,1
"GB3-014",1,"canopy",1,10,"BRTE",NA,NA,4,1
"GB3-014",1,"canopy",1,10,"BRTE",NA,NA,4,1
"GB3-014",1,"canopy",1,10,"BRTE",NA,NA,4,1
"GB3-014",1,"canopy",1,10,"BRTE",NA,NA,4,1
"GB3-014",1,"canopy",1,10,"BRTE",NA,NA,4,1
"GB3-014",1,"canopy",1,10,"BRTE",NA,NA,4,1
"GB3-014",1,"canopy",1,10,"BRTE",NA,NA,4,1
"GB3-014",1,"canopy",1,10,"POSE",1,1,4,1
"GB3-014",1,"canopy",1,10,"POSE",1,1,4,1
"GB3-014",1,"canopy",1,10,"POSE",1,1,4,1
"GB3-014",1,"interspace",0,10,"NO PLANTS",NA,NA,NA,NA
"GB3-014",1,"canopy",1,15,"BRTE",NA,NA,10,1
"GB3-014",1,"canopy",0.5,15,"DEPI",NA,NA,5,1
"GB3-014",1,"canopy",0.5,15,"BRTE",NA,NA,10,1
"GB3-014",1,"canopy",1,15,"BRTE",NA,NA,10,1
"GB3-014",1,"canopy",1,15,"BRTE",NA,NA,10,1
"GB3-014",1,"canopy",1,15,"BRTE",NA,NA,10,1
"GB3-014",1,"canopy",1,15,"BRTE",NA,NA,10,1
"GB3-014",1,"canopy",1,15,"BRTE",NA,NA,10,1
"GB3-014",1,"canopy",1,15,"BRTE",NA,NA,10,1
"GB3-014",1,"canopy",1,15,"BRTE",NA,NA,10,1
"GB3-014",1,"canopy",1,15,"BRTE",NA,NA,10,1
"GB3-014",1,"canopy",0.5,15,"BRTE",NA,NA,10,1
"GB3-014",1,"canopy",0.5,15,"BRTE",NA,NA,10,1
"GB3-014",1,"canopy",0.5,15,"BRTE",NA,NA,10,1
"GB3-014",1,"canopy",0.5,15,"BRTE",NA,NA,10,1
"GB3-014",1,"canopy",0.5,15,"BRTE",NA,NA,10,1
"GB3-014",1,"canopy",0.5,15,"BRTE",NA,NA,10,1
"GB3-014",1,"canopy",0.5,15,"BRTE",NA,NA,10,1
"GB3-014",1,"interspace",0,15,"COPA3",NA,NA,2,1
"GB3-014",1,"interspace",0,15,"COPA3",NA,NA,2,1
"GB3-014",1,"canopy",0.5,20,"BRTE",NA,NA,9,1
"GB3-014",1,"canopy",0.5,20,"ELEL5",1,1,10,1
"GB3-014",1,"canopy",0.5,20,"ELEL5",5,2,18,1
"GB3-014",1,"canopy",0.5,20,"BRTE",NA,NA,9,1
"GB3-014",1,"canopy",0.5,20,"BRTE",NA,NA,9,1
"GB3-014",1,"canopy",0.5,20,"BRTE",NA,NA,9,1
"GB3-014",1,"canopy",0.5,20,"BRTE",NA,NA,9,1
"GB3-014",1,"canopy",0.5,20,"BRTE",NA,NA,9,1
"GB3-014",1,"canopy",0.5,20,"BRTE",NA,NA,9,1
"GB3-014",1,"canopy",0.5,20,"BRTE",NA,NA,9,1
"GB3-014",1,"canopy",0.5,20,"BRTE",NA,NA,9,1
"GB3-014",1,"canopy",0.5,20,"BRTE",NA,NA,9,1
"GB3-014",1,"canopy",0.5,20,"BRTE",NA,NA,9,1
"GB3-014",1,"canopy",0.5,20,"BRTE",NA,NA,9,1
"GB3-014",1,"canopy",0.5,20,"BRTE",NA,NA,9,1
"GB3-014",1,"canopy",0.5,20,"BRTE",NA,NA,9,1
"GB3-014",1,"interspace",0,20,"BRTE",NA,NA,6,1
"GB3-014",1,"canopy",1,25,"DEPI",NA,NA,13,1
"GB3-014",1,"canopy",1,25,"BRTE",NA,NA,10,1
"GB3-014",1,"interspace",0,25,"DEPI",NA,NA,1,1
"GB3-014",1,"interspace",0,25,"BRTE",NA,NA,6,1
"GB3-014",1,"interspace",0,25,"BRTE",NA,NA,6,1
"GB3-014",1,"interspace",0,25,"BRTE",NA,NA,6,1
"GB3-014",1,"interspace",0,25,"BRTE",NA,NA,6,1
"GB3-014",1,"interspace",0,25,"BRTE",NA,NA,6,1
"GB3-014",1,"interspace",0,25,"BRTE",NA,NA,6,1
"GB3-014",1,"interspace",0,25,"BRTE",NA,NA,6,1
"GB3-014",1,"interspace",0,25,"BRTE",NA,NA,6,1
"GB3-014",1,"interspace",0,25,"BRTE",NA,NA,6,1
"GB3-014",1,"interspace",0,25,"BRTE",NA,NA,6,1
"GB3-014",1,"interspace",0,25,"BRTE",NA,NA,6,1
"GB3-014",2,"canopy",1,5,"BRTE",NA,NA,12,1
"GB3-014",2,"canopy",1,5,"BRTE",NA,NA,12,1
"GB3-014",2,"canopy",1,5,"BRTE",NA,NA,12,1
"GB3-014",2,"canopy",1,5,"BRTE",NA,NA,12,1
"GB3-014",2,"canopy",1,5,"BRTE",NA,NA,12,1
"GB3-014",2,"canopy",1,5,"BRTE",NA,NA,12,1
"GB3-014",2,"canopy",1,5,"BRTE",NA,NA,12,1
"GB3-014",2,"canopy",1,5,"BRTE",NA,NA,12,1
"GB3-014",2,"canopy",1,5,"BRTE",NA,NA,12,1
"GB3-014",2,"canopy",1,5,"BRTE",NA,NA,12,1
"GB3-014",2,"interspace",0,5,"MIGR",NA,NA,3,1
"GB3-014",2,"interspace",0,5,"BRTE",NA,NA,9,1
"GB3-014",2,"interspace",0,5,"VUOC",NA,NA,3,1
"GB3-014",2,"interspace",0,5,"PLMA4",NA,NA,4,1
"GB3-014",2,"interspace",0,5,"MIGR",NA,NA,3,1
"GB3-014",2,"interspace",0,5,"MIGR",NA,NA,3,1
"GB3-014",2,"interspace",0,5,"MIGR",NA,NA,3,1
"GB3-014",2,"interspace",0,5,"BRTE",NA,NA,9,1
"GB3-014",2,"interspace",0,5,"BRTE",NA,NA,9,1
"GB3-014",2,"interspace",0,5,"BRTE",NA,NA,9,1
"GB3-014",2,"interspace",0,5,"BRTE",NA,NA,9,1
"GB3-014",2,"interspace",0,5,"BRTE",NA,NA,9,1
"GB3-014",2,"interspace",0,5,"BRTE",NA,NA,9,1
"GB3-014",2,"interspace",0,5,"BRTE",NA,NA,9,1
"GB3-014",2,"interspace",0,5,"BRTE",NA,NA,9,1
"GB3-014",2,"interspace",0,5,"BRTE",NA,NA,9,1
"GB3-014",2,"interspace",0,5,"BRTE",NA,NA,9,1
"GB3-014",2,"interspace",0,5,"BRTE",NA,NA,9,1
"GB3-014",2,"interspace",0,5,"BRTE",NA,NA,9,1
"GB3-014",2,"interspace",0,5,"BRTE",NA,NA,9,1
"GB3-014",2,"interspace",0,5,"BRTE",NA,NA,9,1
"GB3-014",2,"interspace",0,5,"BRTE",NA,NA,9,1
"GB3-014",2,"interspace",0,5,"BRTE",NA,NA,9,1
"GB3-014",2,"interspace",0,5,"VUOC",NA,NA,3,1
"GB3-014",2,"interspace",0,5,"VUOC",NA,NA,3,1
"GB3-014",2,"interspace",0,5,"VUOC",NA,NA,3,1
"GB3-014",2,"interspace",0,5,"VUOC",NA,NA,3,1
"GB3-014",2,"interspace",0,5,"VUOC",NA,NA,3,1
"GB3-014",2,"interspace",0,5,"VUOC",NA,NA,3,1
"GB3-014",2,"interspace",0,5,"VUOC",NA,NA,3,1
"GB3-014",2,"interspace",0,5,"VUOC",NA,NA,3,1
"GB3-014",2,"interspace",0,5,"VUOC",NA,NA,3,1
"GB3-014",2,"interspace",0,5,"VUOC",NA,NA,3,1
"GB3-014",2,"interspace",0,5,"VUOC",NA,NA,3,1
"GB3-014",2,"interspace",0,5,"VUOC",NA,NA,3,1
"GB3-014",2,"interspace",0,5,"VUOC",NA,NA,3,1
"GB3-014",2,"interspace",0,5,"VUOC",NA,NA,3,1
"GB3-014",2,"interspace",0,5,"VUOC",NA,NA,3,1
"GB3-014",2,"interspace",0,5,"VUOC",NA,NA,3,1
"GB3-014",2,"interspace",0,5,"VUOC",NA,NA,3,1
"GB3-014",2,"interspace",0,5,"VUOC",NA,NA,3,1
"GB3-014",2,"interspace",0,5,"VUOC",NA,NA,3,1
"GB3-014",2,"interspace",0,5,"VUOC",NA,NA,3,1
"GB3-014",2,"interspace",0,5,"VUOC",NA,NA,3,1
"GB3-014",2,"interspace",0,5,"VUOC",NA,NA,3,1
"GB3-014",2,"interspace",0,5,"VUOC",NA,NA,3,1
"GB3-014",2,"interspace",0,5,"VUOC",NA,NA,3,1
"GB3-014",2,"interspace",0,5,"VUOC",NA,NA,3,1
"GB3-014",2,"interspace",0,5,"VUOC",NA,NA,3,1
"GB3-014",2,"interspace",0,5,"VUOC",NA,NA,3,1
"GB3-014",2,"interspace",0,5,"VUOC",NA,NA,3,1
"GB3-014",2,"interspace",0,5,"VUOC",NA,NA,3,1
"GB3-014",2,"interspace",0,5,"VUOC",NA,NA,3,1
"GB3-014",2,"interspace",0,5,"VUOC",NA,NA,3,1
"GB3-014",2,"interspace",0,5,"VUOC",NA,NA,3,1
"GB3-014",2,"interspace",0,5,"VUOC",NA,NA,3,1
"GB3-014",2,"interspace",0,5,"VUOC",NA,NA,3,1
"GB3-014",2,"interspace",0,5,"VUOC",NA,NA,3,1
"GB3-014",2,"canopy",0.5,10,"DEPI",NA,NA,5,1
"GB3-014",2,"canopy",0.5,10,"BRTE",NA,NA,9,1
"GB3-014",2,"canopy",0.5,10,"BRTE",NA,NA,9,1
"GB3-014",2,"canopy",0.5,10,"BRTE",NA,NA,9,1
"GB3-014",2,"canopy",0.5,10,"BRTE",NA,NA,9,1
"GB3-014",2,"canopy",0.5,10,"BRTE",NA,NA,9,1
"GB3-014",2,"canopy",0.5,10,"BRTE",NA,NA,9,1
"GB3-014",2,"canopy",0.5,10,"BRTE",NA,NA,9,1
"GB3-014",2,"canopy",0.5,10,"BRTE",NA,NA,9,1
"GB3-014",2,"canopy",0.5,10,"BRTE",NA,NA,9,1
"GB3-014",2,"canopy",0.5,10,"BRTE",NA,NA,9,1
"GB3-014",2,"canopy",0.5,10,"BRTE",NA,NA,9,1
"GB3-014",2,"canopy",0.5,10,"BRTE",NA,NA,9,1
"GB3-014",2,"canopy",0.5,10,"BRTE",NA,NA,9,1
"GB3-014",2,"canopy",0.5,10,"BRTE",NA,NA,9,1
"GB3-014",2,"canopy",0.5,10,"BRTE",NA,NA,9,1
"GB3-014",2,"canopy",0.5,10,"BRTE",NA,NA,9,1
"GB3-014",2,"canopy",0.5,10,"BRTE",NA,NA,9,1
"GB3-014",2,"interspace",1,10,"COPA3",NA,NA,4,1
"GB3-014",2,"interspace",1,10,"BRTE",NA,NA,7,1
"GB3-014",2,"interspace",1,10,"COPA3",NA,NA,4,1
"GB3-014",2,"interspace",1,10,"COPA3",NA,NA,4,1
"GB3-014",2,"interspace",1,10,"COPA3",NA,NA,4,1
"GB3-014",2,"interspace",1,10,"COPA3",NA,NA,4,1
"GB3-014",2,"interspace",1,10,"COPA3",NA,NA,4,1
"GB3-014",2,"interspace",1,10,"COPA3",NA,NA,4,1
"GB3-014",2,"interspace",1,10,"COPA3",NA,NA,4,1
"GB3-014",2,"interspace",1,10,"BRTE",NA,NA,7,1
"GB3-014",2,"interspace",1,10,"BRTE",NA,NA,7,1
"GB3-014",2,"interspace",1,10,"BRTE",NA,NA,7,1
"GB3-014",2,"interspace",1,10,"BRTE",NA,NA,7,1
"GB3-014",2,"interspace",1,10,"BRTE",NA,NA,7,1
"GB3-014",2,"interspace",1,10,"BRTE",NA,NA,7,1
"GB3-014",2,"interspace",1,10,"BRTE",NA,NA,7,1
"GB3-014",2,"interspace",1,10,"BRTE",NA,NA,7,1
"GB3-014",2,"interspace",1,10,"BRTE",NA,NA,7,1
"GB3-014",2,"interspace",1,10,"BRTE",NA,NA,7,1
"GB3-014",2,"interspace",1,10,"BRTE",NA,NA,7,1
"GB3-014",2,"interspace",1,10,"BRTE",NA,NA,7,1
"GB3-014",2,"interspace",1,10,"BRTE",NA,NA,7,1
"GB3-014",2,"interspace",1,10,"BRTE",NA,NA,7,1
"GB3-014",2,"interspace",1,10,"BRTE",NA,NA,7,1
"GB3-014",2,"interspace",1,10,"BRTE",NA,NA,7,1
"GB3-014",2,"canopy",0.5,15,"BRTE",NA,NA,8,1
"GB3-014",2,"canopy",1,15,"ELMU3",1,1,8,1
"GB3-014",2,"canopy",1,15,"POSE",5,4,12,1
"GB3-014",2,"canopy",0.5,15,"BRTE",NA,NA,8,1
"GB3-014",2,"canopy",0.5,15,"BRTE",NA,NA,8,1
"GB3-014",2,"canopy",0.5,15,"BRTE",NA,NA,8,1
"GB3-014",2,"canopy",0.5,15,"BRTE",NA,NA,8,1
"GB3-014",2,"canopy",0.5,15,"BRTE",NA,NA,8,1
"GB3-014",2,"canopy",0.5,15,"BRTE",NA,NA,8,1
"GB3-014",2,"canopy",0.5,15,"BRTE",NA,NA,8,1
"GB3-014",2,"canopy",0.5,15,"BRTE",NA,NA,8,1
"GB3-014",2,"canopy",0.5,15,"BRTE",NA,NA,8,1
"GB3-014",2,"canopy",0.5,15,"BRTE",NA,NA,8,1
"GB3-014",2,"canopy",0.5,15,"BRTE",NA,NA,8,1
"GB3-014",2,"canopy",0.5,15,"BRTE",NA,NA,8,1
"GB3-014",2,"canopy",0.5,15,"BRTE",NA,NA,8,1
"GB3-014",2,"canopy",0.5,15,"BRTE",NA,NA,8,1
"GB3-014",2,"canopy",0.5,15,"BRTE",NA,NA,8,1
"GB3-014",2,"interspace",0,15,"NO PLANTS",NA,NA,NA,NA
"GB3-014",2,"canopy",1,20,"NO PLANTS",NA,NA,NA,NA
"GB3-014",2,"interspace",0,20,"DEPI",NA,NA,4,1
"GB3-014",2,"interspace",0,20,"DEPI",NA,NA,4,1
"GB3-014",2,"interspace",0,20,"DEPI",NA,NA,4,1
"GB3-014",2,"canopy",1,25,"BRTE",NA,NA,5,1
"GB3-014",2,"canopy",1,25,"BRTE",NA,NA,5,1
"GB3-014",2,"canopy",1,25,"BRTE",NA,NA,5,1
"GB3-014",2,"canopy",1,25,"BRTE",NA,NA,5,1
"GB3-014",2,"canopy",1,25,"BRTE",NA,NA,5,1
"GB3-014",2,"canopy",1,25,"BRTE",NA,NA,5,1
"GB3-014",2,"canopy",1,25,"BRTE",NA,NA,5,1
"GB3-014",2,"canopy",1,25,"BRTE",NA,NA,5,1
"GB3-014",2,"canopy",1,25,"BRTE",NA,NA,5,1
"GB3-014",2,"interspace",0,25,"COPA3",NA,NA,2,1
"GB3-014",2,"interspace",0,25,"BRTE",NA,NA,3,1
"GB3-014",3,"canopy",0.5,5,"BRTE",NA,NA,5,1
"GB3-014",3,"canopy",1,5,"COPA3",NA,NA,2,1
"GB3-014",3,"canopy",0.5,5,"BRTE",NA,NA,5,1
"GB3-014",3,"canopy",0.5,5,"BRTE",NA,NA,5,1
"GB3-014",3,"canopy",0.5,5,"BRTE",NA,NA,5,1
"GB3-014",3,"canopy",0.5,5,"BRTE",NA,NA,5,1
"GB3-014",3,"canopy",0.5,5,"BRTE",NA,NA,5,1
"GB3-014",3,"interspace",0,5,"NO PLANTS",NA,NA,NA,NA
"GB3-014",3,"canopy",0.5,10,"BRTE",NA,NA,6,1
"GB3-014",3,"canopy",1,10,"BRTE",NA,NA,5,1
"GB3-014",3,"interspace",0,10,"COPA3",NA,NA,2,1
"GB3-014",3,"interspace",0,10,"BRTE",NA,NA,6,1
"GB3-014",3,"interspace",0,10,"MIGR",NA,NA,4,1
"GB3-014",3,"interspace",0,10,"COPA3",NA,NA,2,1
"GB3-014",3,"interspace",0,10,"COPA3",NA,NA,2,1
"GB3-014",3,"interspace",0,10,"BRTE",NA,NA,6,1
"GB3-014",3,"interspace",0,10,"BRTE",NA,NA,6,1
"GB3-014",3,"interspace",0,10,"BRTE",NA,NA,6,1
"GB3-014",3,"interspace",0,10,"BRTE",NA,NA,6,1
"GB3-014",3,"interspace",0,10,"BRTE",NA,NA,6,1
"GB3-014",3,"interspace",0,10,"BRTE",NA,NA,6,1
"GB3-014",3,"interspace",0,10,"BRTE",NA,NA,6,1
"GB3-014",3,"interspace",0,10,"BRTE",NA,NA,6,1
"GB3-014",3,"interspace",0,10,"BRTE",NA,NA,6,1
"GB3-014",3,"interspace",0,10,"BRTE",NA,NA,6,1
"GB3-014",3,"interspace",0,10,"BRTE",NA,NA,6,1
"GB3-014",3,"interspace",0,10,"BRTE",NA,NA,6,1
"GB3-014",3,"interspace",0,10,"BRTE",NA,NA,6,1
"GB3-014",3,"interspace",0,10,"BRTE",NA,NA,6,1
"GB3-014",3,"interspace",0,10,"BRTE",NA,NA,6,1
"GB3-014",3,"interspace",0,10,"BRTE",NA,NA,6,1
"GB3-014",3,"interspace",0,10,"BRTE",NA,NA,6,1
"GB3-014",3,"interspace",0,10,"BRTE",NA,NA,6,1
"GB3-014",3,"interspace",0,10,"BRTE",NA,NA,6,1
"GB3-014",3,"interspace",0,10,"BRTE",NA,NA,6,1
"GB3-014",3,"interspace",0,10,"BRTE",NA,NA,6,1
"GB3-014",3,"interspace",0,10,"BRTE",NA,NA,6,1
"GB3-014",3,"interspace",0,10,"BRTE",NA,NA,6,1
"GB3-014",3,"interspace",0,10,"BRTE",NA,NA,6,1
"GB3-014",3,"interspace",0,10,"BRTE",NA,NA,6,1
"GB3-014",3,"interspace",0,10,"BRTE",NA,NA,6,1
"GB3-014",3,"interspace",0,10,"BRTE",NA,NA,6,1
"GB3-014",3,"interspace",0,10,"BRTE",NA,NA,6,1
"GB3-014",3,"interspace",0,10,"BRTE",NA,NA,6,1
"GB3-014",3,"interspace",0,10,"BRTE",NA,NA,6,1
"GB3-014",3,"interspace",0,10,"BRTE",NA,NA,6,1
"GB3-014",3,"interspace",0,10,"BRTE",NA,NA,6,1
"GB3-014",3,"interspace",0,10,"BRTE",NA,NA,6,1
"GB3-014",3,"interspace",0,10,"BRTE",NA,NA,6,1
"GB3-014",3,"interspace",0,10,"BRTE",NA,NA,6,1
"GB3-014",3,"interspace",0,10,"BRTE",NA,NA,6,1
"GB3-014",3,"interspace",0,10,"BRTE",NA,NA,6,1
"GB3-014",3,"interspace",0,10,"BRTE",NA,NA,6,1
"GB3-014",3,"interspace",0,10,"BRTE",NA,NA,6,1
"GB3-014",3,"interspace",0,10,"BRTE",NA,NA,6,1
"GB3-014",3,"interspace",0,10,"BRTE",NA,NA,6,1
"GB3-014",3,"interspace",0,10,"BRTE",NA,NA,6,1
"GB3-014",3,"interspace",0,10,"BRTE",NA,NA,6,1
"GB3-014",3,"interspace",0,10,"BRTE",NA,NA,6,1
"GB3-014",3,"canopy",1,15,"ELEL5",1,1,14,1
"GB3-014",3,"canopy",1,15,"BRTE",NA,NA,8,1
"GB3-014",3,"canopy",1,15,"BRTE",NA,NA,8,1
"GB3-014",3,"interspace",0,15,"NO PLANTS",NA,NA,NA,NA
"GB3-014",3,"canopy",1,20,"BRTE",NA,NA,6,1
"GB3-014",3,"canopy",1,20,"BRTE",NA,NA,6,1
"GB3-014",3,"interspace",0,20,"NO PLANTS",NA,NA,NA,NA
"GB3-014",3,"canopy",0.5,25,"BRTE",NA,NA,8,1
"GB3-014",3,"canopy",0,25,"COPA3",NA,NA,1,1
"GB3-014",3,"canopy",0.5,25,"BRTE",NA,NA,8,1
"GB3-014",3,"canopy",0.5,25,"BRTE",NA,NA,8,1
"GB3-014",3,"canopy",0,25,"COPA3",NA,NA,1,1
"GB3-014",3,"canopy",0,25,"COPA3",NA,NA,1,1
"GB3-014",3,"canopy",0,25,"COPA3",NA,NA,1,1
"GB3-014",3,"canopy",0,25,"COPA3",NA,NA,1,1
"GB3-014",3,"interspace",0,25,"COPA3",NA,NA,2,1
"GB3-014",3,"interspace",0,25,"CRCI2",NA,NA,1,1
"GB3-014",3,"interspace",0,25,"DEPI",NA,NA,2,1
"GB3-014",3,"interspace",0,25,"BRTE",NA,NA,4,1
"GB3-014",3,"interspace",0,25,"COPA3",NA,NA,2,1
"GB3-014",3,"interspace",0,25,"COPA3",NA,NA,2,1
"GB3-014",3,"interspace",0,25,"COPA3",NA,NA,2,1
"GB3-014",3,"interspace",0,25,"COPA3",NA,NA,2,1
"GB3-014",3,"interspace",0,25,"COPA3",NA,NA,2,1
"GB3-014",3,"interspace",0,25,"COPA3",NA,NA,2,1
"GB3-014",3,"interspace",0,25,"COPA3",NA,NA,2,1
"GB3-014",3,"interspace",0,25,"BRTE",NA,NA,4,1
"GB3-014",3,"interspace",0,25,"BRTE",NA,NA,4,1
"GB4-007",1,"canopy",0.5,5,"LIPU11",7,4,7,1
"GB4-007",1,"interspace",0,5,"NO PLANTS",NA,NA,NA,NA
"GB4-007",1,"canopy",0.5,10,"NO PLANTS",NA,NA,NA,NA
"GB4-007",1,"interspace",0,10,"NO PLANTS",NA,NA,NA,NA
"GB4-007",1,"canopy",1,15,"NO PLANTS",NA,NA,NA,NA
"GB4-007",1,"interspace",0,15,"NO PLANTS",NA,NA,NA,NA
"GB4-007",1,"canopy",1,20,"ASPU9",3,2,3,1
"GB4-007",1,"interspace",0,20,"NO PLANTS",NA,NA,NA,NA
"GB4-007",1,"canopy",1,25,"PHHO",10,5,3,1
"GB4-007",1,"interspace",0,25,"NO PLANTS",NA,NA,NA,NA
"GB4-007",2,"canopy",1,5,"ACHY",1,1,8,1
"GB4-007",2,"canopy",1,5,"POSE",1,1,4,1
"GB4-007",2,"canopy",1,5,"PHLO2",2,2,7,1
"GB4-007",2,"canopy",1,5,"ASAT",9,4,9,1
"GB4-007",2,"interspace",0,5,"NO PLANTS",NA,NA,NA,NA
"GB4-007",2,"canopy",0.5,10,"NO PLANTS",NA,NA,NA,NA
"GB4-007",2,"interspace",0,10,"ACHY",1,1,7,1
"GB4-007",2,"canopy",1,15,"ACHY",1,1,10,1
"GB4-007",2,"interspace",0.5,15,"NO PLANTS",NA,NA,NA,NA
"GB4-007",2,"canopy",1,20,"NO PLANTS",NA,NA,NA,NA
"GB4-007",2,"interspace",0,20,"NO PLANTS",NA,NA,NA,NA
"GB4-007",2,"canopy",1,25,"ELEL5",4,2,14,1
"GB4-007",2,"canopy",1,25,"ACHY",4,3,25,1
"GB4-007",2,"canopy",1,25,"ELEL5",1,1,12,1
"GB4-007",2,"interspace",0,25,"NO PLANTS",NA,NA,NA,NA
"GB4-007",3,"canopy",0.5,5,"NO PLANTS",NA,NA,NA,NA
"GB4-007",3,"interspace",0,5,"ACHY",1,1,8,1
"GB4-007",3,"interspace",0,5,"ACHY",1,1,8,1
"GB4-007",3,"interspace",0,5,"ACHY",1,1,8,1
"GB4-007",3,"interspace",0,5,"ACHY",1,1,8,1
"GB4-007",3,"interspace",0,5,"ACHY",1,1,8,1
"GB4-007",3,"interspace",0,5,"ACHY",1,1,8,1
"GB4-007",3,"interspace",0,5,"ACHY",1,1,8,1
"GB4-007",3,"canopy",1,10,"NO PLANTS",NA,NA,NA,NA
"GB4-007",3,"interspace",0.5,10,"NO PLANTS",NA,NA,NA,NA
"GB4-007",3,"canopy",0.5,15,"POSE",6,6,7,1
"GB4-007",3,"interspace",0.5,15,"POSE",11,5,4,1
"GB4-007",3,"canopy",1,20,"NO PLANTS",NA,NA,NA,NA
"GB4-007",3,"interspace",0.5,20,"NO PLANTS",NA,NA,NA,NA
"GB4-007",3,"canopy",0,25,"NO PLANTS",NA,NA,NA,NA
"GB4-007",3,"interspace",1,25,"ELEL5",1,1,9,1
"GB4-018",1,"canopy",1,5,"BRTE",NA,NA,13,1
"GB4-018",1,"canopy",1,5,"ALAL3",NA,NA,8,1
"GB4-018",1,"canopy",1,5,"DEPI",NA,NA,11,1
"GB4-018",1,"canopy",0,5,"ALAL3",NA,NA,9,1
"GB4-018",1,"canopy",0,5,"DEPI",NA,NA,12,1
"GB4-018",1,"canopy",0,5,"BRTE",NA,NA,9,1
"GB4-018",1,"canopy",1,5,"BRTE",NA,NA,13,1
"GB4-018",1,"canopy",1,5,"BRTE",NA,NA,13,1
"GB4-018",1,"canopy",1,5,"BRTE",NA,NA,13,1
"GB4-018",1,"canopy",1,5,"BRTE",NA,NA,13,1
"GB4-018",1,"canopy",1,5,"BRTE",NA,NA,13,1
"GB4-018",1,"canopy",1,5,"BRTE",NA,NA,13,1
"GB4-018",1,"canopy",1,5,"BRTE",NA,NA,13,1
"GB4-018",1,"canopy",1,5,"BRTE",NA,NA,13,1
"GB4-018",1,"canopy",1,5,"ALAL3",NA,NA,8,1
"GB4-018",1,"canopy",1,5,"ALAL3",NA,NA,8,1
"GB4-018",1,"canopy",0,5,"ALAL3",NA,NA,9,1
"GB4-018",1,"canopy",0,5,"ALAL3",NA,NA,9,1
"GB4-018",1,"canopy",0,5,"BRTE",NA,NA,9,1
"GB4-018",1,"canopy",0,5,"BRTE",NA,NA,9,1
"GB4-018",1,"canopy",0,5,"BRTE",NA,NA,9,1
"GB4-018",1,"canopy",0,5,"BRTE",NA,NA,9,1
"GB4-018",1,"interspace",1,5,"BRTE",NA,NA,5,1
"GB4-018",1,"interspace",1,5,"BRTE",NA,NA,9,1
"GB4-018",1,"interspace",1,5,"ALAL3",NA,NA,6,1
"GB4-018",1,"interspace",1,5,"BRTE",NA,NA,5,1
"GB4-018",1,"interspace",1,5,"BRTE",NA,NA,5,1
"GB4-018",1,"interspace",1,5,"BRTE",NA,NA,5,1
"GB4-018",1,"interspace",1,5,"BRTE",NA,NA,9,1
"GB4-018",1,"interspace",1,5,"BRTE",NA,NA,9,1
"GB4-018",1,"interspace",1,5,"ALAL3",NA,NA,6,1
"GB4-018",1,"interspace",1,5,"ALAL3",NA,NA,6,1
"GB4-018",1,"interspace",1,5,"ALAL3",NA,NA,6,1
"GB4-018",1,"interspace",1,5,"ALAL3",NA,NA,6,1
"GB4-018",1,"interspace",1,5,"ALAL3",NA,NA,6,1
"GB4-018",1,"interspace",1,5,"ALAL3",NA,NA,6,1
"GB4-018",1,"interspace",1,5,"ALAL3",NA,NA,6,1
"GB4-018",1,"interspace",1,5,"ALAL3",NA,NA,6,1
"GB4-018",1,"interspace",1,5,"ALAL3",NA,NA,6,1
"GB4-018",1,"interspace",1,5,"ALAL3",NA,NA,6,1
"GB4-018",1,"interspace",1,5,"ALAL3",NA,NA,6,1
"GB4-018",1,"interspace",1,5,"ALAL3",NA,NA,6,1
"GB4-018",1,"interspace",1,5,"ALAL3",NA,NA,6,1
"GB4-018",1,"interspace",1,5,"ALAL3",NA,NA,6,1
"GB4-018",1,"interspace",1,5,"ALAL3",NA,NA,6,1
"GB4-018",1,"interspace",1,5,"ALAL3",NA,NA,6,1
"GB4-018",1,"canopy",1,10,"POSE",3,3,14,1
"GB4-018",1,"canopy",1,10,"ALAL3",NA,NA,15,1
"GB4-018",1,"canopy",1,10,"ALAL3",NA,NA,15,1
"GB4-018",1,"canopy",1,10,"ALAL3",NA,NA,15,1
"GB4-018",1,"canopy",1,10,"ALAL3",NA,NA,15,1
"GB4-018",1,"canopy",1,10,"ALAL3",NA,NA,15,1
"GB4-018",1,"canopy",1,10,"ALAL3",NA,NA,15,1
"GB4-018",1,"canopy",1,10,"ALAL3",NA,NA,15,1
"GB4-018",1,"interspace",0,10,"NO PLANTS",NA,NA,NA,NA
"GB4-018",1,"canopy",1,15,"ELEL5",2,2,17,1
"GB4-018",1,"interspace",0,15,"BRTE",NA,NA,10,1
"GB4-018",1,"canopy",1,20,"BRTE",NA,NA,8,1
"GB4-018",1,"canopy",1,20,"BRTE",NA,NA,8,1
"GB4-018",1,"canopy",1,20,"BRTE",NA,NA,8,1
"GB4-018",1,"interspace",0.5,20,"ALAL3",NA,NA,7,1
"GB4-018",1,"interspace",0.5,20,"DEPI",NA,NA,7,1
"GB4-018",1,"interspace",0.5,20,"BRTE",NA,NA,6,1
"GB4-018",1,"interspace",0.5,20,"BRTE",NA,NA,6,1
"GB4-018",1,"interspace",0.5,20,"BRTE",NA,NA,6,1
"GB4-018",1,"interspace",0.5,20,"BRTE",NA,NA,6,1
"GB4-018",1,"interspace",0.5,20,"BRTE",NA,NA,6,1
"GB4-018",1,"canopy",1,25,"ALAL3",NA,NA,7,1
"GB4-018",1,"canopy",1,25,"BRTE",NA,NA,13,1
"GB4-018",1,"canopy",1,25,"ALAL3",NA,NA,7,1
"GB4-018",1,"canopy",1,25,"ALAL3",NA,NA,7,1
"GB4-018",1,"interspace",0,25,"ALAL3",NA,NA,3,1
"GB4-018",1,"interspace",0,25,"ALAL3",NA,NA,3,1
"GB4-018",1,"interspace",0,25,"ALAL3",NA,NA,3,1
"GB4-018",2,"canopy",1,5,"BRTE",NA,NA,12,1
"GB4-018",2,"interspace",0,5,"POSE",2,2,8,1
"GB4-018",2,"interspace",0,5,"ALAL3",NA,NA,6,1
"GB4-018",2,"interspace",0,5,"POSE",1,1,4,1
"GB4-018",2,"interspace",0,5,"POSE",3,1,7,1
"GB4-018",2,"interspace",0,5,"ALAL3",NA,NA,6,1
"GB4-018",2,"interspace",0,5,"ALAL3",NA,NA,6,1
"GB4-018",2,"interspace",0,5,"ALAL3",NA,NA,6,1
"GB4-018",2,"interspace",0,5,"ALAL3",NA,NA,6,1
"GB4-018",2,"interspace",0,5,"ALAL3",NA,NA,6,1
"GB4-018",2,"interspace",0,5,"ALAL3",NA,NA,6,1
"GB4-018",2,"canopy",0.5,10,"ALAL3",NA,NA,5,1
"GB4-018",2,"canopy",1,10,"ALAL3",NA,NA,3,1
"GB4-018",2,"canopy",1,10,"BRTE",NA,NA,5,1
"GB4-018",2,"canopy",1,10,"BRTE",NA,NA,3,1
"GB4-018",2,"canopy",0.5,10,"ALAL3",NA,NA,5,1
"GB4-018",2,"canopy",1,10,"ALAL3",NA,NA,3,1
"GB4-018",2,"canopy",1,10,"ALAL3",NA,NA,3,1
"GB4-018",2,"canopy",1,10,"ALAL3",NA,NA,3,1
"GB4-018",2,"canopy",1,10,"ALAL3",NA,NA,3,1
"GB4-018",2,"canopy",1,10,"BRTE",NA,NA,3,1
"GB4-018",2,"interspace",0,10,"BRTE",NA,NA,7,1
"GB4-018",2,"interspace",0,10,"BRTE",NA,NA,22,1
"GB4-018",2,"interspace",0,10,"ALAL3",NA,NA,6,1
"GB4-018",2,"interspace",0,10,"BRTE",NA,NA,7,1
"GB4-018",2,"interspace",0,10,"BRTE",NA,NA,7,1
"GB4-018",2,"interspace",0,10,"ALAL3",NA,NA,6,1
"GB4-018",2,"interspace",0,10,"ALAL3",NA,NA,6,1
"GB4-018",2,"interspace",0,10,"ALAL3",NA,NA,6,1
"GB4-018",2,"interspace",0,10,"ALAL3",NA,NA,6,1
"GB4-018",2,"interspace",0,10,"ALAL3",NA,NA,6,1
"GB4-018",2,"interspace",0,10,"ALAL3",NA,NA,6,1
"GB4-018",2,"interspace",0,10,"ALAL3",NA,NA,6,1
"GB4-018",2,"interspace",0,10,"ALAL3",NA,NA,6,1
"GB4-018",2,"interspace",0,10,"ALAL3",NA,NA,6,1
"GB4-018",2,"interspace",0,10,"ALAL3",NA,NA,6,1
"GB4-018",2,"interspace",0,10,"ALAL3",NA,NA,6,1
"GB4-018",2,"interspace",0,10,"ALAL3",NA,NA,6,1
"GB4-018",2,"interspace",0,10,"ALAL3",NA,NA,6,1
"GB4-018",2,"canopy",1,15,"ELEL5",3,2,18,1
"GB4-018",2,"canopy",1,15,"BRTE",NA,NA,15,1
"GB4-018",2,"canopy",0.5,15,"BRTE",NA,NA,11,1
"GB4-018",2,"canopy",1,15,"ALAL3",NA,NA,6,1
"GB4-018",2,"canopy",1,15,"BRTE",NA,NA,15,1
"GB4-018",2,"canopy",1,15,"BRTE",NA,NA,15,1
"GB4-018",2,"canopy",0.5,15,"BRTE",NA,NA,11,1
"GB4-018",2,"canopy",1,15,"ALAL3",NA,NA,6,1
"GB4-018",2,"canopy",1,15,"ALAL3",NA,NA,6,1
"GB4-018",2,"canopy",1,15,"ALAL3",NA,NA,6,1
"GB4-018",2,"interspace",0,15,"ALAL3",NA,NA,7,1
"GB4-018",2,"canopy",1,20,"BRTE",NA,NA,19,1
"GB4-018",2,"canopy",1,20,"DEPI",NA,NA,10,1
"GB4-018",2,"canopy",1,20,"BRTE",NA,NA,19,1
"GB4-018",2,"canopy",1,20,"BRTE",NA,NA,19,1
"GB4-018",2,"canopy",1,20,"BRTE",NA,NA,19,1
"GB4-018",2,"canopy",1,20,"BRTE",NA,NA,19,1
"GB4-018",2,"canopy",1,20,"BRTE",NA,NA,19,1
"GB4-018",2,"canopy",1,20,"BRTE",NA,NA,19,1
"GB4-018",2,"canopy",1,20,"DEPI",NA,NA,10,1
"GB4-018",2,"interspace",0,20,"CETE5",NA,NA,2,1
"GB4-018",2,"interspace",0,20,"ALAL3",NA,NA,4,1
"GB4-018",2,"interspace",0,20,"ALAL3",NA,NA,5,1
"GB4-018",2,"interspace",0,20,"BRTE",NA,NA,14,1
"GB4-018",2,"interspace",0,20,"ALAL3",NA,NA,6,1
"GB4-018",2,"interspace",0,20,"ALAL3",NA,NA,3,1
"GB4-018",2,"interspace",0,20,"CETE5",NA,NA,2,1
"GB4-018",2,"interspace",0,20,"ALAL3",NA,NA,5,1
"GB4-018",2,"interspace",0,20,"ALAL3",NA,NA,3,1
"GB4-018",2,"canopy",1,25,"BRTE",NA,NA,9,1
"GB4-018",2,"canopy",1,25,"POSE",1,1,2,1
"GB4-018",2,"canopy",1,25,"BRTE",NA,NA,25,1
"GB4-018",2,"canopy",1,25,"ALAL3",NA,NA,3,1
"GB4-018",2,"canopy",1,25,"CETE5",NA,NA,1,1
"GB4-018",2,"canopy",1,25,"CETE5",NA,NA,3,1
"GB4-018",2,"canopy",1,25,"POSE",1,1,3,1
"GB4-018",2,"canopy",1,25,"BRTE",NA,NA,9,1
"GB4-018",2,"canopy",1,25,"BRTE",NA,NA,9,1
"GB4-018",2,"canopy",1,25,"BRTE",NA,NA,9,1
"GB4-018",2,"canopy",1,25,"BRTE",NA,NA,9,1
"GB4-018",2,"canopy",1,25,"BRTE",NA,NA,9,1
"GB4-018",2,"canopy",1,25,"BRTE",NA,NA,9,1
"GB4-018",2,"canopy",1,25,"POSE",1,1,2,1
"GB4-018",2,"canopy",1,25,"ALAL3",NA,NA,3,1
"GB4-018",2,"canopy",1,25,"ALAL3",NA,NA,3,1
"GB4-018",2,"canopy",1,25,"CETE5",NA,NA,1,1
"GB4-018",2,"canopy",1,25,"CETE5",NA,NA,1,1
"GB4-018",2,"canopy",1,25,"CETE5",NA,NA,1,1
"GB4-018",2,"canopy",1,25,"CETE5",NA,NA,1,1
"GB4-018",2,"canopy",1,25,"CETE5",NA,NA,1,1
"GB4-018",2,"canopy",1,25,"CETE5",NA,NA,1,1
"GB4-018",2,"canopy",1,25,"CETE5",NA,NA,1,1
"GB4-018",2,"canopy",1,25,"CETE5",NA,NA,1,1
"GB4-018",2,"canopy",1,25,"CETE5",NA,NA,3,1
"GB4-018",2,"interspace",0,25,"ALAL3",NA,NA,4,1
"GB4-018",2,"interspace",0,25,"CETE5",NA,NA,1,1
"GB4-018",2,"interspace",0,25,"ALAL3",NA,NA,4,1
"GB4-018",2,"interspace",0,25,"CETE5",NA,NA,1,1
"GB4-018",2,"interspace",0,25,"CETE5",NA,NA,1,1
"GB4-018",2,"interspace",0,25,"CETE5",NA,NA,1,1
"GB4-018",2,"interspace",0,25,"CETE5",NA,NA,1,1
"GB4-018",2,"interspace",0,25,"CETE5",NA,NA,1,1
"GB4-018",2,"interspace",0,25,"CETE5",NA,NA,1,1
"GB4-018",2,"interspace",0,25,"CETE5",NA,NA,1,1
"GB4-018",2,"interspace",0,25,"CETE5",NA,NA,1,1
"GB4-018",2,"interspace",0,25,"CETE5",NA,NA,1,1
"GB4-018",2,"interspace",0,25,"CETE5",NA,NA,1,1
"GB4-018",2,"interspace",0,25,"CETE5",NA,NA,1,1
"GB4-018",3,"canopy",0.5,5,"ALAL3",NA,NA,3,1
"GB4-018",3,"canopy",1,5,"BRTE",NA,NA,11,1
"GB4-018",3,"canopy",0.5,5,"BRTE",NA,NA,5,1
"GB4-018",3,"canopy",0.5,5,"ALAL3",NA,NA,3,1
"GB4-018",3,"canopy",0.5,5,"ALAL3",NA,NA,3,1
"GB4-018",3,"canopy",0.5,5,"ALAL3",NA,NA,3,1
"GB4-018",3,"canopy",0.5,5,"ALAL3",NA,NA,3,1
"GB4-018",3,"canopy",0.5,5,"ALAL3",NA,NA,3,1
"GB4-018",3,"canopy",0.5,5,"ALAL3",NA,NA,3,1
"GB4-018",3,"canopy",0.5,5,"ALAL3",NA,NA,3,1
"GB4-018",3,"canopy",0.5,5,"ALAL3",NA,NA,3,1
"GB4-018",3,"canopy",0.5,5,"ALAL3",NA,NA,3,1
"GB4-018",3,"canopy",0.5,5,"ALAL3",NA,NA,3,1
"GB4-018",3,"canopy",0.5,5,"ALAL3",NA,NA,3,1
"GB4-018",3,"canopy",1,5,"BRTE",NA,NA,11,1
"GB4-018",3,"canopy",1,5,"BRTE",NA,NA,11,1
"GB4-018",3,"canopy",0.5,5,"BRTE",NA,NA,5,1
"GB4-018",3,"interspace",0,5,"ALAL3",NA,NA,6,1
"GB4-018",3,"interspace",0,5,"ALAL3",NA,NA,4,1
"GB4-018",3,"interspace",0,5,"ALAL3",NA,NA,6,1
"GB4-018",3,"interspace",0,5,"ALAL3",NA,NA,4,1
"GB4-018",3,"canopy",0,10,"CETE5",NA,NA,1,1
"GB4-018",3,"interspace",0,10,"POSE",2,1,2,1
"GB4-018",3,"interspace",0,10,"CETE5",NA,NA,1,1
"GB4-018",3,"interspace",0,10,"DEPI",NA,NA,5,1
"GB4-018",3,"canopy",1,15,"POSE",2,2,5,1
"GB4-018",3,"canopy",1,15,"POSE",1,1,5,1
"GB4-018",3,"canopy",1,15,"POSE",2,1,5,1
"GB4-018",3,"canopy",0.5,15,"POSE",3,2,5,1
"GB4-018",3,"interspace",0,15,"POSE",1,1,2,1
"GB4-018",3,"interspace",0,15,"POSE",2,2,4,1
"GB4-018",3,"interspace",0,15,"POSE",2,2,5,1
"GB4-018",3,"interspace",0,15,"POSE",1,1,4,1
"GB4-018",3,"interspace",0,15,"POSE",3,2,3,1
"GB4-018",3,"interspace",0,15,"POSE",3,2,6,1
"GB4-018",3,"interspace",0,15,"POSE",1,1,5,1
"GB4-018",3,"interspace",0,15,"POSE",5,4,6,1
"GB4-018",3,"interspace",0,15,"POSE",2,1,3,1
"GB4-018",3,"interspace",0,15,"POSE",3,3,5,1
"GB4-018",3,"interspace",0,15,"POSE",2,1,5,1
"GB4-018",3,"interspace",0,15,"POSE",1,1,5,1
"GB4-018",3,"canopy",1,20,"BRTE",NA,NA,13,1
"GB4-018",3,"interspace",0,20,"ALAL3",NA,NA,4,1
"GB4-018",3,"interspace",0,20,"DEPI",NA,NA,3,1
"GB4-018",3,"interspace",0,20,"POSE",2,2,2,1
"GB4-018",3,"interspace",0,20,"POSE",1,1,2,1
"GB4-018",3,"canopy",0.5,25,"POSE",2,2,7,1
"GB4-018",3,"canopy",0.5,25,"POSE",1,1,7,1
"GB4-018",3,"canopy",1,25,"BRTE",NA,NA,17,1
"GB4-018",3,"canopy",1,25,"BRTE",NA,NA,12,1
"GB4-018",3,"canopy",0.5,25,"BRTE",NA,NA,7,1
"GB4-018",3,"canopy",0.5,25,"POSE",1,1,7,1
"GB4-018",3,"canopy",1,25,"BRTE",NA,NA,17,1
"GB4-018",3,"canopy",1,25,"BRTE",NA,NA,17,1
"GB4-018",3,"canopy",1,25,"BRTE",NA,NA,12,1
"GB4-018",3,"canopy",0.5,25,"BRTE",NA,NA,7,1
"GB4-018",3,"canopy",0.5,25,"BRTE",NA,NA,7,1
"GB4-018",3,"canopy",0.5,25,"BRTE",NA,NA,7,1
"GB4-018",3,"interspace",1,25,"POSE",2,1,5,1
"GB4-018",3,"interspace",1,25,"POSE",1,1,5,1
"GB4-018",3,"interspace",1,25,"BRTE",NA,NA,10,1
"GB4-018",3,"interspace",1,25,"POSE",1,1,6,1
"GB4-018",3,"interspace",1,25,"POSE",3,2,6,1
"GB4-018",3,"interspace",1,25,"POSE",2,1,5,1
"GB4-018",3,"interspace",1,25,"POSE",2,1,5,1
"GB4-018",3,"interspace",1,25,"POSE",2,1,5,1
"GB4-018",3,"interspace",1,25,"BRTE",NA,NA,10,1
"GB4-018",3,"interspace",1,25,"BRTE",NA,NA,10,1
"GB4-018",3,"interspace",1,25,"BRTE",NA,NA,10,1
"GB4-018",3,"interspace",1,25,"BRTE",NA,NA,10,1
"GB4-018",3,"interspace",1,25,"BRTE",NA,NA,10,1
"GB4-018",3,"interspace",1,25,"BRTE",NA,NA,10,1
"GB4-018",3,"interspace",1,25,"POSE",1,1,6,1
"GB4-018",3,"interspace",1,25,"POSE",3,2,6,1
"GB4-020",1,"canopy",1,5,"GISA",NA,NA,1,1
"GB4-020",1,"canopy",1,5,"BRTE",NA,NA,15,1
"GB4-020",1,"canopy",1,5,"DEPI",NA,NA,3,1
"GB4-020",1,"canopy",1,5,"ELEL5",3,3,22,1
"GB4-020",1,"canopy",1,5,"ELEL5",1,1,22,1
"GB4-020",1,"canopy",1,5,"MIGR",NA,NA,3,1
"GB4-020",1,"canopy",1,5,"GISA",NA,NA,1,1
"GB4-020",1,"canopy",1,5,"GISA",NA,NA,1,1
"GB4-020",1,"canopy",1,5,"GISA",NA,NA,1,1
"GB4-020",1,"canopy",1,5,"GISA",NA,NA,1,1
"GB4-020",1,"canopy",1,5,"GISA",NA,NA,1,1
"GB4-020",1,"canopy",1,5,"GISA",NA,NA,1,1
"GB4-020",1,"canopy",1,5,"GISA",NA,NA,1,1
"GB4-020",1,"canopy",1,5,"GISA",NA,NA,1,1
"GB4-020",1,"canopy",1,5,"BRTE",NA,NA,15,1
"GB4-020",1,"canopy",1,5,"BRTE",NA,NA,15,1
"GB4-020",1,"canopy",1,5,"BRTE",NA,NA,15,1
"GB4-020",1,"canopy",1,5,"BRTE",NA,NA,15,1
"GB4-020",1,"canopy",1,5,"BRTE",NA,NA,15,1
"GB4-020",1,"canopy",1,5,"BRTE",NA,NA,15,1
"GB4-020",1,"canopy",1,5,"BRTE",NA,NA,15,1
"GB4-020",1,"canopy",1,5,"BRTE",NA,NA,15,1
"GB4-020",1,"canopy",1,5,"BRTE",NA,NA,15,1
"GB4-020",1,"canopy",1,5,"BRTE",NA,NA,15,1
"GB4-020",1,"canopy",1,5,"BRTE",NA,NA,15,1
"GB4-020",1,"canopy",1,5,"BRTE",NA,NA,15,1
"GB4-020",1,"canopy",1,5,"BRTE",NA,NA,15,1
"GB4-020",1,"canopy",1,5,"BRTE",NA,NA,15,1
"GB4-020",1,"canopy",1,5,"BRTE",NA,NA,15,1
"GB4-020",1,"canopy",1,5,"BRTE",NA,NA,15,1
"GB4-020",1,"canopy",1,5,"BRTE",NA,NA,15,1
"GB4-020",1,"canopy",1,5,"BRTE",NA,NA,15,1
"GB4-020",1,"canopy",1,5,"BRTE",NA,NA,15,1
"GB4-020",1,"canopy",1,5,"BRTE",NA,NA,15,1
"GB4-020",1,"canopy",1,5,"BRTE",NA,NA,15,1
"GB4-020",1,"canopy",1,5,"BRTE",NA,NA,15,1
"GB4-020",1,"canopy",1,5,"BRTE",NA,NA,15,1
"GB4-020",1,"canopy",1,5,"BRTE",NA,NA,15,1
"GB4-020",1,"canopy",1,5,"BRTE",NA,NA,15,1
"GB4-020",1,"canopy",1,5,"BRTE",NA,NA,15,1
"GB4-020",1,"canopy",1,5,"BRTE",NA,NA,15,1
"GB4-020",1,"canopy",1,5,"BRTE",NA,NA,15,1
"GB4-020",1,"canopy",1,5,"BRTE",NA,NA,15,1
"GB4-020",1,"canopy",1,5,"DEPI",NA,NA,3,1
"GB4-020",1,"canopy",1,5,"DEPI",NA,NA,3,1
"GB4-020",1,"canopy",1,5,"DEPI",NA,NA,3,1
"GB4-020",1,"canopy",1,5,"DEPI",NA,NA,3,1
"GB4-020",1,"canopy",1,5,"DEPI",NA,NA,3,1
"GB4-020",1,"canopy",1,5,"MIGR",NA,NA,3,1
"GB4-020",1,"canopy",1,5,"MIGR",NA,NA,3,1
"GB4-020",1,"canopy",1,5,"MIGR",NA,NA,3,1
"GB4-020",1,"interspace",0,5,"BRTE",NA,NA,8,1
"GB4-020",1,"interspace",0,5,"MIGR",NA,NA,2,1
"GB4-020",1,"interspace",0,5,"MIGR",NA,NA,2,1
"GB4-020",1,"canopy",0,10,"DEPI",NA,NA,5,1
"GB4-020",1,"canopy",0.5,10,"GISA",NA,NA,3,1
"GB4-020",1,"canopy",1,10,"ELEL5",3,3,20,1
"GB4-020",1,"canopy",0,10,"BRTE",NA,NA,7,1
"GB4-020",1,"canopy",1,10,"BRTE",NA,NA,14,1
"GB4-020",1,"canopy",0.5,10,"GISA",NA,NA,1,1
"GB4-020",1,"canopy",0,10,"BRTE",NA,NA,7,1
"GB4-020",1,"canopy",0,10,"BRTE",NA,NA,7,1
"GB4-020",1,"canopy",0,10,"BRTE",NA,NA,7,1
"GB4-020",1,"canopy",0,10,"BRTE",NA,NA,7,1
"GB4-020",1,"canopy",0,10,"BRTE",NA,NA,7,1
"GB4-020",1,"canopy",0,10,"BRTE",NA,NA,7,1
"GB4-020",1,"canopy",0,10,"BRTE",NA,NA,7,1
"GB4-020",1,"canopy",0,10,"BRTE",NA,NA,7,1
"GB4-020",1,"canopy",0,10,"BRTE",NA,NA,7,1
"GB4-020",1,"canopy",0,10,"BRTE",NA,NA,7,1
"GB4-020",1,"canopy",0,10,"BRTE",NA,NA,7,1
"GB4-020",1,"canopy",1,10,"BRTE",NA,NA,14,1
"GB4-020",1,"canopy",1,10,"BRTE",NA,NA,14,1
"GB4-020",1,"canopy",1,10,"BRTE",NA,NA,14,1
"GB4-020",1,"canopy",1,10,"BRTE",NA,NA,14,1
"GB4-020",1,"canopy",1,10,"BRTE",NA,NA,14,1
"GB4-020",1,"canopy",1,10,"BRTE",NA,NA,14,1
"GB4-020",1,"canopy",1,10,"BRTE",NA,NA,14,1
"GB4-020",1,"canopy",1,10,"BRTE",NA,NA,14,1
"GB4-020",1,"canopy",1,10,"BRTE",NA,NA,14,1
"GB4-020",1,"canopy",1,10,"BRTE",NA,NA,14,1
"GB4-020",1,"canopy",1,10,"BRTE",NA,NA,14,1
"GB4-020",1,"canopy",1,10,"BRTE",NA,NA,14,1
"GB4-020",1,"canopy",1,10,"BRTE",NA,NA,14,1
"GB4-020",1,"canopy",1,10,"BRTE",NA,NA,14,1
"GB4-020",1,"canopy",1,10,"BRTE",NA,NA,14,1
"GB4-020",1,"canopy",1,10,"BRTE",NA,NA,14,1
"GB4-020",1,"canopy",1,10,"BRTE",NA,NA,14,1
"GB4-020",1,"canopy",1,10,"BRTE",NA,NA,14,1
"GB4-020",1,"canopy",1,10,"BRTE",NA,NA,14,1
"GB4-020",1,"canopy",0.5,10,"GISA",NA,NA,1,1
"GB4-020",1,"interspace",1,10,"BRTE",NA,NA,11,1
"GB4-020",1,"interspace",1,10,"DEPI",NA,NA,4,1
"GB4-020",1,"interspace",1,10,"BRTE",NA,NA,11,1
"GB4-020",1,"interspace",1,10,"BRTE",NA,NA,11,1
"GB4-020",1,"interspace",1,10,"BRTE",NA,NA,11,1
"GB4-020",1,"interspace",1,10,"BRTE",NA,NA,11,1
"GB4-020",1,"interspace",1,10,"BRTE",NA,NA,11,1
"GB4-020",1,"interspace",1,10,"BRTE",NA,NA,11,1
"GB4-020",1,"interspace",1,10,"BRTE",NA,NA,11,1
"GB4-020",1,"interspace",1,10,"BRTE",NA,NA,11,1
"GB4-020",1,"interspace",1,10,"BRTE",NA,NA,11,1
"GB4-020",1,"interspace",1,10,"BRTE",NA,NA,11,1
"GB4-020",1,"interspace",1,10,"BRTE",NA,NA,11,1
"GB4-020",1,"interspace",1,10,"BRTE",NA,NA,11,1
"GB4-020",1,"interspace",1,10,"BRTE",NA,NA,11,1
"GB4-020",1,"interspace",1,10,"BRTE",NA,NA,11,1
"GB4-020",1,"interspace",1,10,"BRTE",NA,NA,11,1
"GB4-020",1,"interspace",1,10,"BRTE",NA,NA,11,1
"GB4-020",1,"interspace",1,10,"BRTE",NA,NA,11,1
"GB4-020",1,"interspace",1,10,"BRTE",NA,NA,11,1
"GB4-020",1,"interspace",1,10,"BRTE",NA,NA,11,1
"GB4-020",1,"interspace",1,10,"BRTE",NA,NA,11,1
"GB4-020",1,"interspace",1,10,"BRTE",NA,NA,11,1
"GB4-020",1,"interspace",1,10,"BRTE",NA,NA,11,1
"GB4-020",1,"interspace",1,10,"BRTE",NA,NA,11,1
"GB4-020",1,"interspace",1,10,"BRTE",NA,NA,11,1
"GB4-020",1,"interspace",1,10,"BRTE",NA,NA,11,1
"GB4-020",1,"interspace",1,10,"BRTE",NA,NA,11,1
"GB4-020",1,"interspace",1,10,"BRTE",NA,NA,11,1
"GB4-020",1,"interspace",1,10,"BRTE",NA,NA,11,1
"GB4-020",1,"interspace",1,10,"BRTE",NA,NA,11,1
"GB4-020",1,"interspace",1,10,"BRTE",NA,NA,11,1
"GB4-020",1,"interspace",1,10,"BRTE",NA,NA,11,1
"GB4-020",1,"interspace",1,10,"BRTE",NA,NA,11,1
"GB4-020",1,"interspace",1,10,"BRTE",NA,NA,11,1
"GB4-020",1,"interspace",1,10,"BRTE",NA,NA,11,1
"GB4-020",1,"interspace",1,10,"BRTE",NA,NA,11,1
"GB4-020",1,"interspace",1,10,"BRTE",NA,NA,11,1
"GB4-020",1,"interspace",1,10,"BRTE",NA,NA,11,1
"GB4-020",1,"interspace",1,10,"BRTE",NA,NA,11,1
"GB4-020",1,"interspace",1,10,"BRTE",NA,NA,11,1
"GB4-020",1,"interspace",1,10,"BRTE",NA,NA,11,1
"GB4-020",1,"interspace",1,10,"BRTE",NA,NA,11,1
"GB4-020",1,"interspace",1,10,"BRTE",NA,NA,11,1
"GB4-020",1,"interspace",1,10,"BRTE",NA,NA,11,1
"GB4-020",1,"interspace",1,10,"BRTE",NA,NA,11,1
"GB4-020",1,"interspace",1,10,"BRTE",NA,NA,11,1
"GB4-020",1,"interspace",1,10,"BRTE",NA,NA,11,1
"GB4-020",1,"interspace",1,10,"BRTE",NA,NA,11,1
"GB4-020",1,"interspace",1,10,"BRTE",NA,NA,11,1
"GB4-020",1,"interspace",1,10,"BRTE",NA,NA,11,1
"GB4-020",1,"interspace",1,10,"BRTE",NA,NA,11,1
"GB4-020",1,"interspace",1,10,"BRTE",NA,NA,11,1
"GB4-020",1,"interspace",1,10,"BRTE",NA,NA,11,1
"GB4-020",1,"interspace",1,10,"BRTE",NA,NA,11,1
"GB4-020",1,"interspace",1,10,"BRTE",NA,NA,11,1
"GB4-020",1,"interspace",1,10,"BRTE",NA,NA,11,1
"GB4-020",1,"interspace",1,10,"BRTE",NA,NA,11,1
"GB4-020",1,"interspace",1,10,"BRTE",NA,NA,11,1
"GB4-020",1,"interspace",1,10,"BRTE",NA,NA,11,1
"GB4-020",1,"interspace",1,10,"BRTE",NA,NA,11,1
"GB4-020",1,"canopy",1,15,"BRTE",NA,NA,8,1
"GB4-020",1,"canopy",0.5,15,"DEPI",NA,NA,7,1
"GB4-020",1,"canopy",0.5,15,"BRTE",NA,NA,11,1
"GB4-020",1,"canopy",0.5,15,"BRTE",NA,NA,9,1
"GB4-020",1,"canopy",0.5,15,"BRTE",NA,NA,6,1
"GB4-020",1,"canopy",1,15,"BRTE",NA,NA,8,1
"GB4-020",1,"canopy",1,15,"BRTE",NA,NA,8,1
"GB4-020",1,"canopy",0.5,15,"DEPI",NA,NA,7,1
"GB4-020",1,"canopy",0.5,15,"BRTE",NA,NA,6,1
"GB4-020",1,"canopy",0.5,15,"BRTE",NA,NA,6,1
"GB4-020",1,"canopy",0.5,15,"BRTE",NA,NA,6,1
"GB4-020",1,"interspace",0,15,"BRTE",NA,NA,8,1
"GB4-020",1,"interspace",0,15,"GISA",NA,NA,2,1
"GB4-020",1,"interspace",0,15,"BRTE",NA,NA,4,1
"GB4-020",1,"interspace",0,15,"BRTE",NA,NA,11,1
"GB4-020",1,"canopy",1,20,"ELEL5",4,3,22,1
"GB4-020",1,"canopy",1,20,"BRTE",NA,NA,10,1
"GB4-020",1,"canopy",1,20,"DEPI",NA,NA,5,1
"GB4-020",1,"canopy",1,20,"BRTE",NA,NA,10,1
"GB4-020",1,"canopy",1,20,"BRTE",NA,NA,10,1
"GB4-020",1,"canopy",1,20,"BRTE",NA,NA,10,1
"GB4-020",1,"canopy",1,20,"BRTE",NA,NA,10,1
"GB4-020",1,"canopy",1,20,"BRTE",NA,NA,10,1
"GB4-020",1,"canopy",1,20,"BRTE",NA,NA,10,1
"GB4-020",1,"canopy",1,20,"BRTE",NA,NA,10,1
"GB4-020",1,"canopy",1,20,"BRTE",NA,NA,10,1
"GB4-020",1,"canopy",1,20,"BRTE",NA,NA,10,1
"GB4-020",1,"canopy",1,20,"BRTE",NA,NA,10,1
"GB4-020",1,"canopy",1,20,"BRTE",NA,NA,10,1
"GB4-020",1,"canopy",1,20,"BRTE",NA,NA,10,1
"GB4-020",1,"canopy",1,20,"BRTE",NA,NA,10,1
"GB4-020",1,"canopy",1,20,"BRTE",NA,NA,10,1
"GB4-020",1,"canopy",1,20,"BRTE",NA,NA,10,1
"GB4-020",1,"canopy",1,20,"BRTE",NA,NA,10,1
"GB4-020",1,"canopy",1,20,"BRTE",NA,NA,10,1
"GB4-020",1,"canopy",1,20,"BRTE",NA,NA,10,1
"GB4-020",1,"canopy",1,20,"BRTE",NA,NA,10,1
"GB4-020",1,"interspace",1,20,"BRTE",NA,NA,12,1
"GB4-020",1,"interspace",1,20,"BRTE",NA,NA,12,1
"GB4-020",1,"canopy",1,25,"BRTE",NA,NA,12,1
"GB4-020",1,"canopy",1,25,"MEAL6",NA,NA,6,1
"GB4-020",1,"canopy",1,25,"BRTE",NA,NA,12,1
"GB4-020",1,"canopy",1,25,"BRTE",NA,NA,12,1
"GB4-020",1,"canopy",1,25,"BRTE",NA,NA,12,1
"GB4-020",1,"canopy",1,25,"BRTE",NA,NA,12,1
"GB4-020",1,"canopy",1,25,"BRTE",NA,NA,12,1
"GB4-020",1,"canopy",1,25,"BRTE",NA,NA,12,1
"GB4-020",1,"canopy",1,25,"BRTE",NA,NA,12,1
"GB4-020",1,"canopy",1,25,"BRTE",NA,NA,12,1
"GB4-020",1,"canopy",1,25,"BRTE",NA,NA,12,1
"GB4-020",1,"canopy",1,25,"BRTE",NA,NA,12,1
"GB4-020",1,"canopy",1,25,"BRTE",NA,NA,12,1
"GB4-020",1,"canopy",1,25,"BRTE",NA,NA,12,1
"GB4-020",1,"canopy",1,25,"BRTE",NA,NA,12,1
"GB4-020",1,"canopy",1,25,"BRTE",NA,NA,12,1
"GB4-020",1,"canopy",1,25,"BRTE",NA,NA,12,1
"GB4-020",1,"canopy",1,25,"BRTE",NA,NA,12,1
"GB4-020",1,"canopy",1,25,"BRTE",NA,NA,12,1
"GB4-020",1,"canopy",1,25,"BRTE",NA,NA,12,1
"GB4-020",1,"canopy",1,25,"BRTE",NA,NA,12,1
"GB4-020",1,"canopy",1,25,"BRTE",NA,NA,12,1
"GB4-020",1,"canopy",1,25,"BRTE",NA,NA,12,1
"GB4-020",1,"canopy",1,25,"BRTE",NA,NA,12,1
"GB4-020",1,"canopy",1,25,"BRTE",NA,NA,12,1
"GB4-020",1,"canopy",1,25,"BRTE",NA,NA,12,1
"GB4-020",1,"canopy",1,25,"BRTE",NA,NA,12,1
"GB4-020",1,"canopy",1,25,"BRTE",NA,NA,12,1
"GB4-020",1,"canopy",1,25,"BRTE",NA,NA,12,1
"GB4-020",1,"canopy",1,25,"BRTE",NA,NA,12,1
"GB4-020",1,"canopy",1,25,"BRTE",NA,NA,12,1
"GB4-020",1,"interspace",0,25,"BRTE",NA,NA,2,1
"GB4-020",2,"canopy",1,5,"BRTE",NA,NA,16,1
"GB4-020",2,"canopy",1,5,"BRTE",NA,NA,16,1
"GB4-020",2,"canopy",1,5,"BRTE",NA,NA,16,1
"GB4-020",2,"interspace",0,5,"NO PLANTS",NA,NA,NA,NA
"GB4-020",2,"canopy",1,10,"BRTE",NA,NA,17,1
"GB4-020",2,"canopy",1,10,"BRTE",NA,NA,17,1
"GB4-020",2,"canopy",1,10,"BRTE",NA,NA,17,1
"GB4-020",2,"canopy",1,10,"BRTE",NA,NA,17,1
"GB4-020",2,"canopy",1,10,"BRTE",NA,NA,17,1
"GB4-020",2,"interspace",0,10,"NO PLANTS",NA,NA,NA,NA
"GB4-020",2,"canopy",1,15,"BRTE",NA,NA,12,1
"GB4-020",2,"canopy",1,15,"BRTE",NA,NA,15,1
"GB4-020",2,"canopy",1,15,"DEPI",NA,NA,14,1
"GB4-020",2,"canopy",1,15,"BRTE",NA,NA,12,1
"GB4-020",2,"canopy",1,15,"BRTE",NA,NA,12,1
"GB4-020",2,"canopy",1,15,"BRTE",NA,NA,12,1
"GB4-020",2,"canopy",1,15,"BRTE",NA,NA,12,1
"GB4-020",2,"canopy",1,15,"BRTE",NA,NA,12,1
"GB4-020",2,"canopy",1,15,"BRTE",NA,NA,12,1
"GB4-020",2,"canopy",1,15,"BRTE",NA,NA,12,1
"GB4-020",2,"canopy",1,15,"BRTE",NA,NA,12,1
"GB4-020",2,"canopy",1,15,"BRTE",NA,NA,12,1
"GB4-020",2,"canopy",1,15,"BRTE",NA,NA,15,1
"GB4-020",2,"canopy",1,15,"BRTE",NA,NA,15,1
"GB4-020",2,"canopy",1,15,"BRTE",NA,NA,15,1
"GB4-020",2,"canopy",1,15,"BRTE",NA,NA,15,1
"GB4-020",2,"canopy",1,15,"BRTE",NA,NA,15,1
"GB4-020",2,"canopy",1,15,"BRTE",NA,NA,15,1
"GB4-020",2,"canopy",1,15,"BRTE",NA,NA,15,1
"GB4-020",2,"canopy",1,15,"BRTE",NA,NA,15,1
"GB4-020",2,"canopy",1,15,"BRTE",NA,NA,15,1
"GB4-020",2,"interspace",0,15,"BRTE",NA,NA,14,1
"GB4-020",2,"interspace",0,15,"GIBR",NA,NA,3,1
"GB4-020",2,"interspace",0,15,"BRTE",NA,NA,4,1
"GB4-020",2,"canopy",0,20,"BRTE",NA,NA,12,1
"GB4-020",2,"canopy",0,20,"BRTE",NA,NA,12,1
"GB4-020",2,"canopy",0,20,"BRTE",NA,NA,12,1
"GB4-020",2,"canopy",0,20,"BRTE",NA,NA,12,1
"GB4-020",2,"canopy",0,20,"BRTE",NA,NA,12,1
"GB4-020",2,"canopy",0,20,"BRTE",NA,NA,12,1
"GB4-020",2,"canopy",0,20,"BRTE",NA,NA,12,1
"GB4-020",2,"canopy",0,20,"BRTE",NA,NA,12,1
"GB4-020",2,"canopy",0,20,"BRTE",NA,NA,12,1
"GB4-020",2,"canopy",0,20,"BRTE",NA,NA,12,1
"GB4-020",2,"canopy",0,20,"BRTE",NA,NA,12,1
"GB4-020",2,"canopy",0,20,"BRTE",NA,NA,12,1
"GB4-020",2,"canopy",0,20,"BRTE",NA,NA,12,1
"GB4-020",2,"canopy",0,20,"BRTE",NA,NA,12,1
"GB4-020",2,"canopy",0,20,"BRTE",NA,NA,12,1
"GB4-020",2,"canopy",0,20,"BRTE",NA,NA,12,1
"GB4-020",2,"canopy",0,20,"BRTE",NA,NA,12,1
"GB4-020",2,"canopy",0,20,"BRTE",NA,NA,12,1
"GB4-020",2,"canopy",0,20,"BRTE",NA,NA,12,1
"GB4-020",2,"canopy",0,20,"BRTE",NA,NA,12,1
"GB4-020",2,"interspace",0,20,"BRTE",NA,NA,16,1
"GB4-020",2,"interspace",0,20,"BRTE",NA,NA,8,1
"GB4-020",2,"interspace",0,20,"MIGR",NA,NA,2,1
"GB4-020",2,"interspace",0,20,"MIGR",NA,NA,2,1
"GB4-020",2,"canopy",0,25,"BRTE",NA,NA,7,1
"GB4-020",2,"canopy",0,25,"MIGR",NA,NA,2,1
"GB4-020",2,"canopy",0,25,"GISA",NA,NA,4,1
"GB4-020",2,"canopy",0,25,"DEPI",NA,NA,4,1
"GB4-020",2,"canopy",0,25,"BRTE",NA,NA,7,1
"GB4-020",2,"canopy",0,25,"BRTE",NA,NA,7,1
"GB4-020",2,"canopy",0,25,"BRTE",NA,NA,7,1
"GB4-020",2,"canopy",0,25,"BRTE",NA,NA,7,1
"GB4-020",2,"canopy",0,25,"BRTE",NA,NA,7,1
"GB4-020",2,"canopy",0,25,"BRTE",NA,NA,7,1
"GB4-020",2,"canopy",0,25,"BRTE",NA,NA,7,1
"GB4-020",2,"canopy",0,25,"BRTE",NA,NA,7,1
"GB4-020",2,"canopy",0,25,"BRTE",NA,NA,7,1
"GB4-020",2,"canopy",0,25,"BRTE",NA,NA,7,1
"GB4-020",2,"canopy",0,25,"BRTE",NA,NA,7,1
"GB4-020",2,"canopy",0,25,"BRTE",NA,NA,7,1
"GB4-020",2,"canopy",0,25,"BRTE",NA,NA,7,1
"GB4-020",2,"canopy",0,25,"BRTE",NA,NA,7,1
"GB4-020",2,"canopy",0,25,"BRTE",NA,NA,7,1
"GB4-020",2,"canopy",0,25,"BRTE",NA,NA,7,1
"GB4-020",2,"canopy",0,25,"BRTE",NA,NA,7,1
"GB4-020",2,"canopy",0,25,"BRTE",NA,NA,7,1
"GB4-020",2,"canopy",0,25,"BRTE",NA,NA,7,1
"GB4-020",2,"canopy",0,25,"GISA",NA,NA,4,1
"GB4-020",2,"canopy",0,25,"GISA",NA,NA,4,1
"GB4-020",2,"canopy",0,25,"DEPI",NA,NA,4,1
"GB4-020",2,"canopy",0,25,"DEPI",NA,NA,4,1
"GB4-020",2,"interspace",0,25,"GISA",NA,NA,10,1
"GB4-020",3,"canopy",1,5,"BRTE",NA,NA,9,1
"GB4-020",3,"canopy",1,5,"BRTE",NA,NA,9,1
"GB4-020",3,"canopy",1,5,"BRTE",NA,NA,9,1
"GB4-020",3,"interspace",0,5,"NO PLANTS",NA,NA,NA,NA
"GB4-020",3,"canopy",1,10,"AF026",NA,NA,1,1
"GB4-020",3,"canopy",1,10,"BRTE",NA,NA,10,1
"GB4-020",3,"canopy",1,10,"BRTE",NA,NA,7,1
"GB4-020",3,"canopy",1,10,"BRTE",NA,NA,7,1
"GB4-020",3,"canopy",1,10,"BRTE",NA,NA,7,1
"GB4-020",3,"interspace",0,10,"BRTE",NA,NA,7,1
"GB4-020",3,"interspace",0,10,"BRTE",NA,NA,7,1
"GB4-020",3,"interspace",0,10,"BRTE",NA,NA,7,1
"GB4-020",3,"interspace",0,10,"BRTE",NA,NA,7,1
"GB4-020",3,"interspace",0,10,"BRTE",NA,NA,7,1
"GB4-020",3,"interspace",0,10,"BRTE",NA,NA,7,1
"GB4-020",3,"interspace",0,10,"BRTE",NA,NA,7,1
"GB4-020",3,"interspace",0,10,"BRTE",NA,NA,7,1
"GB4-020",3,"interspace",0,10,"BRTE",NA,NA,7,1
"GB4-020",3,"interspace",0,10,"BRTE",NA,NA,7,1
"GB4-020",3,"interspace",0,10,"BRTE",NA,NA,7,1
"GB4-020",3,"interspace",0,10,"BRTE",NA,NA,7,1
"GB4-020",3,"interspace",0,10,"BRTE",NA,NA,7,1
"GB4-020",3,"interspace",0,10,"BRTE",NA,NA,7,1
"GB4-020",3,"interspace",0,10,"BRTE",NA,NA,7,1
"GB4-020",3,"interspace",0,10,"BRTE",NA,NA,7,1
"GB4-020",3,"interspace",0,10,"BRTE",NA,NA,7,1
"GB4-020",3,"interspace",0,10,"BRTE",NA,NA,7,1
"GB4-020",3,"interspace",0,10,"BRTE",NA,NA,7,1
"GB4-020",3,"interspace",0,10,"BRTE",NA,NA,7,1
"GB4-020",3,"canopy",0,15,"BRTE",NA,NA,6,1
"GB4-020",3,"canopy",0,15,"BRTE",NA,NA,9,1
"GB4-020",3,"canopy",0.5,15,"BRTE",NA,NA,6,1
"GB4-020",3,"canopy",0.5,15,"BRTE",NA,NA,6,1
"GB4-020",3,"canopy",0.5,15,"BRTE",NA,NA,6,1
"GB4-020",3,"interspace",0,15,"MIGR",NA,NA,1,1
"GB4-020",3,"interspace",0,15,"BRTE",NA,NA,9,1
"GB4-020",3,"interspace",0,15,"BRTE",NA,NA,9,1
"GB4-020",3,"canopy",0,20,"DEPI",NA,NA,5,1
"GB4-020",3,"canopy",0.5,20,"BRTE",NA,NA,6,1
"GB4-020",3,"canopy",0,20,"DEPI",NA,NA,5,1
"GB4-020",3,"interspace",1,20,"BRTE",NA,NA,5,1
"GB4-020",3,"interspace",1,20,"BRTE",NA,NA,5,1
"GB4-020",3,"canopy",1,25,"ELEL5",4,2,15,1
"GB4-020",3,"canopy",1,25,"BRTE",NA,NA,8,1
"GB4-020",3,"canopy",1,25,"BRTE",NA,NA,14,1
"GB4-020",3,"canopy",1,25,"BRTE",NA,NA,11,1
"GB4-020",3,"canopy",1,25,"BRTE",NA,NA,8,1
"GB4-020",3,"canopy",1,25,"BRTE",NA,NA,8,1
"GB4-020",3,"canopy",1,25,"BRTE",NA,NA,8,1
"GB4-020",3,"canopy",1,25,"BRTE",NA,NA,8,1
"GB4-020",3,"canopy",1,25,"BRTE",NA,NA,8,1
"GB4-020",3,"canopy",1,25,"BRTE",NA,NA,8,1
"GB4-020",3,"canopy",1,25,"BRTE",NA,NA,8,1
"GB4-020",3,"canopy",1,25,"BRTE",NA,NA,8,1
"GB4-020",3,"canopy",1,25,"BRTE",NA,NA,8,1
"GB4-020",3,"canopy",1,25,"BRTE",NA,NA,8,1
"GB4-020",3,"canopy",1,25,"BRTE",NA,NA,8,1
"GB4-020",3,"canopy",1,25,"BRTE",NA,NA,8,1
"GB4-020",3,"canopy",1,25,"BRTE",NA,NA,8,1
"GB4-020",3,"canopy",1,25,"BRTE",NA,NA,8,1
"GB4-020",3,"canopy",1,25,"BRTE",NA,NA,8,1
"GB4-020",3,"canopy",1,25,"BRTE",NA,NA,8,1
"GB4-020",3,"canopy",1,25,"BRTE",NA,NA,8,1
"GB4-020",3,"canopy",1,25,"BRTE",NA,NA,8,1
"GB4-020",3,"canopy",1,25,"BRTE",NA,NA,8,1
"GB4-020",3,"canopy",1,25,"BRTE",NA,NA,14,1
"GB4-020",3,"canopy",1,25,"BRTE",NA,NA,11,1
"GB4-020",3,"canopy",1,25,"BRTE",NA,NA,11,1
"GB4-020",3,"canopy",1,25,"BRTE",NA,NA,11,1
"GB4-020",3,"canopy",1,25,"BRTE",NA,NA,11,1
"GB4-020",3,"canopy",1,25,"BRTE",NA,NA,11,1
"GB4-020",3,"canopy",1,25,"BRTE",NA,NA,11,1
"GB4-020",3,"canopy",1,25,"BRTE",NA,NA,11,1
"GB4-020",3,"canopy",1,25,"BRTE",NA,NA,11,1
"GB4-020",3,"canopy",1,25,"BRTE",NA,NA,11,1
"GB4-020",3,"interspace",0,25,"NO PLANTS",NA,NA,NA,NA
"GB4-997",1,"canopy",1,5,"POSE",3,2,7,1
"GB4-997",1,"canopy",1,5,"PHHO",11,7,6,1
"GB4-997",1,"canopy",1,5,"ELEL5",2,2,20,1
"GB4-997",1,"canopy",1,5,"BRTE",NA,NA,13,1
"GB4-997",1,"canopy",1,5,"BRTE",NA,NA,13,1
"GB4-997",1,"interspace",1,5,"BRTE",NA,NA,6,1
"GB4-997",1,"interspace",0,5,"POSE",1,1,2,1
"GB4-997",1,"interspace",1,5,"POSE",1,1,2,1
"GB4-997",1,"interspace",0,5,"BRTE",NA,NA,5,1
"GB4-997",1,"interspace",1,5,"BRTE",NA,NA,6,1
"GB4-997",1,"interspace",1,5,"BRTE",NA,NA,6,1
"GB4-997",1,"interspace",0,5,"POSE",1,1,2,1
"GB4-997",1,"interspace",1,5,"POSE",1,1,2,1
"GB4-997",1,"interspace",1,5,"POSE",1,1,2,1
"GB4-997",1,"interspace",1,5,"POSE",1,1,2,1
"GB4-997",1,"interspace",1,5,"POSE",1,1,2,1
"GB4-997",1,"interspace",1,5,"POSE",1,1,2,1
"GB4-997",1,"interspace",1,5,"POSE",1,1,2,1
"GB4-997",1,"interspace",0,5,"BRTE",NA,NA,5,1
"GB4-997",1,"interspace",0,5,"BRTE",NA,NA,5,1
"GB4-997",1,"interspace",0,5,"BRTE",NA,NA,5,1
"GB4-997",1,"interspace",0,5,"BRTE",NA,NA,5,1
"GB4-997",1,"interspace",0,5,"BRTE",NA,NA,5,1
"GB4-997",1,"interspace",0,5,"BRTE",NA,NA,5,1
"GB4-997",1,"interspace",0,5,"BRTE",NA,NA,5,1
"GB4-997",1,"canopy",1,10,"GIIN2",NA,NA,7,1
"GB4-997",1,"canopy",1,10,"PHLO2",3,3,6,1
"GB4-997",1,"canopy",1,10,"PHLO2",5,3,12,1
"GB4-997",1,"canopy",1,10,"BRTE",NA,NA,9,1
"GB4-997",1,"canopy",1,10,"BRTE",NA,NA,9,1
"GB4-997",1,"canopy",1,10,"BRTE",NA,NA,9,1
"GB4-997",1,"interspace",0,10,"POSE",4,3,5,1
"GB4-997",1,"interspace",0,10,"PHLO2",7,6,6,1
"GB4-997",1,"interspace",0,10,"PHLO2",5,3,5,1
"GB4-997",1,"interspace",0,10,"POSE",6,4,5,1
"GB4-997",1,"interspace",0,10,"PHLO2",5,4,7,1
"GB4-997",1,"interspace",0,10,"POSE",4,3,5,1
"GB4-997",1,"interspace",0,10,"BRTE",NA,NA,5,1
"GB4-997",1,"interspace",0,10,"BRTE",NA,NA,5,1
"GB4-997",1,"interspace",0,10,"BRTE",NA,NA,5,1
"GB4-997",1,"canopy",1,15,"BRTE",NA,NA,15,1
"GB4-997",1,"canopy",1,15,"DEPI",NA,NA,12,1
"GB4-997",1,"canopy",1,15,"ELEL5",2,1,26,1
"GB4-997",1,"canopy",1,15,"BRTE",NA,NA,7,1
"GB4-997",1,"canopy",1,15,"BRTE",NA,NA,15,1
"GB4-997",1,"canopy",1,15,"BRTE",NA,NA,7,1
"GB4-997",1,"canopy",1,15,"BRTE",NA,NA,7,1
"GB4-997",1,"interspace",0,15,"PHHO",7,4,2,1
"GB4-997",1,"interspace",0,15,"PHHO",3,3,2,1
"GB4-997",1,"interspace",0,15,"PHHO",3,3,2,1
"GB4-997",1,"canopy",1,20,"BRTE",NA,NA,10,1
"GB4-997",1,"canopy",1,20,"ELEL5",1,1,9,1
"GB4-997",1,"canopy",1,20,"POSE",2,1,2,1
"GB4-997",1,"canopy",1,20,"BRTE",NA,NA,15,1
"GB4-997",1,"canopy",1,20,"GIIN2",NA,NA,6,1
"GB4-997",1,"canopy",1,20,"BRTE",NA,NA,10,1
"GB4-997",1,"canopy",1,20,"BRTE",NA,NA,10,1
"GB4-997",1,"canopy",1,20,"BRTE",NA,NA,10,1
"GB4-997",1,"canopy",1,20,"BRTE",NA,NA,10,1
"GB4-997",1,"canopy",1,20,"BRTE",NA,NA,10,1
"GB4-997",1,"canopy",1,20,"BRTE",NA,NA,10,1
"GB4-997",1,"canopy",1,20,"BRTE",NA,NA,10,1
"GB4-997",1,"canopy",1,20,"BRTE",NA,NA,15,1
"GB4-997",1,"canopy",1,20,"BRTE",NA,NA,15,1
"GB4-997",1,"interspace",0,20,"BRTE",NA,NA,6,1
"GB4-997",1,"interspace",0,20,"BRTE",NA,NA,6,1
"GB4-997",1,"interspace",0,20,"BRTE",NA,NA,6,1
"GB4-997",1,"canopy",1,25,"POSE",3,2,4,1
"GB4-997",1,"canopy",1,25,"POSE",6,6,6,1
"GB4-997",1,"canopy",1,25,"BRTE",NA,NA,13,1
"GB4-997",1,"canopy",1,25,"BRTE",NA,NA,13,1
"GB4-997",1,"canopy",1,25,"BRTE",NA,NA,13,1
"GB4-997",1,"interspace",0,25,"BRTE",NA,NA,5,1
"GB4-997",1,"interspace",0,25,"BRTE",NA,NA,5,1
"GB4-997",1,"interspace",0,25,"BRTE",NA,NA,5,1
"GB4-997",1,"interspace",0,25,"BRTE",NA,NA,5,1
"GB4-997",2,"canopy",1,5,"BRTE",NA,NA,4,1
"GB4-997",2,"canopy",1,5,"BRTE",NA,NA,12,1
"GB4-997",2,"canopy",1,5,"POSE",2,2,6,1
"GB4-997",2,"canopy",0.5,5,"ACHY",3,2,18,1
"GB4-997",2,"canopy",1,5,"CACH7",7,6,10,1
"GB4-997",2,"canopy",1,5,"BRTE",NA,NA,15,1
"GB4-997",2,"canopy",1,5,"BRTE",NA,NA,4,1
"GB4-997",2,"canopy",1,5,"BRTE",NA,NA,4,1
"GB4-997",2,"canopy",1,5,"BRTE",NA,NA,4,1
"GB4-997",2,"canopy",1,5,"BRTE",NA,NA,4,1
"GB4-997",2,"canopy",1,5,"BRTE",NA,NA,4,1
"GB4-997",2,"canopy",1,5,"BRTE",NA,NA,4,1
"GB4-997",2,"canopy",1,5,"BRTE",NA,NA,4,1
"GB4-997",2,"canopy",1,5,"BRTE",NA,NA,12,1
"GB4-997",2,"canopy",0.5,5,"ACHY",3,2,18,1
"GB4-997",2,"canopy",1,5,"BRTE",NA,NA,15,1
"GB4-997",2,"interspace",0,5,"BRTE",NA,NA,12,1
"GB4-997",2,"interspace",0,5,"BRTE",NA,NA,12,1
"GB4-997",2,"interspace",0,5,"BRTE",NA,NA,12,1
"GB4-997",2,"interspace",0,5,"BRTE",NA,NA,12,1
"GB4-997",2,"interspace",0,5,"BRTE",NA,NA,12,1
"GB4-997",2,"interspace",0,5,"BRTE",NA,NA,12,1
"GB4-997",2,"interspace",0,5,"BRTE",NA,NA,12,1
"GB4-997",2,"interspace",0,5,"BRTE",NA,NA,12,1
"GB4-997",2,"interspace",0,5,"BRTE",NA,NA,12,1
"GB4-997",2,"interspace",0,5,"BRTE",NA,NA,12,1
"GB4-997",2,"canopy",1,10,"BRTE",NA,NA,19,1
"GB4-997",2,"canopy",1,10,"BRTE",NA,NA,15,1
"GB4-997",2,"canopy",1,10,"PHHO",11,10,9,1
"GB4-997",2,"canopy",1,10,"BRTE",NA,NA,7,1
"GB4-997",2,"canopy",1,10,"PHHO",14,8,7,1
"GB4-997",2,"canopy",1,10,"BRTE",NA,NA,19,1
"GB4-997",2,"canopy",1,10,"BRTE",NA,NA,15,1
"GB4-997",2,"canopy",1,10,"BRTE",NA,NA,7,1
"GB4-997",2,"canopy",1,10,"BRTE",NA,NA,7,1
"GB4-997",2,"interspace",0,10,"BRTE",NA,NA,9,1
"GB4-997",2,"interspace",0.5,10,"POSE",1,1,2,1
"GB4-997",2,"interspace",0.5,10,"GIIN2",NA,NA,4,1
"GB4-997",2,"interspace",1,10,"POSE",7,5,6,1
"GB4-997",2,"interspace",0,10,"BRTE",NA,NA,9,1
"GB4-997",2,"interspace",0,10,"BRTE",NA,NA,9,1
"GB4-997",2,"interspace",0,10,"BRTE",NA,NA,9,1
"GB4-997",2,"interspace",0,10,"BRTE",NA,NA,9,1
"GB4-997",2,"interspace",0,10,"BRTE",NA,NA,9,1
"GB4-997",2,"interspace",0,10,"BRTE",NA,NA,9,1
"GB4-997",2,"interspace",0,10,"BRTE",NA,NA,9,1
"GB4-997",2,"interspace",0,10,"BRTE",NA,NA,9,1
"GB4-997",2,"interspace",0,10,"BRTE",NA,NA,9,1
"GB4-997",2,"interspace",0.5,10,"POSE",1,1,2,1
"GB4-997",2,"interspace",0.5,10,"POSE",1,1,2,1
"GB4-997",2,"interspace",0.5,10,"POSE",1,1,2,1
"GB4-997",2,"interspace",0.5,10,"POSE",1,1,2,1
"GB4-997",2,"interspace",0.5,10,"GIIN2",NA,NA,4,1
"GB4-997",2,"interspace",0.5,10,"GIIN2",NA,NA,4,1
"GB4-997",2,"canopy",1,15,"ELEL5",4,3,420,1
"GB4-997",2,"canopy",1,15,"POSE",6,4,7,1
"GB4-997",2,"canopy",1,15,"BRTE",NA,NA,9,1
"GB4-997",2,"canopy",1,15,"BRTE",NA,NA,9,1
"GB4-997",2,"interspace",0,15,"NO PLANTS",NA,NA,NA,NA
"GB4-997",2,"canopy",1,20,"ELEL5",1,1,15,1
"GB4-997",2,"canopy",1,20,"CANU3",8,8,33,1
"GB4-997",2,"interspace",0,20,"BRTE",NA,NA,6,1
"GB4-997",2,"interspace",0,20,"BRTE",NA,NA,6,1
"GB4-997",2,"interspace",0,20,"BRTE",NA,NA,6,1
"GB4-997",2,"interspace",0,20,"BRTE",NA,NA,6,1
"GB4-997",2,"canopy",1,25,"BRTE",NA,NA,10,1
"GB4-997",2,"canopy",1,25,"BRTE",NA,NA,16,1
"GB4-997",2,"canopy",1,25,"BRTE",NA,NA,10,1
"GB4-997",2,"canopy",1,25,"BRTE",NA,NA,10,1
"GB4-997",2,"canopy",1,25,"BRTE",NA,NA,16,1
"GB4-997",2,"interspace",0,25,"BRTE",NA,NA,7,1
"GB4-997",2,"interspace",1,25,"BRTE",NA,NA,8,1
"GB4-997",2,"interspace",0,25,"BRTE",NA,NA,7,1
"GB4-997",2,"interspace",0,25,"BRTE",NA,NA,7,1
"GB4-997",2,"interspace",0,25,"BRTE",NA,NA,7,1
"GB4-997",2,"interspace",0,25,"BRTE",NA,NA,7,1
"GB4-997",2,"interspace",0,25,"BRTE",NA,NA,7,1
"GB4-997",2,"interspace",0,25,"BRTE",NA,NA,7,1
"GB4-997",2,"interspace",0,25,"BRTE",NA,NA,7,1
"GB4-997",2,"interspace",0,25,"BRTE",NA,NA,7,1
"GB4-997",2,"interspace",0,25,"BRTE",NA,NA,7,1
"GB4-997",2,"interspace",0,25,"BRTE",NA,NA,7,1
"GB4-997",2,"interspace",0,25,"BRTE",NA,NA,7,1
"GB4-997",2,"interspace",0,25,"BRTE",NA,NA,7,1
"GB4-997",2,"interspace",0,25,"BRTE",NA,NA,7,1
"GB4-997",2,"interspace",0,25,"BRTE",NA,NA,7,1
"GB4-997",2,"interspace",0,25,"BRTE",NA,NA,7,1
"GB4-997",2,"interspace",1,25,"BRTE",NA,NA,8,1
"GB4-997",2,"interspace",1,25,"BRTE",NA,NA,8,1
"GB4-997",2,"interspace",1,25,"BRTE",NA,NA,8,1
"GB4-997",3,"canopy",1,5,"ELEL5",4,4,15,1
"GB4-997",3,"interspace",0.5,5,"BRTE",NA,NA,5,1
"GB4-997",3,"interspace",0,5,"ASPU9",3,2,2,1
"GB4-997",3,"interspace",0,5,"BRTE",NA,NA,4,1
"GB4-997",3,"interspace",0,5,"BRTE",NA,NA,7,1
"GB4-997",3,"interspace",0,5,"ASPU9",9,5,3,1
"GB4-997",3,"interspace",0.5,5,"BRTE",NA,NA,5,1
"GB4-997",3,"interspace",0,5,"BRTE",NA,NA,4,1
"GB4-997",3,"interspace",0,5,"BRTE",NA,NA,4,1
"GB4-997",3,"interspace",0,5,"BRTE",NA,NA,4,1
"GB4-997",3,"interspace",0,5,"BRTE",NA,NA,4,1
"GB4-997",3,"interspace",0,5,"BRTE",NA,NA,4,1
"GB4-997",3,"interspace",0,5,"BRTE",NA,NA,4,1
"GB4-997",3,"interspace",0,5,"BRTE",NA,NA,4,1
"GB4-997",3,"interspace",0,5,"BRTE",NA,NA,4,1
"GB4-997",3,"interspace",0,5,"BRTE",NA,NA,4,1
"GB4-997",3,"interspace",0,5,"BRTE",NA,NA,7,1
"GB4-997",3,"interspace",0,5,"BRTE",NA,NA,7,1
"GB4-997",3,"interspace",0,5,"BRTE",NA,NA,7,1
"GB4-997",3,"canopy",1,10,"POSE",2,2,3,1
"GB4-997",3,"canopy",1,10,"BRTE",NA,NA,6,1
"GB4-997",3,"canopy",1,10,"BRTE",NA,NA,8,1
"GB4-997",3,"interspace",0.5,10,"BRTE",NA,NA,10,1
"GB4-997",3,"interspace",0,10,"PHLO2",3,3,5,1
"GB4-997",3,"interspace",0.5,10,"ELEL5",5,4,13,1
"GB4-997",3,"canopy",1,15,"BRTE",NA,NA,6,1
"GB4-997",3,"canopy",1,15,"BRTE",NA,NA,15,1
"GB4-997",3,"canopy",1,15,"ELEL5",5,2,14,1
"GB4-997",3,"canopy",1,15,"BRTE",NA,NA,12,1
"GB4-997",3,"canopy",1,15,"BRTE",NA,NA,6,1
"GB4-997",3,"canopy",1,15,"BRTE",NA,NA,6,1
"GB4-997",3,"canopy",1,15,"BRTE",NA,NA,15,1
"GB4-997",3,"canopy",1,15,"BRTE",NA,NA,12,1
"GB4-997",3,"canopy",1,15,"BRTE",NA,NA,12,1
"GB4-997",3,"canopy",1,15,"BRTE",NA,NA,12,1
"GB4-997",3,"canopy",1,15,"BRTE",NA,NA,12,1
"GB4-997",3,"interspace",0,15,"POSE",5,5,4,1
"GB4-997",3,"interspace",0,15,"POSE",2,2,5,1
"GB4-997",3,"interspace",0,15,"ASPU9",6,4,3,1
"GB4-997",3,"canopy",0,20,"BRTE",NA,NA,7,1
"GB4-997",3,"canopy",0,20,"POSE",6,4,5,1
"GB4-997",3,"canopy",0.5,20,"GIIN2",NA,NA,5,1
"GB4-997",3,"canopy",0.5,20,"POSE",8,4,5,1
"GB4-997",3,"canopy",0,20,"BRTE",NA,NA,7,1
"GB4-997",3,"interspace",0,20,"BRTE",NA,NA,6,1
"GB4-997",3,"interspace",0,20,"DEPI",NA,NA,8,1
"GB4-997",3,"interspace",0,20,"BRTE",NA,NA,6,1
"GB4-997",3,"canopy",1,25,"PHHO",10,7,6,1
"GB4-997",3,"canopy",1,25,"BRTE",NA,NA,10,1
"GB4-997",3,"canopy",1,25,"ELEL5",1,1,9,1
"GB4-997",3,"canopy",1,25,"PHHO",9,6,5,1
"GB4-997",3,"canopy",1,25,"PHHO",6,5,6,1
"GB4-997",3,"canopy",1,25,"ELEL5",2,2,15,1
"GB4-997",3,"canopy",1,25,"BRTE",NA,NA,10,1
"GB4-997",3,"canopy",1,25,"ELEL5",2,2,15,1
"GB4-997",3,"interspace",1,25,"BRTE",NA,NA,15,1
"GB4-997",3,"interspace",0.5,25,"BRTE",NA,NA,5,1
"GB4-997",3,"interspace",1,25,"ELEL5",1,1,12,1
"GB4-997",3,"interspace",0.5,25,"BRTE",NA,NA,11,1
"GB4-997",3,"interspace",0.5,25,"GIIN2",NA,NA,4,1
"GB4-997",3,"interspace",0.5,25,"POSE",2,2,4,1
"GB4-997",3,"interspace",1,25,"BRTE",NA,NA,15,1
"GB4-997",3,"interspace",1,25,"BRTE",NA,NA,15,1
"GB4-997",3,"interspace",0.5,25,"BRTE",NA,NA,5,1
"GB4-997",3,"interspace",0.5,25,"BRTE",NA,NA,5,1
"GB4-997",3,"interspace",0.5,25,"BRTE",NA,NA,11,1
"GB4-997",3,"interspace",0.5,25,"BRTE",NA,NA,11,1
"GB4-998",1,"canopy",1,5,"PONE7",NA,NA,4,1
"GB4-998",1,"canopy",1,5,"PLMA4",NA,NA,9,1
"GB4-998",1,"canopy",0.5,5,"ALDE",NA,NA,5,1
"GB4-998",1,"canopy",1,5,"POSE",2,2,8,1
"GB4-998",1,"canopy",1,5,"MIGR",NA,NA,3,1
"GB4-998",1,"canopy",0.5,5,"POSE",2,2,8,1
"GB4-998",1,"canopy",0.5,5,"POSE",7,4,13,1
"GB4-998",1,"canopy",1,5,"PLMA4",NA,NA,9,1
"GB4-998",1,"canopy",1,5,"PLMA4",NA,NA,9,1
"GB4-998",1,"canopy",1,5,"PLMA4",NA,NA,9,1
"GB4-998",1,"canopy",1,5,"PLMA4",NA,NA,9,1
"GB4-998",1,"canopy",1,5,"PLMA4",NA,NA,9,1
"GB4-998",1,"canopy",1,5,"PLMA4",NA,NA,9,1
"GB4-998",1,"canopy",0.5,5,"ALDE",NA,NA,5,1
"GB4-998",1,"canopy",0.5,5,"ALDE",NA,NA,5,1
"GB4-998",1,"canopy",1,5,"MIGR",NA,NA,3,1
"GB4-998",1,"canopy",1,5,"MIGR",NA,NA,3,1
"GB4-998",1,"interspace",0,5,"POSE",6,5,12,1
"GB4-998",1,"interspace",0,5,"ALDE",NA,NA,4,1
"GB4-998",1,"interspace",1,5,"MIGR",NA,NA,4,1
"GB4-998",1,"interspace",0.5,5,"DEPI",NA,NA,10,1
"GB4-998",1,"interspace",0,5,"DEPI",NA,NA,5,1
"GB4-998",1,"interspace",1,5,"PONE7",NA,NA,3,1
"GB4-998",1,"interspace",1,5,"PLMA4",NA,NA,4,1
"GB4-998",1,"interspace",0,5,"BRTE",NA,NA,5,1
"GB4-998",1,"interspace",1,5,"ALDE",NA,NA,3,1
"GB4-998",1,"interspace",0,5,"PONE7",NA,NA,4,1
"GB4-998",1,"interspace",0,5,"ALDE",NA,NA,4,1
"GB4-998",1,"interspace",0,5,"ALDE",NA,NA,4,1
"GB4-998",1,"interspace",0,5,"ALDE",NA,NA,4,1
"GB4-998",1,"interspace",0,5,"ALDE",NA,NA,4,1
"GB4-998",1,"interspace",0,5,"ALDE",NA,NA,4,1
"GB4-998",1,"interspace",0,5,"ALDE",NA,NA,4,1
"GB4-998",1,"interspace",0,5,"ALDE",NA,NA,4,1
"GB4-998",1,"interspace",0,5,"ALDE",NA,NA,4,1
"GB4-998",1,"interspace",0,5,"ALDE",NA,NA,4,1
"GB4-998",1,"interspace",0,5,"ALDE",NA,NA,4,1
"GB4-998",1,"interspace",0,5,"ALDE",NA,NA,4,1
"GB4-998",1,"interspace",0,5,"ALDE",NA,NA,4,1
"GB4-998",1,"interspace",0,5,"ALDE",NA,NA,4,1
"GB4-998",1,"interspace",0,5,"ALDE",NA,NA,4,1
"GB4-998",1,"interspace",0,5,"ALDE",NA,NA,4,1
"GB4-998",1,"interspace",0,5,"ALDE",NA,NA,4,1
"GB4-998",1,"interspace",0,5,"ALDE",NA,NA,4,1
"GB4-998",1,"interspace",0,5,"ALDE",NA,NA,4,1
"GB4-998",1,"interspace",0,5,"ALDE",NA,NA,4,1
"GB4-998",1,"interspace",0,5,"ALDE",NA,NA,4,1
"GB4-998",1,"interspace",0,5,"ALDE",NA,NA,4,1
"GB4-998",1,"interspace",0,5,"ALDE",NA,NA,4,1
"GB4-998",1,"interspace",0,5,"ALDE",NA,NA,4,1
"GB4-998",1,"interspace",0,5,"ALDE",NA,NA,4,1
"GB4-998",1,"interspace",0,5,"ALDE",NA,NA,4,1
"GB4-998",1,"interspace",0,5,"ALDE",NA,NA,4,1
"GB4-998",1,"interspace",0,5,"ALDE",NA,NA,4,1
"GB4-998",1,"interspace",0,5,"ALDE",NA,NA,4,1
"GB4-998",1,"interspace",0,5,"ALDE",NA,NA,4,1
"GB4-998",1,"interspace",0.5,5,"DEPI",NA,NA,10,1
"GB4-998",1,"interspace",0.5,5,"DEPI",NA,NA,10,1
"GB4-998",1,"interspace",0.5,5,"DEPI",NA,NA,10,1
"GB4-998",1,"interspace",0.5,5,"DEPI",NA,NA,10,1
"GB4-998",1,"interspace",0,5,"DEPI",NA,NA,5,1
"GB4-998",1,"interspace",0,5,"DEPI",NA,NA,5,1
"GB4-998",1,"interspace",0,5,"DEPI",NA,NA,5,1
"GB4-998",1,"interspace",0,5,"DEPI",NA,NA,5,1
"GB4-998",1,"interspace",0,5,"DEPI",NA,NA,5,1
"GB4-998",1,"interspace",0,5,"DEPI",NA,NA,5,1
"GB4-998",1,"interspace",1,5,"PLMA4",NA,NA,4,1
"GB4-998",1,"interspace",1,5,"PLMA4",NA,NA,4,1
"GB4-998",1,"interspace",1,5,"PLMA4",NA,NA,4,1
"GB4-998",1,"interspace",1,5,"PLMA4",NA,NA,4,1
"GB4-998",1,"interspace",0,5,"BRTE",NA,NA,5,1
"GB4-998",1,"interspace",1,5,"ALDE",NA,NA,3,1
"GB4-998",1,"interspace",1,5,"ALDE",NA,NA,3,1
"GB4-998",1,"interspace",1,5,"ALDE",NA,NA,3,1
"GB4-998",1,"interspace",1,5,"ALDE",NA,NA,3,1
"GB4-998",1,"interspace",1,5,"ALDE",NA,NA,3,1
"GB4-998",1,"interspace",1,5,"ALDE",NA,NA,3,1
"GB4-998",1,"interspace",1,5,"ALDE",NA,NA,3,1
"GB4-998",1,"interspace",1,5,"ALDE",NA,NA,3,1
"GB4-998",1,"interspace",1,5,"ALDE",NA,NA,3,1
"GB4-998",1,"interspace",1,5,"ALDE",NA,NA,3,1
"GB4-998",1,"interspace",1,5,"ALDE",NA,NA,3,1
"GB4-998",1,"interspace",1,5,"ALDE",NA,NA,3,1
"GB4-998",1,"interspace",1,5,"ALDE",NA,NA,3,1
"GB4-998",1,"interspace",1,5,"ALDE",NA,NA,3,1
"GB4-998",1,"interspace",1,5,"ALDE",NA,NA,3,1
"GB4-998",1,"interspace",1,5,"ALDE",NA,NA,3,1
"GB4-998",1,"interspace",1,5,"ALDE",NA,NA,3,1
"GB4-998",1,"interspace",1,5,"ALDE",NA,NA,3,1
"GB4-998",1,"interspace",1,5,"ALDE",NA,NA,3,1
"GB4-998",1,"canopy",1,10,"POSE",3,2,4,1
"GB4-998",1,"canopy",1,10,"POSE",2,2,6,1
"GB4-998",1,"canopy",0,10,"ALDE",NA,NA,3,1
"GB4-998",1,"canopy",0.5,10,"PHLO2",2,2,4,1
"GB4-998",1,"canopy",0.5,10,"DEPI",NA,NA,10,1
"GB4-998",1,"canopy",1,10,"POSE",3,2,5,1
"GB4-998",1,"canopy",0.5,10,"PHLO2",4,3,6,1
"GB4-998",1,"canopy",1,10,"PHLO2",6,3,7,1
"GB4-998",1,"canopy",0.5,10,"ALDE",NA,NA,5,1
"GB4-998",1,"canopy",1,10,"ELEL5",7,7,22,1
"GB4-998",1,"canopy",1,10,"ALDE",NA,NA,3,1
"GB4-998",1,"canopy",0.5,10,"PHLO2",2,2,3,1
"GB4-998",1,"canopy",0.5,10,"PLMA4",NA,NA,5,1
"GB4-998",1,"canopy",1,10,"POSE",1,1,4,1
"GB4-998",1,"canopy",0.5,10,"POSE",3,2,5,1
"GB4-998",1,"canopy",0,10,"ALDE",NA,NA,3,1
"GB4-998",1,"canopy",0,10,"ALDE",NA,NA,3,1
"GB4-998",1,"canopy",0,10,"ALDE",NA,NA,3,1
"GB4-998",1,"canopy",0,10,"ALDE",NA,NA,3,1
"GB4-998",1,"canopy",0,10,"ALDE",NA,NA,3,1
"GB4-998",1,"canopy",0,10,"ALDE",NA,NA,3,1
"GB4-998",1,"canopy",0,10,"ALDE",NA,NA,3,1
"GB4-998",1,"canopy",0,10,"ALDE",NA,NA,3,1
"GB4-998",1,"canopy",0,10,"ALDE",NA,NA,3,1
"GB4-998",1,"canopy",0,10,"ALDE",NA,NA,3,1
"GB4-998",1,"canopy",0,10,"ALDE",NA,NA,3,1
"GB4-998",1,"canopy",0,10,"ALDE",NA,NA,3,1
"GB4-998",1,"canopy",0,10,"ALDE",NA,NA,3,1
"GB4-998",1,"canopy",0,10,"ALDE",NA,NA,3,1
"GB4-998",1,"canopy",0,10,"ALDE",NA,NA,3,1
"GB4-998",1,"canopy",0,10,"ALDE",NA,NA,3,1
"GB4-998",1,"canopy",0,10,"ALDE",NA,NA,3,1
"GB4-998",1,"canopy",0,10,"ALDE",NA,NA,3,1
"GB4-998",1,"canopy",0,10,"ALDE",NA,NA,3,1
"GB4-998",1,"canopy",0.5,10,"PHLO2",2,2,4,1
"GB4-998",1,"canopy",0.5,10,"PHLO2",2,2,4,1
"GB4-998",1,"canopy",0.5,10,"ALDE",NA,NA,5,1
"GB4-998",1,"canopy",0.5,10,"ALDE",NA,NA,5,1
"GB4-998",1,"canopy",0.5,10,"ALDE",NA,NA,5,1
"GB4-998",1,"canopy",0.5,10,"ALDE",NA,NA,5,1
"GB4-998",1,"canopy",0.5,10,"ALDE",NA,NA,5,1
"GB4-998",1,"canopy",0.5,10,"ALDE",NA,NA,5,1
"GB4-998",1,"canopy",0.5,10,"ALDE",NA,NA,5,1
"GB4-998",1,"canopy",0.5,10,"ALDE",NA,NA,5,1
"GB4-998",1,"canopy",0.5,10,"ALDE",NA,NA,5,1
"GB4-998",1,"canopy",0.5,10,"ALDE",NA,NA,5,1
"GB4-998",1,"canopy",0.5,10,"ALDE",NA,NA,5,1
"GB4-998",1,"canopy",0.5,10,"ALDE",NA,NA,5,1
"GB4-998",1,"canopy",0.5,10,"ALDE",NA,NA,5,1
"GB4-998",1,"canopy",0.5,10,"ALDE",NA,NA,5,1
"GB4-998",1,"canopy",0.5,10,"ALDE",NA,NA,5,1
"GB4-998",1,"canopy",0.5,10,"ALDE",NA,NA,5,1
"GB4-998",1,"canopy",0.5,10,"ALDE",NA,NA,5,1
"GB4-998",1,"canopy",0.5,10,"ALDE",NA,NA,5,1
"GB4-998",1,"canopy",0.5,10,"ALDE",NA,NA,5,1
"GB4-998",1,"canopy",1,10,"ALDE",NA,NA,3,1
"GB4-998",1,"canopy",1,10,"ALDE",NA,NA,3,1
"GB4-998",1,"canopy",1,10,"ALDE",NA,NA,3,1
"GB4-998",1,"canopy",1,10,"ALDE",NA,NA,3,1
"GB4-998",1,"canopy",1,10,"ALDE",NA,NA,3,1
"GB4-998",1,"canopy",1,10,"ALDE",NA,NA,3,1
"GB4-998",1,"canopy",1,10,"ALDE",NA,NA,3,1
"GB4-998",1,"canopy",1,10,"ALDE",NA,NA,3,1
"GB4-998",1,"canopy",1,10,"ALDE",NA,NA,3,1
"GB4-998",1,"canopy",0.5,10,"PLMA4",NA,NA,5,1
"GB4-998",1,"canopy",0.5,10,"PLMA4",NA,NA,5,1
"GB4-998",1,"interspace",0,10,"MIGR",NA,NA,3,1
"GB4-998",1,"interspace",0,10,"BRTE",NA,NA,8,1
"GB4-998",1,"interspace",0,10,"PHLO2",3,2,4,1
"GB4-998",1,"interspace",0,10,"POSE",2,1,3,1
"GB4-998",1,"interspace",0,10,"POSE",3,3,5,1
"GB4-998",1,"interspace",0,10,"ALDE",NA,NA,5,1
"GB4-998",1,"interspace",0,10,"PHLO2",1,1,3,1
"GB4-998",1,"interspace",0,10,"ALDE",NA,NA,5,1
"GB4-998",1,"interspace",0,10,"ALDE",NA,NA,5,1
"GB4-998",1,"interspace",0,10,"ALDE",NA,NA,5,1
"GB4-998",1,"interspace",0,10,"ALDE",NA,NA,5,1
"GB4-998",1,"interspace",0,10,"ALDE",NA,NA,5,1
"GB4-998",1,"interspace",0,10,"ALDE",NA,NA,5,1
"GB4-998",1,"interspace",0,10,"ALDE",NA,NA,5,1
"GB4-998",1,"interspace",0,10,"ALDE",NA,NA,5,1
"GB4-998",1,"interspace",0,10,"ALDE",NA,NA,5,1
"GB4-998",1,"interspace",0,10,"ALDE",NA,NA,5,1
"GB4-998",1,"interspace",0,10,"ALDE",NA,NA,5,1
"GB4-998",1,"interspace",0,10,"ALDE",NA,NA,5,1
"GB4-998",1,"interspace",0,10,"ALDE",NA,NA,5,1
"GB4-998",1,"interspace",0,10,"ALDE",NA,NA,5,1
"GB4-998",1,"interspace",0,10,"ALDE",NA,NA,5,1
"GB4-998",1,"interspace",0,10,"ALDE",NA,NA,5,1
"GB4-998",1,"interspace",0,10,"ALDE",NA,NA,5,1
"GB4-998",1,"interspace",0,10,"ALDE",NA,NA,5,1
"GB4-998",1,"interspace",0,10,"ALDE",NA,NA,5,1
"GB4-998",1,"interspace",0,10,"ALDE",NA,NA,5,1
"GB4-998",1,"interspace",0,10,"ALDE",NA,NA,5,1
"GB4-998",1,"interspace",0,10,"ALDE",NA,NA,5,1
"GB4-998",1,"interspace",0,10,"ALDE",NA,NA,5,1
"GB4-998",1,"interspace",0,10,"ALDE",NA,NA,5,1
"GB4-998",1,"interspace",0,10,"ALDE",NA,NA,5,1
"GB4-998",1,"interspace",0,10,"ALDE",NA,NA,5,1
"GB4-998",1,"interspace",0,10,"ALDE",NA,NA,5,1
"GB4-998",1,"interspace",0,10,"ALDE",NA,NA,5,1
"GB4-998",1,"interspace",0,10,"ALDE",NA,NA,5,1
"GB4-998",1,"interspace",0,10,"ALDE",NA,NA,5,1
"GB4-998",1,"canopy",1,15,"PLMA4",NA,NA,7,1
"GB4-998",1,"canopy",1,15,"MIGR",NA,NA,6,1
"GB4-998",1,"canopy",1,15,"DEPI",NA,NA,7,1
"GB4-998",1,"canopy",0.5,15,"POSE",5,5,6,1
"GB4-998",1,"canopy",1,15,"AGGL",2,2,8,1
"GB4-998",1,"canopy",1,15,"ELEL5",9,7,12,1
"GB4-998",1,"canopy",1,15,"ALDE",NA,NA,4,1
"GB4-998",1,"canopy",1,15,"COPA3",NA,NA,5,1
"GB4-998",1,"canopy",1,15,"PLMA4",NA,NA,7,1
"GB4-998",1,"canopy",1,15,"PLMA4",NA,NA,7,1
"GB4-998",1,"canopy",1,15,"PLMA4",NA,NA,7,1
"GB4-998",1,"canopy",1,15,"PLMA4",NA,NA,7,1
"GB4-998",1,"canopy",1,15,"PLMA4",NA,NA,7,1
"GB4-998",1,"canopy",1,15,"PLMA4",NA,NA,7,1
"GB4-998",1,"canopy",1,15,"DEPI",NA,NA,7,1
"GB4-998",1,"canopy",1,15,"ALDE",NA,NA,4,1
"GB4-998",1,"canopy",1,15,"ALDE",NA,NA,4,1
"GB4-998",1,"canopy",1,15,"ALDE",NA,NA,4,1
"GB4-998",1,"canopy",1,15,"ALDE",NA,NA,4,1
"GB4-998",1,"canopy",1,15,"ALDE",NA,NA,4,1
"GB4-998",1,"canopy",1,15,"ALDE",NA,NA,4,1
"GB4-998",1,"canopy",1,15,"ALDE",NA,NA,4,1
"GB4-998",1,"canopy",1,15,"ALDE",NA,NA,4,1
"GB4-998",1,"canopy",1,15,"ALDE",NA,NA,4,1
"GB4-998",1,"canopy",1,15,"ALDE",NA,NA,4,1
"GB4-998",1,"canopy",1,15,"ALDE",NA,NA,4,1
"GB4-998",1,"canopy",1,15,"ALDE",NA,NA,4,1
"GB4-998",1,"canopy",1,15,"ALDE",NA,NA,4,1
"GB4-998",1,"canopy",1,15,"ALDE",NA,NA,4,1
"GB4-998",1,"canopy",1,15,"ALDE",NA,NA,4,1
"GB4-998",1,"canopy",1,15,"ALDE",NA,NA,4,1
"GB4-998",1,"canopy",1,15,"ALDE",NA,NA,4,1
"GB4-998",1,"canopy",1,15,"ALDE",NA,NA,4,1
"GB4-998",1,"canopy",1,15,"ALDE",NA,NA,4,1
"GB4-998",1,"interspace",0,15,"PHLO2",2,2,3,1
"GB4-998",1,"interspace",0,15,"CETE5",NA,NA,3,1
"GB4-998",1,"interspace",0,15,"BRTE",NA,NA,9,1
"GB4-998",1,"interspace",0,15,"ALDE",NA,NA,5,1
"GB4-998",1,"interspace",0,15,"DEPI",NA,NA,2,1
"GB4-998",1,"interspace",0,15,"PHLO2",1,1,1,1
"GB4-998",1,"interspace",0,15,"CETE5",NA,NA,3,1
"GB4-998",1,"interspace",0,15,"CETE5",NA,NA,3,1
"GB4-998",1,"interspace",0,15,"CETE5",NA,NA,3,1
"GB4-998",1,"interspace",0,15,"CETE5",NA,NA,3,1
"GB4-998",1,"interspace",0,15,"ALDE",NA,NA,5,1
"GB4-998",1,"interspace",0,15,"ALDE",NA,NA,5,1
"GB4-998",1,"interspace",0,15,"ALDE",NA,NA,5,1
"GB4-998",1,"interspace",0,15,"ALDE",NA,NA,5,1
"GB4-998",1,"interspace",0,15,"ALDE",NA,NA,5,1
"GB4-998",1,"interspace",0,15,"ALDE",NA,NA,5,1
"GB4-998",1,"interspace",0,15,"ALDE",NA,NA,5,1
"GB4-998",1,"interspace",0,15,"ALDE",NA,NA,5,1
"GB4-998",1,"interspace",0,15,"ALDE",NA,NA,5,1
"GB4-998",1,"interspace",0,15,"ALDE",NA,NA,5,1
"GB4-998",1,"interspace",0,15,"ALDE",NA,NA,5,1
"GB4-998",1,"interspace",0,15,"ALDE",NA,NA,5,1
"GB4-998",1,"interspace",0,15,"ALDE",NA,NA,5,1
"GB4-998",1,"interspace",0,15,"ALDE",NA,NA,5,1
"GB4-998",1,"interspace",0,15,"ALDE",NA,NA,5,1
"GB4-998",1,"interspace",0,15,"ALDE",NA,NA,5,1
"GB4-998",1,"interspace",0,15,"ALDE",NA,NA,5,1
"GB4-998",1,"interspace",0,15,"ALDE",NA,NA,5,1
"GB4-998",1,"interspace",0,15,"ALDE",NA,NA,5,1
"GB4-998",1,"interspace",0,15,"ALDE",NA,NA,5,1
"GB4-998",1,"interspace",0,15,"ALDE",NA,NA,5,1
"GB4-998",1,"interspace",0,15,"ALDE",NA,NA,5,1
"GB4-998",1,"interspace",0,15,"ALDE",NA,NA,5,1
"GB4-998",1,"interspace",0,15,"ALDE",NA,NA,5,1
"GB4-998",1,"interspace",0,15,"ALDE",NA,NA,5,1
"GB4-998",1,"interspace",0,15,"ALDE",NA,NA,5,1
"GB4-998",1,"interspace",0,15,"ALDE",NA,NA,5,1
"GB4-998",1,"interspace",0,15,"ALDE",NA,NA,5,1
"GB4-998",1,"interspace",0,15,"ALDE",NA,NA,5,1
"GB4-998",1,"interspace",0,15,"ALDE",NA,NA,5,1
"GB4-998",1,"interspace",0,15,"ALDE",NA,NA,5,1
"GB4-998",1,"interspace",0,15,"ALDE",NA,NA,5,1
"GB4-998",1,"interspace",0,15,"ALDE",NA,NA,5,1
"GB4-998",1,"interspace",0,15,"ALDE",NA,NA,5,1
"GB4-998",1,"interspace",0,15,"ALDE",NA,NA,5,1
"GB4-998",1,"interspace",0,15,"ALDE",NA,NA,5,1
"GB4-998",1,"interspace",0,15,"ALDE",NA,NA,5,1
"GB4-998",1,"interspace",0,15,"ALDE",NA,NA,5,1
"GB4-998",1,"interspace",0,15,"ALDE",NA,NA,5,1
"GB4-998",1,"interspace",0,15,"ALDE",NA,NA,5,1
"GB4-998",1,"interspace",0,15,"ALDE",NA,NA,5,1
"GB4-998",1,"interspace",0,15,"ALDE",NA,NA,5,1
"GB4-998",1,"interspace",0,15,"ALDE",NA,NA,5,1
"GB4-998",1,"interspace",0,15,"ALDE",NA,NA,5,1
"GB4-998",1,"canopy",0,20,"ALDE",NA,NA,5,1
"GB4-998",1,"canopy",0,20,"BRTE",NA,NA,5,1
"GB4-998",1,"canopy",0,20,"COPA3",NA,NA,6,1
"GB4-998",1,"canopy",0,20,"MIGR",NA,NA,3,1
"GB4-998",1,"canopy",0,20,"PONE7",NA,NA,5,1
"GB4-998",1,"canopy",0,20,"AGGL",3,2,6,1
"GB4-998",1,"canopy",0,20,"POSE",5,3,6,1
"GB4-998",1,"canopy",0,20,"ALDE",NA,NA,5,1
"GB4-998",1,"canopy",0,20,"ALDE",NA,NA,5,1
"GB4-998",1,"canopy",0,20,"ALDE",NA,NA,5,1
"GB4-998",1,"canopy",0,20,"ALDE",NA,NA,5,1
"GB4-998",1,"canopy",0,20,"ALDE",NA,NA,5,1
"GB4-998",1,"canopy",0,20,"ALDE",NA,NA,5,1
"GB4-998",1,"canopy",0,20,"ALDE",NA,NA,5,1
"GB4-998",1,"canopy",0,20,"ALDE",NA,NA,5,1
"GB4-998",1,"canopy",0,20,"ALDE",NA,NA,5,1
"GB4-998",1,"canopy",0,20,"ALDE",NA,NA,5,1
"GB4-998",1,"canopy",0,20,"ALDE",NA,NA,5,1
"GB4-998",1,"canopy",0,20,"ALDE",NA,NA,5,1
"GB4-998",1,"canopy",0,20,"ALDE",NA,NA,5,1
"GB4-998",1,"canopy",0,20,"ALDE",NA,NA,5,1
"GB4-998",1,"canopy",0,20,"ALDE",NA,NA,5,1
"GB4-998",1,"canopy",0,20,"ALDE",NA,NA,5,1
"GB4-998",1,"canopy",0,20,"ALDE",NA,NA,5,1
"GB4-998",1,"canopy",0,20,"ALDE",NA,NA,5,1
"GB4-998",1,"canopy",0,20,"ALDE",NA,NA,5,1
"GB4-998",1,"canopy",0,20,"BRTE",NA,NA,5,1
"GB4-998",1,"canopy",0,20,"MIGR",NA,NA,3,1
"GB4-998",1,"canopy",0,20,"MIGR",NA,NA,3,1
"GB4-998",1,"canopy",0,20,"PONE7",NA,NA,5,1
"GB4-998",1,"canopy",0,20,"PONE7",NA,NA,5,1
"GB4-998",1,"interspace",0,20,"ALDE",NA,NA,4,1
"GB4-998",1,"interspace",0,20,"MIGR",NA,NA,3,1
"GB4-998",1,"interspace",0,20,"PHLO2",3,3,4,1
"GB4-998",1,"interspace",0,20,"PHLO2",4,3,3,1
"GB4-998",1,"interspace",0,20,"ALDE",NA,NA,4,1
"GB4-998",1,"interspace",0,20,"ALDE",NA,NA,4,1
"GB4-998",1,"interspace",0,20,"ALDE",NA,NA,4,1
"GB4-998",1,"interspace",0,20,"ALDE",NA,NA,4,1
"GB4-998",1,"interspace",0,20,"ALDE",NA,NA,4,1
"GB4-998",1,"interspace",0,20,"ALDE",NA,NA,4,1
"GB4-998",1,"interspace",0,20,"ALDE",NA,NA,4,1
"GB4-998",1,"interspace",0,20,"ALDE",NA,NA,4,1
"GB4-998",1,"interspace",0,20,"ALDE",NA,NA,4,1
"GB4-998",1,"interspace",0,20,"ALDE",NA,NA,4,1
"GB4-998",1,"interspace",0,20,"ALDE",NA,NA,4,1
"GB4-998",1,"interspace",0,20,"ALDE",NA,NA,4,1
"GB4-998",1,"interspace",0,20,"ALDE",NA,NA,4,1
"GB4-998",1,"interspace",0,20,"ALDE",NA,NA,4,1
"GB4-998",1,"interspace",0,20,"ALDE",NA,NA,4,1
"GB4-998",1,"interspace",0,20,"ALDE",NA,NA,4,1
"GB4-998",1,"interspace",0,20,"ALDE",NA,NA,4,1
"GB4-998",1,"interspace",0,20,"ALDE",NA,NA,4,1
"GB4-998",1,"interspace",0,20,"ALDE",NA,NA,4,1
"GB4-998",1,"interspace",0,20,"ALDE",NA,NA,4,1
"GB4-998",1,"interspace",0,20,"ALDE",NA,NA,4,1
"GB4-998",1,"interspace",0,20,"ALDE",NA,NA,4,1
"GB4-998",1,"interspace",0,20,"ALDE",NA,NA,4,1
"GB4-998",1,"interspace",0,20,"ALDE",NA,NA,4,1
"GB4-998",1,"interspace",0,20,"ALDE",NA,NA,4,1
"GB4-998",1,"interspace",0,20,"ALDE",NA,NA,4,1
"GB4-998",1,"interspace",0,20,"ALDE",NA,NA,4,1
"GB4-998",1,"interspace",0,20,"ALDE",NA,NA,4,1
"GB4-998",1,"interspace",0,20,"ALDE",NA,NA,4,1
"GB4-998",1,"interspace",0,20,"MIGR",NA,NA,3,1
"GB4-998",1,"interspace",0,20,"MIGR",NA,NA,3,1
"GB4-998",1,"interspace",0,20,"MIGR",NA,NA,3,1
"GB4-998",1,"interspace",0,20,"MIGR",NA,NA,3,1
"GB4-998",1,"interspace",0,20,"PHLO2",3,3,4,1
"GB4-998",1,"canopy",1,25,"PHLO2",8,3,9,1
"GB4-998",1,"canopy",1,25,"PLMA4",NA,NA,9,1
"GB4-998",1,"canopy",1,25,"PHLO2",5,2,5,1
"GB4-998",1,"canopy",1,25,"ALDE",NA,NA,4,1
"GB4-998",1,"canopy",1,25,"PONE7",NA,NA,6,1
"GB4-998",1,"canopy",1,25,"ELEL5",5,2,24,1
"GB4-998",1,"canopy",1,25,"AGGL",7,4,13,1
"GB4-998",1,"canopy",1,25,"MIGR",NA,NA,8,1
"GB4-998",1,"canopy",1,25,"PLMA4",NA,NA,9,1
"GB4-998",1,"canopy",1,25,"PLMA4",NA,NA,9,1
"GB4-998",1,"canopy",1,25,"PLMA4",NA,NA,9,1
"GB4-998",1,"canopy",1,25,"PLMA4",NA,NA,9,1
"GB4-998",1,"canopy",1,25,"PLMA4",NA,NA,9,1
"GB4-998",1,"canopy",1,25,"PLMA4",NA,NA,9,1
"GB4-998",1,"canopy",1,25,"PLMA4",NA,NA,9,1
"GB4-998",1,"canopy",1,25,"PLMA4",NA,NA,9,1
"GB4-998",1,"canopy",1,25,"PLMA4",NA,NA,9,1
"GB4-998",1,"canopy",1,25,"PLMA4",NA,NA,9,1
"GB4-998",1,"canopy",1,25,"PLMA4",NA,NA,9,1
"GB4-998",1,"canopy",1,25,"PLMA4",NA,NA,9,1
"GB4-998",1,"canopy",1,25,"PLMA4",NA,NA,9,1
"GB4-998",1,"canopy",1,25,"PLMA4",NA,NA,9,1
"GB4-998",1,"canopy",1,25,"PLMA4",NA,NA,9,1
"GB4-998",1,"canopy",1,25,"PLMA4",NA,NA,9,1
"GB4-998",1,"canopy",1,25,"PLMA4",NA,NA,9,1
"GB4-998",1,"canopy",1,25,"PLMA4",NA,NA,9,1
"GB4-998",1,"canopy",1,25,"PLMA4",NA,NA,9,1
"GB4-998",1,"canopy",1,25,"PLMA4",NA,NA,9,1
"GB4-998",1,"canopy",1,25,"PLMA4",NA,NA,9,1
"GB4-998",1,"canopy",1,25,"PLMA4",NA,NA,9,1
"GB4-998",1,"canopy",1,25,"PLMA4",NA,NA,9,1
"GB4-998",1,"canopy",1,25,"PLMA4",NA,NA,9,1
"GB4-998",1,"canopy",1,25,"PLMA4",NA,NA,9,1
"GB4-998",1,"canopy",1,25,"PLMA4",NA,NA,9,1
"GB4-998",1,"canopy",1,25,"PLMA4",NA,NA,9,1
"GB4-998",1,"canopy",1,25,"PLMA4",NA,NA,9,1
"GB4-998",1,"canopy",1,25,"PLMA4",NA,NA,9,1
"GB4-998",1,"canopy",1,25,"ALDE",NA,NA,4,1
"GB4-998",1,"canopy",1,25,"ALDE",NA,NA,4,1
"GB4-998",1,"canopy",1,25,"ALDE",NA,NA,4,1
"GB4-998",1,"canopy",1,25,"ALDE",NA,NA,4,1
"GB4-998",1,"canopy",1,25,"ALDE",NA,NA,4,1
"GB4-998",1,"canopy",1,25,"ALDE",NA,NA,4,1
"GB4-998",1,"canopy",1,25,"ALDE",NA,NA,4,1
"GB4-998",1,"canopy",1,25,"ALDE",NA,NA,4,1
"GB4-998",1,"canopy",1,25,"ALDE",NA,NA,4,1
"GB4-998",1,"canopy",1,25,"ALDE",NA,NA,4,1
"GB4-998",1,"canopy",1,25,"ALDE",NA,NA,4,1
"GB4-998",1,"canopy",1,25,"ALDE",NA,NA,4,1
"GB4-998",1,"canopy",1,25,"ALDE",NA,NA,4,1
"GB4-998",1,"canopy",1,25,"ALDE",NA,NA,4,1
"GB4-998",1,"interspace",0.5,25,"ALDE",NA,NA,4,1
"GB4-998",1,"interspace",0,25,"POSE",3,2,5,1
"GB4-998",1,"interspace",0,25,"POSE",6,3,12,1
"GB4-998",1,"interspace",0,25,"POSE",3,3,5,1
"GB4-998",1,"interspace",0,25,"ALDE",NA,NA,3,1
"GB4-998",1,"interspace",0.5,25,"PHLO2",3,3,3,1
"GB4-998",1,"interspace",0.5,25,"PHLO2",1,1,1,1
"GB4-998",1,"interspace",0,25,"CROC",22,6,13,1
"GB4-998",1,"interspace",0,25,"ELEL5",5,4,17,1
"GB4-998",1,"interspace",0,25,"PHLO2",3,3,7,1
"GB4-998",1,"interspace",0,25,"PHLO2",5,3,5,1
"GB4-998",1,"interspace",0.5,25,"ALDE",NA,NA,4,1
"GB4-998",1,"interspace",0.5,25,"ALDE",NA,NA,4,1
"GB4-998",1,"interspace",0.5,25,"ALDE",NA,NA,4,1
"GB4-998",1,"interspace",0.5,25,"ALDE",NA,NA,4,1
"GB4-998",1,"interspace",0.5,25,"ALDE",NA,NA,4,1
"GB4-998",1,"interspace",0.5,25,"ALDE",NA,NA,4,1
"GB4-998",1,"interspace",0.5,25,"ALDE",NA,NA,4,1
"GB4-998",1,"interspace",0,25,"ALDE",NA,NA,3,1
"GB4-998",1,"interspace",0,25,"ALDE",NA,NA,3,1
"GB4-998",1,"interspace",0,25,"ALDE",NA,NA,3,1
"GB4-998",1,"interspace",0,25,"ALDE",NA,NA,3,1
"GB4-998",1,"interspace",0,25,"ALDE",NA,NA,3,1
"GB4-998",1,"interspace",0,25,"ALDE",NA,NA,3,1
"GB4-998",1,"interspace",0,25,"ALDE",NA,NA,3,1
"GB4-998",1,"interspace",0,25,"ALDE",NA,NA,3,1
"GB4-998",1,"interspace",0,25,"ALDE",NA,NA,3,1
"GB4-998",2,"canopy",1,5,"POSE",2,2,9,1
"GB4-998",2,"canopy",0.5,5,"POSE",2,1,5,1
"GB4-998",2,"canopy",1,5,"PLMA4",NA,NA,4,1
"GB4-998",2,"canopy",1,5,"MIGR",NA,NA,4,1
"GB4-998",2,"canopy",1,5,"ELEL5",3,3,25,1
"GB4-998",2,"canopy",1,5,"DEPI",NA,NA,8,1
"GB4-998",2,"canopy",0.5,5,"POSE",2,1,4,1
"GB4-998",2,"canopy",1,5,"BRTE",NA,NA,10,1
"GB4-998",2,"canopy",1,5,"PLMA4",NA,NA,7,1
"GB4-998",2,"canopy",1,5,"ALDE",NA,NA,4,1
"GB4-998",2,"canopy",1,5,"ELEL5",1,1,15,1
"GB4-998",2,"canopy",1,5,"CROC",5,4,9,1
"GB4-998",2,"canopy",1,5,"MIGR",NA,NA,4,1
"GB4-998",2,"canopy",1,5,"MIGR",NA,NA,4,1
"GB4-998",2,"canopy",1,5,"MIGR",NA,NA,4,1
"GB4-998",2,"canopy",1,5,"ALDE",NA,NA,4,1
"GB4-998",2,"canopy",1,5,"ALDE",NA,NA,4,1
"GB4-998",2,"canopy",1,5,"ALDE",NA,NA,4,1
"GB4-998",2,"canopy",1,5,"ALDE",NA,NA,4,1
"GB4-998",2,"canopy",1,5,"ALDE",NA,NA,4,1
"GB4-998",2,"canopy",1,5,"ALDE",NA,NA,4,1
"GB4-998",2,"canopy",1,5,"ALDE",NA,NA,4,1
"GB4-998",2,"canopy",1,5,"ALDE",NA,NA,4,1
"GB4-998",2,"canopy",1,5,"ALDE",NA,NA,4,1
"GB4-998",2,"canopy",1,5,"ALDE",NA,NA,4,1
"GB4-998",2,"canopy",1,5,"ALDE",NA,NA,4,1
"GB4-998",2,"canopy",1,5,"ALDE",NA,NA,4,1
"GB4-998",2,"canopy",1,5,"ALDE",NA,NA,4,1
"GB4-998",2,"canopy",1,5,"ALDE",NA,NA,4,1
"GB4-998",2,"canopy",1,5,"ALDE",NA,NA,4,1
"GB4-998",2,"canopy",1,5,"ALDE",NA,NA,4,1
"GB4-998",2,"canopy",1,5,"ALDE",NA,NA,4,1
"GB4-998",2,"canopy",1,5,"ALDE",NA,NA,4,1
"GB4-998",2,"canopy",1,5,"ALDE",NA,NA,4,1
"GB4-998",2,"canopy",1,5,"ALDE",NA,NA,4,1
"GB4-998",2,"canopy",1,5,"ALDE",NA,NA,4,1
"GB4-998",2,"canopy",1,5,"ALDE",NA,NA,4,1
"GB4-998",2,"canopy",1,5,"ALDE",NA,NA,4,1
"GB4-998",2,"canopy",1,5,"ALDE",NA,NA,4,1
"GB4-998",2,"canopy",1,5,"ALDE",NA,NA,4,1
"GB4-998",2,"canopy",1,5,"ALDE",NA,NA,4,1
"GB4-998",2,"canopy",1,5,"ALDE",NA,NA,4,1
"GB4-998",2,"canopy",1,5,"ALDE",NA,NA,4,1
"GB4-998",2,"canopy",1,5,"ALDE",NA,NA,4,1
"GB4-998",2,"canopy",1,5,"ALDE",NA,NA,4,1
"GB4-998",2,"canopy",1,5,"ALDE",NA,NA,4,1
"GB4-998",2,"canopy",1,5,"ALDE",NA,NA,4,1
"GB4-998",2,"canopy",1,5,"ALDE",NA,NA,4,1
"GB4-998",2,"canopy",1,5,"ALDE",NA,NA,4,1
"GB4-998",2,"canopy",1,5,"ALDE",NA,NA,4,1
"GB4-998",2,"canopy",1,5,"ALDE",NA,NA,4,1
"GB4-998",2,"canopy",1,5,"ALDE",NA,NA,4,1
"GB4-998",2,"canopy",1,5,"ALDE",NA,NA,4,1
"GB4-998",2,"canopy",1,5,"ALDE",NA,NA,4,1
"GB4-998",2,"interspace",0,5,"ALDE",NA,NA,3,1
"GB4-998",2,"interspace",0,5,"MIGR",NA,NA,2,1
"GB4-998",2,"interspace",0,5,"PHLO2",5,4,3,1
"GB4-998",2,"interspace",0,5,"PHLO2",1,1,2,1
"GB4-998",2,"interspace",0,5,"DEPI",NA,NA,6,1
"GB4-998",2,"interspace",0,5,"ALDE",NA,NA,3,1
"GB4-998",2,"interspace",0,5,"ALDE",NA,NA,3,1
"GB4-998",2,"interspace",0,5,"ALDE",NA,NA,3,1
"GB4-998",2,"interspace",0,5,"ALDE",NA,NA,3,1
"GB4-998",2,"interspace",0,5,"ALDE",NA,NA,3,1
"GB4-998",2,"interspace",0,5,"ALDE",NA,NA,3,1
"GB4-998",2,"interspace",0,5,"ALDE",NA,NA,3,1
"GB4-998",2,"interspace",0,5,"ALDE",NA,NA,3,1
"GB4-998",2,"interspace",0,5,"ALDE",NA,NA,3,1
"GB4-998",2,"interspace",0,5,"ALDE",NA,NA,3,1
"GB4-998",2,"interspace",0,5,"ALDE",NA,NA,3,1
"GB4-998",2,"interspace",0,5,"ALDE",NA,NA,3,1
"GB4-998",2,"interspace",0,5,"ALDE",NA,NA,3,1
"GB4-998",2,"interspace",0,5,"ALDE",NA,NA,3,1
"GB4-998",2,"interspace",0,5,"ALDE",NA,NA,3,1
"GB4-998",2,"interspace",0,5,"ALDE",NA,NA,3,1
"GB4-998",2,"interspace",0,5,"ALDE",NA,NA,3,1
"GB4-998",2,"interspace",0,5,"ALDE",NA,NA,3,1
"GB4-998",2,"interspace",0,5,"ALDE",NA,NA,3,1
"GB4-998",2,"interspace",0,5,"MIGR",NA,NA,2,1
"GB4-998",2,"interspace",0,5,"MIGR",NA,NA,2,1
"GB4-998",2,"interspace",0,5,"MIGR",NA,NA,2,1
"GB4-998",2,"interspace",0,5,"MIGR",NA,NA,2,1
"GB4-998",2,"interspace",0,5,"MIGR",NA,NA,2,1
"GB4-998",2,"interspace",0,5,"MIGR",NA,NA,2,1
"GB4-998",2,"interspace",0,5,"PHLO2",1,1,2,1
"GB4-998",2,"canopy",0.5,10,"PLMA4",NA,NA,5,1
"GB4-998",2,"canopy",0.5,10,"POSE",8,3,7,1
"GB4-998",2,"canopy",1,10,"ALDE",NA,NA,5,1
"GB4-998",2,"canopy",1,10,"PLMA4",NA,NA,4,1
"GB4-998",2,"canopy",0.5,10,"PLMA4",NA,NA,5,1
"GB4-998",2,"canopy",0.5,10,"PLMA4",NA,NA,5,1
"GB4-998",2,"canopy",0.5,10,"PLMA4",NA,NA,5,1
"GB4-998",2,"canopy",0.5,10,"PLMA4",NA,NA,5,1
"GB4-998",2,"canopy",1,10,"ALDE",NA,NA,5,1
"GB4-998",2,"canopy",1,10,"ALDE",NA,NA,5,1
"GB4-998",2,"canopy",1,10,"ALDE",NA,NA,5,1
"GB4-998",2,"canopy",1,10,"ALDE",NA,NA,5,1
"GB4-998",2,"canopy",1,10,"ALDE",NA,NA,5,1
"GB4-998",2,"canopy",1,10,"ALDE",NA,NA,5,1
"GB4-998",2,"canopy",1,10,"ALDE",NA,NA,5,1
"GB4-998",2,"canopy",1,10,"ALDE",NA,NA,5,1
"GB4-998",2,"canopy",1,10,"ALDE",NA,NA,5,1
"GB4-998",2,"canopy",1,10,"ALDE",NA,NA,5,1
"GB4-998",2,"canopy",1,10,"ALDE",NA,NA,5,1
"GB4-998",2,"canopy",1,10,"ALDE",NA,NA,5,1
"GB4-998",2,"canopy",1,10,"ALDE",NA,NA,5,1
"GB4-998",2,"canopy",1,10,"ALDE",NA,NA,5,1
"GB4-998",2,"canopy",1,10,"ALDE",NA,NA,5,1
"GB4-998",2,"canopy",1,10,"ALDE",NA,NA,5,1
"GB4-998",2,"canopy",1,10,"ALDE",NA,NA,5,1
"GB4-998",2,"canopy",1,10,"ALDE",NA,NA,5,1
"GB4-998",2,"canopy",1,10,"ALDE",NA,NA,5,1
"GB4-998",2,"canopy",1,10,"ALDE",NA,NA,5,1
"GB4-998",2,"canopy",1,10,"ALDE",NA,NA,5,1
"GB4-998",2,"canopy",1,10,"ALDE",NA,NA,5,1
"GB4-998",2,"canopy",1,10,"ALDE",NA,NA,5,1
"GB4-998",2,"canopy",1,10,"ALDE",NA,NA,5,1
"GB4-998",2,"canopy",1,10,"ALDE",NA,NA,5,1
"GB4-998",2,"canopy",1,10,"ALDE",NA,NA,5,1
"GB4-998",2,"canopy",1,10,"ALDE",NA,NA,5,1
"GB4-998",2,"canopy",1,10,"ALDE",NA,NA,5,1
"GB4-998",2,"canopy",1,10,"ALDE",NA,NA,5,1
"GB4-998",2,"canopy",1,10,"PLMA4",NA,NA,4,1
"GB4-998",2,"canopy",1,10,"PLMA4",NA,NA,4,1
"GB4-998",2,"interspace",0,10,"POSE",2,2,6,1
"GB4-998",2,"interspace",0,10,"MIGR",NA,NA,5,1
"GB4-998",2,"interspace",0,10,"PHLO2",4,3,6,1
"GB4-998",2,"interspace",0,10,"CROC",4,4,8,1
"GB4-998",2,"interspace",0,10,"ELMU3",13,10,19,1
"GB4-998",2,"interspace",0,10,"PHLO2",5,3,3,1
"GB4-998",2,"interspace",0,10,"ALDE",NA,NA,3,1
"GB4-998",2,"interspace",0,10,"BRTE",NA,NA,7,1
"GB4-998",2,"interspace",0,10,"MIGR",NA,NA,5,1
"GB4-998",2,"interspace",0,10,"MIGR",NA,NA,5,1
"GB4-998",2,"interspace",0,10,"MIGR",NA,NA,5,1
"GB4-998",2,"interspace",0,10,"ALDE",NA,NA,3,1
"GB4-998",2,"interspace",0,10,"ALDE",NA,NA,3,1
"GB4-998",2,"interspace",0,10,"ALDE",NA,NA,3,1
"GB4-998",2,"interspace",0,10,"ALDE",NA,NA,3,1
"GB4-998",2,"interspace",0,10,"ALDE",NA,NA,3,1
"GB4-998",2,"interspace",0,10,"ALDE",NA,NA,3,1
"GB4-998",2,"interspace",0,10,"ALDE",NA,NA,3,1
"GB4-998",2,"interspace",0,10,"ALDE",NA,NA,3,1
"GB4-998",2,"interspace",0,10,"ALDE",NA,NA,3,1
"GB4-998",2,"interspace",0,10,"ALDE",NA,NA,3,1
"GB4-998",2,"interspace",0,10,"ALDE",NA,NA,3,1
"GB4-998",2,"interspace",0,10,"ALDE",NA,NA,3,1
"GB4-998",2,"interspace",0,10,"ALDE",NA,NA,3,1
"GB4-998",2,"interspace",0,10,"ALDE",NA,NA,3,1
"GB4-998",2,"interspace",0,10,"ALDE",NA,NA,3,1
"GB4-998",2,"interspace",0,10,"ALDE",NA,NA,3,1
"GB4-998",2,"interspace",0,10,"ALDE",NA,NA,3,1
"GB4-998",2,"interspace",0,10,"ALDE",NA,NA,3,1
"GB4-998",2,"interspace",0,10,"ALDE",NA,NA,3,1
"GB4-998",2,"canopy",1,15,"PONE7",NA,NA,5,1
"GB4-998",2,"canopy",0.5,15,"COPA3",NA,NA,10,1
"GB4-998",2,"canopy",0,15,"LOVA",4,4,11,1
"GB4-998",2,"canopy",0,15,"MIGR",NA,NA,3,1
"GB4-998",2,"canopy",0,15,"COPA3",NA,NA,9,1
"GB4-998",2,"canopy",0.5,15,"COPA3",NA,NA,3,1
"GB4-998",2,"canopy",0.5,15,"PLMA4",NA,NA,10,1
"GB4-998",2,"canopy",1,15,"PONE7",NA,NA,5,1
"GB4-998",2,"canopy",0.5,15,"COPA3",NA,NA,10,1
"GB4-998",2,"canopy",0.5,15,"COPA3",NA,NA,10,1
"GB4-998",2,"canopy",0.5,15,"COPA3",NA,NA,10,1
"GB4-998",2,"canopy",0.5,15,"COPA3",NA,NA,10,1
"GB4-998",2,"canopy",0.5,15,"COPA3",NA,NA,10,1
"GB4-998",2,"canopy",0,15,"COPA3",NA,NA,9,1
"GB4-998",2,"canopy",0,15,"COPA3",NA,NA,9,1
"GB4-998",2,"canopy",0,15,"COPA3",NA,NA,9,1
"GB4-998",2,"canopy",0,15,"COPA3",NA,NA,9,1
"GB4-998",2,"canopy",0.5,15,"COPA3",NA,NA,3,1
"GB4-998",2,"canopy",0.5,15,"COPA3",NA,NA,3,1
"GB4-998",2,"canopy",0.5,15,"PLMA4",NA,NA,10,1
"GB4-998",2,"canopy",0.5,15,"PLMA4",NA,NA,10,1
"GB4-998",2,"canopy",0.5,15,"PLMA4",NA,NA,10,1
"GB4-998",2,"canopy",0.5,15,"PLMA4",NA,NA,10,1
"GB4-998",2,"canopy",0.5,15,"PLMA4",NA,NA,10,1
"GB4-998",2,"canopy",0.5,15,"PLMA4",NA,NA,10,1
"GB4-998",2,"interspace",0,15,"POSE",2,2,6,1
"GB4-998",2,"interspace",0,15,"MIGR",NA,NA,5,1
"GB4-998",2,"interspace",0,15,"ALDE",NA,NA,5,1
"GB4-998",2,"interspace",0,15,"POSE",17,7,9,1
"GB4-998",2,"interspace",0,15,"MIGR",NA,NA,5,1
"GB4-998",2,"interspace",0,15,"ALDE",NA,NA,5,1
"GB4-998",2,"interspace",0,15,"ALDE",NA,NA,5,1
"GB4-998",2,"interspace",0,15,"ALDE",NA,NA,5,1
"GB4-998",2,"interspace",0,15,"ALDE",NA,NA,5,1
"GB4-998",2,"interspace",0,15,"ALDE",NA,NA,5,1
"GB4-998",2,"interspace",0,15,"ALDE",NA,NA,5,1
"GB4-998",2,"interspace",0,15,"ALDE",NA,NA,5,1
"GB4-998",2,"interspace",0,15,"ALDE",NA,NA,5,1
"GB4-998",2,"interspace",0,15,"ALDE",NA,NA,5,1
"GB4-998",2,"interspace",0,15,"ALDE",NA,NA,5,1
"GB4-998",2,"interspace",0,15,"ALDE",NA,NA,5,1
"GB4-998",2,"interspace",0,15,"ALDE",NA,NA,5,1
"GB4-998",2,"interspace",0,15,"ALDE",NA,NA,5,1
"GB4-998",2,"interspace",0,15,"ALDE",NA,NA,5,1
"GB4-998",2,"interspace",0,15,"ALDE",NA,NA,5,1
"GB4-998",2,"interspace",0,15,"ALDE",NA,NA,5,1
"GB4-998",2,"interspace",0,15,"ALDE",NA,NA,5,1
"GB4-998",2,"interspace",0,15,"ALDE",NA,NA,5,1
"GB4-998",2,"interspace",0,15,"ALDE",NA,NA,5,1
"GB4-998",2,"canopy",1,20,"CROC",4,2,7,1
"GB4-998",2,"canopy",1,20,"ALDE",NA,NA,6,1
"GB4-998",2,"canopy",1,20,"POSE",2,2,2,1
"GB4-998",2,"canopy",1,20,"COPA3",NA,NA,9,1
"GB4-998",2,"canopy",1,20,"PONE7",NA,NA,5,1
"GB4-998",2,"canopy",1,20,"LOVA",2,2,5,1
"GB4-998",2,"canopy",1,20,"DEPI",NA,NA,15,1
"GB4-998",2,"canopy",1,20,"PLMA4",NA,NA,11,1
"GB4-998",2,"canopy",1,20,"ALDE",NA,NA,6,1
"GB4-998",2,"canopy",1,20,"ALDE",NA,NA,6,1
"GB4-998",2,"canopy",1,20,"ALDE",NA,NA,6,1
"GB4-998",2,"canopy",1,20,"ALDE",NA,NA,6,1
"GB4-998",2,"canopy",1,20,"ALDE",NA,NA,6,1
"GB4-998",2,"canopy",1,20,"ALDE",NA,NA,6,1
"GB4-998",2,"canopy",1,20,"ALDE",NA,NA,6,1
"GB4-998",2,"canopy",1,20,"ALDE",NA,NA,6,1
"GB4-998",2,"canopy",1,20,"ALDE",NA,NA,6,1
"GB4-998",2,"canopy",1,20,"COPA3",NA,NA,9,1
"GB4-998",2,"canopy",1,20,"PONE7",NA,NA,5,1
"GB4-998",2,"canopy",1,20,"PONE7",NA,NA,5,1
"GB4-998",2,"canopy",1,20,"PLMA4",NA,NA,11,1
"GB4-998",2,"canopy",1,20,"PLMA4",NA,NA,11,1
"GB4-998",2,"canopy",1,20,"PLMA4",NA,NA,11,1
"GB4-998",2,"canopy",1,20,"PLMA4",NA,NA,11,1
"GB4-998",2,"canopy",1,20,"PLMA4",NA,NA,11,1
"GB4-998",2,"canopy",1,20,"PLMA4",NA,NA,11,1
"GB4-998",2,"canopy",1,20,"PLMA4",NA,NA,11,1
"GB4-998",2,"canopy",1,20,"PLMA4",NA,NA,11,1
"GB4-998",2,"canopy",1,20,"PLMA4",NA,NA,11,1
"GB4-998",2,"canopy",1,20,"PLMA4",NA,NA,11,1
"GB4-998",2,"canopy",1,20,"PLMA4",NA,NA,11,1
"GB4-998",2,"canopy",1,20,"PLMA4",NA,NA,11,1
"GB4-998",2,"canopy",1,20,"PLMA4",NA,NA,11,1
"GB4-998",2,"canopy",1,20,"PLMA4",NA,NA,11,1
"GB4-998",2,"canopy",1,20,"PLMA4",NA,NA,11,1
"GB4-998",2,"canopy",1,20,"PLMA4",NA,NA,11,1
"GB4-998",2,"canopy",1,20,"PLMA4",NA,NA,11,1
"GB4-998",2,"canopy",1,20,"PLMA4",NA,NA,11,1
"GB4-998",2,"canopy",1,20,"PLMA4",NA,NA,11,1
"GB4-998",2,"canopy",1,20,"PLMA4",NA,NA,11,1
"GB4-998",2,"canopy",1,20,"PLMA4",NA,NA,11,1
"GB4-998",2,"canopy",1,20,"PLMA4",NA,NA,11,1
"GB4-998",2,"canopy",1,20,"PLMA4",NA,NA,11,1
"GB4-998",2,"canopy",1,20,"PLMA4",NA,NA,11,1
"GB4-998",2,"canopy",1,20,"PLMA4",NA,NA,11,1
"GB4-998",2,"canopy",1,20,"PLMA4",NA,NA,11,1
"GB4-998",2,"canopy",1,20,"PLMA4",NA,NA,11,1
"GB4-998",2,"canopy",1,20,"PLMA4",NA,NA,11,1
"GB4-998",2,"canopy",1,20,"PLMA4",NA,NA,11,1
"GB4-998",2,"interspace",0,20,"COPA3",NA,NA,7,1
"GB4-998",2,"interspace",0,20,"ALDE",NA,NA,6,1
"GB4-998",2,"interspace",0.5,20,"PHLO2",3,3,7,1
"GB4-998",2,"interspace",0,20,"PONE7",NA,NA,5,1
"GB4-998",2,"interspace",0,20,"DEPI",NA,NA,9,1
"GB4-998",2,"interspace",0,20,"PLMA4",NA,NA,10,1
"GB4-998",2,"interspace",0,20,"PHLO2",3,3,5,1
"GB4-998",2,"interspace",0,20,"POSE",3,3,7,1
"GB4-998",2,"interspace",0,20,"ALDE",NA,NA,6,1
"GB4-998",2,"interspace",0,20,"ALDE",NA,NA,6,1
"GB4-998",2,"interspace",0,20,"ALDE",NA,NA,6,1
"GB4-998",2,"interspace",0,20,"ALDE",NA,NA,6,1
"GB4-998",2,"interspace",0,20,"ALDE",NA,NA,6,1
"GB4-998",2,"interspace",0,20,"ALDE",NA,NA,6,1
"GB4-998",2,"interspace",0,20,"ALDE",NA,NA,6,1
"GB4-998",2,"interspace",0,20,"ALDE",NA,NA,6,1
"GB4-998",2,"interspace",0,20,"ALDE",NA,NA,6,1
"GB4-998",2,"interspace",0,20,"ALDE",NA,NA,6,1
"GB4-998",2,"interspace",0,20,"ALDE",NA,NA,6,1
"GB4-998",2,"interspace",0,20,"ALDE",NA,NA,6,1
"GB4-998",2,"interspace",0,20,"ALDE",NA,NA,6,1
"GB4-998",2,"interspace",0,20,"ALDE",NA,NA,6,1
"GB4-998",2,"interspace",0,20,"ALDE",NA,NA,6,1
"GB4-998",2,"interspace",0,20,"ALDE",NA,NA,6,1
"GB4-998",2,"interspace",0,20,"ALDE",NA,NA,6,1
"GB4-998",2,"interspace",0,20,"ALDE",NA,NA,6,1
"GB4-998",2,"interspace",0,20,"ALDE",NA,NA,6,1
"GB4-998",2,"interspace",0,20,"ALDE",NA,NA,6,1
"GB4-998",2,"interspace",0,20,"ALDE",NA,NA,6,1
"GB4-998",2,"interspace",0,20,"ALDE",NA,NA,6,1
"GB4-998",2,"interspace",0,20,"ALDE",NA,NA,6,1
"GB4-998",2,"interspace",0,20,"ALDE",NA,NA,6,1
"GB4-998",2,"interspace",0,20,"ALDE",NA,NA,6,1
"GB4-998",2,"interspace",0,20,"ALDE",NA,NA,6,1
"GB4-998",2,"interspace",0,20,"ALDE",NA,NA,6,1
"GB4-998",2,"interspace",0,20,"ALDE",NA,NA,6,1
"GB4-998",2,"interspace",0,20,"ALDE",NA,NA,6,1
"GB4-998",2,"interspace",0,20,"ALDE",NA,NA,6,1
"GB4-998",2,"interspace",0,20,"ALDE",NA,NA,6,1
"GB4-998",2,"interspace",0,20,"ALDE",NA,NA,6,1
"GB4-998",2,"interspace",0,20,"ALDE",NA,NA,6,1
"GB4-998",2,"interspace",0,20,"ALDE",NA,NA,6,1
"GB4-998",2,"interspace",0,20,"ALDE",NA,NA,6,1
"GB4-998",2,"interspace",0,20,"ALDE",NA,NA,6,1
"GB4-998",2,"interspace",0,20,"ALDE",NA,NA,6,1
"GB4-998",2,"interspace",0,20,"ALDE",NA,NA,6,1
"GB4-998",2,"interspace",0,20,"ALDE",NA,NA,6,1
"GB4-998",2,"interspace",0,20,"ALDE",NA,NA,6,1
"GB4-998",2,"interspace",0,20,"ALDE",NA,NA,6,1
"GB4-998",2,"interspace",0,20,"ALDE",NA,NA,6,1
"GB4-998",2,"interspace",0,20,"ALDE",NA,NA,6,1
"GB4-998",2,"interspace",0,20,"ALDE",NA,NA,6,1
"GB4-998",2,"interspace",0,20,"ALDE",NA,NA,6,1
"GB4-998",2,"interspace",0,20,"ALDE",NA,NA,6,1
"GB4-998",2,"interspace",0,20,"ALDE",NA,NA,6,1
"GB4-998",2,"interspace",0,20,"ALDE",NA,NA,6,1
"GB4-998",2,"interspace",0,20,"ALDE",NA,NA,6,1
"GB4-998",2,"interspace",0,20,"ALDE",NA,NA,6,1
"GB4-998",2,"interspace",0,20,"ALDE",NA,NA,6,1
"GB4-998",2,"interspace",0,20,"ALDE",NA,NA,6,1
"GB4-998",2,"interspace",0,20,"ALDE",NA,NA,6,1
"GB4-998",2,"interspace",0,20,"ALDE",NA,NA,6,1
"GB4-998",2,"interspace",0,20,"ALDE",NA,NA,6,1
"GB4-998",2,"interspace",0,20,"ALDE",NA,NA,6,1
"GB4-998",2,"interspace",0,20,"ALDE",NA,NA,6,1
"GB4-998",2,"interspace",0,20,"ALDE",NA,NA,6,1
"GB4-998",2,"interspace",0,20,"ALDE",NA,NA,6,1
"GB4-998",2,"interspace",0,20,"ALDE",NA,NA,6,1
"GB4-998",2,"interspace",0,20,"ALDE",NA,NA,6,1
"GB4-998",2,"interspace",0,20,"ALDE",NA,NA,6,1
"GB4-998",2,"interspace",0,20,"ALDE",NA,NA,6,1
"GB4-998",2,"interspace",0,20,"ALDE",NA,NA,6,1
"GB4-998",2,"interspace",0,20,"ALDE",NA,NA,6,1
"GB4-998",2,"interspace",0,20,"ALDE",NA,NA,6,1
"GB4-998",2,"interspace",0,20,"ALDE",NA,NA,6,1
"GB4-998",2,"interspace",0,20,"ALDE",NA,NA,6,1
"GB4-998",2,"interspace",0,20,"ALDE",NA,NA,6,1
"GB4-998",2,"interspace",0,20,"ALDE",NA,NA,6,1
"GB4-998",2,"interspace",0,20,"ALDE",NA,NA,6,1
"GB4-998",2,"interspace",0,20,"ALDE",NA,NA,6,1
"GB4-998",2,"interspace",0,20,"ALDE",NA,NA,6,1
"GB4-998",2,"interspace",0,20,"ALDE",NA,NA,6,1
"GB4-998",2,"interspace",0,20,"ALDE",NA,NA,6,1
"GB4-998",2,"interspace",0,20,"ALDE",NA,NA,6,1
"GB4-998",2,"interspace",0,20,"ALDE",NA,NA,6,1
"GB4-998",2,"interspace",0,20,"ALDE",NA,NA,6,1
"GB4-998",2,"interspace",0,20,"ALDE",NA,NA,6,1
"GB4-998",2,"interspace",0,20,"ALDE",NA,NA,6,1
"GB4-998",2,"interspace",0,20,"ALDE",NA,NA,6,1
"GB4-998",2,"interspace",0,20,"ALDE",NA,NA,6,1
"GB4-998",2,"interspace",0,20,"ALDE",NA,NA,6,1
"GB4-998",2,"interspace",0,20,"ALDE",NA,NA,6,1
"GB4-998",2,"interspace",0,20,"ALDE",NA,NA,6,1
"GB4-998",2,"interspace",0,20,"ALDE",NA,NA,6,1
"GB4-998",2,"interspace",0,20,"ALDE",NA,NA,6,1
"GB4-998",2,"interspace",0,20,"ALDE",NA,NA,6,1
"GB4-998",2,"interspace",0,20,"ALDE",NA,NA,6,1
"GB4-998",2,"interspace",0,20,"ALDE",NA,NA,6,1
"GB4-998",2,"interspace",0,20,"ALDE",NA,NA,6,1
"GB4-998",2,"interspace",0,20,"ALDE",NA,NA,6,1
"GB4-998",2,"interspace",0,20,"ALDE",NA,NA,6,1
"GB4-998",2,"interspace",0,20,"ALDE",NA,NA,6,1
"GB4-998",2,"interspace",0,20,"ALDE",NA,NA,6,1
"GB4-998",2,"interspace",0,20,"ALDE",NA,NA,6,1
"GB4-998",2,"interspace",0,20,"ALDE",NA,NA,6,1
"GB4-998",2,"interspace",0,20,"ALDE",NA,NA,6,1
"GB4-998",2,"interspace",0,20,"ALDE",NA,NA,6,1
"GB4-998",2,"interspace",0,20,"ALDE",NA,NA,6,1
"GB4-998",2,"interspace",0,20,"ALDE",NA,NA,6,1
"GB4-998",2,"interspace",0,20,"ALDE",NA,NA,6,1
"GB4-998",2,"interspace",0,20,"ALDE",NA,NA,6,1
"GB4-998",2,"interspace",0,20,"ALDE",NA,NA,6,1
"GB4-998",2,"interspace",0,20,"ALDE",NA,NA,6,1
"GB4-998",2,"interspace",0,20,"ALDE",NA,NA,6,1
"GB4-998",2,"interspace",0,20,"ALDE",NA,NA,6,1
"GB4-998",2,"interspace",0,20,"ALDE",NA,NA,6,1
"GB4-998",2,"interspace",0,20,"ALDE",NA,NA,6,1
"GB4-998",2,"interspace",0,20,"ALDE",NA,NA,6,1
"GB4-998",2,"interspace",0,20,"ALDE",NA,NA,6,1
"GB4-998",2,"interspace",0,20,"ALDE",NA,NA,6,1
"GB4-998",2,"interspace",0,20,"ALDE",NA,NA,6,1
"GB4-998",2,"interspace",0,20,"ALDE",NA,NA,6,1
"GB4-998",2,"interspace",0,20,"ALDE",NA,NA,6,1
"GB4-998",2,"interspace",0,20,"ALDE",NA,NA,6,1
"GB4-998",2,"interspace",0,20,"ALDE",NA,NA,6,1
"GB4-998",2,"interspace",0,20,"ALDE",NA,NA,6,1
"GB4-998",2,"interspace",0,20,"ALDE",NA,NA,6,1
"GB4-998",2,"interspace",0,20,"ALDE",NA,NA,6,1
"GB4-998",2,"interspace",0,20,"ALDE",NA,NA,6,1
"GB4-998",2,"interspace",0,20,"ALDE",NA,NA,6,1
"GB4-998",2,"interspace",0,20,"ALDE",NA,NA,6,1
"GB4-998",2,"interspace",0,20,"ALDE",NA,NA,6,1
"GB4-998",2,"interspace",0,20,"ALDE",NA,NA,6,1
"GB4-998",2,"interspace",0,20,"ALDE",NA,NA,6,1
"GB4-998",2,"interspace",0,20,"ALDE",NA,NA,6,1
"GB4-998",2,"interspace",0,20,"ALDE",NA,NA,6,1
"GB4-998",2,"interspace",0,20,"ALDE",NA,NA,6,1
"GB4-998",2,"interspace",0,20,"PONE7",NA,NA,5,1
"GB4-998",2,"interspace",0,20,"DEPI",NA,NA,9,1
"GB4-998",2,"interspace",0,20,"DEPI",NA,NA,9,1
"GB4-998",2,"interspace",0,20,"PLMA4",NA,NA,10,1
"GB4-998",2,"interspace",0,20,"PLMA4",NA,NA,10,1
"GB4-998",2,"interspace",0,20,"PLMA4",NA,NA,10,1
"GB4-998",2,"interspace",0,20,"PLMA4",NA,NA,10,1
"GB4-998",2,"interspace",0,20,"PLMA4",NA,NA,10,1
"GB4-998",2,"canopy",0,25,"PLMA4",NA,NA,6,1
"GB4-998",2,"canopy",0,25,"POSE",2,2,6,1
"GB4-998",2,"canopy",0,25,"ALDE",NA,NA,6,1
"GB4-998",2,"canopy",0.5,25,"PONE7",NA,NA,6,1
"GB4-998",2,"canopy",0,25,"BRTE",NA,NA,9,1
"GB4-998",2,"canopy",0.5,25,"BRTE",NA,NA,1,1
"GB4-998",2,"canopy",0.5,25,"DEPI",NA,NA,8,1
"GB4-998",2,"canopy",0.5,25,"COPA3",NA,NA,7,1
"GB4-998",2,"canopy",0,25,"DEPI",NA,NA,15,1
"GB4-998",2,"canopy",0,25,"PLMA4",NA,NA,6,1
"GB4-998",2,"canopy",0,25,"PLMA4",NA,NA,6,1
"GB4-998",2,"canopy",0,25,"PLMA4",NA,NA,6,1
"GB4-998",2,"canopy",0,25,"PLMA4",NA,NA,6,1
"GB4-998",2,"canopy",0,25,"PLMA4",NA,NA,6,1
"GB4-998",2,"canopy",0,25,"ALDE",NA,NA,6,1
"GB4-998",2,"canopy",0,25,"ALDE",NA,NA,6,1
"GB4-998",2,"canopy",0,25,"ALDE",NA,NA,6,1
"GB4-998",2,"canopy",0,25,"ALDE",NA,NA,6,1
"GB4-998",2,"canopy",0,25,"ALDE",NA,NA,6,1
"GB4-998",2,"canopy",0,25,"ALDE",NA,NA,6,1
"GB4-998",2,"canopy",0,25,"ALDE",NA,NA,6,1
"GB4-998",2,"canopy",0,25,"ALDE",NA,NA,6,1
"GB4-998",2,"canopy",0,25,"ALDE",NA,NA,6,1
"GB4-998",2,"canopy",0,25,"ALDE",NA,NA,6,1
"GB4-998",2,"canopy",0,25,"ALDE",NA,NA,6,1
"GB4-998",2,"canopy",0,25,"ALDE",NA,NA,6,1
"GB4-998",2,"canopy",0,25,"ALDE",NA,NA,6,1
"GB4-998",2,"canopy",0,25,"ALDE",NA,NA,6,1
"GB4-998",2,"canopy",0,25,"ALDE",NA,NA,6,1
"GB4-998",2,"canopy",0,25,"ALDE",NA,NA,6,1
"GB4-998",2,"canopy",0,25,"ALDE",NA,NA,6,1
"GB4-998",2,"canopy",0,25,"ALDE",NA,NA,6,1
"GB4-998",2,"canopy",0,25,"ALDE",NA,NA,6,1
"GB4-998",2,"canopy",0,25,"ALDE",NA,NA,6,1
"GB4-998",2,"canopy",0,25,"ALDE",NA,NA,6,1
"GB4-998",2,"canopy",0,25,"ALDE",NA,NA,6,1
"GB4-998",2,"canopy",0,25,"ALDE",NA,NA,6,1
"GB4-998",2,"canopy",0,25,"ALDE",NA,NA,6,1
"GB4-998",2,"canopy",0,25,"ALDE",NA,NA,6,1
"GB4-998",2,"canopy",0,25,"ALDE",NA,NA,6,1
"GB4-998",2,"canopy",0,25,"ALDE",NA,NA,6,1
"GB4-998",2,"canopy",0,25,"ALDE",NA,NA,6,1
"GB4-998",2,"canopy",0,25,"ALDE",NA,NA,6,1
"GB4-998",2,"canopy",0.5,25,"PONE7",NA,NA,6,1
"GB4-998",2,"canopy",0.5,25,"BRTE",NA,NA,1,1
"GB4-998",2,"canopy",0.5,25,"DEPI",NA,NA,8,1
"GB4-998",2,"interspace",0,25,"BRTE",NA,NA,12,1
"GB4-998",2,"interspace",0.5,25,"POSE",7,5,10,1
"GB4-998",2,"interspace",0,25,"ALDE",NA,NA,5,1
"GB4-998",2,"interspace",1,25,"ALDE",NA,NA,5,1
"GB4-998",2,"interspace",0,25,"DEPI",NA,NA,9,1
"GB4-998",2,"interspace",0,25,"BRTE",NA,NA,12,1
"GB4-998",2,"interspace",0,25,"BRTE",NA,NA,12,1
"GB4-998",2,"interspace",0,25,"ALDE",NA,NA,5,1
"GB4-998",2,"interspace",0,25,"ALDE",NA,NA,5,1
"GB4-998",2,"interspace",0,25,"ALDE",NA,NA,5,1
"GB4-998",2,"interspace",0,25,"ALDE",NA,NA,5,1
"GB4-998",2,"interspace",0,25,"ALDE",NA,NA,5,1
"GB4-998",2,"interspace",0,25,"ALDE",NA,NA,5,1
"GB4-998",2,"interspace",0,25,"ALDE",NA,NA,5,1
"GB4-998",2,"interspace",0,25,"ALDE",NA,NA,5,1
"GB4-998",2,"interspace",0,25,"ALDE",NA,NA,5,1
"GB4-998",2,"interspace",0,25,"ALDE",NA,NA,5,1
"GB4-998",2,"interspace",0,25,"ALDE",NA,NA,5,1
"GB4-998",2,"interspace",0,25,"ALDE",NA,NA,5,1
"GB4-998",2,"interspace",0,25,"ALDE",NA,NA,5,1
"GB4-998",2,"interspace",0,25,"ALDE",NA,NA,5,1
"GB4-998",2,"interspace",0,25,"ALDE",NA,NA,5,1
"GB4-998",2,"interspace",0,25,"ALDE",NA,NA,5,1
"GB4-998",2,"interspace",0,25,"ALDE",NA,NA,5,1
"GB4-998",2,"interspace",0,25,"ALDE",NA,NA,5,1
"GB4-998",2,"interspace",0,25,"ALDE",NA,NA,5,1
"GB4-998",2,"interspace",0,25,"ALDE",NA,NA,5,1
"GB4-998",2,"interspace",0,25,"ALDE",NA,NA,5,1
"GB4-998",2,"interspace",0,25,"ALDE",NA,NA,5,1
"GB4-998",2,"interspace",0,25,"ALDE",NA,NA,5,1
"GB4-998",2,"interspace",0,25,"ALDE",NA,NA,5,1
"GB4-998",2,"interspace",0,25,"ALDE",NA,NA,5,1
"GB4-998",2,"interspace",0,25,"ALDE",NA,NA,5,1
"GB4-998",2,"interspace",0,25,"ALDE",NA,NA,5,1
"GB4-998",2,"interspace",0,25,"ALDE",NA,NA,5,1
"GB4-998",2,"interspace",0,25,"ALDE",NA,NA,5,1
"GB4-998",2,"interspace",1,25,"ALDE",NA,NA,5,1
"GB4-998",2,"interspace",1,25,"ALDE",NA,NA,5,1
"GB4-998",2,"interspace",1,25,"ALDE",NA,NA,5,1
"GB4-998",2,"interspace",1,25,"ALDE",NA,NA,5,1
"GB4-998",2,"interspace",1,25,"ALDE",NA,NA,5,1
"GB4-998",2,"interspace",1,25,"ALDE",NA,NA,5,1
"GB4-998",2,"interspace",1,25,"ALDE",NA,NA,5,1
"GB4-998",2,"interspace",1,25,"ALDE",NA,NA,5,1
"GB4-998",2,"interspace",1,25,"ALDE",NA,NA,5,1
"GB4-998",2,"interspace",1,25,"ALDE",NA,NA,5,1
"GB4-998",2,"interspace",1,25,"ALDE",NA,NA,5,1
"GB4-998",2,"interspace",1,25,"ALDE",NA,NA,5,1
"GB4-998",2,"interspace",1,25,"ALDE",NA,NA,5,1
"GB4-998",2,"interspace",1,25,"ALDE",NA,NA,5,1
"GB4-998",2,"interspace",1,25,"ALDE",NA,NA,5,1
"GB4-998",2,"interspace",1,25,"ALDE",NA,NA,5,1
"GB4-998",2,"interspace",1,25,"ALDE",NA,NA,5,1
"GB4-998",2,"interspace",1,25,"ALDE",NA,NA,5,1
"GB4-998",2,"interspace",1,25,"ALDE",NA,NA,5,1
"GB4-998",3,"canopy",1,5,"ELEL5",2,2,15,1
"GB4-998",3,"canopy",1,5,"PLMA4",NA,NA,5,1
"GB4-998",3,"canopy",1,5,"PHLO2",8,6,5,1
"GB4-998",3,"canopy",1,5,"PHLO2",3,3,3,1
"GB4-998",3,"canopy",1,5,"PONE7",NA,NA,5,1
"GB4-998",3,"canopy",1,5,"PHLO2",4,4,6,1
"GB4-998",3,"canopy",1,5,"CROC",8,7,5,1
"GB4-998",3,"canopy",1,5,"PLMA4",NA,NA,5,1
"GB4-998",3,"canopy",1,5,"PLMA4",NA,NA,5,1
"GB4-998",3,"canopy",1,5,"PLMA4",NA,NA,5,1
"GB4-998",3,"canopy",1,5,"PLMA4",NA,NA,5,1
"GB4-998",3,"canopy",1,5,"PLMA4",NA,NA,5,1
"GB4-998",3,"canopy",1,5,"PONE7",NA,NA,5,1
"GB4-998",3,"interspace",0,5,"MIGR",NA,NA,5,1
"GB4-998",3,"interspace",0,5,"PHLO2",2,2,3,1
"GB4-998",3,"interspace",0,5,"ALDE",NA,NA,4,1
"GB4-998",3,"interspace",0,5,"PLMA4",NA,NA,5,1
"GB4-998",3,"interspace",0,5,"PHLO2",7,4,6,1
"GB4-998",3,"interspace",0,5,"PHLO2",6,5,5,1
"GB4-998",3,"interspace",0,5,"BRTE",NA,NA,6,1
"GB4-998",3,"interspace",0,5,"PHLO2",3,2,3,1
"GB4-998",3,"interspace",0,5,"COPA3",NA,NA,3,1
"GB4-998",3,"interspace",0,5,"PHLO2",7,4,3,1
"GB4-998",3,"interspace",0,5,"POSE",1,1,2,1
"GB4-998",3,"interspace",0,5,"POSE",1,1,3,1
"GB4-998",3,"interspace",0,5,"MIGR",NA,NA,5,1
"GB4-998",3,"interspace",0,5,"MIGR",NA,NA,5,1
"GB4-998",3,"interspace",0,5,"MIGR",NA,NA,5,1
"GB4-998",3,"interspace",0,5,"MIGR",NA,NA,5,1
"GB4-998",3,"interspace",0,5,"PHLO2",2,2,3,1
"GB4-998",3,"interspace",0,5,"PHLO2",2,2,3,1
"GB4-998",3,"interspace",0,5,"ALDE",NA,NA,4,1
"GB4-998",3,"interspace",0,5,"ALDE",NA,NA,4,1
"GB4-998",3,"interspace",0,5,"ALDE",NA,NA,4,1
"GB4-998",3,"interspace",0,5,"ALDE",NA,NA,4,1
"GB4-998",3,"interspace",0,5,"ALDE",NA,NA,4,1
"GB4-998",3,"interspace",0,5,"ALDE",NA,NA,4,1
"GB4-998",3,"interspace",0,5,"ALDE",NA,NA,4,1
"GB4-998",3,"interspace",0,5,"ALDE",NA,NA,4,1
"GB4-998",3,"interspace",0,5,"ALDE",NA,NA,4,1
"GB4-998",3,"interspace",0,5,"ALDE",NA,NA,4,1
"GB4-998",3,"interspace",0,5,"ALDE",NA,NA,4,1
"GB4-998",3,"interspace",0,5,"ALDE",NA,NA,4,1
"GB4-998",3,"interspace",0,5,"ALDE",NA,NA,4,1
"GB4-998",3,"interspace",0,5,"ALDE",NA,NA,4,1
"GB4-998",3,"interspace",0,5,"ALDE",NA,NA,4,1
"GB4-998",3,"interspace",0,5,"ALDE",NA,NA,4,1
"GB4-998",3,"interspace",0,5,"ALDE",NA,NA,4,1
"GB4-998",3,"interspace",0,5,"ALDE",NA,NA,4,1
"GB4-998",3,"interspace",0,5,"ALDE",NA,NA,4,1
"GB4-998",3,"interspace",0,5,"ALDE",NA,NA,4,1
"GB4-998",3,"interspace",0,5,"ALDE",NA,NA,4,1
"GB4-998",3,"interspace",0,5,"ALDE",NA,NA,4,1
"GB4-998",3,"interspace",0,5,"ALDE",NA,NA,4,1
"GB4-998",3,"interspace",0,5,"ALDE",NA,NA,4,1
"GB4-998",3,"interspace",0,5,"ALDE",NA,NA,4,1
"GB4-998",3,"interspace",0,5,"ALDE",NA,NA,4,1
"GB4-998",3,"interspace",0,5,"ALDE",NA,NA,4,1
"GB4-998",3,"interspace",0,5,"ALDE",NA,NA,4,1
"GB4-998",3,"interspace",0,5,"ALDE",NA,NA,4,1
"GB4-998",3,"interspace",0,5,"ALDE",NA,NA,4,1
"GB4-998",3,"interspace",0,5,"ALDE",NA,NA,4,1
"GB4-998",3,"interspace",0,5,"ALDE",NA,NA,4,1
"GB4-998",3,"interspace",0,5,"ALDE",NA,NA,4,1
"GB4-998",3,"interspace",0,5,"ALDE",NA,NA,4,1
"GB4-998",3,"interspace",0,5,"ALDE",NA,NA,4,1
"GB4-998",3,"interspace",0,5,"ALDE",NA,NA,4,1
"GB4-998",3,"interspace",0,5,"ALDE",NA,NA,4,1
"GB4-998",3,"interspace",0,5,"ALDE",NA,NA,4,1
"GB4-998",3,"interspace",0,5,"ALDE",NA,NA,4,1
"GB4-998",3,"interspace",0,5,"ALDE",NA,NA,4,1
"GB4-998",3,"interspace",0,5,"ALDE",NA,NA,4,1
"GB4-998",3,"interspace",0,5,"ALDE",NA,NA,4,1
"GB4-998",3,"interspace",0,5,"ALDE",NA,NA,4,1
"GB4-998",3,"interspace",0,5,"ALDE",NA,NA,4,1
"GB4-998",3,"interspace",0,5,"ALDE",NA,NA,4,1
"GB4-998",3,"interspace",0,5,"ALDE",NA,NA,4,1
"GB4-998",3,"interspace",0,5,"ALDE",NA,NA,4,1
"GB4-998",3,"interspace",0,5,"ALDE",NA,NA,4,1
"GB4-998",3,"interspace",0,5,"ALDE",NA,NA,4,1
"GB4-998",3,"interspace",0,5,"BRTE",NA,NA,6,1
"GB4-998",3,"interspace",0,5,"BRTE",NA,NA,6,1
"GB4-998",3,"canopy",1,10,"COPA3",NA,NA,5,1
"GB4-998",3,"canopy",1,10,"BRTE",NA,NA,10,1
"GB4-998",3,"canopy",1,10,"POSE",1,1,4,1
"GB4-998",3,"canopy",0.5,10,"ALDE",NA,NA,4,1
"GB4-998",3,"canopy",0,10,"ALDE",NA,NA,4,1
"GB4-998",3,"canopy",0.5,10,"MIGR",NA,NA,4,1
"GB4-998",3,"canopy",1,10,"COPA3",NA,NA,5,1
"GB4-998",3,"canopy",1,10,"COPA3",NA,NA,5,1
"GB4-998",3,"canopy",1,10,"POSE",1,1,4,1
"GB4-998",3,"canopy",0.5,10,"ALDE",NA,NA,4,1
"GB4-998",3,"canopy",0.5,10,"ALDE",NA,NA,4,1
"GB4-998",3,"canopy",0.5,10,"ALDE",NA,NA,4,1
"GB4-998",3,"canopy",0.5,10,"ALDE",NA,NA,4,1
"GB4-998",3,"canopy",0.5,10,"ALDE",NA,NA,4,1
"GB4-998",3,"canopy",0.5,10,"ALDE",NA,NA,4,1
"GB4-998",3,"canopy",0.5,10,"ALDE",NA,NA,4,1
"GB4-998",3,"canopy",0.5,10,"ALDE",NA,NA,4,1
"GB4-998",3,"canopy",0.5,10,"ALDE",NA,NA,4,1
"GB4-998",3,"canopy",0.5,10,"ALDE",NA,NA,4,1
"GB4-998",3,"canopy",0.5,10,"ALDE",NA,NA,4,1
"GB4-998",3,"canopy",0.5,10,"ALDE",NA,NA,4,1
"GB4-998",3,"canopy",0.5,10,"ALDE",NA,NA,4,1
"GB4-998",3,"canopy",0.5,10,"ALDE",NA,NA,4,1
"GB4-998",3,"canopy",0.5,10,"ALDE",NA,NA,4,1
"GB4-998",3,"canopy",0.5,10,"ALDE",NA,NA,4,1
"GB4-998",3,"canopy",0.5,10,"ALDE",NA,NA,4,1
"GB4-998",3,"canopy",0.5,10,"ALDE",NA,NA,4,1
"GB4-998",3,"canopy",0.5,10,"ALDE",NA,NA,4,1
"GB4-998",3,"canopy",0.5,10,"ALDE",NA,NA,4,1
"GB4-998",3,"canopy",0.5,10,"ALDE",NA,NA,4,1
"GB4-998",3,"canopy",0.5,10,"ALDE",NA,NA,4,1
"GB4-998",3,"canopy",0.5,10,"ALDE",NA,NA,4,1
"GB4-998",3,"canopy",0.5,10,"ALDE",NA,NA,4,1
"GB4-998",3,"canopy",0.5,10,"ALDE",NA,NA,4,1
"GB4-998",3,"canopy",0.5,10,"ALDE",NA,NA,4,1
"GB4-998",3,"canopy",0.5,10,"ALDE",NA,NA,4,1
"GB4-998",3,"canopy",0.5,10,"ALDE",NA,NA,4,1
"GB4-998",3,"canopy",0.5,10,"ALDE",NA,NA,4,1
"GB4-998",3,"canopy",0.5,10,"ALDE",NA,NA,4,1
"GB4-998",3,"canopy",0.5,10,"ALDE",NA,NA,4,1
"GB4-998",3,"canopy",0.5,10,"ALDE",NA,NA,4,1
"GB4-998",3,"canopy",0.5,10,"ALDE",NA,NA,4,1
"GB4-998",3,"canopy",0.5,10,"ALDE",NA,NA,4,1
"GB4-998",3,"canopy",0.5,10,"ALDE",NA,NA,4,1
"GB4-998",3,"canopy",0.5,10,"ALDE",NA,NA,4,1
"GB4-998",3,"canopy",0.5,10,"ALDE",NA,NA,4,1
"GB4-998",3,"canopy",0.5,10,"ALDE",NA,NA,4,1
"GB4-998",3,"canopy",0.5,10,"ALDE",NA,NA,4,1
"GB4-998",3,"canopy",0,10,"ALDE",NA,NA,4,1
"GB4-998",3,"canopy",0,10,"ALDE",NA,NA,4,1
"GB4-998",3,"canopy",0,10,"ALDE",NA,NA,4,1
"GB4-998",3,"canopy",0,10,"ALDE",NA,NA,4,1
"GB4-998",3,"canopy",0,10,"ALDE",NA,NA,4,1
"GB4-998",3,"canopy",0,10,"ALDE",NA,NA,4,1
"GB4-998",3,"canopy",0,10,"ALDE",NA,NA,4,1
"GB4-998",3,"canopy",0,10,"ALDE",NA,NA,4,1
"GB4-998",3,"canopy",0,10,"ALDE",NA,NA,4,1
"GB4-998",3,"canopy",0,10,"ALDE",NA,NA,4,1
"GB4-998",3,"canopy",0,10,"ALDE",NA,NA,4,1
"GB4-998",3,"canopy",0,10,"ALDE",NA,NA,4,1
"GB4-998",3,"canopy",0,10,"ALDE",NA,NA,4,1
"GB4-998",3,"canopy",0,10,"ALDE",NA,NA,4,1
"GB4-998",3,"canopy",0,10,"ALDE",NA,NA,4,1
"GB4-998",3,"canopy",0,10,"ALDE",NA,NA,4,1
"GB4-998",3,"canopy",0,10,"ALDE",NA,NA,4,1
"GB4-998",3,"canopy",0,10,"ALDE",NA,NA,4,1
"GB4-998",3,"canopy",0,10,"ALDE",NA,NA,4,1
"GB4-998",3,"canopy",0,10,"ALDE",NA,NA,4,1
"GB4-998",3,"canopy",0,10,"ALDE",NA,NA,4,1
"GB4-998",3,"canopy",0,10,"ALDE",NA,NA,4,1
"GB4-998",3,"canopy",0,10,"ALDE",NA,NA,4,1
"GB4-998",3,"canopy",0,10,"ALDE",NA,NA,4,1
"GB4-998",3,"canopy",0,10,"ALDE",NA,NA,4,1
"GB4-998",3,"canopy",0,10,"ALDE",NA,NA,4,1
"GB4-998",3,"canopy",0,10,"ALDE",NA,NA,4,1
"GB4-998",3,"canopy",0,10,"ALDE",NA,NA,4,1
"GB4-998",3,"canopy",0,10,"ALDE",NA,NA,4,1
"GB4-998",3,"canopy",0.5,10,"MIGR",NA,NA,4,1
"GB4-998",3,"canopy",0.5,10,"MIGR",NA,NA,4,1
"GB4-998",3,"canopy",0.5,10,"MIGR",NA,NA,4,1
"GB4-998",3,"canopy",0.5,10,"MIGR",NA,NA,4,1
"GB4-998",3,"canopy",0.5,10,"MIGR",NA,NA,4,1
"GB4-998",3,"canopy",0.5,10,"MIGR",NA,NA,4,1
"GB4-998",3,"interspace",0,10,"POSE",1,1,10,1
"GB4-998",3,"interspace",0,10,"MIGR",NA,NA,4,1
"GB4-998",3,"interspace",0,10,"POSE",6,4,7,1
"GB4-998",3,"interspace",0,10,"PHLO2",7,3,7,1
"GB4-998",3,"interspace",0,10,"PHLO2",1,1,4,1
"GB4-998",3,"interspace",0,10,"LASO2",6,6,5,1
"GB4-998",3,"interspace",0,10,"PONE7",NA,NA,6,1
"GB4-998",3,"interspace",0,10,"PLMA4",NA,NA,6,1
"GB4-998",3,"interspace",0,10,"POSE",3,2,11,1
"GB4-998",3,"interspace",0,10,"LASO2",3,3,4,1
"GB4-998",3,"interspace",0,10,"ALDE",NA,NA,6,1
"GB4-998",3,"interspace",0,10,"MIGR",NA,NA,4,1
"GB4-998",3,"interspace",0,10,"MIGR",NA,NA,4,1
"GB4-998",3,"interspace",0,10,"MIGR",NA,NA,4,1
"GB4-998",3,"interspace",0,10,"MIGR",NA,NA,4,1
"GB4-998",3,"interspace",0,10,"PLMA4",NA,NA,6,1
"GB4-998",3,"interspace",0,10,"PLMA4",NA,NA,6,1
"GB4-998",3,"interspace",0,10,"PLMA4",NA,NA,6,1
"GB4-998",3,"interspace",0,10,"PLMA4",NA,NA,6,1
"GB4-998",3,"interspace",0,10,"ALDE",NA,NA,6,1
"GB4-998",3,"interspace",0,10,"ALDE",NA,NA,6,1
"GB4-998",3,"interspace",0,10,"ALDE",NA,NA,6,1
"GB4-998",3,"interspace",0,10,"ALDE",NA,NA,6,1
"GB4-998",3,"interspace",0,10,"ALDE",NA,NA,6,1
"GB4-998",3,"interspace",0,10,"ALDE",NA,NA,6,1
"GB4-998",3,"interspace",0,10,"ALDE",NA,NA,6,1
"GB4-998",3,"interspace",0,10,"ALDE",NA,NA,6,1
"GB4-998",3,"interspace",0,10,"ALDE",NA,NA,6,1
"GB4-998",3,"interspace",0,10,"ALDE",NA,NA,6,1
"GB4-998",3,"interspace",0,10,"ALDE",NA,NA,6,1
"GB4-998",3,"interspace",0,10,"ALDE",NA,NA,6,1
"GB4-998",3,"interspace",0,10,"ALDE",NA,NA,6,1
"GB4-998",3,"interspace",0,10,"ALDE",NA,NA,6,1
"GB4-998",3,"interspace",0,10,"ALDE",NA,NA,6,1
"GB4-998",3,"interspace",0,10,"ALDE",NA,NA,6,1
"GB4-998",3,"interspace",0,10,"ALDE",NA,NA,6,1
"GB4-998",3,"interspace",0,10,"ALDE",NA,NA,6,1
"GB4-998",3,"interspace",0,10,"ALDE",NA,NA,6,1
"GB4-998",3,"interspace",0,10,"ALDE",NA,NA,6,1
"GB4-998",3,"interspace",0,10,"ALDE",NA,NA,6,1
"GB4-998",3,"interspace",0,10,"ALDE",NA,NA,6,1
"GB4-998",3,"interspace",0,10,"ALDE",NA,NA,6,1
"GB4-998",3,"interspace",0,10,"ALDE",NA,NA,6,1
"GB4-998",3,"interspace",0,10,"ALDE",NA,NA,6,1
"GB4-998",3,"interspace",0,10,"ALDE",NA,NA,6,1
"GB4-998",3,"interspace",0,10,"ALDE",NA,NA,6,1
"GB4-998",3,"interspace",0,10,"ALDE",NA,NA,6,1
"GB4-998",3,"interspace",0,10,"ALDE",NA,NA,6,1
"GB4-998",3,"interspace",0,10,"ALDE",NA,NA,6,1
"GB4-998",3,"interspace",0,10,"ALDE",NA,NA,6,1
"GB4-998",3,"interspace",0,10,"ALDE",NA,NA,6,1
"GB4-998",3,"interspace",0,10,"ALDE",NA,NA,6,1
"GB4-998",3,"interspace",0,10,"ALDE",NA,NA,6,1
"GB4-998",3,"interspace",0,10,"ALDE",NA,NA,6,1
"GB4-998",3,"interspace",0,10,"ALDE",NA,NA,6,1
"GB4-998",3,"interspace",0,10,"ALDE",NA,NA,6,1
"GB4-998",3,"interspace",0,10,"ALDE",NA,NA,6,1
"GB4-998",3,"interspace",0,10,"ALDE",NA,NA,6,1
"GB4-998",3,"interspace",0,10,"ALDE",NA,NA,6,1
"GB4-998",3,"interspace",0,10,"ALDE",NA,NA,6,1
"GB4-998",3,"interspace",0,10,"ALDE",NA,NA,6,1
"GB4-998",3,"interspace",0,10,"ALDE",NA,NA,6,1
"GB4-998",3,"interspace",0,10,"ALDE",NA,NA,6,1
"GB4-998",3,"interspace",0,10,"ALDE",NA,NA,6,1
"GB4-998",3,"interspace",0,10,"ALDE",NA,NA,6,1
"GB4-998",3,"interspace",0,10,"ALDE",NA,NA,6,1
"GB4-998",3,"interspace",0,10,"ALDE",NA,NA,6,1
"GB4-998",3,"interspace",0,10,"ALDE",NA,NA,6,1
"GB4-998",3,"canopy",1,15,"POSE",1,1,7,1
"GB4-998",3,"canopy",1,15,"PHLO2",5,3,5,1
"GB4-998",3,"canopy",1,15,"PONE7",NA,NA,7,1
"GB4-998",3,"canopy",1,15,"POSE",7,4,10,1
"GB4-998",3,"canopy",1,15,"POSE",3,2,8,1
"GB4-998",3,"canopy",1,15,"PLMA4",NA,NA,10,1
"GB4-998",3,"canopy",1,15,"MIGR",NA,NA,4,1
"GB4-998",3,"canopy",1,15,"ALDE",NA,NA,6,1
"GB4-998",3,"canopy",1,15,"PONE7",NA,NA,7,1
"GB4-998",3,"canopy",1,15,"PONE7",NA,NA,7,1
"GB4-998",3,"canopy",1,15,"PONE7",NA,NA,7,1
"GB4-998",3,"canopy",1,15,"PLMA4",NA,NA,10,1
"GB4-998",3,"canopy",1,15,"PLMA4",NA,NA,10,1
"GB4-998",3,"canopy",1,15,"PLMA4",NA,NA,10,1
"GB4-998",3,"canopy",1,15,"PLMA4",NA,NA,10,1
"GB4-998",3,"canopy",1,15,"PLMA4",NA,NA,10,1
"GB4-998",3,"canopy",1,15,"PLMA4",NA,NA,10,1
"GB4-998",3,"canopy",1,15,"MIGR",NA,NA,4,1
"GB4-998",3,"interspace",0,15,"ALDE",NA,NA,5,1
"GB4-998",3,"interspace",0.5,15,"PLMA4",NA,NA,4,1
"GB4-998",3,"interspace",0.5,15,"PHLO2",3,3,5,1
"GB4-998",3,"interspace",0.5,15,"BRTE",NA,NA,12,1
"GB4-998",3,"interspace",0.5,15,"ALDE",NA,NA,5,1
"GB4-998",3,"interspace",0,15,"MIGR",NA,NA,3,1
"GB4-998",3,"interspace",0,15,"DEPI",NA,NA,3,1
"GB4-998",3,"interspace",0,15,"MIGR",NA,NA,4,1
"GB4-998",3,"interspace",0,15,"POSE",5,3,8,1
"GB4-998",3,"interspace",0.5,15,"POSE",11,7,7,1
"GB4-998",3,"interspace",0,15,"ALDE",NA,NA,5,1
"GB4-998",3,"interspace",0,15,"ALDE",NA,NA,5,1
"GB4-998",3,"interspace",0,15,"ALDE",NA,NA,5,1
"GB4-998",3,"interspace",0,15,"ALDE",NA,NA,5,1
"GB4-998",3,"interspace",0,15,"ALDE",NA,NA,5,1
"GB4-998",3,"interspace",0,15,"ALDE",NA,NA,5,1
"GB4-998",3,"interspace",0,15,"ALDE",NA,NA,5,1
"GB4-998",3,"interspace",0,15,"ALDE",NA,NA,5,1
"GB4-998",3,"interspace",0,15,"ALDE",NA,NA,5,1
"GB4-998",3,"interspace",0,15,"ALDE",NA,NA,5,1
"GB4-998",3,"interspace",0,15,"ALDE",NA,NA,5,1
"GB4-998",3,"interspace",0,15,"ALDE",NA,NA,5,1
"GB4-998",3,"interspace",0,15,"ALDE",NA,NA,5,1
"GB4-998",3,"interspace",0,15,"ALDE",NA,NA,5,1
"GB4-998",3,"interspace",0,15,"ALDE",NA,NA,5,1
"GB4-998",3,"interspace",0,15,"ALDE",NA,NA,5,1
"GB4-998",3,"interspace",0,15,"ALDE",NA,NA,5,1
"GB4-998",3,"interspace",0,15,"ALDE",NA,NA,5,1
"GB4-998",3,"interspace",0,15,"ALDE",NA,NA,5,1
"GB4-998",3,"interspace",0,15,"ALDE",NA,NA,5,1
"GB4-998",3,"interspace",0,15,"ALDE",NA,NA,5,1
"GB4-998",3,"interspace",0,15,"ALDE",NA,NA,5,1
"GB4-998",3,"interspace",0,15,"ALDE",NA,NA,5,1
"GB4-998",3,"interspace",0,15,"ALDE",NA,NA,5,1
"GB4-998",3,"interspace",0,15,"ALDE",NA,NA,5,1
"GB4-998",3,"interspace",0,15,"ALDE",NA,NA,5,1
"GB4-998",3,"interspace",0,15,"ALDE",NA,NA,5,1
"GB4-998",3,"interspace",0,15,"ALDE",NA,NA,5,1
"GB4-998",3,"interspace",0,15,"ALDE",NA,NA,5,1
"GB4-998",3,"interspace",0.5,15,"ALDE",NA,NA,5,1
"GB4-998",3,"interspace",0.5,15,"ALDE",NA,NA,5,1
"GB4-998",3,"interspace",0.5,15,"ALDE",NA,NA,5,1
"GB4-998",3,"interspace",0.5,15,"ALDE",NA,NA,5,1
"GB4-998",3,"interspace",0.5,15,"ALDE",NA,NA,5,1
"GB4-998",3,"interspace",0.5,15,"ALDE",NA,NA,5,1
"GB4-998",3,"interspace",0.5,15,"ALDE",NA,NA,5,1
"GB4-998",3,"interspace",0.5,15,"ALDE",NA,NA,5,1
"GB4-998",3,"interspace",0.5,15,"ALDE",NA,NA,5,1
"GB4-998",3,"interspace",0.5,15,"ALDE",NA,NA,5,1
"GB4-998",3,"interspace",0.5,15,"ALDE",NA,NA,5,1
"GB4-998",3,"interspace",0.5,15,"ALDE",NA,NA,5,1
"GB4-998",3,"interspace",0.5,15,"ALDE",NA,NA,5,1
"GB4-998",3,"interspace",0.5,15,"ALDE",NA,NA,5,1
"GB4-998",3,"interspace",0.5,15,"ALDE",NA,NA,5,1
"GB4-998",3,"interspace",0.5,15,"ALDE",NA,NA,5,1
"GB4-998",3,"interspace",0.5,15,"ALDE",NA,NA,5,1
"GB4-998",3,"interspace",0.5,15,"ALDE",NA,NA,5,1
"GB4-998",3,"interspace",0.5,15,"ALDE",NA,NA,5,1
"GB4-998",3,"interspace",0.5,15,"ALDE",NA,NA,5,1
"GB4-998",3,"interspace",0.5,15,"ALDE",NA,NA,5,1
"GB4-998",3,"interspace",0.5,15,"ALDE",NA,NA,5,1
"GB4-998",3,"interspace",0.5,15,"ALDE",NA,NA,5,1
"GB4-998",3,"interspace",0.5,15,"ALDE",NA,NA,5,1
"GB4-998",3,"interspace",0.5,15,"ALDE",NA,NA,5,1
"GB4-998",3,"interspace",0.5,15,"ALDE",NA,NA,5,1
"GB4-998",3,"interspace",0.5,15,"ALDE",NA,NA,5,1
"GB4-998",3,"interspace",0.5,15,"ALDE",NA,NA,5,1
"GB4-998",3,"interspace",0.5,15,"ALDE",NA,NA,5,1
"GB4-998",3,"interspace",0.5,15,"ALDE",NA,NA,5,1
"GB4-998",3,"interspace",0.5,15,"ALDE",NA,NA,5,1
"GB4-998",3,"interspace",0.5,15,"ALDE",NA,NA,5,1
"GB4-998",3,"interspace",0.5,15,"ALDE",NA,NA,5,1
"GB4-998",3,"interspace",0.5,15,"ALDE",NA,NA,5,1
"GB4-998",3,"interspace",0.5,15,"ALDE",NA,NA,5,1
"GB4-998",3,"interspace",0.5,15,"ALDE",NA,NA,5,1
"GB4-998",3,"interspace",0.5,15,"ALDE",NA,NA,5,1
"GB4-998",3,"interspace",0.5,15,"ALDE",NA,NA,5,1
"GB4-998",3,"interspace",0.5,15,"ALDE",NA,NA,5,1
"GB4-998",3,"interspace",0,15,"MIGR",NA,NA,3,1
"GB4-998",3,"interspace",0,15,"MIGR",NA,NA,3,1
"GB4-998",3,"canopy",1,20,"MIGR",NA,NA,4,1
"GB4-998",3,"canopy",1,20,"DEPI",NA,NA,5,1
"GB4-998",3,"canopy",1,20,"PLMA4",NA,NA,6,1
"GB4-998",3,"canopy",1,20,"POSE",1,1,10,1
"GB4-998",3,"canopy",1,20,"POSE",5,4,14,1
"GB4-998",3,"canopy",1,20,"ALDE",NA,NA,5,1
"GB4-998",3,"canopy",1,20,"COPA3",NA,NA,7,1
"GB4-998",3,"canopy",1,20,"MIGR",NA,NA,4,1
"GB4-998",3,"canopy",1,20,"PLMA4",NA,NA,6,1
"GB4-998",3,"canopy",1,20,"PLMA4",NA,NA,6,1
"GB4-998",3,"canopy",1,20,"PLMA4",NA,NA,6,1
"GB4-998",3,"canopy",1,20,"ALDE",NA,NA,5,1
"GB4-998",3,"canopy",1,20,"ALDE",NA,NA,5,1
"GB4-998",3,"canopy",1,20,"ALDE",NA,NA,5,1
"GB4-998",3,"canopy",1,20,"ALDE",NA,NA,5,1
"GB4-998",3,"canopy",1,20,"ALDE",NA,NA,5,1
"GB4-998",3,"canopy",1,20,"ALDE",NA,NA,5,1
"GB4-998",3,"canopy",1,20,"ALDE",NA,NA,5,1
"GB4-998",3,"canopy",1,20,"ALDE",NA,NA,5,1
"GB4-998",3,"canopy",1,20,"ALDE",NA,NA,5,1
"GB4-998",3,"canopy",1,20,"ALDE",NA,NA,5,1
"GB4-998",3,"canopy",1,20,"ALDE",NA,NA,5,1
"GB4-998",3,"canopy",1,20,"ALDE",NA,NA,5,1
"GB4-998",3,"canopy",1,20,"ALDE",NA,NA,5,1
"GB4-998",3,"canopy",1,20,"ALDE",NA,NA,5,1
"GB4-998",3,"canopy",1,20,"ALDE",NA,NA,5,1
"GB4-998",3,"canopy",1,20,"ALDE",NA,NA,5,1
"GB4-998",3,"canopy",1,20,"ALDE",NA,NA,5,1
"GB4-998",3,"canopy",1,20,"ALDE",NA,NA,5,1
"GB4-998",3,"canopy",1,20,"ALDE",NA,NA,5,1
"GB4-998",3,"canopy",1,20,"ALDE",NA,NA,5,1
"GB4-998",3,"canopy",1,20,"ALDE",NA,NA,5,1
"GB4-998",3,"canopy",1,20,"ALDE",NA,NA,5,1
"GB4-998",3,"canopy",1,20,"ALDE",NA,NA,5,1
"GB4-998",3,"canopy",1,20,"ALDE",NA,NA,5,1
"GB4-998",3,"canopy",1,20,"ALDE",NA,NA,5,1
"GB4-998",3,"canopy",1,20,"ALDE",NA,NA,5,1
"GB4-998",3,"canopy",1,20,"ALDE",NA,NA,5,1
"GB4-998",3,"canopy",1,20,"ALDE",NA,NA,5,1
"GB4-998",3,"canopy",1,20,"ALDE",NA,NA,5,1
"GB4-998",3,"interspace",0.5,20,"ALDE",NA,NA,7,1
"GB4-998",3,"interspace",0.5,20,"COPA3",NA,NA,5,1
"GB4-998",3,"interspace",0.5,20,"ALDE",NA,NA,7,1
"GB4-998",3,"interspace",0.5,20,"ALDE",NA,NA,7,1
"GB4-998",3,"interspace",0.5,20,"ALDE",NA,NA,7,1
"GB4-998",3,"interspace",0.5,20,"ALDE",NA,NA,7,1
"GB4-998",3,"interspace",0.5,20,"ALDE",NA,NA,7,1
"GB4-998",3,"interspace",0.5,20,"COPA3",NA,NA,5,1
"GB4-998",3,"canopy",1,25,"PLMA4",NA,NA,5,1
"GB4-998",3,"canopy",0,25,"POSE",8,7,10,1
"GB4-998",3,"canopy",0.5,25,"LOVA",9,6,12,1
"GB4-998",3,"canopy",1,25,"MIGR",NA,NA,5,1
"GB4-998",3,"canopy",0,25,"PLMA4",NA,NA,6,1
"GB4-998",3,"canopy",0,25,"ALDE",NA,NA,4,1
"GB4-998",3,"canopy",1,25,"MIGR",NA,NA,3,1
"GB4-998",3,"canopy",0.5,25,"BRTE",NA,NA,10,1
"GB4-998",3,"canopy",0,25,"POSE",9,9,12,1
"GB4-998",3,"canopy",0,25,"DEPI",NA,NA,6,1
"GB4-998",3,"canopy",1,25,"ALDE",NA,NA,4,1
"GB4-998",3,"canopy",0,25,"DEPI",NA,NA,4,1
"GB4-998",3,"canopy",0.5,25,"BRTE",NA,NA,6,1
"GB4-998",3,"canopy",0,25,"ALDE",NA,NA,4,1
"GB4-998",3,"canopy",0,25,"ALDE",NA,NA,4,1
"GB4-998",3,"canopy",0,25,"ALDE",NA,NA,4,1
"GB4-998",3,"canopy",0,25,"ALDE",NA,NA,4,1
"GB4-998",3,"canopy",0,25,"ALDE",NA,NA,4,1
"GB4-998",3,"canopy",0,25,"ALDE",NA,NA,4,1
"GB4-998",3,"canopy",0,25,"ALDE",NA,NA,4,1
"GB4-998",3,"canopy",0,25,"ALDE",NA,NA,4,1
"GB4-998",3,"canopy",0,25,"ALDE",NA,NA,4,1
"GB4-998",3,"canopy",0,25,"ALDE",NA,NA,4,1
"GB4-998",3,"canopy",0,25,"ALDE",NA,NA,4,1
"GB4-998",3,"canopy",0,25,"ALDE",NA,NA,4,1
"GB4-998",3,"canopy",0,25,"ALDE",NA,NA,4,1
"GB4-998",3,"canopy",0,25,"ALDE",NA,NA,4,1
"GB4-998",3,"canopy",0,25,"ALDE",NA,NA,4,1
"GB4-998",3,"canopy",0,25,"ALDE",NA,NA,4,1
"GB4-998",3,"canopy",0,25,"ALDE",NA,NA,4,1
"GB4-998",3,"canopy",0,25,"ALDE",NA,NA,4,1
"GB4-998",3,"canopy",0,25,"ALDE",NA,NA,4,1
"GB4-998",3,"canopy",1,25,"MIGR",NA,NA,3,1
"GB4-998",3,"canopy",1,25,"ALDE",NA,NA,4,1
"GB4-998",3,"canopy",1,25,"ALDE",NA,NA,4,1
"GB4-998",3,"canopy",1,25,"ALDE",NA,NA,4,1
"GB4-998",3,"canopy",1,25,"ALDE",NA,NA,4,1
"GB4-998",3,"canopy",1,25,"ALDE",NA,NA,4,1
"GB4-998",3,"canopy",1,25,"ALDE",NA,NA,4,1
"GB4-998",3,"canopy",1,25,"ALDE",NA,NA,4,1
"GB4-998",3,"canopy",1,25,"ALDE",NA,NA,4,1
"GB4-998",3,"canopy",1,25,"ALDE",NA,NA,4,1
"GB4-998",3,"canopy",1,25,"ALDE",NA,NA,4,1
"GB4-998",3,"canopy",1,25,"ALDE",NA,NA,4,1
"GB4-998",3,"canopy",1,25,"ALDE",NA,NA,4,1
"GB4-998",3,"canopy",1,25,"ALDE",NA,NA,4,1
"GB4-998",3,"canopy",1,25,"ALDE",NA,NA,4,1
"GB4-998",3,"canopy",1,25,"ALDE",NA,NA,4,1
"GB4-998",3,"canopy",1,25,"ALDE",NA,NA,4,1
"GB4-998",3,"canopy",1,25,"ALDE",NA,NA,4,1
"GB4-998",3,"canopy",1,25,"ALDE",NA,NA,4,1
"GB4-998",3,"canopy",1,25,"ALDE",NA,NA,4,1
"GB4-998",3,"canopy",0,25,"DEPI",NA,NA,4,1
"GB4-998",3,"interspace",0,25,"PHLO2",2,2,2,1
"GB4-998",3,"interspace",0,25,"ALDE",NA,NA,5,1
"GB4-998",3,"interspace",0,25,"DEPI",NA,NA,10,1
"GB4-998",3,"interspace",0,25,"COPA3",NA,NA,5,1
"GB4-998",3,"interspace",0,25,"MIGR",NA,NA,5,1
"GB4-998",3,"interspace",0,25,"ALDE",NA,NA,5,1
"GB4-998",3,"interspace",0,25,"ALDE",NA,NA,5,1
"GB4-998",3,"interspace",0,25,"ALDE",NA,NA,5,1
"GB4-998",3,"interspace",0,25,"ALDE",NA,NA,5,1
"GB4-998",3,"interspace",0,25,"ALDE",NA,NA,5,1
"GB4-998",3,"interspace",0,25,"ALDE",NA,NA,5,1
"GB4-998",3,"interspace",0,25,"ALDE",NA,NA,5,1
"GB4-998",3,"interspace",0,25,"ALDE",NA,NA,5,1
"GB4-998",3,"interspace",0,25,"ALDE",NA,NA,5,1
"GB4-998",3,"interspace",0,25,"ALDE",NA,NA,5,1
"GB4-998",3,"interspace",0,25,"ALDE",NA,NA,5,1
"GB4-998",3,"interspace",0,25,"ALDE",NA,NA,5,1
"GB4-998",3,"interspace",0,25,"ALDE",NA,NA,5,1
"GB4-998",3,"interspace",0,25,"ALDE",NA,NA,5,1
"GB4-998",3,"interspace",0,25,"ALDE",NA,NA,5,1
"GB4-998",3,"interspace",0,25,"ALDE",NA,NA,5,1
"GB4-998",3,"interspace",0,25,"ALDE",NA,NA,5,1
"GB4-998",3,"interspace",0,25,"ALDE",NA,NA,5,1
"GB4-998",3,"interspace",0,25,"ALDE",NA,NA,5,1
"GB4-998",3,"interspace",0,25,"ALDE",NA,NA,5,1
"GB4-998",3,"interspace",0,25,"ALDE",NA,NA,5,1
"GB4-998",3,"interspace",0,25,"ALDE",NA,NA,5,1
"GB4-998",3,"interspace",0,25,"ALDE",NA,NA,5,1
"GB4-998",3,"interspace",0,25,"ALDE",NA,NA,5,1
"GB4-998",3,"interspace",0,25,"ALDE",NA,NA,5,1
"GB4-998",3,"interspace",0,25,"ALDE",NA,NA,5,1
"GB4-998",3,"interspace",0,25,"ALDE",NA,NA,5,1
"GB4-998",3,"interspace",0,25,"ALDE",NA,NA,5,1
"GB4-998",3,"interspace",0,25,"ALDE",NA,NA,5,1
"GB4-998",3,"interspace",0,25,"DEPI",NA,NA,10,1
"GB4-998",3,"interspace",0,25,"DEPI",NA,NA,10,1
"GB4-998",3,"interspace",0,25,"DEPI",NA,NA,10,1
"GB4-998",3,"interspace",0,25,"DEPI",NA,NA,10,1
"GB4-998",3,"interspace",0,25,"COPA3",NA,NA,5,1
"GB4-998",3,"interspace",0,25,"COPA3",NA,NA,5,1
"GB4-998",3,"interspace",0,25,"COPA3",NA,NA,5,1
"GB4-998",3,"interspace",0,25,"COPA3",NA,NA,5,1
"GB4-998",3,"interspace",0,25,"COPA3",NA,NA,5,1
"GB4-998",3,"interspace",0,25,"COPA3",NA,NA,5,1
"GB4-998",3,"interspace",0,25,"MIGR",NA,NA,5,1
"GB4-998",3,"interspace",0,25,"MIGR",NA,NA,5,1
"GB4-998",3,"interspace",0,25,"MIGR",NA,NA,5,1
"GB4-998",3,"interspace",0,25,"MIGR",NA,NA,5,1
"GB4-999",1,"canopy",0.5,5,"LIPU11",15,11,5,1
"GB4-999",1,"canopy",0.5,5,"MIGR",NA,NA,4,1
"GB4-999",1,"canopy",0.5,5,"ELEL5",3,3,9,1
"GB4-999",1,"canopy",0,5,"ELEL5",1,1,6,1
"GB4-999",1,"canopy",1,5,"ELEL5",3,2,15,1
"GB4-999",1,"canopy",0.5,5,"DEPI",NA,NA,13,1
"GB4-999",1,"canopy",0,5,"DEPI",NA,NA,5,1
"GB4-999",1,"canopy",0,5,"ELEL5",4,2,11,1
"GB4-999",1,"canopy",0,5,"COPA3",NA,NA,3,1
"GB4-999",1,"canopy",0.5,5,"MIGR",NA,NA,4,1
"GB4-999",1,"canopy",0,5,"DEPI",NA,NA,5,1
"GB4-999",1,"canopy",0,5,"DEPI",NA,NA,5,1
"GB4-999",1,"canopy",0,5,"DEPI",NA,NA,5,1
"GB4-999",1,"canopy",0,5,"DEPI",NA,NA,5,1
"GB4-999",1,"canopy",0,5,"COPA3",NA,NA,3,1
"GB4-999",1,"canopy",0,5,"COPA3",NA,NA,3,1
"GB4-999",1,"canopy",0,5,"COPA3",NA,NA,3,1
"GB4-999",1,"canopy",0,5,"COPA3",NA,NA,3,1
"GB4-999",1,"canopy",0,5,"COPA3",NA,NA,3,1
"GB4-999",1,"canopy",0,5,"COPA3",NA,NA,3,1
"GB4-999",1,"canopy",0,5,"COPA3",NA,NA,3,1
"GB4-999",1,"canopy",0,5,"COPA3",NA,NA,3,1
"GB4-999",1,"canopy",0,5,"COPA3",NA,NA,3,1
"GB4-999",1,"canopy",0,5,"COPA3",NA,NA,3,1
"GB4-999",1,"canopy",0,5,"COPA3",NA,NA,3,1
"GB4-999",1,"canopy",0,5,"COPA3",NA,NA,3,1
"GB4-999",1,"canopy",0,5,"COPA3",NA,NA,3,1
"GB4-999",1,"canopy",0,5,"COPA3",NA,NA,3,1
"GB4-999",1,"interspace",0,5,"MIGR",NA,NA,3,1
"GB4-999",1,"interspace",0,5,"DEPI",NA,NA,9,1
"GB4-999",1,"interspace",0,5,"COPA3",NA,NA,2,1
"GB4-999",1,"interspace",0,5,"MIGR",NA,NA,3,1
"GB4-999",1,"interspace",0,5,"MIGR",NA,NA,3,1
"GB4-999",1,"interspace",0,5,"MIGR",NA,NA,3,1
"GB4-999",1,"interspace",0,5,"MIGR",NA,NA,3,1
"GB4-999",1,"interspace",0,5,"MIGR",NA,NA,3,1
"GB4-999",1,"interspace",0,5,"MIGR",NA,NA,3,1
"GB4-999",1,"interspace",0,5,"MIGR",NA,NA,3,1
"GB4-999",1,"interspace",0,5,"MIGR",NA,NA,3,1
"GB4-999",1,"interspace",0,5,"MIGR",NA,NA,3,1
"GB4-999",1,"interspace",0,5,"DEPI",NA,NA,9,1
"GB4-999",1,"interspace",0,5,"DEPI",NA,NA,9,1
"GB4-999",1,"interspace",0,5,"DEPI",NA,NA,9,1
"GB4-999",1,"interspace",0,5,"DEPI",NA,NA,9,1
"GB4-999",1,"interspace",0,5,"DEPI",NA,NA,9,1
"GB4-999",1,"interspace",0,5,"DEPI",NA,NA,9,1
"GB4-999",1,"interspace",0,5,"DEPI",NA,NA,9,1
"GB4-999",1,"canopy",0,10,"ELEL5",2,2,15,1
"GB4-999",1,"canopy",0.5,10,"DEPI",NA,NA,6,1
"GB4-999",1,"canopy",1,10,"ELEL5",3,2,17,1
"GB4-999",1,"canopy",1,10,"BRTE",NA,NA,12,1
"GB4-999",1,"canopy",0,10,"ELEL5",3,2,11,1
"GB4-999",1,"canopy",0.5,10,"BRTE",NA,NA,5,1
"GB4-999",1,"canopy",0.5,10,"COPA3",NA,NA,3,1
"GB4-999",1,"canopy",0,10,"MIGR",NA,NA,4,1
"GB4-999",1,"canopy",0,10,"ELEL5",4,3,12,1
"GB4-999",1,"canopy",1,10,"ELEL5",4,3,15,1
"GB4-999",1,"canopy",0,10,"DEPI",NA,NA,7,1
"GB4-999",1,"canopy",1,10,"ELEL5",1,2,11,1
"GB4-999",1,"canopy",0.5,10,"DEPI",NA,NA,6,1
"GB4-999",1,"canopy",0.5,10,"DEPI",NA,NA,6,1
"GB4-999",1,"canopy",1,10,"BRTE",NA,NA,12,1
"GB4-999",1,"canopy",1,10,"BRTE",NA,NA,12,1
"GB4-999",1,"canopy",0.5,10,"BRTE",NA,NA,5,1
"GB4-999",1,"canopy",0.5,10,"BRTE",NA,NA,5,1
"GB4-999",1,"canopy",0.5,10,"BRTE",NA,NA,5,1
"GB4-999",1,"canopy",0.5,10,"BRTE",NA,NA,5,1
"GB4-999",1,"canopy",0.5,10,"BRTE",NA,NA,5,1
"GB4-999",1,"canopy",0.5,10,"COPA3",NA,NA,3,1
"GB4-999",1,"canopy",0.5,10,"COPA3",NA,NA,3,1
"GB4-999",1,"canopy",0.5,10,"COPA3",NA,NA,3,1
"GB4-999",1,"canopy",0.5,10,"COPA3",NA,NA,3,1
"GB4-999",1,"canopy",0.5,10,"COPA3",NA,NA,3,1
"GB4-999",1,"canopy",0.5,10,"COPA3",NA,NA,3,1
"GB4-999",1,"canopy",0.5,10,"COPA3",NA,NA,3,1
"GB4-999",1,"canopy",0.5,10,"COPA3",NA,NA,3,1
"GB4-999",1,"canopy",0.5,10,"COPA3",NA,NA,3,1
"GB4-999",1,"canopy",0.5,10,"COPA3",NA,NA,3,1
"GB4-999",1,"canopy",0.5,10,"COPA3",NA,NA,3,1
"GB4-999",1,"canopy",0.5,10,"COPA3",NA,NA,3,1
"GB4-999",1,"canopy",0.5,10,"COPA3",NA,NA,3,1
"GB4-999",1,"canopy",0.5,10,"COPA3",NA,NA,3,1
"GB4-999",1,"canopy",0.5,10,"COPA3",NA,NA,3,1
"GB4-999",1,"canopy",0.5,10,"COPA3",NA,NA,3,1
"GB4-999",1,"canopy",0,10,"DEPI",NA,NA,7,1
"GB4-999",1,"canopy",0,10,"DEPI",NA,NA,7,1
"GB4-999",1,"interspace",0,10,"PF035",3,1,2,1
"GB4-999",1,"interspace",0,10,"COPA3",NA,NA,2,1
"GB4-999",1,"canopy",1,15,"ELLA3",NA,NA,13,1
"GB4-999",1,"canopy",1,15,"LIPU11",25,12,18,1
"GB4-999",1,"canopy",1,15,"COPA3",NA,NA,4,1
"GB4-999",1,"canopy",1,15,"ELLA3",NA,NA,13,1
"GB4-999",1,"interspace",0,15,"DEPI",NA,NA,13,1
"GB4-999",1,"interspace",0,15,"EROV",12,11,6,1
"GB4-999",1,"interspace",0,15,"BRTE",NA,NA,2,1
"GB4-999",1,"interspace",0,15,"MIGR",NA,NA,4,1
"GB4-999",1,"interspace",0,15,"COPA3",NA,NA,3,1
"GB4-999",1,"interspace",0,15,"DEPI",NA,NA,13,1
"GB4-999",1,"interspace",0,15,"DEPI",NA,NA,13,1
"GB4-999",1,"interspace",0,15,"BRTE",NA,NA,2,1
"GB4-999",1,"interspace",0,15,"MIGR",NA,NA,4,1
"GB4-999",1,"interspace",0,15,"MIGR",NA,NA,4,1
"GB4-999",1,"interspace",0,15,"MIGR",NA,NA,4,1
"GB4-999",1,"interspace",0,15,"MIGR",NA,NA,4,1
"GB4-999",1,"interspace",0,15,"MIGR",NA,NA,4,1
"GB4-999",1,"interspace",0,15,"MIGR",NA,NA,4,1
"GB4-999",1,"interspace",0,15,"COPA3",NA,NA,3,1
"GB4-999",1,"interspace",0,15,"COPA3",NA,NA,3,1
"GB4-999",1,"canopy",1,20,"HECO26",1,1,6,1
"GB4-999",1,"canopy",1,20,"ELMU3",1,1,6,1
"GB4-999",1,"canopy",1,20,"MIGR",NA,NA,9,1
"GB4-999",1,"canopy",0.5,20,"COPA3",NA,NA,3,1
"GB4-999",1,"canopy",0.5,20,"MIGR",NA,NA,4,1
"GB4-999",1,"canopy",1,20,"ELEL5",1,1,14,1
"GB4-999",1,"canopy",0.5,20,"MIGR",NA,NA,4,1
"GB4-999",1,"canopy",0.5,20,"MIGR",NA,NA,4,1
"GB4-999",1,"canopy",1,20,"ELEL5",1,1,14,1
"GB4-999",1,"interspace",0,20,"ELEL5",1,1,5,1
"GB4-999",1,"interspace",0,20,"COPA3",NA,NA,3,1
"GB4-999",1,"interspace",0,20,"MIGR",NA,NA,4,1
"GB4-999",1,"interspace",0,20,"DEPI",NA,NA,9,1
"GB4-999",1,"interspace",0,20,"COPA3",NA,NA,3,1
"GB4-999",1,"interspace",0,20,"COPA3",NA,NA,3,1
"GB4-999",1,"interspace",0,20,"COPA3",NA,NA,3,1
"GB4-999",1,"interspace",0,20,"COPA3",NA,NA,3,1
"GB4-999",1,"interspace",0,20,"COPA3",NA,NA,3,1
"GB4-999",1,"interspace",0,20,"COPA3",NA,NA,3,1
"GB4-999",1,"interspace",0,20,"COPA3",NA,NA,3,1
"GB4-999",1,"interspace",0,20,"COPA3",NA,NA,3,1
"GB4-999",1,"interspace",0,20,"COPA3",NA,NA,3,1
"GB4-999",1,"interspace",0,20,"COPA3",NA,NA,3,1
"GB4-999",1,"interspace",0,20,"COPA3",NA,NA,3,1
"GB4-999",1,"interspace",0,20,"COPA3",NA,NA,3,1
"GB4-999",1,"interspace",0,20,"MIGR",NA,NA,4,1
"GB4-999",1,"interspace",0,20,"MIGR",NA,NA,4,1
"GB4-999",1,"interspace",0,20,"MIGR",NA,NA,4,1
"GB4-999",1,"interspace",0,20,"MIGR",NA,NA,4,1
"GB4-999",1,"interspace",0,20,"DEPI",NA,NA,9,1
"GB4-999",1,"interspace",0,20,"DEPI",NA,NA,9,1
"GB4-999",1,"canopy",1,25,"ELMU3",3,2,30,1
"GB4-999",1,"interspace",0,25,"COPA3",NA,NA,4,1
"GB4-999",1,"interspace",0,25,"MIGR",NA,NA,4,1
"GB4-999",1,"interspace",0,25,"COPA3",NA,NA,4,1
"GB4-999",1,"interspace",0,25,"COPA3",NA,NA,4,1
"GB4-999",1,"interspace",0,25,"COPA3",NA,NA,4,1
"GB4-999",2,"canopy",0.5,5,"ELLA3",NA,NA,10,1
"GB4-999",2,"canopy",0.5,5,"DEPI",NA,NA,8,1
"GB4-999",2,"canopy",0.5,5,"COPA3",NA,NA,5,1
"GB4-999",2,"canopy",0.5,5,"ELLA3",NA,NA,12,1
"GB4-999",2,"canopy",1,5,"MIGR",NA,NA,5,1
"GB4-999",2,"canopy",1,5,"ELLA3",NA,NA,18,1
"GB4-999",2,"canopy",0.5,5,"MIGR",NA,NA,4,1
"GB4-999",2,"canopy",0.5,5,"ELLA3",NA,NA,10,1
"GB4-999",2,"canopy",0.5,5,"DEPI",NA,NA,8,1
"GB4-999",2,"canopy",1,5,"ELLA3",NA,NA,18,1
"GB4-999",2,"canopy",0.5,5,"MIGR",NA,NA,4,1
"GB4-999",2,"interspace",0,5,"ELLA3",NA,NA,13,1
"GB4-999",2,"interspace",0,5,"COPA3",NA,NA,7,1
"GB4-999",2,"interspace",0,5,"ERUM",1,1,1,1
"GB4-999",2,"interspace",0,5,"CARO5",3,2,6,1
"GB4-999",2,"interspace",0,5,"CARO5",3,2,7,1
"GB4-999",2,"interspace",0,5,"ELLA3",NA,NA,13,1
"GB4-999",2,"interspace",0,5,"ELLA3",NA,NA,13,1
"GB4-999",2,"interspace",0,5,"COPA3",NA,NA,7,1
"GB4-999",2,"canopy",0.5,10,"ELLA3",NA,NA,15,1
"GB4-999",2,"canopy",0.5,10,"BRTE",NA,NA,3,1
"GB4-999",2,"canopy",1,10,"MIGR",NA,NA,3,1
"GB4-999",2,"canopy",1,10,"COPA3",NA,NA,7,1
"GB4-999",2,"canopy",1,10,"ELLA3",NA,NA,20,1
"GB4-999",2,"canopy",0.5,10,"ELLA3",NA,NA,15,1
"GB4-999",2,"canopy",0.5,10,"ELLA3",NA,NA,15,1
"GB4-999",2,"canopy",0.5,10,"ELLA3",NA,NA,15,1
"GB4-999",2,"canopy",1,10,"MIGR",NA,NA,3,1
"GB4-999",2,"canopy",1,10,"COPA3",NA,NA,7,1
"GB4-999",2,"canopy",1,10,"COPA3",NA,NA,7,1
"GB4-999",2,"canopy",1,10,"ELLA3",NA,NA,20,1
"GB4-999",2,"canopy",1,10,"ELLA3",NA,NA,20,1
"GB4-999",2,"interspace",0,10,"NO PLANTS",NA,NA,NA,NA
"GB4-999",2,"canopy",1,15,"COPA3",NA,NA,4,1
"GB4-999",2,"canopy",1,15,"COPA3",NA,NA,12,1
"GB4-999",2,"canopy",1,15,"ELMU3",5,3,24,1
"GB4-999",2,"canopy",1,15,"COPA3",NA,NA,4,1
"GB4-999",2,"interspace",0,15,"NO PLANTS",NA,NA,NA,NA
"GB4-999",2,"canopy",1,20,"COPA3",NA,NA,4,1
"GB4-999",2,"canopy",1,20,"DEPI",NA,NA,6,1
"GB4-999",2,"canopy",1,20,"MIGR",NA,NA,4,1
"GB4-999",2,"canopy",1,20,"DEPI",NA,NA,15,1
"GB4-999",2,"canopy",1,20,"BRTE",NA,NA,9,1
"GB4-999",2,"canopy",0.5,20,"BRTE",NA,NA,4,1
"GB4-999",2,"canopy",1,20,"DEPI",NA,NA,18,1
"GB4-999",2,"canopy",1,20,"COPA3",NA,NA,4,1
"GB4-999",2,"canopy",1,20,"COPA3",NA,NA,4,1
"GB4-999",2,"canopy",1,20,"COPA3",NA,NA,4,1
"GB4-999",2,"canopy",1,20,"COPA3",NA,NA,4,1
"GB4-999",2,"canopy",1,20,"COPA3",NA,NA,4,1
"GB4-999",2,"canopy",1,20,"COPA3",NA,NA,4,1
"GB4-999",2,"canopy",1,20,"COPA3",NA,NA,4,1
"GB4-999",2,"canopy",1,20,"COPA3",NA,NA,4,1
"GB4-999",2,"canopy",1,20,"COPA3",NA,NA,4,1
"GB4-999",2,"canopy",1,20,"COPA3",NA,NA,4,1
"GB4-999",2,"canopy",1,20,"COPA3",NA,NA,4,1
"GB4-999",2,"canopy",1,20,"COPA3",NA,NA,4,1
"GB4-999",2,"canopy",1,20,"COPA3",NA,NA,4,1
"GB4-999",2,"canopy",1,20,"DEPI",NA,NA,6,1
"GB4-999",2,"canopy",1,20,"DEPI",NA,NA,6,1
"GB4-999",2,"canopy",1,20,"MIGR",NA,NA,4,1
"GB4-999",2,"canopy",1,20,"MIGR",NA,NA,4,1
"GB4-999",2,"canopy",1,20,"MIGR",NA,NA,4,1
"GB4-999",2,"canopy",1,20,"MIGR",NA,NA,4,1
"GB4-999",2,"canopy",1,20,"MIGR",NA,NA,4,1
"GB4-999",2,"canopy",1,20,"BRTE",NA,NA,9,1
"GB4-999",2,"canopy",1,20,"BRTE",NA,NA,9,1
"GB4-999",2,"canopy",0.5,20,"BRTE",NA,NA,4,1
"GB4-999",2,"interspace",0,20,"BRTE",NA,NA,5,1
"GB4-999",2,"interspace",0,20,"MIGR",NA,NA,4,1
"GB4-999",2,"interspace",0,20,"COPA3",NA,NA,5,1
"GB4-999",2,"interspace",0,20,"DEPI",NA,NA,7,1
"GB4-999",2,"interspace",0,20,"BRTE",NA,NA,5,1
"GB4-999",2,"interspace",0,20,"MIGR",NA,NA,4,1
"GB4-999",2,"interspace",0,20,"MIGR",NA,NA,4,1
"GB4-999",2,"interspace",0,20,"DEPI",NA,NA,7,1
"GB4-999",2,"canopy",1,25,"ELMU3",2,2,12,1
"GB4-999",2,"canopy",1,25,"ELMU3",1,1,4,1
"GB4-999",2,"canopy",1,25,"ELLA3",NA,NA,9,1
"GB4-999",2,"canopy",1,25,"COPA3",NA,NA,6,1
"GB4-999",2,"canopy",1,25,"MIGR",NA,NA,4,1
"GB4-999",2,"canopy",1,25,"COPA3",NA,NA,6,1
"GB4-999",2,"canopy",1,25,"COPA3",NA,NA,6,1
"GB4-999",2,"canopy",1,25,"COPA3",NA,NA,6,1
"GB4-999",2,"canopy",1,25,"COPA3",NA,NA,6,1
"GB4-999",2,"canopy",1,25,"COPA3",NA,NA,6,1
"GB4-999",2,"canopy",1,25,"COPA3",NA,NA,6,1
"GB4-999",2,"canopy",1,25,"COPA3",NA,NA,6,1
"GB4-999",2,"interspace",0,25,"COPA3",NA,NA,3,1
"GB4-999",2,"interspace",0,25,"MIGR",NA,NA,3,1
"GB4-999",2,"interspace",0,25,"DEPI",NA,NA,7,1
"GB4-999",2,"interspace",0,25,"COPA3",NA,NA,3,1
"GB4-999",2,"interspace",0,25,"COPA3",NA,NA,3,1
"GB4-999",2,"interspace",0,25,"COPA3",NA,NA,3,1
"GB4-999",2,"interspace",0,25,"COPA3",NA,NA,3,1
"GB4-999",2,"interspace",0,25,"COPA3",NA,NA,3,1
"GB4-999",2,"interspace",0,25,"COPA3",NA,NA,3,1
"GB4-999",2,"interspace",0,25,"COPA3",NA,NA,3,1
"GB4-999",2,"interspace",0,25,"COPA3",NA,NA,3,1
"GB4-999",2,"interspace",0,25,"COPA3",NA,NA,3,1
"GB4-999",2,"interspace",0,25,"COPA3",NA,NA,3,1
"GB4-999",2,"interspace",0,25,"COPA3",NA,NA,3,1
"GB4-999",2,"interspace",0,25,"COPA3",NA,NA,3,1
"GB4-999",2,"interspace",0,25,"COPA3",NA,NA,3,1
"GB4-999",2,"interspace",0,25,"COPA3",NA,NA,3,1
"GB4-999",2,"interspace",0,25,"COPA3",NA,NA,3,1
"GB4-999",2,"interspace",0,25,"COPA3",NA,NA,3,1
"GB4-999",2,"interspace",0,25,"COPA3",NA,NA,3,1
"GB4-999",2,"interspace",0,25,"COPA3",NA,NA,3,1
"GB4-999",2,"interspace",0,25,"COPA3",NA,NA,3,1
"GB4-999",2,"interspace",0,25,"COPA3",NA,NA,3,1
"GB4-999",2,"interspace",0,25,"COPA3",NA,NA,3,1
"GB4-999",2,"interspace",0,25,"COPA3",NA,NA,3,1
"GB4-999",2,"interspace",0,25,"COPA3",NA,NA,3,1
"GB4-999",2,"interspace",0,25,"MIGR",NA,NA,3,1
"GB4-999",2,"interspace",0,25,"MIGR",NA,NA,3,1
"GB4-999",2,"interspace",0,25,"MIGR",NA,NA,3,1
"GB4-999",3,"canopy",1,5,"ELMU3",2,3,17,1
"GB4-999",3,"canopy",1,5,"ELMU3",4,3,17,1
"GB4-999",3,"interspace",0,5,"DEPI",NA,NA,9,1
"GB4-999",3,"interspace",0,5,"HECO26",7,7,9,1
"GB4-999",3,"interspace",0,5,"COPA3",NA,NA,4,1
"GB4-999",3,"interspace",0,5,"MIGR",NA,NA,4,1
"GB4-999",3,"interspace",0,5,"DEPI",NA,NA,9,1
"GB4-999",3,"interspace",0,5,"COPA3",NA,NA,4,1
"GB4-999",3,"interspace",0,5,"COPA3",NA,NA,4,1
"GB4-999",3,"interspace",0,5,"COPA3",NA,NA,4,1
"GB4-999",3,"interspace",0,5,"COPA3",NA,NA,4,1
"GB4-999",3,"interspace",0,5,"COPA3",NA,NA,4,1
"GB4-999",3,"interspace",0,5,"COPA3",NA,NA,4,1
"GB4-999",3,"interspace",0,5,"COPA3",NA,NA,4,1
"GB4-999",3,"interspace",0,5,"MIGR",NA,NA,4,1
"GB4-999",3,"interspace",0,5,"MIGR",NA,NA,4,1
"GB4-999",3,"interspace",0,5,"MIGR",NA,NA,4,1
"GB4-999",3,"canopy",1,10,"HECO26",1,1,12,1
"GB4-999",3,"interspace",0,10,"COPA3",NA,NA,3,1
"GB4-999",3,"interspace",0,10,"MIGR",NA,NA,3,1
"GB4-999",3,"interspace",0,10,"MIGR",NA,NA,3,1
"GB4-999",3,"interspace",0,10,"MIGR",NA,NA,3,1
"GB4-999",3,"interspace",0,10,"MIGR",NA,NA,3,1
"GB4-999",3,"canopy",1,15,"ELLA3",NA,NA,15,1
"GB4-999",3,"canopy",1,15,"ELEL5",1,1,10,1
"GB4-999",3,"canopy",1,15,"ELLA3",NA,NA,15,1
"GB4-999",3,"canopy",1,15,"ELLA3",NA,NA,15,1
"GB4-999",3,"interspace",1,15,"ELLA3",NA,NA,15,1
"GB4-999",3,"interspace",0.5,15,"COPA3",NA,NA,3,1
"GB4-999",3,"interspace",0,15,"COPA3",NA,NA,2,1
"GB4-999",3,"interspace",1,15,"MIGR",NA,NA,6,1
"GB4-999",3,"interspace",0,15,"MIGR",NA,NA,3,1
"GB4-999",3,"interspace",1,15,"ELLA3",NA,NA,15,1
"GB4-999",3,"interspace",0,15,"MIGR",NA,NA,3,1
"GB4-999",3,"interspace",0,15,"MIGR",NA,NA,3,1
"GB4-999",3,"interspace",0,15,"MIGR",NA,NA,3,1
"GB4-999",3,"canopy",1,20,"COPA3",NA,NA,4,1
"GB4-999",3,"canopy",1,20,"DEPI",NA,NA,3,1
"GB4-999",3,"canopy",1,20,"ELLA3",NA,NA,23,1
"GB4-999",3,"canopy",1,20,"BRTE",NA,NA,9,1
"GB4-999",3,"canopy",1,20,"ELMU3",2,3,11,1
"GB4-999",3,"canopy",1,20,"COPA3",NA,NA,4,1
"GB4-999",3,"canopy",1,20,"COPA3",NA,NA,4,1
"GB4-999",3,"canopy",1,20,"COPA3",NA,NA,4,1
"GB4-999",3,"canopy",1,20,"COPA3",NA,NA,4,1
"GB4-999",3,"canopy",1,20,"COPA3",NA,NA,4,1
"GB4-999",3,"canopy",1,20,"COPA3",NA,NA,4,1
"GB4-999",3,"canopy",1,20,"ELLA3",NA,NA,23,1
"GB4-999",3,"canopy",1,20,"BRTE",NA,NA,9,1
"GB4-999",3,"canopy",1,20,"BRTE",NA,NA,9,1
"GB4-999",3,"canopy",1,20,"BRTE",NA,NA,9,1
"GB4-999",3,"interspace",0,20,"DEPI",NA,NA,12,1
"GB4-999",3,"interspace",0,20,"ERUM",7,7,11,1
"GB4-999",3,"interspace",0,20,"DEPI",NA,NA,4,1
"GB4-999",3,"interspace",0,20,"DEPI",NA,NA,6,1
"GB4-999",3,"interspace",0,20,"MIGR",NA,NA,3,1
"GB4-999",3,"interspace",0,20,"ELLA3",NA,NA,14,1
"GB4-999",3,"interspace",0,20,"COPA3",NA,NA,2,1
"GB4-999",3,"interspace",0,20,"DEPI",NA,NA,4,1
"GB4-999",3,"interspace",0,20,"DEPI",NA,NA,4,1
"GB4-999",3,"interspace",0,20,"ELLA3",NA,NA,14,1
"GB4-999",3,"interspace",0,20,"ELLA3",NA,NA,14,1
"GB4-999",3,"interspace",0,20,"ELLA3",NA,NA,14,1
"GB4-999",3,"interspace",0,20,"ELLA3",NA,NA,14,1
"GB4-999",3,"interspace",0,20,"ELLA3",NA,NA,14,1
"GB4-999",3,"interspace",0,20,"ELLA3",NA,NA,14,1
"GB4-999",3,"interspace",0,20,"ELLA3",NA,NA,14,1
"GB4-999",3,"interspace",0,20,"ELLA3",NA,NA,14,1
"GB4-999",3,"interspace",0,20,"ELLA3",NA,NA,14,1
"GB4-999",3,"interspace",0,20,"ELLA3",NA,NA,14,1
"GB4-999",3,"interspace",0,20,"ELLA3",NA,NA,14,1
"GB4-999",3,"interspace",0,20,"ELLA3",NA,NA,14,1
"GB4-999",3,"interspace",0,20,"COPA3",NA,NA,2,1
"GB4-999",3,"interspace",0,20,"COPA3",NA,NA,2,1
"GB4-999",3,"interspace",0,20,"COPA3",NA,NA,2,1
"GB4-999",3,"interspace",0,20,"COPA3",NA,NA,2,1
"GB4-999",3,"canopy",1,25,"HECO26",7,2,17,1
"GB4-999",3,"canopy",1,25,"COPA3",NA,NA,8,1
"GB4-999",3,"canopy",1,25,"MIGR",NA,NA,5,1
"GB4-999",3,"canopy",0.5,25,"MIGR",NA,NA,4,1
"GB4-999",3,"canopy",1,25,"COPA3",NA,NA,8,1
"GB4-999",3,"canopy",1,25,"COPA3",NA,NA,8,1
"GB4-999",3,"canopy",1,25,"COPA3",NA,NA,8,1
"GB4-999",3,"canopy",1,25,"MIGR",NA,NA,5,1
"GB4-999",3,"canopy",1,25,"MIGR",NA,NA,5,1
"GB4-999",3,"canopy",1,25,"MIGR",NA,NA,5,1
"GB4-999",3,"canopy",0.5,25,"MIGR",NA,NA,4,1
"GB4-999",3,"canopy",0.5,25,"MIGR",NA,NA,4,1
"GB4-999",3,"canopy",0.5,25,"MIGR",NA,NA,4,1
"GB4-999",3,"canopy",0.5,25,"MIGR",NA,NA,4,1
"GB4-999",3,"canopy",0.5,25,"MIGR",NA,NA,4,1
"GB4-999",3,"canopy",0.5,25,"MIGR",NA,NA,4,1
"GB4-999",3,"canopy",0.5,25,"MIGR",NA,NA,4,1
"GB4-999",3,"interspace",0,25,"COPA3",NA,NA,2,1
"GB4-999",3,"interspace",0,25,"MIGR",NA,NA,2,1
"GB4-999",3,"interspace",0,25,"COPA3",NA,NA,2,1
"GB4-999",3,"interspace",0,25,"MIGR",NA,NA,2,1
"GB4-999",3,"interspace",0,25,"MIGR",NA,NA,2,1
"GB5-005",1,"canopy",1,5,"NO PLANTS",NA,NA,NA,NA
"GB5-005",1,"interspace",0,5,"NO PLANTS",NA,NA,NA,NA
"GB5-005",1,"canopy",0.5,10,"NO PLANTS",NA,NA,NA,NA
"GB5-005",1,"interspace",0,10,"NO PLANTS",NA,NA,NA,NA
"GB5-005",1,"canopy",1,15,"NO PLANTS",NA,NA,NA,NA
"GB5-005",1,"interspace",0,15,"NO PLANTS",NA,NA,NA,NA
"GB5-005",1,"canopy",1,20,"NO PLANTS",NA,NA,NA,NA
"GB5-005",1,"interspace",0,20,"NO PLANTS",NA,NA,NA,NA
"GB5-005",1,"canopy",1,25,"NO PLANTS",NA,NA,NA,NA
"GB5-005",1,"interspace",0,25,"NO PLANTS",NA,NA,NA,NA
"GB5-005",2,"canopy",0,5,"NO PLANTS",NA,NA,NA,NA
"GB5-005",2,"interspace",0,5,"NO PLANTS",NA,NA,NA,NA
"GB5-005",2,"canopy",1,10,"NO PLANTS",NA,NA,NA,NA
"GB5-005",2,"interspace",0,10,"NO PLANTS",NA,NA,NA,NA
"GB5-005",2,"canopy",1,15,"NO PLANTS",NA,NA,NA,NA
"GB5-005",2,"interspace",0,15,"NO PLANTS",NA,NA,NA,NA
"GB5-005",2,"canopy",1,20,"NO PLANTS",NA,NA,NA,NA
"GB5-005",2,"interspace",1,20,"NO PLANTS",NA,NA,NA,NA
"GB5-005",2,"canopy",1,25,"NO PLANTS",NA,NA,NA,NA
"GB5-005",2,"interspace",0,25,"NO PLANTS",NA,NA,NA,NA
"GB5-005",3,"canopy",0.5,5,"NO PLANTS",NA,NA,NA,NA
"GB5-005",3,"interspace",0,5,"NO PLANTS",NA,NA,NA,NA
"GB5-005",3,"canopy",1,10,"NO PLANTS",NA,NA,NA,NA
"GB5-005",3,"interspace",0,10,"NO PLANTS",NA,NA,NA,NA
"GB5-005",3,"canopy",1,15,"NO PLANTS",NA,NA,NA,NA
"GB5-005",3,"interspace",0.5,15,"NO PLANTS",NA,NA,NA,NA
"GB5-005",3,"canopy",1,20,"NO PLANTS",NA,NA,NA,NA
"GB5-005",3,"interspace",0,20,"NO PLANTS",NA,NA,NA,NA
"GB5-005",3,"canopy",1,25,"NO PLANTS",NA,NA,NA,NA
"GB5-005",3,"interspace",0,25,"NO PLANTS",NA,NA,NA,NA
"GB5-019x",1,"canopy",1,5,"FEID",16,9,23,1
"GB5-019x",1,"canopy",1,5,"MIGR",NA,NA,3,1
"GB5-019x",1,"canopy",1,5,"FEID",5,3,18,1
"GB5-019x",1,"interspace",1,5,"POSE",1,1,3,1
"GB5-019x",1,"interspace",1,5,"COPA3",NA,NA,4,1
"GB5-019x",1,"interspace",0,5,"MIGR",NA,NA,2,1
"GB5-019x",1,"interspace",1,5,"MIGR",NA,NA,2,1
"GB5-019x",1,"interspace",1,5,"FEID",2,1,3,1
"GB5-019x",1,"interspace",0,5,"PHHO",4,2,2,1
"GB5-019x",1,"interspace",1,5,"COPA3",NA,NA,7,1
"GB5-019x",1,"interspace",0,5,"GARA2",NA,NA,4,1
"GB5-019x",1,"interspace",1,5,"MIGR",NA,NA,3,1
"GB5-019x",1,"interspace",1,5,"GARA2",NA,NA,6,1
"GB5-019x",1,"interspace",1,5,"MIGR",NA,NA,2,1
"GB5-019x",1,"interspace",1,5,"MIGR",NA,NA,2,1
"GB5-019x",1,"interspace",1,5,"MIGR",NA,NA,2,1
"GB5-019x",1,"interspace",1,5,"MIGR",NA,NA,2,1
"GB5-019x",1,"interspace",1,5,"MIGR",NA,NA,2,1
"GB5-019x",1,"interspace",1,5,"MIGR",NA,NA,2,1
"GB5-019x",1,"interspace",1,5,"COPA3",NA,NA,7,1
"GB5-019x",1,"interspace",0,5,"GARA2",NA,NA,4,1
"GB5-019x",1,"interspace",0,5,"GARA2",NA,NA,4,1
"GB5-019x",1,"interspace",0,5,"GARA2",NA,NA,4,1
"GB5-019x",1,"interspace",0,5,"GARA2",NA,NA,4,1
"GB5-019x",1,"canopy",1,10,"PSSP6",4,2,35,1
"GB5-019x",1,"canopy",1,10,"COPA3",NA,NA,3,1
"GB5-019x",1,"canopy",1,10,"COPA3",NA,NA,13,1
"GB5-019x",1,"canopy",1,10,"COPA3",NA,NA,7,1
"GB5-019x",1,"canopy",1,10,"PSSP6",2,2,30,1
"GB5-019x",1,"canopy",1,10,"PSSP6",2,2,35,1
"GB5-019x",1,"canopy",1,10,"COPA3",NA,NA,3,1
"GB5-019x",1,"interspace",0.5,10,"MIGR",NA,NA,7,1
"GB5-019x",1,"interspace",0,10,"FEID",3,3,26,1
"GB5-019x",1,"interspace",0,10,"FEID",3,3,21,1
"GB5-019x",1,"interspace",0.5,10,"COPA3",NA,NA,15,1
"GB5-019x",1,"interspace",0.5,10,"COPA3",NA,NA,15,1
"GB5-019x",1,"interspace",0.5,10,"COPA3",NA,NA,15,1
"GB5-019x",1,"canopy",1,15,"COPA3",NA,NA,15,1
"GB5-019x",1,"canopy",1,15,"FEID",1,1,16,1
"GB5-019x",1,"interspace",0,15,"COPA3",NA,NA,12,1
"GB5-019x",1,"interspace",0,15,"COPA3",NA,NA,5,1
"GB5-019x",1,"interspace",0,15,"COPA3",NA,NA,7,1
"GB5-019x",1,"interspace",1,15,"COPA3",NA,NA,11,1
"GB5-019x",1,"interspace",0,15,"COPA3",NA,NA,5,1
"GB5-019x",1,"interspace",0,15,"COPA3",NA,NA,5,1
"GB5-019x",1,"interspace",0,15,"COPA3",NA,NA,5,1
"GB5-019x",1,"interspace",0,15,"COPA3",NA,NA,5,1
"GB5-019x",1,"interspace",0,15,"COPA3",NA,NA,5,1
"GB5-019x",1,"interspace",0,15,"COPA3",NA,NA,7,1
"GB5-019x",1,"interspace",1,15,"COPA3",NA,NA,11,1
"GB5-019x",1,"canopy",1,20,"FEID",3,3,12,1
"GB5-019x",1,"canopy",1,20,"POSE",1,1,12,1
"GB5-019x",1,"canopy",1,20,"COPA3",NA,NA,8,1
"GB5-019x",1,"canopy",1,20,"FEID",7,7,160,1
"GB5-019x",1,"canopy",1,20,"POSE",3,3,7,1
"GB5-019x",1,"canopy",1,20,"COPA3",NA,NA,10,1
"GB5-019x",1,"canopy",1,20,"FEID",1,1,10,1
"GB5-019x",1,"canopy",1,20,"COPA3",NA,NA,5,1
"GB5-019x",1,"canopy",1,20,"MIGR",NA,NA,3,1
"GB5-019x",1,"canopy",1,20,"DEAN",3,2,17,1
"GB5-019x",1,"canopy",1,20,"FEID",2,2,22,1
"GB5-019x",1,"canopy",1,20,"FEID",3,3,18,1
"GB5-019x",1,"canopy",1,20,"FEID",3,3,23,1
"GB5-019x",1,"canopy",1,20,"COPA3",NA,NA,5,1
"GB5-019x",1,"interspace",0,20,"COPA3",NA,NA,6,1
"GB5-019x",1,"interspace",0,20,"COPA3",NA,NA,9,1
"GB5-019x",1,"interspace",0,20,"COPA3",NA,NA,8,1
"GB5-019x",1,"interspace",0,20,"MIGR",NA,NA,5,1
"GB5-019x",1,"interspace",0,20,"FEID",2,2,15,1
"GB5-019x",1,"interspace",0,20,"MIGR",NA,NA,7,1
"GB5-019x",1,"interspace",0,20,"COPA3",NA,NA,6,1
"GB5-019x",1,"interspace",0,20,"COPA3",NA,NA,6,1
"GB5-019x",1,"interspace",0,20,"COPA3",NA,NA,8,1
"GB5-019x",1,"interspace",0,20,"MIGR",NA,NA,7,1
"GB5-019x",1,"canopy",1,25,"PSSP6",1,1,17,1
"GB5-019x",1,"canopy",1,25,"POSE",3,2,12,1
"GB5-019x",1,"canopy",1,25,"DEAN",1,1,6,1
"GB5-019x",1,"interspace",1,25,"COPA3",NA,NA,11,1
"GB5-019x",1,"interspace",0,25,"CRWA2",NA,NA,6,1
"GB5-019x",1,"interspace",0,25,"POSE",5,3,9,1
"GB5-019x",1,"interspace",0,25,"COPA3",NA,NA,8,1
"GB5-019x",1,"interspace",0,25,"COPA3",NA,NA,6,1
"GB5-019x",1,"interspace",1,25,"POSE",1,1,11,1
"GB5-019x",1,"interspace",0,25,"COPA3",NA,NA,6,1
"GB5-019x",1,"interspace",1,25,"POSE",1,1,11,1
"GB5-019x",1,"interspace",1,25,"POSE",1,1,11,1
"GB5-019x",1,"interspace",1,25,"POSE",1,1,11,1
"GB5-019x",1,"interspace",1,25,"POSE",1,1,11,1
"GB5-019x",2,"canopy",1,5,"FEID",6,3,18,1
"GB5-019x",2,"canopy",1,5,"COPA3",NA,NA,11,1
"GB5-019x",2,"canopy",1,5,"FEID",2,2,19,1
"GB5-019x",2,"canopy",1,5,"PSSP6",2,2,20,1
"GB5-019x",2,"canopy",1,5,"PSSP6",2,1,12,1
"GB5-019x",2,"canopy",1,5,"FEID",2,2,23,1
"GB5-019x",2,"canopy",1,5,"PSSP6",2,1,27,1
"GB5-019x",2,"canopy",1,5,"FEID",3,3,22,1
"GB5-019x",2,"canopy",1,5,"COPA3",NA,NA,6,1
"GB5-019x",2,"canopy",1,5,"PSSP6",1,1,32,1
"GB5-019x",2,"canopy",1,5,"FEID",2,1,20,1
"GB5-019x",2,"canopy",1,5,"COPA3",NA,NA,11,1
"GB5-019x",2,"interspace",0,5,"FEID",6,3,13,1
"GB5-019x",2,"interspace",0,5,"FEID",10,4,23,1
"GB5-019x",2,"interspace",0,5,"FEID",1,1,13,1
"GB5-019x",2,"interspace",0,5,"MIGR",NA,NA,3,1
"GB5-019x",2,"interspace",0,5,"POSE",1,1,6,1
"GB5-019x",2,"interspace",0,5,"POSE",3,3,7,1
"GB5-019x",2,"interspace",0,5,"COPA3",NA,NA,6,1
"GB5-019x",2,"interspace",0,5,"POSE",2,1,9,1
"GB5-019x",2,"interspace",0,5,"MIGR",NA,NA,6,1
"GB5-019x",2,"interspace",0,5,"POSE",1,1,6,1
"GB5-019x",2,"interspace",0,5,"COPA3",NA,NA,6,1
"GB5-019x",2,"interspace",0,5,"COPA3",NA,NA,6,1
"GB5-019x",2,"interspace",0,5,"COPA3",NA,NA,6,1
"GB5-019x",2,"canopy",1,10,"NO PLANTS",NA,NA,NA,NA
"GB5-019x",2,"interspace",0,10,"GARA2",NA,NA,12,1
"GB5-019x",2,"interspace",0,10,"PHHO",4,3,4,1
"GB5-019x",2,"interspace",0,10,"MIGR",NA,NA,4,1
"GB5-019x",2,"interspace",1,10,"GARA2",NA,NA,5,1
"GB5-019x",2,"interspace",0,10,"COPA3",NA,NA,5,1
"GB5-019x",2,"interspace",0,10,"MIGR",NA,NA,2,1
"GB5-019x",2,"interspace",0,10,"GARA2",NA,NA,16,1
"GB5-019x",2,"interspace",0,10,"POSE",1,1,5,1
"GB5-019x",2,"interspace",1,10,"GARA2",NA,NA,5,1
"GB5-019x",2,"canopy",1,15,"MIGR",NA,NA,8,1
"GB5-019x",2,"canopy",1,15,"FEID",3,3,18,1
"GB5-019x",2,"canopy",1,15,"FEID",4,4,20,1
"GB5-019x",2,"canopy",1,15,"MIGR",NA,NA,4,1
"GB5-019x",2,"canopy",1,15,"COPA3",NA,NA,8,1
"GB5-019x",2,"canopy",1,15,"MIGR",NA,NA,8,1
"GB5-019x",2,"canopy",1,15,"MIGR",NA,NA,8,1
"GB5-019x",2,"interspace",0,15,"GARA2",NA,NA,15,1
"GB5-019x",2,"interspace",0,15,"COPA3",NA,NA,7,1
"GB5-019x",2,"interspace",0,15,"GARA2",NA,NA,10,1
"GB5-019x",2,"interspace",0,15,"COPA3",NA,NA,10,1
"GB5-019x",2,"canopy",1,20,"FEID",3,2,17,1
"GB5-019x",2,"canopy",1,20,"FEID",2,2,23,1
"GB5-019x",2,"canopy",1,20,"FEID",3,3,21,1
"GB5-019x",2,"canopy",1,20,"FEID",2,2,25,1
"GB5-019x",2,"canopy",1,20,"FEID",2,2,24,1
"GB5-019x",2,"interspace",0.5,20,"COPA3",NA,NA,8,1
"GB5-019x",2,"interspace",1,20,"FEID",1,1,14,1
"GB5-019x",2,"interspace",0.5,20,"FEID",15,8,22,1
"GB5-019x",2,"interspace",0.5,20,"COPA3",NA,NA,8,1
"GB5-019x",2,"interspace",0.5,20,"COPA3",NA,NA,8,1
"GB5-019x",2,"interspace",0.5,20,"COPA3",NA,NA,8,1
"GB5-019x",2,"interspace",0.5,20,"COPA3",NA,NA,8,1
"GB5-019x",2,"canopy",1,25,"FEID",4,3,15,1
"GB5-019x",2,"canopy",0.5,25,"FEID",6,6,17,1
"GB5-019x",2,"canopy",1,25,"FEID",5,5,22,1
"GB5-019x",2,"canopy",1,25,"FEID",7,5,24,1
"GB5-019x",2,"canopy",1,25,"POSE",1,1,11,1
"GB5-019x",2,"interspace",1,25,"FEID",2,2,7,1
"GB5-019x",2,"interspace",0,25,"COPA3",NA,NA,6,1
"GB5-019x",2,"interspace",1,25,"PSSP6",6,3,25,1
"GB5-019x",2,"interspace",1,25,"FEID",4,3,20,1
"GB5-019x",2,"interspace",0,25,"GARA2",NA,NA,7,1
"GB5-019x",2,"interspace",1,25,"COPA3",NA,NA,6,1
"GB5-019x",2,"interspace",0,25,"COPA3",NA,NA,6,1
"GB5-019x",2,"interspace",0,25,"COPA3",NA,NA,6,1
"GB5-019x",2,"interspace",0,25,"GARA2",NA,NA,7,1
"GB5-019x",2,"interspace",1,25,"COPA3",NA,NA,6,1
"GB5-019x",3,"canopy",1,5,"FEID",1,1,15,1
"GB5-019x",3,"canopy",1,5,"MIGR",NA,NA,7,1
"GB5-019x",3,"canopy",1,5,"COPA3",NA,NA,8,1
"GB5-019x",3,"canopy",1,5,"PHLO2",7,4,5,1
"GB5-019x",3,"canopy",1,5,"PHLO2",7,3,7,1
"GB5-019x",3,"canopy",1,5,"FEID",1,1,12,1
"GB5-019x",3,"canopy",1,5,"PHLO2",7,3,9,1
"GB5-019x",3,"canopy",1,5,"FEID",2,2,15,1
"GB5-019x",3,"canopy",1,5,"POSE",1,1,12,1
"GB5-019x",3,"canopy",1,5,"COPA3",NA,NA,8,1
"GB5-019x",3,"interspace",1,5,"GARA2",NA,NA,5,1
"GB5-019x",3,"interspace",0,5,"COPA3",NA,NA,5,1
"GB5-019x",3,"interspace",0,5,"MIGR",NA,NA,2,1
"GB5-019x",3,"interspace",1,5,"MIGR",NA,NA,3,1
"GB5-019x",3,"interspace",0,5,"COPA3",NA,NA,3,1
"GB5-019x",3,"interspace",1,5,"COPA3",NA,NA,5,1
"GB5-019x",3,"interspace",1,5,"MIGR",NA,NA,4,1
"GB5-019x",3,"interspace",0,5,"MIGR",NA,NA,2,1
"GB5-019x",3,"interspace",0,5,"MIGR",NA,NA,2,1
"GB5-019x",3,"interspace",1,5,"MIGR",NA,NA,3,1
"GB5-019x",3,"interspace",1,5,"MIGR",NA,NA,3,1
"GB5-019x",3,"interspace",1,5,"MIGR",NA,NA,3,1
"GB5-019x",3,"interspace",1,5,"MIGR",NA,NA,3,1
"GB5-019x",3,"interspace",1,5,"MIGR",NA,NA,3,1
"GB5-019x",3,"interspace",0,5,"COPA3",NA,NA,3,1
"GB5-019x",3,"interspace",0,5,"COPA3",NA,NA,3,1
"GB5-019x",3,"canopy",1,10,"COPA3",NA,NA,6,1
"GB5-019x",3,"canopy",1,10,"COPA3",NA,NA,11,1
"GB5-019x",3,"interspace",1,10,"FEID",1,1,15,1
"GB5-019x",3,"interspace",1,10,"FEID",7,5,25,1
"GB5-019x",3,"interspace",1,10,"FEID",2,1,21,1
"GB5-019x",3,"interspace",1,10,"FEID",2,1,20,1
"GB5-019x",3,"interspace",1,10,"FEID",2,2,20,1
"GB5-019x",3,"interspace",1,10,"FEID",1,1,21,1
"GB5-019x",3,"interspace",1,10,"FEID",3,3,20,1
"GB5-019x",3,"canopy",1,15,"FEID",3,2,26,1
"GB5-019x",3,"canopy",1,15,"FEID",3,3,16,1
"GB5-019x",3,"canopy",1,15,"FEID",1,1,17,1
"GB5-019x",3,"canopy",1,15,"FEID",3,3,12,1
"GB5-019x",3,"interspace",1,15,"FEID",1,1,15,1
"GB5-019x",3,"interspace",1,15,"COPA3",NA,NA,5,1
"GB5-019x",3,"interspace",1,15,"FEID",2,1,17,1
"GB5-019x",3,"interspace",1,15,"FEID",1,1,15,1
"GB5-019x",3,"interspace",1,15,"FEID",1,1,15,1
"GB5-019x",3,"interspace",1,15,"FEID",1,1,15,1
"GB5-019x",3,"interspace",1,15,"FEID",1,1,15,1
"GB5-019x",3,"interspace",1,15,"FEID",1,1,15,1
"GB5-019x",3,"interspace",1,15,"FEID",1,1,15,1
"GB5-019x",3,"interspace",1,15,"FEID",1,1,15,1
"GB5-019x",3,"interspace",1,15,"FEID",1,1,15,1
"GB5-019x",3,"interspace",1,15,"FEID",1,1,15,1
"GB5-019x",3,"interspace",1,15,"FEID",1,1,15,1
"GB5-019x",3,"canopy",1,20,"FEID",3,3,13,1
"GB5-019x",3,"canopy",0.5,20,"COPA3",NA,NA,6,1
"GB5-019x",3,"canopy",1,20,"COPA3",NA,NA,13,1
"GB5-019x",3,"canopy",0,20,"FEID",2,2,13,1
"GB5-019x",3,"canopy",0,20,"FEID",1,1,12,1
"GB5-019x",3,"canopy",1,20,"FEID",6,3,17,1
"GB5-019x",3,"canopy",1,20,"FEID",4,3,13,1
"GB5-019x",3,"canopy",0,20,"MIGR",NA,NA,5,1
"GB5-019x",3,"canopy",1,20,"FEID",8,5,18,1
"GB5-019x",3,"canopy",1,20,"FEID",4,3,18,1
"GB5-019x",3,"canopy",1,20,"MIGR",NA,NA,9,1
"GB5-019x",3,"canopy",0.5,20,"COPA3",NA,NA,6,1
"GB5-019x",3,"interspace",0,20,"FEID",1,1,6,1
"GB5-019x",3,"interspace",0,20,"FEID",1,1,5,1
"GB5-019x",3,"interspace",0,20,"ELEL5",2,2,9,1
"GB5-019x",3,"interspace",0,20,"GARA2",NA,NA,5,1
"GB5-019x",3,"interspace",0,20,"COPA3",NA,NA,4,1
"GB5-019x",3,"interspace",0,20,"MIGR",NA,NA,6,1
"GB5-019x",3,"interspace",0,20,"COPA3",NA,NA,8,1
"GB5-019x",3,"interspace",0,20,"MIGR",NA,NA,4,1
"GB5-019x",3,"interspace",0,20,"COPA3",NA,NA,6,1
"GB5-019x",3,"interspace",0,20,"GARA2",NA,NA,5,1
"GB5-019x",3,"interspace",0,20,"GARA2",NA,NA,5,1
"GB5-019x",3,"interspace",0,20,"GARA2",NA,NA,5,1
"GB5-019x",3,"interspace",0,20,"COPA3",NA,NA,4,1
"GB5-019x",3,"interspace",0,20,"MIGR",NA,NA,6,1
"GB5-019x",3,"interspace",0,20,"MIGR",NA,NA,6,1
"GB5-019x",3,"interspace",0,20,"MIGR",NA,NA,6,1
"GB5-019x",3,"interspace",0,20,"MIGR",NA,NA,6,1
"GB5-019x",3,"interspace",0,20,"MIGR",NA,NA,4,1
"GB5-019x",3,"interspace",0,20,"MIGR",NA,NA,4,1
"GB5-019x",3,"interspace",0,20,"MIGR",NA,NA,4,1
"GB5-019x",3,"interspace",0,20,"COPA3",NA,NA,6,1
"GB5-019x",3,"interspace",0,20,"COPA3",NA,NA,6,1
"GB5-019x",3,"canopy",1,25,"PHHO",8,3,4,1
"GB5-019x",3,"canopy",1,25,"FEID",1,1,9,1
"GB5-019x",3,"canopy",0,25,"COPA3",NA,NA,7,1
"GB5-019x",3,"canopy",0,25,"FEID",1,1,7,1
"GB5-019x",3,"canopy",0,25,"MIGR",NA,NA,4,1
"GB5-019x",3,"canopy",1,25,"FEID",11,4,19,1
"GB5-019x",3,"canopy",1,25,"FEID",1,1,9,1
"GB5-019x",3,"interspace",1,25,"COPA3",NA,NA,11,1
"GB5-019x",3,"interspace",1,25,"COPA3",NA,NA,5,1
"GB5-019x",3,"interspace",1,25,"FEID",8,5,20,1
"GB5-019x",3,"interspace",1,25,"COPA3",NA,NA,15,1
"GB5-019x",3,"interspace",1,25,"FEID",2,2,16,1
"GB5-019x",3,"interspace",1,25,"FEID",2,1,15,1
"GB6-011",1,"canopy",0.5,5,"ELEL5",5,2,25,1
"GB6-011",1,"interspace",0.5,5,"POSE",1,1,4,1
"GB6-011",1,"interspace",0,5,"ERWI",NA,NA,3,1
"GB6-011",1,"interspace",0,5,"DEPI",NA,NA,8,1
"GB6-011",1,"interspace",0,5,"DEPI",NA,NA,18,1
"GB6-011",1,"interspace",0,5,"DEPI",NA,NA,11,1
"GB6-011",1,"interspace",0.5,5,"POSE",1,1,15,1
"GB6-011",1,"interspace",0.5,5,"ELEL5",3,3,16,1
"GB6-011",1,"interspace",0,5,"DEPI",NA,NA,11,1
"GB6-011",1,"canopy",1,10,"CRWA2",NA,NA,4,1
"GB6-011",1,"canopy",1,10,"CRWA2",NA,NA,2,1
"GB6-011",1,"canopy",1,10,"BRTE",NA,NA,5,1
"GB6-011",1,"interspace",0,10,"DEPI",NA,NA,3,1
"GB6-011",1,"interspace",0,10,"POSE",6,4,4,1
"GB6-011",1,"interspace",0,10,"CRWA2",NA,NA,2,1
"GB6-011",1,"interspace",0,10,"ELEL5",1,1,13,1
"GB6-011",1,"canopy",1,15,"NO PLANTS",NA,NA,NA,NA
"GB6-011",1,"interspace",0.5,15,"CRWA2",NA,NA,12,1
"GB6-011",1,"interspace",0.5,15,"CRWA2",NA,NA,12,1
"GB6-011",1,"interspace",0.5,15,"CRWA2",NA,NA,12,1
"GB6-011",1,"canopy",1,20,"DEPI",NA,NA,32,1
"GB6-011",1,"canopy",1,20,"COPA3",NA,NA,8,1
"GB6-011",1,"canopy",1,20,"BRTE",NA,NA,11,1
"GB6-011",1,"canopy",1,20,"CRWA2",NA,NA,5,1
"GB6-011",1,"canopy",1,20,"COPA3",NA,NA,8,1
"GB6-011",1,"canopy",1,20,"COPA3",NA,NA,8,1
"GB6-011",1,"canopy",1,20,"COPA3",NA,NA,8,1
"GB6-011",1,"interspace",0,20,"CRWA2",NA,NA,5,1
"GB6-011",1,"interspace",0,20,"DEPI",NA,NA,17,1
"GB6-011",1,"interspace",0,20,"ACTH7",15,10,11,1
"GB6-011",1,"interspace",0,20,"ACTH7",2,2,13,1
"GB6-011",1,"interspace",0,20,"GARA2",NA,NA,6,1
"GB6-011",1,"interspace",0,20,"BRTE",NA,NA,10,1
"GB6-011",1,"interspace",0,20,"CRWA2",NA,NA,5,1
"GB6-011",1,"interspace",0,20,"CRWA2",NA,NA,5,1
"GB6-011",1,"interspace",0,20,"CRWA2",NA,NA,5,1
"GB6-011",1,"interspace",0,20,"CRWA2",NA,NA,5,1
"GB6-011",1,"interspace",0,20,"CRWA2",NA,NA,5,1
"GB6-011",1,"interspace",0,20,"CRWA2",NA,NA,5,1
"GB6-011",1,"interspace",0,20,"CRWA2",NA,NA,5,1
"GB6-011",1,"interspace",0,20,"CRWA2",NA,NA,5,1
"GB6-011",1,"interspace",0,20,"CRWA2",NA,NA,5,1
"GB6-011",1,"interspace",0,20,"CRWA2",NA,NA,5,1
"GB6-011",1,"interspace",0,20,"CRWA2",NA,NA,5,1
"GB6-011",1,"interspace",0,20,"CRWA2",NA,NA,5,1
"GB6-011",1,"interspace",0,20,"CRWA2",NA,NA,5,1
"GB6-011",1,"interspace",0,20,"GARA2",NA,NA,6,1
"GB6-011",1,"interspace",0,20,"GARA2",NA,NA,6,1
"GB6-011",1,"interspace",0,20,"GARA2",NA,NA,6,1
"GB6-011",1,"interspace",0,20,"GARA2",NA,NA,6,1
"GB6-011",1,"interspace",0,20,"GARA2",NA,NA,6,1
"GB6-011",1,"interspace",0,20,"GARA2",NA,NA,6,1
"GB6-011",1,"interspace",0,20,"GARA2",NA,NA,6,1
"GB6-011",1,"interspace",0,20,"GARA2",NA,NA,6,1
"GB6-011",1,"interspace",0,20,"GARA2",NA,NA,6,1
"GB6-011",1,"interspace",0,20,"GARA2",NA,NA,6,1
"GB6-011",1,"interspace",0,20,"GARA2",NA,NA,6,1
"GB6-011",1,"interspace",0,20,"BRTE",NA,NA,10,1
"GB6-011",1,"interspace",0,20,"BRTE",NA,NA,10,1
"GB6-011",1,"canopy",1,25,"CRWA2",NA,NA,3,1
"GB6-011",1,"canopy",1,25,"MIGR",NA,NA,4,1
"GB6-011",1,"canopy",1,25,"ELEL5",3,3,24,1
"GB6-011",1,"canopy",1,25,"ARSP",6,6,44,1
"GB6-011",1,"canopy",1,25,"CRWA2",NA,NA,3,1
"GB6-011",1,"canopy",1,25,"CRWA2",NA,NA,3,1
"GB6-011",1,"canopy",1,25,"CRWA2",NA,NA,3,1
"GB6-011",1,"canopy",1,25,"CRWA2",NA,NA,3,1
"GB6-011",1,"canopy",1,25,"CRWA2",NA,NA,3,1
"GB6-011",1,"canopy",1,25,"CRWA2",NA,NA,3,1
"GB6-011",1,"canopy",1,25,"CRWA2",NA,NA,3,1
"GB6-011",1,"canopy",1,25,"CRWA2",NA,NA,3,1
"GB6-011",1,"canopy",1,25,"CRWA2",NA,NA,3,1
"GB6-011",1,"canopy",1,25,"CRWA2",NA,NA,3,1
"GB6-011",1,"canopy",1,25,"CRWA2",NA,NA,3,1
"GB6-011",1,"canopy",1,25,"CRWA2",NA,NA,3,1
"GB6-011",1,"canopy",1,25,"MIGR",NA,NA,4,1
"GB6-011",1,"interspace",0,25,"LOFO",7,4,3,1
"GB6-011",1,"interspace",0,25,"LOFO",1,1,3,1
"GB6-011",1,"interspace",0,25,"POSE",9,4,5,1
"GB6-011",1,"interspace",0,25,"ERWI",NA,NA,3,1
"GB6-011",1,"interspace",0,25,"ACTH7",4,2,7,1
"GB6-011",1,"interspace",0,25,"GARA2",NA,NA,3,1
"GB6-011",1,"interspace",0,25,"EROV",5,4,10,1
"GB6-011",1,"interspace",0,25,"POSE",4,2,3,1
"GB6-011",1,"interspace",0,25,"ELEL5",2,2,11,1
"GB6-011",1,"interspace",0,25,"ERWI",NA,NA,3,1
"GB6-011",1,"interspace",0,25,"GARA2",NA,NA,3,1
"GB6-011",1,"interspace",0,25,"GARA2",NA,NA,3,1
"GB6-011",1,"interspace",0,25,"GARA2",NA,NA,3,1
"GB6-011",1,"interspace",0,25,"ELEL5",2,2,11,1
"GB6-011",1,"interspace",0,25,"ELEL5",2,2,11,1
"GB6-011",1,"interspace",0,25,"ELEL5",2,2,11,1
"GB6-011",1,"interspace",0,25,"ELEL5",2,2,11,1
"GB6-011",1,"interspace",0,25,"ELEL5",2,2,11,1
"GB6-011",1,"interspace",0,25,"ELEL5",2,2,11,1
"GB6-011",1,"interspace",0,25,"ELEL5",2,2,11,1
"GB6-011",1,"interspace",0,25,"ELEL5",2,2,11,1
"GB6-011",1,"interspace",0,25,"ELEL5",2,2,11,1
"GB6-011",1,"interspace",0,25,"ELEL5",2,2,11,1
"GB6-011",1,"interspace",0,25,"ELEL5",2,2,11,1
"GB6-011",2,"canopy",1,5,"POSE",4,3,8,1
"GB6-011",2,"canopy",1,5,"POSE",3,2,6,1
"GB6-011",2,"canopy",1,5,"ASMA6",12,6,6,1
"GB6-011",2,"canopy",1,5,"POSE",4,3,6,1
"GB6-011",2,"interspace",0,5,"POSE",1,1,4,1
"GB6-011",2,"interspace",0,5,"POSE",4,4,3,1
"GB6-011",2,"canopy",1,10,"DEPI",NA,NA,17,1
"GB6-011",2,"canopy",0.5,10,"POSE",2,2,8,1
"GB6-011",2,"interspace",0,10,"ASMA6",20,18,5,1
"GB6-011",2,"interspace",0,10,"MIGR",NA,NA,2,1
"GB6-011",2,"interspace",0,10,"ACTH7",16,11,13,1
"GB6-011",2,"interspace",0,10,"GARA2",NA,NA,4,1
"GB6-011",2,"interspace",0,10,"MIGR",NA,NA,2,1
"GB6-011",2,"canopy",1,15,"MIGR",NA,NA,2,1
"GB6-011",2,"canopy",1,15,"AGGL",2,2,7,1
"GB6-011",2,"canopy",1,15,"ERWI",NA,NA,8,1
"GB6-011",2,"canopy",1,15,"POSE",4,3,5,1
"GB6-011",2,"canopy",1,15,"MIGR",NA,NA,2,1
"GB6-011",2,"canopy",1,15,"ERWI",NA,NA,8,1
"GB6-011",2,"canopy",1,15,"ERWI",NA,NA,8,1
"GB6-011",2,"interspace",0,15,"MIGR",NA,NA,2,1
"GB6-011",2,"interspace",0,15,"POSE",4,2,3,1
"GB6-011",2,"interspace",0,15,"ERWI",NA,NA,3,1
"GB6-011",2,"canopy",0,20,"COPA3",NA,NA,9,1
"GB6-011",2,"canopy",0,20,"MIGR",NA,NA,4,1
"GB6-011",2,"canopy",0,20,"GARA2",NA,NA,5,1
"GB6-011",2,"canopy",0,20,"DEPI",NA,NA,11,1
"GB6-011",2,"canopy",0,20,"MIGR",NA,NA,4,1
"GB6-011",2,"canopy",0,20,"MIGR",NA,NA,4,1
"GB6-011",2,"canopy",0,20,"GARA2",NA,NA,5,1
"GB6-011",2,"canopy",0,20,"GARA2",NA,NA,5,1
"GB6-011",2,"canopy",0,20,"GARA2",NA,NA,5,1
"GB6-011",2,"canopy",0,20,"GARA2",NA,NA,5,1
"GB6-011",2,"canopy",0,20,"GARA2",NA,NA,5,1
"GB6-011",2,"canopy",0,20,"GARA2",NA,NA,5,1
"GB6-011",2,"canopy",0,20,"GARA2",NA,NA,5,1
"GB6-011",2,"canopy",0,20,"GARA2",NA,NA,5,1
"GB6-011",2,"canopy",0,20,"GARA2",NA,NA,5,1
"GB6-011",2,"interspace",0,20,"POSE",1,1,3,1
"GB6-011",2,"interspace",0,20,"DEPI",NA,NA,11,1
"GB6-011",2,"interspace",0,20,"DEPI",NA,NA,23,1
"GB6-011",2,"interspace",0,20,"GARA2",NA,NA,8,1
"GB6-011",2,"interspace",0,20,"MIGR",NA,NA,4,1
"GB6-011",2,"interspace",0,20,"GARA2",NA,NA,8,1
"GB6-011",2,"interspace",0,20,"GARA2",NA,NA,8,1
"GB6-011",2,"interspace",0,20,"GARA2",NA,NA,8,1
"GB6-011",2,"interspace",0,20,"GARA2",NA,NA,8,1
"GB6-011",2,"interspace",0,20,"GARA2",NA,NA,8,1
"GB6-011",2,"interspace",0,20,"GARA2",NA,NA,8,1
"GB6-011",2,"interspace",0,20,"GARA2",NA,NA,8,1
"GB6-011",2,"interspace",0,20,"GARA2",NA,NA,8,1
"GB6-011",2,"interspace",0,20,"GARA2",NA,NA,8,1
"GB6-011",2,"interspace",0,20,"GARA2",NA,NA,8,1
"GB6-011",2,"interspace",0,20,"GARA2",NA,NA,8,1
"GB6-011",2,"interspace",0,20,"GARA2",NA,NA,8,1
"GB6-011",2,"interspace",0,20,"GARA2",NA,NA,8,1
"GB6-011",2,"interspace",0,20,"GARA2",NA,NA,8,1
"GB6-011",2,"interspace",0,20,"GARA2",NA,NA,8,1
"GB6-011",2,"interspace",0,20,"GARA2",NA,NA,8,1
"GB6-011",2,"interspace",0,20,"GARA2",NA,NA,8,1
"GB6-011",2,"canopy",1,25,"POSE",21,7,13,1
"GB6-011",2,"canopy",1,25,"POSE",4,3,6,1
"GB6-011",2,"interspace",0,25,"LOFO",5,2,3,1
"GB6-011",2,"interspace",0,25,"ANDI2",3,2,1,1
"GB6-011",3,"canopy",1,5,"ANDI2",3,2,1,1
"GB6-011",3,"canopy",1,5,"ANDI2",5,3,2,1
"GB6-011",3,"canopy",1,5,"ANDI2",4,3,1,1
"GB6-011",3,"canopy",1,5,"LUUN",NA,NA,1,1
"GB6-011",3,"canopy",1,5,"POSE",3,2,7,1
"GB6-011",3,"interspace",0,5,"POSE",3,2,8,1
"GB6-011",3,"interspace",0,5,"MINA",NA,NA,1,1
"GB6-011",3,"interspace",0,5,"COPA3",NA,NA,2,1
"GB6-011",3,"interspace",0,5,"POSE",5,5,6,1
"GB6-011",3,"interspace",0,5,"ERWI",NA,NA,4,1
"GB6-011",3,"interspace",0,5,"GARA2",NA,NA,3,1
"GB6-011",3,"interspace",0,5,"POSE",1,1,3,1
"GB6-011",3,"interspace",0,5,"MINA",NA,NA,1,1
"GB6-011",3,"interspace",0,5,"GARA2",NA,NA,3,1
"GB6-011",3,"interspace",0,5,"GARA2",NA,NA,3,1
"GB6-011",3,"interspace",0,5,"GARA2",NA,NA,3,1
"GB6-011",3,"canopy",1,10,"BRTE",NA,NA,13,1
"GB6-011",3,"canopy",1,10,"ERWI",NA,NA,2,1
"GB6-011",3,"canopy",1,10,"ELEL5",1,1,12,1
"GB6-011",3,"canopy",1,10,"COPA3",NA,NA,5,1
"GB6-011",3,"canopy",1,10,"DEPI",NA,NA,28,1
"GB6-011",3,"canopy",1,10,"BRTE",NA,NA,13,1
"GB6-011",3,"canopy",1,10,"BRTE",NA,NA,13,1
"GB6-011",3,"canopy",1,10,"BRTE",NA,NA,13,1
"GB6-011",3,"canopy",1,10,"BRTE",NA,NA,13,1
"GB6-011",3,"canopy",1,10,"BRTE",NA,NA,13,1
"GB6-011",3,"interspace",1,10,"DEPI",NA,NA,41,1
"GB6-011",3,"interspace",1,10,"ELEL5",2,1,15,1
"GB6-011",3,"interspace",1,10,"DEPI",NA,NA,30,1
"GB6-011",3,"interspace",1,10,"DEPI",NA,NA,30,1
"GB6-011",3,"canopy",0,15,"GARA2",NA,NA,2,1
"GB6-011",3,"canopy",0,15,"CETE5",NA,NA,2,1
"GB6-011",3,"canopy",1,15,"POSE",1,1,4,1
"GB6-011",3,"canopy",1,15,"COPA3",NA,NA,4,1
"GB6-011",3,"canopy",1,15,"MIGR",NA,NA,4,1
"GB6-011",3,"canopy",0,15,"CETE5",NA,NA,2,1
"GB6-011",3,"canopy",1,15,"MIGR",NA,NA,4,1
"GB6-011",3,"interspace",0,15,"CETE5",NA,NA,1,1
"GB6-011",3,"interspace",0,15,"BRTE",NA,NA,12,1
"GB6-011",3,"interspace",0,15,"ERWI",NA,NA,3,1
"GB6-011",3,"interspace",0,15,"CRWA2",NA,NA,3,1
"GB6-011",3,"interspace",0,15,"GARA2",NA,NA,4,1
"GB6-011",3,"interspace",0,15,"BRTE",NA,NA,7,1
"GB6-011",3,"interspace",0,15,"GARA2",NA,NA,4,1
"GB6-011",3,"interspace",0,15,"GARA2",NA,NA,4,1
"GB6-011",3,"interspace",0,15,"GARA2",NA,NA,4,1
"GB6-011",3,"interspace",0,15,"GARA2",NA,NA,4,1
"GB6-011",3,"canopy",1,20,"DENU2",11,9,47,1
"GB6-011",3,"canopy",1,20,"POSE",3,2,15,1
"GB6-011",3,"canopy",1,20,"POSE",9,4,9,1
"GB6-011",3,"canopy",0.5,20,"POSE",6,2,5,1
"GB6-011",3,"canopy",1,20,"POSE",1,2,10,1
"GB6-011",3,"canopy",1,20,"ACTH7",3,2,32,1
"GB6-011",3,"canopy",0.5,20,"POSE",2,1,6,1
"GB6-011",3,"interspace",0,20,"ACTH7",1,1,7,1
"GB6-011",3,"interspace",0,20,"GARA2",NA,NA,2,1
"GB6-011",3,"interspace",0,20,"POSE",2,1,5,1
"GB6-011",3,"interspace",0,20,"POSE",1,1,4,1
"GB6-011",3,"interspace",0,20,"POSE",2,1,4,1
"GB6-011",3,"interspace",0,20,"POSE",2,2,5,1
"GB6-011",3,"interspace",0,20,"CHWA2",NA,NA,1,1
"GB6-011",3,"interspace",0,20,"ACTH7",2,1,8,1
"GB6-011",3,"interspace",0,20,"ELEL5",3,2,5,1
"GB6-011",3,"interspace",0,20,"ACTH7",3,2,9,1
"GB6-011",3,"interspace",0,20,"ACTH7",3,1,8,1
"GB6-011",3,"interspace",0,20,"ACTH7",2,1,9,1
"GB6-011",3,"interspace",0,20,"POSE",1,1,4,1
"GB6-011",3,"interspace",0,20,"POSE",2,1,4,1
"GB6-011",3,"canopy",0.5,25,"ELEL5",5,3,11,1
"GB6-011",3,"canopy",0.5,25,"POCU3",1,1,13,1
"GB6-011",3,"canopy",0.5,25,"ELEL5",4,3,15,1
"GB6-011",3,"interspace",0,25,"POSE",1,1,3,1
"GB6-011",3,"interspace",0,25,"POSE",2,2,4,1
"GB6-011",3,"interspace",0,25,"POSE",2,2,4,1
"GB6-011",3,"interspace",0,25,"POSE",2,1,5,1
"GB6-011",3,"interspace",0,25,"ERWI",NA,NA,4,1
"GB6-011",3,"interspace",0,25,"POSE",9,3,5,1
"GB6-011",3,"interspace",0,25,"POSE",2,2,5,1
"GB6-011",3,"interspace",0,25,"ACTH7",3,1,12,1
"GB6-011",3,"interspace",0,25,"LUUN",NA,NA,1,1
"GB6-011",3,"interspace",0,25,"POSE",1,1,6,1
"GB6-011",3,"interspace",0,25,"POSE",3,1,5,1
"GB6-011",3,"interspace",0,25,"POSE",1,1,3,1
"GB6-011",3,"interspace",0,25,"ERWI",NA,NA,4,1
"GB6-011",3,"interspace",0,25,"LUUN",NA,NA,1,1
"GB6-999",1,"canopy",1,5,"BRTE",NA,NA,25,1
"GB6-999",1,"canopy",1,5,"COPA3",NA,NA,17,1
"GB6-999",1,"canopy",1,5,"BRTE",NA,NA,52,1
"GB6-999",1,"canopy",1,5,"BRTE",NA,NA,17,1
"GB6-999",1,"canopy",1,5,"BRTE",NA,NA,42,1
"GB6-999",1,"canopy",1,5,"COPA3",NA,NA,6,1
"GB6-999",1,"canopy",1,5,"BRTE",NA,NA,35,1
"GB6-999",1,"canopy",1,5,"BRTE",NA,NA,26,1
"GB6-999",1,"canopy",1,5,"COPA3",NA,NA,7,1
"GB6-999",1,"canopy",1,5,"COPA3",NA,NA,12,1
"GB6-999",1,"canopy",1,5,"BRTE",NA,NA,70,1
"GB6-999",1,"canopy",1,5,"BRTE",NA,NA,32,1
"GB6-999",1,"canopy",1,5,"PHLO2",2,2,7,1
"GB6-999",1,"canopy",1,5,"ELEL5",1,1,25,1
"GB6-999",1,"canopy",1,5,"PHLO2",10,5,14,1
"GB6-999",1,"canopy",1,5,"BRTE",NA,NA,20,1
"GB6-999",1,"canopy",1,5,"BRTE",NA,NA,33,1
"GB6-999",1,"canopy",1,5,"BRTE",NA,NA,17,1
"GB6-999",1,"canopy",1,5,"BRTE",NA,NA,17,1
"GB6-999",1,"canopy",1,5,"BRTE",NA,NA,17,1
"GB6-999",1,"canopy",1,5,"COPA3",NA,NA,6,1
"GB6-999",1,"canopy",1,5,"COPA3",NA,NA,6,1
"GB6-999",1,"canopy",1,5,"COPA3",NA,NA,6,1
"GB6-999",1,"canopy",1,5,"BRTE",NA,NA,26,1
"GB6-999",1,"canopy",1,5,"COPA3",NA,NA,7,1
"GB6-999",1,"canopy",1,5,"COPA3",NA,NA,7,1
"GB6-999",1,"interspace",0,5,"PHLO2",4,3,4,1
"GB6-999",1,"interspace",0,5,"PHLO2",6,2,6,1
"GB6-999",1,"interspace",0,5,"POSE",4,3,4,1
"GB6-999",1,"interspace",0,5,"ALAL3",NA,NA,6,1
"GB6-999",1,"interspace",0,5,"PHLO2",4,3,5,1
"GB6-999",1,"interspace",0,5,"POSE",1,1,3,1
"GB6-999",1,"interspace",0,5,"PHLO2",8,4,5,1
"GB6-999",1,"interspace",0,5,"PHLO2",7,5,6,1
"GB6-999",1,"interspace",0,5,"COPA3",NA,NA,8,1
"GB6-999",1,"interspace",0,5,"POSE",8,4,6,1
"GB6-999",1,"interspace",0,5,"PHLO2",2,2,2,1
"GB6-999",1,"canopy",1,10,"COPA3",NA,NA,13,1
"GB6-999",1,"canopy",1,10,"COPA3",NA,NA,16,1
"GB6-999",1,"canopy",1,10,"COPA3",NA,NA,19,1
"GB6-999",1,"canopy",1,10,"BRTE",NA,NA,17,1
"GB6-999",1,"canopy",1,10,"BRTE",NA,NA,20,1
"GB6-999",1,"canopy",1,10,"COPA3",NA,NA,16,1
"GB6-999",1,"canopy",1,10,"COPA3",NA,NA,16,1
"GB6-999",1,"canopy",1,10,"COPA3",NA,NA,16,1
"GB6-999",1,"canopy",1,10,"COPA3",NA,NA,16,1
"GB6-999",1,"interspace",1,10,"ALAL3",NA,NA,3,1
"GB6-999",1,"interspace",1,10,"POSE",1,1,5,1
"GB6-999",1,"interspace",1,10,"POSE",1,1,4,1
"GB6-999",1,"interspace",1,10,"COPA3",NA,NA,11,1
"GB6-999",1,"interspace",1,10,"ALAL3",NA,NA,9,1
"GB6-999",1,"interspace",1,10,"BRTE",NA,NA,29,1
"GB6-999",1,"interspace",1,10,"POSE",2,1,6,1
"GB6-999",1,"interspace",1,10,"BRTE",NA,NA,20,1
"GB6-999",1,"interspace",1,10,"COPA3",NA,NA,15,1
"GB6-999",1,"interspace",1,10,"POSE",1,1,3,1
"GB6-999",1,"interspace",1,10,"BRTE",NA,NA,24,1
"GB6-999",1,"interspace",1,10,"COPA3",NA,NA,9,1
"GB6-999",1,"interspace",1,10,"POSE",1,1,5,1
"GB6-999",1,"interspace",1,10,"POSE",1,1,6,1
"GB6-999",1,"interspace",1,10,"POSE",1,1,4,1
"GB6-999",1,"interspace",1,10,"POSE",1,1,4,1
"GB6-999",1,"interspace",1,10,"COPA3",NA,NA,11,1
"GB6-999",1,"interspace",1,10,"COPA3",NA,NA,11,1
"GB6-999",1,"interspace",1,10,"COPA3",NA,NA,15,1
"GB6-999",1,"interspace",1,10,"COPA3",NA,NA,15,1
"GB6-999",1,"interspace",1,10,"COPA3",NA,NA,15,1
"GB6-999",1,"interspace",1,10,"POSE",1,1,3,1
"GB6-999",1,"interspace",1,10,"POSE",1,1,3,1
"GB6-999",1,"interspace",1,10,"COPA3",NA,NA,9,1
"GB6-999",1,"interspace",1,10,"COPA3",NA,NA,9,1
"GB6-999",1,"interspace",1,10,"COPA3",NA,NA,9,1
"GB6-999",1,"interspace",1,10,"POSE",1,1,6,1
"GB6-999",1,"canopy",1,15,"ALAL3",NA,NA,18,1
"GB6-999",1,"interspace",1,15,"NO PLANTS",NA,NA,NA,NA
"GB6-999",1,"canopy",0,20,"PHLO2",2,2,3,1
"GB6-999",1,"canopy",1,20,"POSE",1,1,8,1
"GB6-999",1,"canopy",0,20,"ALAL3",NA,NA,12,1
"GB6-999",1,"canopy",0,20,"COPA3",NA,NA,15,1
"GB6-999",1,"canopy",0,20,"POSE",1,1,3,1
"GB6-999",1,"canopy",0,20,"PHLO2",4,4,9,1
"GB6-999",1,"canopy",0,20,"ALAL3",NA,NA,8,1
"GB6-999",1,"canopy",0,20,"DEPI",NA,NA,43,1
"GB6-999",1,"canopy",0,20,"PHLO2",3,3,6,1
"GB6-999",1,"canopy",1,20,"COPA3",NA,NA,16,1
"GB6-999",1,"canopy",1,20,"COPA3",NA,NA,12,1
"GB6-999",1,"canopy",1,20,"COPA3",NA,NA,13,1
"GB6-999",1,"canopy",0,20,"PHLO2",2,2,4,1
"GB6-999",1,"canopy",0,20,"DEPI",NA,NA,36,1
"GB6-999",1,"canopy",0,20,"BRTE",NA,NA,22,1
"GB6-999",1,"canopy",0,20,"POSE",3,2,5,1
"GB6-999",1,"canopy",0,20,"PHLO2",2,2,3,1
"GB6-999",1,"canopy",1,20,"POSE",1,1,8,1
"GB6-999",1,"canopy",0,20,"ALAL3",NA,NA,12,1
"GB6-999",1,"canopy",0,20,"ALAL3",NA,NA,12,1
"GB6-999",1,"canopy",0,20,"COPA3",NA,NA,15,1
"GB6-999",1,"canopy",0,20,"COPA3",NA,NA,15,1
"GB6-999",1,"canopy",0,20,"POSE",1,1,3,1
"GB6-999",1,"canopy",0,20,"POSE",1,1,3,1
"GB6-999",1,"canopy",0,20,"POSE",1,1,3,1
"GB6-999",1,"canopy",0,20,"ALAL3",NA,NA,8,1
"GB6-999",1,"canopy",1,20,"COPA3",NA,NA,12,1
"GB6-999",1,"canopy",1,20,"COPA3",NA,NA,12,1
"GB6-999",1,"canopy",1,20,"COPA3",NA,NA,12,1
"GB6-999",1,"canopy",1,20,"COPA3",NA,NA,13,1
"GB6-999",1,"interspace",0,20,"ALAL3",NA,NA,12,1
"GB6-999",1,"interspace",0,20,"DEPI",NA,NA,45,1
"GB6-999",1,"interspace",0,20,"PHLO2",5,5,5,1
"GB6-999",1,"interspace",0.5,20,"COPA3",NA,NA,8,1
"GB6-999",1,"interspace",0,20,"DEPI",NA,NA,46,1
"GB6-999",1,"interspace",0,20,"POSE",1,1,3,1
"GB6-999",1,"interspace",0,20,"ALAL3",NA,NA,15,1
"GB6-999",1,"interspace",0,20,"DEPI",NA,NA,34,1
"GB6-999",1,"interspace",0,20,"DEPI",NA,NA,49,1
"GB6-999",1,"interspace",0,20,"DEPI",NA,NA,15,1
"GB6-999",1,"interspace",0,20,"ELEL5",2,1,7,1
"GB6-999",1,"interspace",0,20,"POSE",3,2,5,1
"GB6-999",1,"interspace",0,20,"POSE",1,1,4,1
"GB6-999",1,"interspace",0,20,"COPA3",NA,NA,6,1
"GB6-999",1,"interspace",0,20,"COPA3",NA,NA,13,1
"GB6-999",1,"interspace",0.5,20,"ELEL5",5,2,21,1
"GB6-999",1,"interspace",0,20,"COPA3",NA,NA,7,1
"GB6-999",1,"interspace",0,20,"ALAL3",NA,NA,12,1
"GB6-999",1,"interspace",0,20,"ALAL3",NA,NA,12,1
"GB6-999",1,"interspace",0,20,"ALAL3",NA,NA,12,1
"GB6-999",1,"interspace",0,20,"ALAL3",NA,NA,12,1
"GB6-999",1,"interspace",0,20,"ALAL3",NA,NA,12,1
"GB6-999",1,"interspace",0,20,"ALAL3",NA,NA,12,1
"GB6-999",1,"interspace",0,20,"DEPI",NA,NA,45,1
"GB6-999",1,"interspace",0.5,20,"COPA3",NA,NA,8,1
"GB6-999",1,"interspace",0.5,20,"COPA3",NA,NA,8,1
"GB6-999",1,"interspace",0,20,"ALAL3",NA,NA,15,1
"GB6-999",1,"interspace",0,20,"ALAL3",NA,NA,15,1
"GB6-999",1,"interspace",0,20,"ALAL3",NA,NA,15,1
"GB6-999",1,"interspace",0,20,"ALAL3",NA,NA,15,1
"GB6-999",1,"interspace",0,20,"DEPI",NA,NA,34,1
"GB6-999",1,"interspace",0,20,"DEPI",NA,NA,34,1
"GB6-999",1,"interspace",0,20,"ELEL5",2,1,7,1
"GB6-999",1,"interspace",0,20,"POSE",1,1,4,1
"GB6-999",1,"interspace",0,20,"POSE",1,1,4,1
"GB6-999",1,"interspace",0,20,"COPA3",NA,NA,6,1
"GB6-999",1,"interspace",0,20,"COPA3",NA,NA,6,1
"GB6-999",1,"interspace",0,20,"COPA3",NA,NA,6,1
"GB6-999",1,"interspace",0,20,"COPA3",NA,NA,7,1
"GB6-999",1,"interspace",0,20,"COPA3",NA,NA,7,1
"GB6-999",1,"interspace",0,20,"COPA3",NA,NA,7,1
"GB6-999",1,"canopy",1,25,"ALAL3",NA,NA,8,1
"GB6-999",1,"canopy",1,25,"COPA3",NA,NA,11,1
"GB6-999",1,"canopy",0,25,"PHLO2",3,2,3,1
"GB6-999",1,"canopy",1,25,"POSE",3,3,6,1
"GB6-999",1,"canopy",0,25,"POSE",3,2,6,1
"GB6-999",1,"canopy",0,25,"PHLO2",3,2,6,1
"GB6-999",1,"canopy",0,25,"PHLO2",3,2,4,1
"GB6-999",1,"canopy",0,25,"ALAL3",NA,NA,8,1
"GB6-999",1,"canopy",0,25,"PHLO2",4,3,6,1
"GB6-999",1,"canopy",0,25,"COPA3",NA,NA,11,1
"GB6-999",1,"canopy",1,25,"COPA3",NA,NA,11,1
"GB6-999",1,"canopy",1,25,"COPA3",NA,NA,11,1
"GB6-999",1,"canopy",0,25,"ALAL3",NA,NA,8,1
"GB6-999",1,"canopy",0,25,"ALAL3",NA,NA,8,1
"GB6-999",1,"interspace",0,25,"CETE5",NA,NA,3,1
"GB6-999",1,"interspace",0,25,"ALAL3",NA,NA,8,1
"GB6-999",1,"interspace",0,25,"PHLO2",2,2,4,1
"GB6-999",1,"interspace",0,25,"COPA3",NA,NA,8,1
"GB6-999",1,"interspace",0,25,"PHLO2",8,5,8,1
"GB6-999",1,"interspace",0,25,"ALAL3",NA,NA,11,1
"GB6-999",1,"interspace",0,25,"MIGR",NA,NA,7,1
"GB6-999",1,"interspace",0,25,"COPA3",NA,NA,14,1
"GB6-999",1,"interspace",0,25,"ALAL3",NA,NA,8,1
"GB6-999",1,"interspace",0,25,"ALAL3",NA,NA,8,1
"GB6-999",1,"interspace",0,25,"COPA3",NA,NA,8,1
"GB6-999",1,"interspace",0,25,"COPA3",NA,NA,14,1
"GB6-999",2,"canopy",1,5,"POSE",1,1,6,1
"GB6-999",2,"canopy",1,5,"BRTE",NA,NA,32,1
"GB6-999",2,"canopy",1,5,"ALAL3",NA,NA,11,1
"GB6-999",2,"canopy",1,5,"DEPI",NA,NA,30,1
"GB6-999",2,"canopy",1,5,"COPA3",NA,NA,14,1
"GB6-999",2,"canopy",1,5,"COPA3",NA,NA,9,1
"GB6-999",2,"canopy",1,5,"COPA3",NA,NA,19,1
"GB6-999",2,"canopy",1,5,"BRTE",NA,NA,46,1
"GB6-999",2,"canopy",1,5,"COPA3",NA,NA,9,1
"GB6-999",2,"canopy",1,5,"COPA3",NA,NA,9,1
"GB6-999",2,"canopy",1,5,"COPA3",NA,NA,9,1
"GB6-999",2,"interspace",0,5,"POSE",4,3,6,1
"GB6-999",2,"interspace",0,5,"ALAL3",NA,NA,6,1
"GB6-999",2,"interspace",0,5,"COPA3",NA,NA,13,1
"GB6-999",2,"interspace",0,5,"LULE2",35,24,12,1
"GB6-999",2,"interspace",0,5,"ALAL3",NA,NA,8,1
"GB6-999",2,"canopy",1,10,"DEPI",NA,NA,21,1
"GB6-999",2,"canopy",1,10,"COPA3",NA,NA,20,1
"GB6-999",2,"canopy",1,10,"BRTE",NA,NA,32,1
"GB6-999",2,"canopy",1,10,"DEPI",NA,NA,19,1
"GB6-999",2,"canopy",1,10,"COPA3",NA,NA,20,1
"GB6-999",2,"canopy",1,10,"COPA3",NA,NA,15,1
"GB6-999",2,"canopy",1,10,"BRTE",NA,NA,45,1
"GB6-999",2,"canopy",1,10,"ELEL5",5,3,25,1
"GB6-999",2,"canopy",1,10,"COPA3",NA,NA,20,1
"GB6-999",2,"canopy",1,10,"COPA3",NA,NA,15,1
"GB6-999",2,"interspace",0,10,"BRTE",NA,NA,42,1
"GB6-999",2,"interspace",0,10,"ALAL3",NA,NA,10,1
"GB6-999",2,"interspace",0,10,"ALAL3",NA,NA,14,1
"GB6-999",2,"interspace",0,10,"BRTE",NA,NA,28,1
"GB6-999",2,"interspace",0,10,"POSE",2,1,3,1
"GB6-999",2,"interspace",0,10,"POSE",1,1,3,1
"GB6-999",2,"canopy",1,15,"BRTE",NA,NA,35,1
"GB6-999",2,"canopy",1,15,"ELEL5",4,3,35,1
"GB6-999",2,"canopy",1,15,"DEPI",NA,NA,28,1
"GB6-999",2,"canopy",1,15,"POSE",2,1,7,1
"GB6-999",2,"canopy",1,15,"PHLO2",5,3,7,1
"GB6-999",2,"canopy",1,15,"COPA3",NA,NA,14,1
"GB6-999",2,"canopy",1,15,"ALAL3",NA,NA,11,1
"GB6-999",2,"canopy",1,15,"ELEL5",2,1,5,1
"GB6-999",2,"canopy",1,15,"BRTE",NA,NA,46,1
"GB6-999",2,"canopy",1,15,"POSE",3,3,9,1
"GB6-999",2,"canopy",1,15,"POSE",2,1,8,1
"GB6-999",2,"canopy",1,15,"PSSP6",1,1,30,1
"GB6-999",2,"canopy",1,15,"ELEL5",1,1,17,1
"GB6-999",2,"canopy",1,15,"ELEL5",4,1,19,1
"GB6-999",2,"canopy",1,15,"BRTE",NA,NA,35,1
"GB6-999",2,"canopy",1,15,"DEPI",NA,NA,28,1
"GB6-999",2,"canopy",1,15,"DEPI",NA,NA,28,1
"GB6-999",2,"interspace",0,15,"BRTE",NA,NA,49,1
"GB6-999",2,"interspace",0,15,"ALAL3",NA,NA,9,1
"GB6-999",2,"interspace",0,15,"POSE",1,1,7,1
"GB6-999",2,"interspace",0,15,"BRTE",NA,NA,37,1
"GB6-999",2,"interspace",0,15,"POSE",1,1,5,1
"GB6-999",2,"interspace",0,15,"COPA3",NA,NA,15,1
"GB6-999",2,"interspace",0,15,"COPA3",NA,NA,10,1
"GB6-999",2,"interspace",0,15,"COPA3",NA,NA,8,1
"GB6-999",2,"interspace",0,15,"ALAL3",NA,NA,5,1
"GB6-999",2,"interspace",0,15,"DEPI",NA,NA,8,1
"GB6-999",2,"interspace",0,15,"POSE",2,2,8,1
"GB6-999",2,"interspace",0,15,"PHLO2",3,2,6,1
"GB6-999",2,"interspace",0,15,"COPA3",NA,NA,11,1
"GB6-999",2,"interspace",0,15,"POSE",1,1,4,1
"GB6-999",2,"interspace",0,15,"POSE",3,3,5,1
"GB6-999",2,"interspace",0,15,"MIGR",NA,NA,9,1
"GB6-999",2,"interspace",0,15,"POSE",1,1,5,1
"GB6-999",2,"interspace",0,15,"LULE2",4,2,6,1
"GB6-999",2,"interspace",0,15,"ALAL3",NA,NA,9,1
"GB6-999",2,"interspace",0,15,"COPA3",NA,NA,15,1
"GB6-999",2,"interspace",0,15,"COPA3",NA,NA,8,1
"GB6-999",2,"interspace",0,15,"COPA3",NA,NA,8,1
"GB6-999",2,"interspace",0,15,"ALAL3",NA,NA,5,1
"GB6-999",2,"interspace",0,15,"POSE",1,1,4,1
"GB6-999",2,"canopy",0,20,"COPA3",NA,NA,8,1
"GB6-999",2,"canopy",0,20,"BRTE",NA,NA,10,1
"GB6-999",2,"canopy",0,20,"BRTE",NA,NA,24,1
"GB6-999",2,"canopy",0,20,"BRTE",NA,NA,30,1
"GB6-999",2,"canopy",0,20,"ALAL3",NA,NA,8,1
"GB6-999",2,"canopy",0,20,"COPA3",NA,NA,12,1
"GB6-999",2,"canopy",0,20,"DEPI",NA,NA,11,1
"GB6-999",2,"canopy",0,20,"POSE",1,1,3,1
"GB6-999",2,"canopy",0,20,"ALAL3",NA,NA,8,1
"GB6-999",2,"canopy",0,20,"COPA3",NA,NA,10,1
"GB6-999",2,"canopy",0,20,"COPA3",NA,NA,8,1
"GB6-999",2,"canopy",0,20,"COPA3",NA,NA,8,1
"GB6-999",2,"canopy",0,20,"COPA3",NA,NA,8,1
"GB6-999",2,"canopy",0,20,"COPA3",NA,NA,8,1
"GB6-999",2,"canopy",0,20,"COPA3",NA,NA,8,1
"GB6-999",2,"canopy",0,20,"COPA3",NA,NA,8,1
"GB6-999",2,"canopy",0,20,"COPA3",NA,NA,8,1
"GB6-999",2,"canopy",0,20,"BRTE",NA,NA,24,1
"GB6-999",2,"canopy",0,20,"COPA3",NA,NA,12,1
"GB6-999",2,"canopy",0,20,"COPA3",NA,NA,12,1
"GB6-999",2,"canopy",0,20,"ALAL3",NA,NA,8,1
"GB6-999",2,"canopy",0,20,"COPA3",NA,NA,10,1
"GB6-999",2,"interspace",0,20,"BRTE",NA,NA,30,1
"GB6-999",2,"interspace",0,20,"POSE",5,3,5,1
"GB6-999",2,"interspace",0,20,"POSE",3,3,4,1
"GB6-999",2,"interspace",0,20,"ALAL3",NA,NA,10,1
"GB6-999",2,"interspace",0,20,"POSE",5,4,5,1
"GB6-999",2,"interspace",0,20,"ALAL3",NA,NA,6,1
"GB6-999",2,"interspace",0,20,"ALAL3",NA,NA,13,1
"GB6-999",2,"interspace",0,20,"BRTE",NA,NA,30,1
"GB6-999",2,"interspace",0,20,"BRTE",NA,NA,30,1
"GB6-999",2,"interspace",0,20,"BRTE",NA,NA,30,1
"GB6-999",2,"interspace",0,20,"BRTE",NA,NA,30,1
"GB6-999",2,"interspace",0,20,"BRTE",NA,NA,30,1
"GB6-999",2,"interspace",0,20,"BRTE",NA,NA,30,1
"GB6-999",2,"interspace",0,20,"BRTE",NA,NA,30,1
"GB6-999",2,"interspace",0,20,"BRTE",NA,NA,30,1
"GB6-999",2,"interspace",0,20,"ALAL3",NA,NA,6,1
"GB6-999",2,"interspace",0,20,"ALAL3",NA,NA,13,1
"GB6-999",2,"canopy",1,25,"BRTE",NA,NA,14,1
"GB6-999",2,"canopy",1,25,"BRTE",NA,NA,19,1
"GB6-999",2,"canopy",1,25,"COPA3",NA,NA,5,1
"GB6-999",2,"canopy",1,25,"COPA3",NA,NA,10,1
"GB6-999",2,"canopy",1,25,"MIGR",NA,NA,4,1
"GB6-999",2,"canopy",1,25,"BRTE",NA,NA,17,1
"GB6-999",2,"canopy",1,25,"PHLO2",3,2,4,1
"GB6-999",2,"canopy",1,25,"PHLO2",9,8,8,1
"GB6-999",2,"canopy",1,25,"BRTE",NA,NA,14,1
"GB6-999",2,"canopy",1,25,"BRTE",NA,NA,14,1
"GB6-999",2,"canopy",1,25,"COPA3",NA,NA,5,1
"GB6-999",2,"interspace",0,25,"BRTE",NA,NA,21,1
"GB6-999",2,"interspace",0,25,"COPA3",NA,NA,7,1
"GB6-999",2,"interspace",0,25,"ALAL3",NA,NA,6,1
"GB6-999",2,"interspace",0,25,"MIGR",NA,NA,5,1
"GB6-999",2,"interspace",0,25,"BRTE",NA,NA,7,1
"GB6-999",2,"interspace",0,25,"BRTE",NA,NA,23,1
"GB6-999",2,"interspace",0,25,"BRTE",NA,NA,16,1
"GB6-999",2,"interspace",0,25,"BRTE",NA,NA,21,1
"GB6-999",2,"interspace",0,25,"COPA3",NA,NA,7,1
"GB6-999",2,"interspace",0,25,"ALAL3",NA,NA,6,1
"GB6-999",2,"interspace",0,25,"BRTE",NA,NA,23,1
"GB6-999",2,"interspace",0,25,"BRTE",NA,NA,23,1
"GB6-999",3,"canopy",1,5,"BRTE",NA,NA,32,1
"GB6-999",3,"canopy",1,5,"BRTE",NA,NA,41,1
"GB6-999",3,"canopy",1,5,"PHLO2",3,2,5,1
"GB6-999",3,"canopy",1,5,"COPA3",NA,NA,15,1
"GB6-999",3,"canopy",1,5,"COPA3",NA,NA,13,1
"GB6-999",3,"canopy",1,5,"BRTE",NA,NA,17,1
"GB6-999",3,"canopy",1,5,"BRTE",NA,NA,18,1
"GB6-999",3,"canopy",1,5,"BRTE",NA,NA,30,1
"GB6-999",3,"canopy",1,5,"BRTE",NA,NA,15,1
"GB6-999",3,"canopy",1,5,"BRTE",NA,NA,37,1
"GB6-999",3,"canopy",1,5,"COPA3",NA,NA,10,1
"GB6-999",3,"canopy",1,5,"BRTE",NA,NA,59,1
"GB6-999",3,"canopy",1,5,"COPA3",NA,NA,15,1
"GB6-999",3,"canopy",1,5,"BRTE",NA,NA,30,1
"GB6-999",3,"canopy",1,5,"BRTE",NA,NA,37,1
"GB6-999",3,"canopy",1,5,"BRTE",NA,NA,37,1
"GB6-999",3,"canopy",1,5,"BRTE",NA,NA,37,1
"GB6-999",3,"canopy",1,5,"COPA3",NA,NA,10,1
"GB6-999",3,"interspace",0,5,"POSE",2,2,4,1
"GB6-999",3,"interspace",0,5,"ALAL3",NA,NA,7,1
"GB6-999",3,"interspace",0,5,"BRTE",NA,NA,24,1
"GB6-999",3,"interspace",0,5,"COPA3",NA,NA,12,1
"GB6-999",3,"interspace",0,5,"COPA3",NA,NA,9,1
"GB6-999",3,"interspace",0,5,"BRTE",NA,NA,26,1
"GB6-999",3,"interspace",0,5,"ALAL3",NA,NA,9,1
"GB6-999",3,"interspace",0,5,"BRTE",NA,NA,32,1
"GB6-999",3,"interspace",0,5,"COPA3",NA,NA,10,1
"GB6-999",3,"interspace",0,5,"BRTE",NA,NA,28,1
"GB6-999",3,"interspace",0,5,"BRTE",NA,NA,30,1
"GB6-999",3,"interspace",0,5,"POSE",2,2,3,1
"GB6-999",3,"interspace",0,5,"ALAL3",NA,NA,7,1
"GB6-999",3,"interspace",0,5,"ALAL3",NA,NA,9,1
"GB6-999",3,"interspace",0,5,"ALAL3",NA,NA,9,1
"GB6-999",3,"interspace",0,5,"COPA3",NA,NA,10,1
"GB6-999",3,"interspace",0,5,"COPA3",NA,NA,10,1
"GB6-999",3,"interspace",0,5,"BRTE",NA,NA,28,1
"GB6-999",3,"interspace",0,5,"BRTE",NA,NA,28,1
"GB6-999",3,"canopy",1,10,"COPA3",NA,NA,11,1
"GB6-999",3,"canopy",1,10,"BRTE",NA,NA,37,1
"GB6-999",3,"canopy",1,10,"COPA3",NA,NA,20,1
"GB6-999",3,"canopy",1,10,"BRTE",NA,NA,30,1
"GB6-999",3,"canopy",1,10,"BRTE",NA,NA,35,1
"GB6-999",3,"canopy",1,10,"ELEL5",2,2,25,1
"GB6-999",3,"canopy",1,10,"COPA3",NA,NA,11,1
"GB6-999",3,"canopy",1,10,"COPA3",NA,NA,11,1
"GB6-999",3,"canopy",1,10,"COPA3",NA,NA,20,1
"GB6-999",3,"canopy",1,10,"COPA3",NA,NA,20,1
"GB6-999",3,"canopy",1,10,"BRTE",NA,NA,30,1
"GB6-999",3,"canopy",1,10,"BRTE",NA,NA,30,1
"GB6-999",3,"canopy",1,10,"BRTE",NA,NA,30,1
"GB6-999",3,"canopy",1,10,"BRTE",NA,NA,35,1
"GB6-999",3,"interspace",1,10,"ELEL5",6,5,22,1
"GB6-999",3,"interspace",1,10,"COPA3",NA,NA,7,1
"GB6-999",3,"interspace",1,10,"BRTE",NA,NA,37,1
"GB6-999",3,"interspace",1,10,"BRTE",NA,NA,32,1
"GB6-999",3,"interspace",1,10,"COPA3",NA,NA,14,1
"GB6-999",3,"interspace",1,10,"COPA3",NA,NA,11,1
"GB6-999",3,"interspace",1,10,"ELEL5",4,3,23,1
"GB6-999",3,"interspace",1,10,"BRTE",NA,NA,38,1
"GB6-999",3,"interspace",1,10,"BRTE",NA,NA,32,1
"GB6-999",3,"interspace",1,10,"BRTE",NA,NA,32,1
"GB6-999",3,"interspace",1,10,"COPA3",NA,NA,11,1
"GB6-999",3,"interspace",1,10,"BRTE",NA,NA,38,1
"GB6-999",3,"interspace",1,10,"BRTE",NA,NA,38,1
"GB6-999",3,"interspace",1,10,"BRTE",NA,NA,38,1
"GB6-999",3,"interspace",1,10,"BRTE",NA,NA,38,1
"GB6-999",3,"interspace",1,10,"BRTE",NA,NA,38,1
"GB6-999",3,"interspace",1,10,"BRTE",NA,NA,38,1
"GB6-999",3,"interspace",1,10,"BRTE",NA,NA,38,1
"GB6-999",3,"interspace",1,10,"BRTE",NA,NA,38,1
"GB6-999",3,"interspace",1,10,"BRTE",NA,NA,38,1
"GB6-999",3,"canopy",1,15,"POSE",4,3,6,1
"GB6-999",3,"canopy",1,15,"COPA3",NA,NA,21,1
"GB6-999",3,"canopy",1,15,"COPA3",NA,NA,10,1
"GB6-999",3,"canopy",1,15,"BRTE",NA,NA,8,1
"GB6-999",3,"canopy",1,15,"COPA3",NA,NA,15,1
"GB6-999",3,"canopy",1,15,"COPA3",NA,NA,21,1
"GB6-999",3,"canopy",1,15,"COPA3",NA,NA,21,1
"GB6-999",3,"canopy",1,15,"COPA3",NA,NA,10,1
"GB6-999",3,"canopy",1,15,"COPA3",NA,NA,10,1
"GB6-999",3,"canopy",1,15,"BRTE",NA,NA,8,1
"GB6-999",3,"canopy",1,15,"COPA3",NA,NA,15,1
"GB6-999",3,"canopy",1,15,"COPA3",NA,NA,15,1
"GB6-999",3,"canopy",1,15,"COPA3",NA,NA,15,1
"GB6-999",3,"interspace",0,15,"COPA3",NA,NA,5,1
"GB6-999",3,"interspace",0,15,"POSE",1,1,6,1
"GB6-999",3,"interspace",0,15,"ALAL3",NA,NA,11,1
"GB6-999",3,"interspace",0,15,"ALAL3",NA,NA,10,1
"GB6-999",3,"interspace",1,15,"COPA3",NA,NA,7,1
"GB6-999",3,"interspace",0,15,"POSE",3,2,5,1
"GB6-999",3,"interspace",0,15,"LULE2",15,5,10,1
"GB6-999",3,"interspace",1,15,"LULE2",5,4,7,1
"GB6-999",3,"interspace",1,15,"POSE",1,1,5,1
"GB6-999",3,"interspace",1,15,"COPA3",NA,NA,10,1
"GB6-999",3,"interspace",0,15,"ALAL3",NA,NA,13,1
"GB6-999",3,"interspace",0,15,"POSE",1,1,6,1
"GB6-999",3,"interspace",1,15,"ALAL3",NA,NA,9,1
"GB6-999",3,"interspace",0,15,"COPA3",NA,NA,12,1
"GB6-999",3,"interspace",0,15,"POSE",1,1,6,1
"GB6-999",3,"interspace",0,15,"POSE",1,1,6,1
"GB6-999",3,"interspace",0,15,"POSE",1,1,6,1
"GB6-999",3,"interspace",0,15,"POSE",1,1,6,1
"GB6-999",3,"interspace",0,15,"POSE",1,1,6,1
"GB6-999",3,"canopy",1,20,"POSE",1,1,6,1
"GB6-999",3,"canopy",1,20,"POSE",5,3,9,1
"GB6-999",3,"canopy",1,20,"COPA3",NA,NA,11,1
"GB6-999",3,"canopy",1,20,"POSE",1,1,9,1
"GB6-999",3,"canopy",1,20,"ARSP",NA,NA,40,1
"GB6-999",3,"canopy",1,20,"POSE",4,3,7,1
"GB6-999",3,"canopy",1,20,"COPA3",NA,NA,11,1
"GB6-999",3,"canopy",1,20,"COPA3",NA,NA,11,1
"GB6-999",3,"interspace",1,20,"COPA3",NA,NA,12,1
"GB6-999",3,"interspace",1,20,"COPA3",NA,NA,8,1
"GB6-999",3,"interspace",1,20,"DEPI",NA,NA,21,1
"GB6-999",3,"interspace",1,20,"ELEL5",3,5,25,1
"GB6-999",3,"interspace",1,20,"ARSP",NA,NA,3,1
"GB6-999",3,"interspace",1,20,"COPA3",NA,NA,12,1
"GB6-999",3,"interspace",1,20,"ARSP",NA,NA,3,1
"GB6-999",3,"canopy",1,25,"POSE",1,1,6,1
"GB6-999",3,"canopy",1,25,"POSE",6,5,8,1
"GB6-999",3,"canopy",1,25,"POSE",4,3,10,1
"GB6-999",3,"canopy",1,25,"BRTE",NA,NA,24,1
"GB6-999",3,"canopy",1,25,"COPA3",NA,NA,7,1
"GB6-999",3,"canopy",1,25,"COPA3",NA,NA,7,1
"GB6-999",3,"interspace",1,25,"PHLO2",5,2,7,1
"GB6-999",3,"interspace",1,25,"COPA3",NA,NA,10,1
"GB6-999",3,"interspace",1,25,"BRTE",NA,NA,25,1
"GB6-999",3,"interspace",1,25,"COPA3",NA,NA,8,1
"GB6-999",3,"interspace",0,25,"ELEL5",1,1,20,1
"GB6-999",3,"interspace",1,25,"ELEL5",6,3,19,1
"GB6-999",3,"interspace",0,25,"ELEL5",2,1,20,1
"GB6-999",3,"interspace",1,25,"POSE",2,2,7,1
"GB6-999",3,"interspace",1,25,"POSE",2,1,8,1
"GB6-999",3,"interspace",1,25,"ELEL5",1,1,10,1
"GB6-999",3,"interspace",1,25,"BRTE",NA,NA,20,1
"GB6-999",3,"interspace",1,25,"COPA3",NA,NA,10,1
"GB6-999",3,"interspace",1,25,"COPA3",NA,NA,10,1
"GB6-999",3,"interspace",1,25,"COPA3",NA,NA,10,1
"GB6-999",3,"interspace",1,25,"COPA3",NA,NA,10,1
"GB6-999",3,"interspace",1,25,"COPA3",NA,NA,10,1
"GB6-999",3,"interspace",1,25,"COPA3",NA,NA,8,1
"GB6-999",3,"interspace",1,25,"COPA3",NA,NA,8,1
"GB7-002",1,"canopy",1,5,"ACTH7",3,3,19,1
"GB7-002",1,"canopy",1,5,"BRTE",NA,NA,13,1
"GB7-002",1,"canopy",1,5,"ELMU3",2,2,44,1
"GB7-002",1,"canopy",1,5,"BRTE",NA,NA,13,1
"GB7-002",1,"canopy",1,5,"BRTE",NA,NA,13,1
"GB7-002",1,"interspace",0,5,"GARA2",NA,NA,12,1
"GB7-002",1,"interspace",0,5,"LULE2",11,11,11,1
"GB7-002",1,"interspace",0,5,"MIGR",NA,NA,7,1
"GB7-002",1,"interspace",0,5,"BRTE",NA,NA,15,1
"GB7-002",1,"interspace",0,5,"GARA2",NA,NA,12,1
"GB7-002",1,"interspace",0,5,"GARA2",NA,NA,12,1
"GB7-002",1,"interspace",0,5,"GARA2",NA,NA,12,1
"GB7-002",1,"interspace",0,5,"BRTE",NA,NA,15,1
"GB7-002",1,"canopy",0.5,10,"ELEL5",12,3,26,1
"GB7-002",1,"canopy",1,10,"BRTE",NA,NA,15,1
"GB7-002",1,"canopy",1,10,"ELEL5",1,1,20,1
"GB7-002",1,"canopy",0,10,"BRTE",NA,NA,5,1
"GB7-002",1,"canopy",1,10,"BRTE",NA,NA,15,1
"GB7-002",1,"canopy",1,10,"BRTE",NA,NA,15,1
"GB7-002",1,"canopy",1,10,"BRTE",NA,NA,15,1
"GB7-002",1,"canopy",1,10,"BRTE",NA,NA,15,1
"GB7-002",1,"canopy",1,10,"BRTE",NA,NA,15,1
"GB7-002",1,"canopy",1,10,"BRTE",NA,NA,15,1
"GB7-002",1,"canopy",1,10,"BRTE",NA,NA,15,1
"GB7-002",1,"canopy",1,10,"BRTE",NA,NA,15,1
"GB7-002",1,"canopy",1,10,"BRTE",NA,NA,15,1
"GB7-002",1,"canopy",0,10,"BRTE",NA,NA,5,1
"GB7-002",1,"interspace",0.5,10,"BRTE",NA,NA,20,1
"GB7-002",1,"interspace",0.5,10,"FEID",16,13,22,1
"GB7-002",1,"interspace",0.5,10,"GARA2",NA,NA,10,1
"GB7-002",1,"interspace",0.5,10,"BRTE",NA,NA,15,1
"GB7-002",1,"interspace",1,10,"AGGL",6,6,13,1
"GB7-002",1,"interspace",0,10,"AGGL",6,3,11,1
"GB7-002",1,"interspace",0.5,10,"COPA3",NA,NA,16,1
"GB7-002",1,"interspace",0.5,10,"BRTE",NA,NA,20,1
"GB7-002",1,"interspace",0.5,10,"GARA2",NA,NA,10,1
"GB7-002",1,"interspace",0.5,10,"GARA2",NA,NA,10,1
"GB7-002",1,"interspace",0.5,10,"BRTE",NA,NA,15,1
"GB7-002",1,"interspace",0.5,10,"BRTE",NA,NA,15,1
"GB7-002",1,"interspace",0.5,10,"BRTE",NA,NA,15,1
"GB7-002",1,"interspace",0,10,"AGGL",6,3,11,1
"GB7-002",1,"interspace",0.5,10,"COPA3",NA,NA,16,1
"GB7-002",1,"canopy",1,15,"FEID",6,5,16,1
"GB7-002",1,"canopy",1,15,"MIGR",NA,NA,8,1
"GB7-002",1,"canopy",1,15,"FEID",5,3,12,1
"GB7-002",1,"interspace",0,15,"MIGR",NA,NA,6,1
"GB7-002",1,"interspace",0,15,"GARA2",NA,NA,8,1
"GB7-002",1,"interspace",0,15,"GARA2",NA,NA,8,1
"GB7-002",1,"interspace",0,15,"GARA2",NA,NA,8,1
"GB7-002",1,"interspace",0,15,"GARA2",NA,NA,8,1
"GB7-002",1,"canopy",1,20,"BRTE",NA,NA,15,1
"GB7-002",1,"canopy",1,20,"COPA3",NA,NA,16,1
"GB7-002",1,"canopy",1,20,"COPA3",NA,NA,16,1
"GB7-002",1,"interspace",0.5,20,"LATE6",NA,NA,9,1
"GB7-002",1,"interspace",0.5,20,"GARA2",NA,NA,10,1
"GB7-002",1,"interspace",0.5,20,"COPA3",NA,NA,16,1
"GB7-002",1,"interspace",0.5,20,"LATE6",NA,NA,9,1
"GB7-002",1,"interspace",0.5,20,"LATE6",NA,NA,9,1
"GB7-002",1,"interspace",0.5,20,"LATE6",NA,NA,9,1
"GB7-002",1,"interspace",0.5,20,"LATE6",NA,NA,9,1
"GB7-002",1,"interspace",0.5,20,"LATE6",NA,NA,9,1
"GB7-002",1,"interspace",0.5,20,"GARA2",NA,NA,10,1
"GB7-002",1,"interspace",0.5,20,"GARA2",NA,NA,10,1
"GB7-002",1,"interspace",0.5,20,"GARA2",NA,NA,10,1
"GB7-002",1,"interspace",0.5,20,"GARA2",NA,NA,10,1
"GB7-002",1,"interspace",0.5,20,"GARA2",NA,NA,10,1
"GB7-002",1,"interspace",0.5,20,"COPA3",NA,NA,16,1
"GB7-002",1,"canopy",1,25,"ARHO2",NA,NA,1,1
"GB7-002",1,"canopy",1,25,"ARHO2",NA,NA,4,1
"GB7-002",1,"canopy",1,25,"ARHO2",NA,NA,1,1
"GB7-002",1,"canopy",1,25,"ARHO2",NA,NA,1,1
"GB7-002",1,"interspace",1,25,"CRAC2",10,7,7,1
"GB7-002",2,"canopy",1,5,"BRTE",NA,NA,6,1
"GB7-002",2,"canopy",1,5,"BRTE",NA,NA,15,1
"GB7-002",2,"canopy",1,5,"COPA3",NA,NA,5,1
"GB7-002",2,"canopy",1,5,"ELEL5",1,1,25,1
"GB7-002",2,"canopy",1,5,"BRTE",NA,NA,6,1
"GB7-002",2,"canopy",1,5,"BRTE",NA,NA,6,1
"GB7-002",2,"canopy",1,5,"COPA3",NA,NA,5,1
"GB7-002",2,"interspace",0,5,"ACTH7",6,5,17,1
"GB7-002",2,"interspace",0,5,"ELEL5",6,3,30,1
"GB7-002",2,"interspace",0,5,"ELEL5",5,4,18,1
"GB7-002",2,"interspace",0,5,"BRTE",NA,NA,13,1
"GB7-002",2,"interspace",0,5,"POCU3",7,6,12,1
"GB7-002",2,"interspace",0,5,"COPA3",NA,NA,11,1
"GB7-002",2,"interspace",0,5,"BRTE",NA,NA,13,1
"GB7-002",2,"interspace",0,5,"BRTE",NA,NA,13,1
"GB7-002",2,"canopy",0,10,"MIGR",NA,NA,4,1
"GB7-002",2,"canopy",0,10,"COPA3",NA,NA,7,1
"GB7-002",2,"canopy",0.5,10,"BRTE",NA,NA,13,1
"GB7-002",2,"canopy",0.5,10,"BRTE",NA,NA,13,1
"GB7-002",2,"canopy",0.5,10,"BRTE",NA,NA,13,1
"GB7-002",2,"canopy",0.5,10,"BRTE",NA,NA,13,1
"GB7-002",2,"canopy",0.5,10,"BRTE",NA,NA,13,1
"GB7-002",2,"canopy",0.5,10,"BRTE",NA,NA,13,1
"GB7-002",2,"interspace",0,10,"COPA3",NA,NA,14,1
"GB7-002",2,"interspace",0,10,"FEID",5,3,15,1
"GB7-002",2,"interspace",0,10,"ERUM",19,17,16,1
"GB7-002",2,"interspace",0,10,"GARA2",NA,NA,6,1
"GB7-002",2,"interspace",0,10,"GARA2",NA,NA,6,1
"GB7-002",2,"interspace",0,10,"GARA2",NA,NA,6,1
"GB7-002",2,"interspace",0,10,"GARA2",NA,NA,6,1
"GB7-002",2,"canopy",1,15,"MIGR",NA,NA,3,1
"GB7-002",2,"canopy",1,15,"FEID",3,3,11,1
"GB7-002",2,"interspace",0,15,"BRTE",NA,NA,12,1
"GB7-002",2,"interspace",0,15,"COPA3",NA,NA,6,1
"GB7-002",2,"interspace",0,15,"GARA2",NA,NA,9,1
"GB7-002",2,"interspace",0,15,"LATE6",NA,NA,4,1
"GB7-002",2,"interspace",0,15,"MIGR",NA,NA,5,1
"GB7-002",2,"interspace",0,15,"BRTE",NA,NA,12,1
"GB7-002",2,"interspace",0,15,"BRTE",NA,NA,12,1
"GB7-002",2,"interspace",0,15,"COPA3",NA,NA,6,1
"GB7-002",2,"interspace",0,15,"COPA3",NA,NA,6,1
"GB7-002",2,"interspace",0,15,"COPA3",NA,NA,6,1
"GB7-002",2,"interspace",0,15,"GARA2",NA,NA,9,1
"GB7-002",2,"interspace",0,15,"GARA2",NA,NA,9,1
"GB7-002",2,"interspace",0,15,"GARA2",NA,NA,9,1
"GB7-002",2,"interspace",0,15,"MIGR",NA,NA,5,1
"GB7-002",2,"canopy",1,20,"BRTE",NA,NA,13,1
"GB7-002",2,"canopy",1,20,"BRTE",NA,NA,28,1
"GB7-002",2,"canopy",1,20,"LOFO",16,5,22,1
"GB7-002",2,"canopy",1,20,"BRTE",NA,NA,13,1
"GB7-002",2,"canopy",1,20,"BRTE",NA,NA,13,1
"GB7-002",2,"interspace",0,20,"FEID",1,1,5,1
"GB7-002",2,"interspace",0,20,"COPA3",NA,NA,9,1
"GB7-002",2,"interspace",0,20,"BRTE",NA,NA,15,1
"GB7-002",2,"interspace",0,20,"GARA2",NA,NA,7,1
"GB7-002",2,"interspace",0,20,"COPA3",NA,NA,9,1
"GB7-002",2,"interspace",0,20,"COPA3",NA,NA,9,1
"GB7-002",2,"interspace",0,20,"COPA3",NA,NA,9,1
"GB7-002",2,"interspace",0,20,"BRTE",NA,NA,15,1
"GB7-002",2,"interspace",0,20,"GARA2",NA,NA,7,1
"GB7-002",2,"interspace",0,20,"GARA2",NA,NA,7,1
"GB7-002",2,"interspace",0,20,"GARA2",NA,NA,7,1
"GB7-002",2,"canopy",1,25,"LOFO",4,10,16,1
"GB7-002",2,"canopy",1,25,"COPA3",NA,NA,4,1
"GB7-002",2,"canopy",1,25,"BRTE",NA,NA,15,1
"GB7-002",2,"canopy",1,25,"BRTE",NA,NA,15,1
"GB7-002",2,"interspace",1,25,"AGGL",10,10,11,1
"GB7-002",2,"interspace",1,25,"COPA3",NA,NA,3,1
"GB7-002",2,"interspace",1,25,"BRTE",NA,NA,22,1
"GB7-002",2,"interspace",1,25,"LOFO",5,3,3,1
"GB7-002",2,"interspace",1,25,"BRTE",NA,NA,13,1
"GB7-002",2,"interspace",1,25,"LEHA11",NA,NA,5,1
"GB7-002",2,"interspace",1,25,"BRTE",NA,NA,13,1
"GB7-002",2,"interspace",1,25,"BRTE",NA,NA,13,1
"GB7-002",2,"interspace",1,25,"BRTE",NA,NA,13,1
"GB7-002",2,"interspace",1,25,"BRTE",NA,NA,13,1
"GB7-002",3,"canopy",1,5,"AGGL",20,9,15,1
"GB7-002",3,"canopy",1,5,"AGGL",15,8,19,1
"GB7-002",3,"canopy",1,5,"ELEL5",15,9,22,1
"GB7-002",3,"canopy",1,5,"BRTE",NA,NA,39,1
"GB7-002",3,"canopy",1,5,"COPA3",NA,NA,15,1
"GB7-002",3,"canopy",1,5,"BRTE",NA,NA,30,1
"GB7-002",3,"canopy",1,5,"AGGL",7,6,11,1
"GB7-002",3,"canopy",1,5,"COPA3",NA,NA,15,1
"GB7-002",3,"canopy",1,5,"COPA3",NA,NA,15,1
"GB7-002",3,"canopy",1,5,"COPA3",NA,NA,15,1
"GB7-002",3,"canopy",1,5,"BRTE",NA,NA,30,1
"GB7-002",3,"canopy",1,5,"BRTE",NA,NA,30,1
"GB7-002",3,"interspace",0,5,"GARA2",NA,NA,8,1
"GB7-002",3,"interspace",0,5,"AGGL",11,5,12,1
"GB7-002",3,"interspace",0,5,"AGGL",2,2,7,1
"GB7-002",3,"interspace",0,5,"COPA3",NA,NA,10,1
"GB7-002",3,"interspace",1,5,"BRTE",NA,NA,15,1
"GB7-002",3,"interspace",0,5,"GARA2",NA,NA,8,1
"GB7-002",3,"interspace",0,5,"GARA2",NA,NA,8,1
"GB7-002",3,"interspace",0,5,"GARA2",NA,NA,8,1
"GB7-002",3,"interspace",0,5,"COPA3",NA,NA,10,1
"GB7-002",3,"interspace",0,5,"COPA3",NA,NA,10,1
"GB7-002",3,"interspace",0,5,"COPA3",NA,NA,10,1
"GB7-002",3,"interspace",0,5,"COPA3",NA,NA,10,1
"GB7-002",3,"interspace",0,5,"COPA3",NA,NA,10,1
"GB7-002",3,"interspace",0,5,"COPA3",NA,NA,10,1
"GB7-002",3,"interspace",0,5,"COPA3",NA,NA,10,1
"GB7-002",3,"interspace",0,5,"COPA3",NA,NA,10,1
"GB7-002",3,"interspace",1,5,"BRTE",NA,NA,15,1
"GB7-002",3,"interspace",1,5,"BRTE",NA,NA,15,1
"GB7-002",3,"canopy",1,10,"FEID",3,2,21,1
"GB7-002",3,"canopy",1,10,"FEID",3,2,18,1
"GB7-002",3,"canopy",1,10,"MIGR",NA,NA,7,1
"GB7-002",3,"canopy",1,10,"LOFO",6,4,10,1
"GB7-002",3,"canopy",1,10,"BRTE",NA,NA,9,1
"GB7-002",3,"canopy",1,10,"FEID",12,7,17,1
"GB7-002",3,"canopy",1,10,"MIGR",NA,NA,4,1
"GB7-002",3,"canopy",1,10,"POCU3",3,1,12,1
"GB7-002",3,"canopy",1,10,"BRTE",NA,NA,9,1
"GB7-002",3,"interspace",0.5,10,"FEID",4,3,22,1
"GB7-002",3,"interspace",1,10,"POCU3",1,1,15,1
"GB7-002",3,"interspace",1,10,"FEID",5,4,18,1
"GB7-002",3,"interspace",1,10,"FEID",3,2,17,1
"GB7-002",3,"interspace",0.5,10,"FEID",2,2,19,1
"GB7-002",3,"interspace",1,10,"POCU3",1,1,15,1
"GB7-002",3,"canopy",1,15,"FEID",7,5,20,1
"GB7-002",3,"canopy",1,15,"BRTE",NA,NA,13,1
"GB7-002",3,"canopy",1,15,"BRTE",NA,NA,13,1
"GB7-002",3,"canopy",1,15,"BRTE",NA,NA,13,1
"GB7-002",3,"canopy",1,15,"BRTE",NA,NA,13,1
"GB7-002",3,"canopy",1,15,"BRTE",NA,NA,13,1
"GB7-002",3,"interspace",1,15,"FEID",11,6,19,1
"GB7-002",3,"interspace",1,15,"MIGR",NA,NA,4,1
"GB7-002",3,"interspace",1,15,"COPA3",NA,NA,10,1
"GB7-002",3,"interspace",1,15,"LULE2",5,3,7,1
"GB7-002",3,"interspace",1,15,"COPA3",NA,NA,10,1
"GB7-002",3,"interspace",1,15,"COPA3",NA,NA,10,1
"GB7-002",3,"interspace",1,15,"COPA3",NA,NA,10,1
"GB7-002",3,"canopy",0,20,"BASA3",72,52,43,1
"GB7-002",3,"canopy",0,20,"BRTE",NA,NA,30,1
"GB7-002",3,"canopy",0,20,"BRTE",NA,NA,28,1
"GB7-002",3,"canopy",0,20,"BRTE",NA,NA,30,1
"GB7-002",3,"canopy",0,20,"BRTE",NA,NA,28,1
"GB7-002",3,"canopy",0,20,"BRTE",NA,NA,28,1
"GB7-002",3,"canopy",0,20,"BRTE",NA,NA,28,1
"GB7-002",3,"interspace",1,20,"GARA2",NA,NA,8,1
"GB7-002",3,"interspace",1,20,"ERSI2",NA,NA,7,1
"GB7-002",3,"interspace",1,20,"BRTE",NA,NA,10,1
"GB7-002",3,"interspace",1,20,"ERSI2",NA,NA,5,1
"GB7-002",3,"interspace",1,20,"BRTE",NA,NA,18,1
"GB7-002",3,"canopy",1,25,"COPA3",NA,NA,5,1
"GB7-002",3,"canopy",1,25,"BRTE",NA,NA,23,1
"GB7-002",3,"canopy",1,25,"BRTE",NA,NA,23,1
"GB7-002",3,"canopy",1,25,"BRTE",NA,NA,23,1
"GB7-002",3,"interspace",0,25,"POSE",1,1,4,1
"GB7-002",3,"interspace",0,25,"POSE",2,1,6,1
"GB7-002",3,"interspace",0,25,"ELMU3",11,9,16,1
"GB7-002",3,"interspace",0,25,"POSE",1,1,4,1
"GP3-008",1,"canopy",1,5,"NO PLANTS",NA,NA,NA,0
"GP3-008",1,"interspace",0,5,"BOGR2",5,2,3,1
"GP3-008",1,"interspace",0,5,"BOGR2",2,1,2,1
"GP3-008",1,"canopy",1,10,"POSE",1,1,5,1
"GP3-008",1,"canopy",1,10,"POSE",2,2,5,1
"GP3-008",1,"canopy",0.5,10,"POSE",3,3,7,1
"GP3-008",1,"interspace",0,10,"BOGR2",22,14,4,1
"GP3-008",1,"interspace",0,10,"BOGR2",1,1,1,1
"GP3-008",1,"interspace",0,10,"BOGR2",4,3,3,1
"GP3-008",1,"canopy",1,15,"ELLA3",NA,NA,17,1
"GP3-008",1,"canopy",1,15,"ELLA3",NA,NA,17,1
"GP3-008",1,"canopy",1,15,"ELLA3",NA,NA,17,1
"GP3-008",1,"canopy",1,15,"ELLA3",NA,NA,17,1
"GP3-008",1,"canopy",1,15,"ELLA3",NA,NA,17,1
"GP3-008",1,"canopy",1,15,"ELLA3",NA,NA,17,1
"GP3-008",1,"canopy",1,15,"ELLA3",NA,NA,17,1
"GP3-008",1,"interspace",0,15,"ELLA3",NA,NA,17,1
"GP3-008",1,"interspace",0,15,"ELLA3",NA,NA,17,1
"GP3-008",1,"interspace",0,15,"ELLA3",NA,NA,17,1
"GP3-008",1,"interspace",0,15,"ELLA3",NA,NA,17,1
"GP3-008",1,"interspace",0,15,"ELLA3",NA,NA,17,1
"GP3-008",1,"canopy",1,20,"ELLA3",NA,NA,14,1
"GP3-008",1,"canopy",1,20,"POSE",3,3,10,1
"GP3-008",1,"canopy",1,20,"ELLA3",NA,NA,14,1
"GP3-008",1,"canopy",1,20,"ELLA3",NA,NA,14,1
"GP3-008",1,"canopy",1,20,"ELLA3",NA,NA,14,1
"GP3-008",1,"canopy",1,20,"ELLA3",NA,NA,14,1
"GP3-008",1,"canopy",1,20,"ELLA3",NA,NA,14,1
"GP3-008",1,"canopy",1,20,"ELLA3",NA,NA,14,1
"GP3-008",1,"canopy",1,20,"ELLA3",NA,NA,14,1
"GP3-008",1,"interspace",0,20,"ELLA3",NA,NA,15,1
"GP3-008",1,"interspace",0,20,"BOGR2",6,4,3,1
"GP3-008",1,"interspace",0,20,"ELLA3",NA,NA,15,1
"GP3-008",1,"interspace",0,20,"ELLA3",NA,NA,15,1
"GP3-008",1,"interspace",0,20,"ELLA3",NA,NA,15,1
"GP3-008",1,"interspace",0,20,"ELLA3",NA,NA,15,1
"GP3-008",1,"canopy",1,25,"ELLA3",NA,NA,20,1
"GP3-008",1,"canopy",1,25,"ELLA3",NA,NA,20,1
"GP3-008",1,"canopy",1,25,"ELLA3",NA,NA,20,1
"GP3-008",1,"canopy",1,25,"ELLA3",NA,NA,20,1
"GP3-008",1,"canopy",1,25,"ELLA3",NA,NA,20,1
"GP3-008",1,"canopy",1,25,"ELLA3",NA,NA,20,1
"GP3-008",1,"interspace",0,25,"ELLA3",NA,NA,17,1
"GP3-008",1,"interspace",0,25,"ELLA3",NA,NA,17,1
"GP3-008",2,"canopy",1,5,"ACHY",4,3,17,1
"GP3-008",2,"interspace",0,5,"BOGR2",5,2,3,1
"GP3-008",2,"interspace",0,5,"BOGR2",2,2,3,1
"GP3-008",2,"interspace",0,5,"BOGR2",10,5,3,1
"GP3-008",2,"interspace",0,5,"BOGR2",5,4,3,1
"GP3-008",2,"interspace",0,5,"BOGR2",8,4,3,1
"GP3-008",2,"interspace",0,5,"BOGR2",3,3,2,1
"GP3-008",2,"interspace",0,5,"BOGR2",2,2,2,1
"GP3-008",2,"interspace",0,5,"BOGR2",1,1,1,1
"GP3-008",2,"interspace",0,5,"BOGR2",11,8,3,1
"GP3-008",2,"interspace",0,5,"BOGR2",1,1,1,1
"GP3-008",2,"interspace",0,5,"BOGR2",8,3,3,1
"GP3-008",2,"canopy",1,10,"POSE",1,1,5,1
"GP3-008",2,"canopy",1,10,"POSE",3,3,8,1
"GP3-008",2,"canopy",0,10,"TOIN",4,3,2,1
"GP3-008",2,"interspace",0,10,"ELLA3",NA,NA,14,1
"GP3-008",2,"interspace",0,10,"ELLA3",NA,NA,14,1
"GP3-008",2,"interspace",0,10,"ELLA3",NA,NA,14,1
"GP3-008",2,"canopy",1,15,"NO PLANTS",NA,NA,NA,0
"GP3-008",2,"interspace",0,15,"BOGR2",5,3,4,1
"GP3-008",2,"canopy",1,20,"ELLA3",NA,NA,20,1
"GP3-008",2,"canopy",0.5,20,"CAFI",11,4,16,1
"GP3-008",2,"canopy",0,20,"CAFI",5,3,13,1
"GP3-008",2,"canopy",0,20,"CAFI",7,5,8,1
"GP3-008",2,"canopy",1,20,"ELLA3",NA,NA,20,1
"GP3-008",2,"canopy",1,20,"ELLA3",NA,NA,20,1
"GP3-008",2,"interspace",0,20,"BOGR2",7,3,3,1
"GP3-008",2,"canopy",1,25,"ELLA3",NA,NA,10,1
"GP3-008",2,"canopy",1,25,"ASOR2",1,1,3,1
"GP3-008",2,"canopy",1,25,"ELLA3",NA,NA,10,1
"GP3-008",2,"interspace",0,25,"ASOR2",1,1,7,1
"GP3-008",2,"interspace",0,25,"ELLA3",NA,NA,20,1
"GP3-008",2,"interspace",0,25,"BOGR2",4,2,3,1
"GP3-008",2,"interspace",0,25,"BOGR2",1,1,2,1
"GP3-008",2,"interspace",0,25,"BOGR2",30,10,9,1
"GP3-008",3,"canopy",1,5,"NO PLANTS",NA,NA,NA,0
"GP3-008",3,"interspace",0,5,"CAFI",8,3,11,1
"GP3-008",3,"interspace",0,5,"CAFI",8,4,11,1
"GP3-008",3,"interspace",0,5,"CAFI",2,1,11,1
"GP3-008",3,"interspace",0,5,"CAFI",1,1,11,1
"GP3-008",3,"interspace",0,5,"CAFI",8,4,10,1
"GP3-008",3,"interspace",0,5,"CAFI",1,1,10,1
"GP3-008",3,"interspace",0,5,"CAFI",2,1,11,1
"GP3-008",3,"interspace",0,5,"CAFI",4,3,13,1
"GP3-008",3,"interspace",0,5,"CAFI",2,1,13,1
"GP3-008",3,"interspace",0,5,"BOGR2",14,9,4,1
"GP3-008",3,"canopy",0,10,"ELLA3",NA,NA,15,1
"GP3-008",3,"canopy",1,10,"ELLA3",NA,NA,15,1
"GP3-008",3,"canopy",1,10,"ELLA3",NA,NA,15,1
"GP3-008",3,"interspace",0,10,"ELLA3",NA,NA,17,1
"GP3-008",3,"interspace",0,10,"ASOR2",2,2,3,1
"GP3-008",3,"interspace",0,10,"ASOR2",1,1,5,1
"GP3-008",3,"interspace",0,10,"ASOR2",1,1,3,1
"GP3-008",3,"interspace",0,10,"ELLA3",NA,NA,17,1
"GP3-008",3,"interspace",0,10,"ELLA3",NA,NA,17,1
"GP3-008",3,"interspace",0,10,"ELLA3",NA,NA,17,1
"GP3-008",3,"interspace",0,10,"ELLA3",NA,NA,17,1
"GP3-008",3,"interspace",0,10,"ELLA3",NA,NA,17,1
"GP3-008",3,"interspace",0,10,"ELLA3",NA,NA,17,1
"GP3-008",3,"interspace",0,10,"ELLA3",NA,NA,17,1
"GP3-008",3,"interspace",0,10,"ELLA3",NA,NA,17,1
"GP3-008",3,"interspace",0,10,"ELLA3",NA,NA,17,1
"GP3-008",3,"canopy",0,15,"HECO26",5,2,10,1
"GP3-008",3,"canopy",0.5,15,"HECO26",5,5,12,1
"GP3-008",3,"canopy",1,15,"CAFI",1,1,8,1
"GP3-008",3,"canopy",1,15,"CAFI",3,2,10,1
"GP3-008",3,"interspace",0,15,"BOGR2",1,1,3,1
"GP3-008",3,"interspace",0,15,"BOGR2",12,9,4,1
"GP3-008",3,"canopy",1,20,"NO PLANTS",NA,NA,NA,0
"GP3-008",3,"interspace",0,20,"BOGR2",3,2,3,1
"GP3-008",3,"interspace",0,20,"BOGR2",2,2,3,1
"GP3-008",3,"interspace",0,20,"BOGR2",12,5,3,1
"GP3-008",3,"canopy",0.5,25,"BOGR2",4,2,3,1
"GP3-008",3,"canopy",1,25,"BOGR2",1,1,3,1
"GP3-008",3,"interspace",0,25,"BOGR2",11,7,3,1
"GP3-008",3,"interspace",0,25,"BOGR2",5,2,3,1
"GP3-997",1,"canopy",1,5,"TALA2",2,2,3,1
"GP3-997",1,"canopy",1,5,"TALA2",9,5,3,1
"GP3-997",1,"interspace",0,5,"TALA2",4,2,2,1
"GP3-997",1,"interspace",1,5,"TALA2",1,1,2,1
"GP3-997",1,"interspace",1,5,"TALA2",3,2,2,1
"GP3-997",1,"interspace",0,5,"SEDE2",12,5,1,1
"GP3-997",1,"interspace",0,5,"BRAR5",NA,NA,3,1
"GP3-997",1,"interspace",0,5,"ELLA3",NA,NA,19,1
"GP3-997",1,"interspace",0,5,"TALA2",3,2,2,1
"GP3-997",1,"interspace",0,5,"CADU6",NA,NA,3,1
"GP3-997",1,"interspace",1,5,"ELLA3",NA,NA,17,1
"GP3-997",1,"interspace",0,5,"TALA2",4,3,2,1
"GP3-997",1,"interspace",0,5,"ELLA3",NA,NA,26,1
"GP3-997",1,"interspace",0,5,"BOGR2",1,1,8,1
"GP3-997",1,"interspace",0.5,5,"TALA2",2,2,3,1
"GP3-997",1,"interspace",1,5,"CADU6",NA,NA,5,1
"GP3-997",1,"interspace",0,5,"TALA2",2,2,3,1
"GP3-997",1,"interspace",0,5,"CADU6",NA,NA,7,1
"GP3-997",1,"interspace",0,5,"ELLA3",NA,NA,19,1
"GP3-997",1,"interspace",0,5,"ELLA3",NA,NA,19,1
"GP3-997",1,"canopy",1,10,"CADU6",NA,NA,8,1
"GP3-997",1,"canopy",1,10,"TALA2",2,1,1,1
"GP3-997",1,"canopy",0,10,"SEDE2",17,3,2,1
"GP3-997",1,"canopy",0.5,10,"ELLA3",NA,NA,18,1
"GP3-997",1,"canopy",1,10,"SEDE2",11,8,2,1
"GP3-997",1,"canopy",1,10,"TALA2",3,2,2,1
"GP3-997",1,"canopy",0,10,"SEDE2",7,4,1,1
"GP3-997",1,"canopy",1,10,"CADU6",NA,NA,8,1
"GP3-997",1,"canopy",1,10,"CADU6",NA,NA,8,1
"GP3-997",1,"interspace",0,10,"SEDE2",26,20,2,1
"GP3-997",1,"interspace",0,10,"SEDE2",4,2,1,1
"GP3-997",1,"interspace",0,10,"ELLA3",NA,NA,12,1
"GP3-997",1,"interspace",0,10,"ELLA3",NA,NA,20,1
"GP3-997",1,"interspace",0,10,"ELLA3",NA,NA,20,1
"GP3-997",1,"interspace",0,10,"ELLA3",NA,NA,20,1
"GP3-997",1,"interspace",0,10,"ELLA3",NA,NA,20,1
"GP3-997",1,"canopy",1,15,"ELLA3",NA,NA,20,1
"GP3-997",1,"canopy",1,15,"ELLA3",NA,NA,33,1
"GP3-997",1,"canopy",1,15,"SEDE2",7,7,2,1
"GP3-997",1,"canopy",1,15,"ELLA3",NA,NA,20,1
"GP3-997",1,"interspace",1,15,"TALA2",1,1,1,1
"GP3-997",1,"interspace",1,15,"ELLA3",NA,NA,7,1
"GP3-997",1,"interspace",1,15,"ELLA3",NA,NA,34,1
"GP3-997",1,"interspace",1,15,"ELLA3",NA,NA,34,1
"GP3-997",1,"interspace",1,15,"ELLA3",NA,NA,34,1
"GP3-997",1,"canopy",1,20,"BRAR5",NA,NA,12,1
"GP3-997",1,"canopy",1,20,"BRAR5",NA,NA,12,1
"GP3-997",1,"canopy",1,20,"BRAR5",NA,NA,12,1
"GP3-997",1,"interspace",0,20,"ELLA3",NA,NA,10,1
"GP3-997",1,"interspace",0,20,"ELLA3",NA,NA,25,1
"GP3-997",1,"interspace",0,20,"TALA2",5,4,1,1
"GP3-997",1,"interspace",0,20,"CADU6",NA,NA,8,1
"GP3-997",1,"interspace",0,20,"CADU6",NA,NA,4,1
"GP3-997",1,"interspace",0,20,"SEDE2",21,20,1,1
"GP3-997",1,"interspace",0,20,"ELLA3",NA,NA,17,1
"GP3-997",1,"interspace",0,20,"TALA2",5,2,1,1
"GP3-997",1,"interspace",0,20,"SEDE2",8,6,1,1
"GP3-997",1,"interspace",0,20,"CADU6",NA,NA,4,1
"GP3-997",1,"interspace",0,20,"CADU6",NA,NA,4,1
"GP3-997",1,"interspace",0,20,"CADU6",NA,NA,4,1
"GP3-997",1,"interspace",0,20,"CADU6",NA,NA,4,1
"GP3-997",1,"interspace",0,20,"CADU6",NA,NA,4,1
"GP3-997",1,"interspace",0,20,"CADU6",NA,NA,4,1
"GP3-997",1,"interspace",0,20,"CADU6",NA,NA,4,1
"GP3-997",1,"interspace",0,20,"ELLA3",NA,NA,17,1
"GP3-997",1,"interspace",0,20,"ELLA3",NA,NA,17,1
"GP3-997",1,"interspace",0,20,"ELLA3",NA,NA,17,1
"GP3-997",1,"interspace",0,20,"ELLA3",NA,NA,17,1
"GP3-997",1,"interspace",0,20,"ELLA3",NA,NA,17,1
"GP3-997",1,"interspace",0,20,"ELLA3",NA,NA,17,1
"GP3-997",1,"canopy",1,25,"CADU6",NA,NA,6,1
"GP3-997",1,"canopy",1,25,"ELLA3",NA,NA,15,1
"GP3-997",1,"canopy",1,25,"ELLA3",NA,NA,32,1
"GP3-997",1,"canopy",1,25,"SEDE2",30,11,2,1
"GP3-997",1,"canopy",1,25,"TALA2",2,1,2,1
"GP3-997",1,"canopy",1,25,"CADU6",NA,NA,6,1
"GP3-997",1,"canopy",1,25,"CADU6",NA,NA,6,1
"GP3-997",1,"canopy",1,25,"ELLA3",NA,NA,15,1
"GP3-997",1,"canopy",1,25,"ELLA3",NA,NA,32,1
"GP3-997",1,"interspace",0,25,"KOMA",2,1,6,1
"GP3-997",1,"interspace",0,25,"CADU6",NA,NA,4,1
"GP3-997",1,"interspace",0,25,"CADU6",NA,NA,9,1
"GP3-997",1,"interspace",0,25,"SEDE2",30,20,2,1
"GP3-997",1,"interspace",0,25,"ELLA3",NA,NA,16,1
"GP3-997",1,"interspace",0,25,"ELLA3",NA,NA,119,1
"GP3-997",1,"interspace",0,25,"ELLA3",NA,NA,22,1
"GP3-997",1,"interspace",0,25,"CADU6",NA,NA,4,1
"GP3-997",1,"interspace",0,25,"CADU6",NA,NA,4,1
"GP3-997",1,"interspace",0,25,"CADU6",NA,NA,4,1
"GP3-997",1,"interspace",0,25,"CADU6",NA,NA,9,1
"GP3-997",1,"interspace",0,25,"ELLA3",NA,NA,16,1
"GP3-997",1,"interspace",0,25,"ELLA3",NA,NA,16,1
"GP3-997",1,"interspace",0,25,"ELLA3",NA,NA,16,1
"GP3-997",1,"interspace",0,25,"ELLA3",NA,NA,119,1
"GP3-997",1,"interspace",0,25,"ELLA3",NA,NA,22,1
"GP3-997",2,"canopy",0,5,"ELLA3",NA,NA,11,1
"GP3-997",2,"canopy",0,5,"ELLA3",NA,NA,10,1
"GP3-997",2,"canopy",0,5,"SEDE2",15,10,1,1
"GP3-997",2,"canopy",0,5,"SEDE2",19,17,1,1
"GP3-997",2,"canopy",0,5,"ELLA3",NA,NA,11,1
"GP3-997",2,"interspace",0,5,"SEDE2",30,20,1,1
"GP3-997",2,"interspace",0,5,"ELLA3",NA,NA,15,1
"GP3-997",2,"interspace",0,5,"CADU6",NA,NA,4,1
"GP3-997",2,"interspace",0,5,"ELLA3",NA,NA,15,1
"GP3-997",2,"interspace",0,5,"ELLA3",NA,NA,15,1
"GP3-997",2,"interspace",0,5,"ELLA3",NA,NA,15,1
"GP3-997",2,"interspace",0,5,"ELLA3",NA,NA,15,1
"GP3-997",2,"interspace",0,5,"ELLA3",NA,NA,15,1
"GP3-997",2,"interspace",0,5,"ELLA3",NA,NA,15,1
"GP3-997",2,"interspace",0,5,"ELLA3",NA,NA,15,1
"GP3-997",2,"interspace",0,5,"ELLA3",NA,NA,15,1
"GP3-997",2,"canopy",0.5,10,"TALA2",3,2,3,1
"GP3-997",2,"canopy",1,10,"ELLA3",NA,NA,15,1
"GP3-997",2,"canopy",0.5,10,"ELLA3",NA,NA,28,1
"GP3-997",2,"canopy",0.5,10,"ELLA3",NA,NA,20,1
"GP3-997",2,"canopy",0.5,10,"SEDE2",10,8,1,1
"GP3-997",2,"canopy",1,10,"ELLA3",NA,NA,24,1
"GP3-997",2,"canopy",0,10,"SEDE2",6,5,1,1
"GP3-997",2,"canopy",0.5,10,"ELLA3",NA,NA,20,1
"GP3-997",2,"canopy",0.5,10,"ELLA3",NA,NA,20,1
"GP3-997",2,"canopy",0.5,10,"ELLA3",NA,NA,20,1
"GP3-997",2,"canopy",1,10,"ELLA3",NA,NA,24,1
"GP3-997",2,"canopy",1,10,"ELLA3",NA,NA,24,1
"GP3-997",2,"interspace",0,10,"SEDE2",30,16,1,1
"GP3-997",2,"interspace",0,10,"BOGR2",7,7,8,1
"GP3-997",2,"interspace",0,10,"ELLA3",NA,NA,21,1
"GP3-997",2,"interspace",0,10,"BOGR2",7,4,8,1
"GP3-997",2,"interspace",0,10,"ELLA3",NA,NA,12,1
"GP3-997",2,"interspace",0,10,"SEDE2",11,9,1,1
"GP3-997",2,"interspace",0,10,"ELLA3",NA,NA,13,1
"GP3-997",2,"interspace",0,10,"CADU6",NA,NA,6,1
"GP3-997",2,"interspace",0,10,"ELLA3",NA,NA,21,1
"GP3-997",2,"interspace",0,10,"ELLA3",NA,NA,21,1
"GP3-997",2,"interspace",0,10,"ELLA3",NA,NA,13,1
"GP3-997",2,"canopy",0,15,"ELLA3",NA,NA,12,1
"GP3-997",2,"canopy",0,15,"ELLA3",NA,NA,5,1
"GP3-997",2,"canopy",0,15,"TALA2",2,1,3,1
"GP3-997",2,"canopy",0,15,"ELLA3",NA,NA,14,1
"GP3-997",2,"canopy",0.5,15,"SEDE2",8,7,1,1
"GP3-997",2,"canopy",0,15,"SEDE2",27,17,1,1
"GP3-997",2,"canopy",0,15,"ELLA3",NA,NA,18,1
"GP3-997",2,"canopy",0,15,"ELLA3",NA,NA,12,1
"GP3-997",2,"canopy",0,15,"ELLA3",NA,NA,12,1
"GP3-997",2,"canopy",0,15,"ELLA3",NA,NA,18,1
"GP3-997",2,"interspace",0,15,"TALA2",3,3,5,1
"GP3-997",2,"interspace",0,15,"ELLA3",NA,NA,11,1
"GP3-997",2,"interspace",0,15,"SEDE2",30,20,1,1
"GP3-997",2,"interspace",0,15,"ELLA3",NA,NA,19,1
"GP3-997",2,"interspace",0,15,"TALA2",2,2,2,1
"GP3-997",2,"interspace",0,15,"TALA2",7,7,5,1
"GP3-997",2,"interspace",0,15,"TALA2",4,3,4,1
"GP3-997",2,"interspace",0,15,"ELLA3",NA,NA,14,1
"GP3-997",2,"interspace",0,15,"ELLA3",NA,NA,11,1
"GP3-997",2,"interspace",0,15,"ELLA3",NA,NA,19,1
"GP3-997",2,"canopy",1,20,"TRDU",NA,NA,8,1
"GP3-997",2,"canopy",0,20,"SEDE2",16,13,1,1
"GP3-997",2,"canopy",0,20,"ELLA3",NA,NA,9,1
"GP3-997",2,"canopy",0,20,"ELLA3",NA,NA,20,1
"GP3-997",2,"canopy",0.5,20,"CADU6",NA,NA,12,1
"GP3-997",2,"canopy",1,20,"ELLA3",NA,NA,28,1
"GP3-997",2,"canopy",0,20,"ELLA3",NA,NA,15,1
"GP3-997",2,"canopy",0.5,20,"ELLA3",NA,NA,22,1
"GP3-997",2,"canopy",1,20,"SEDE2",4,3,1,1
"GP3-997",2,"canopy",0,20,"ELLA3",NA,NA,15,1
"GP3-997",2,"canopy",0,20,"ELLA3",NA,NA,15,1
"GP3-997",2,"canopy",0.5,20,"ELLA3",NA,NA,22,1
"GP3-997",2,"canopy",0.5,20,"ELLA3",NA,NA,22,1
"GP3-997",2,"interspace",0,20,"SEDE2",8,6,1,1
"GP3-997",2,"interspace",0,20,"TALA2",3,2,2,1
"GP3-997",2,"interspace",0,20,"ELLA3",NA,NA,15,1
"GP3-997",2,"interspace",0,20,"ELLA3",NA,NA,20,1
"GP3-997",2,"interspace",0,20,"ACMI2",5,3,5,1
"GP3-997",2,"interspace",0,20,"BRAR5",NA,NA,10,1
"GP3-997",2,"interspace",0,20,"TALA2",4,3,4,1
"GP3-997",2,"interspace",0,20,"SEDE2",7,6,1,1
"GP3-997",2,"interspace",0,20,"TALA2",3,2,2,1
"GP3-997",2,"interspace",0,20,"ELLA3",NA,NA,15,1
"GP3-997",2,"interspace",0,20,"ELLA3",NA,NA,15,1
"GP3-997",2,"interspace",0,20,"ELLA3",NA,NA,15,1
"GP3-997",2,"interspace",0,20,"ELLA3",NA,NA,15,1
"GP3-997",2,"interspace",0,20,"ELLA3",NA,NA,15,1
"GP3-997",2,"interspace",0,20,"ELLA3",NA,NA,15,1
"GP3-997",2,"interspace",0,20,"ELLA3",NA,NA,15,1
"GP3-997",2,"interspace",0,20,"ELLA3",NA,NA,20,1
"GP3-997",2,"interspace",0,20,"ELLA3",NA,NA,20,1
"GP3-997",2,"interspace",0,20,"ELLA3",NA,NA,20,1
"GP3-997",2,"interspace",0,20,"ELLA3",NA,NA,20,1
"GP3-997",2,"interspace",0,20,"ELLA3",NA,NA,20,1
"GP3-997",2,"interspace",0,20,"ELLA3",NA,NA,20,1
"GP3-997",2,"interspace",0,20,"ELLA3",NA,NA,20,1
"GP3-997",2,"interspace",0,20,"ELLA3",NA,NA,20,1
"GP3-997",2,"interspace",0,20,"ELLA3",NA,NA,20,1
"GP3-997",2,"interspace",0,20,"ELLA3",NA,NA,20,1
"GP3-997",2,"canopy",1,25,"ACMI2",12,5,9,1
"GP3-997",2,"canopy",1,25,"ELLA3",NA,NA,30,1
"GP3-997",2,"canopy",1,25,"ACMI2",10,5,5,1
"GP3-997",2,"canopy",1,25,"ELLA3",NA,NA,26,1
"GP3-997",2,"canopy",1,25,"POSE",2,2,15,1
"GP3-997",2,"canopy",1,25,"CADU6",NA,NA,15,1
"GP3-997",2,"canopy",1,25,"ELLA3",NA,NA,30,1
"GP3-997",2,"canopy",1,25,"ELLA3",NA,NA,30,1
"GP3-997",2,"canopy",1,25,"ELLA3",NA,NA,30,1
"GP3-997",2,"canopy",1,25,"CADU6",NA,NA,15,1
"GP3-997",2,"interspace",0,25,"SEDE2",5,5,1,1
"GP3-997",2,"interspace",0,25,"ARSO2",2,2,4,1
"GP3-997",2,"interspace",0,25,"SEDE2",13,6,1,1
"GP3-997",2,"interspace",0,25,"BOGR2",3,3,5,1
"GP3-997",2,"interspace",0,25,"ELLA3",NA,NA,22,1
"GP3-997",2,"interspace",1,25,"CADU6",NA,NA,8,1
"GP3-997",2,"interspace",0,25,"POSE",2,1,9,1
"GP3-997",2,"interspace",0,25,"CADU6",NA,NA,5,1
"GP3-997",2,"interspace",0,25,"ELLA3",NA,NA,15,1
"GP3-997",2,"interspace",0,25,"POSE",4,3,9,1
"GP3-997",2,"interspace",0,25,"ARSO2",2,2,4,1
"GP3-997",2,"interspace",0,25,"ARSO2",2,2,4,1
"GP3-997",2,"interspace",0,25,"ARSO2",2,2,4,1
"GP3-997",2,"interspace",0,25,"ELLA3",NA,NA,22,1
"GP3-997",2,"interspace",1,25,"CADU6",NA,NA,8,1
"GP3-997",2,"interspace",0,25,"CADU6",NA,NA,5,1
"GP3-997",2,"interspace",0,25,"ELLA3",NA,NA,15,1
"GP3-997",2,"interspace",0,25,"ELLA3",NA,NA,15,1
"GP3-997",2,"interspace",0,25,"ELLA3",NA,NA,15,1
"GP3-997",2,"interspace",0,25,"ELLA3",NA,NA,15,1
"GP3-997",2,"interspace",0,25,"ELLA3",NA,NA,15,1
"GP3-997",3,"canopy",1,5,"CADU6",NA,NA,7,1
"GP3-997",3,"canopy",1,5,"CADU6",NA,NA,4,1
"GP3-997",3,"canopy",1,5,"ELLA3",NA,NA,15,1
"GP3-997",3,"canopy",1,5,"SEDE2",5,4,1,1
"GP3-997",3,"interspace",0,5,"SEDE2",2,2,1,1
"GP3-997",3,"interspace",0,5,"ELLA3",NA,NA,22,1
"GP3-997",3,"interspace",0,5,"CADU6",NA,NA,10,1
"GP3-997",3,"interspace",0,5,"CADU6",NA,NA,6,1
"GP3-997",3,"interspace",0,5,"SEDE2",20,13,1,1
"GP3-997",3,"interspace",0,5,"SEDE2",7,5,1,1
"GP3-997",3,"interspace",0,5,"ELLA3",NA,NA,18,1
"GP3-997",3,"interspace",0,5,"ELLA3",NA,NA,15,1
"GP3-997",3,"interspace",0,5,"BRAR5",NA,NA,7,1
"GP3-997",3,"interspace",0,5,"ELLA3",NA,NA,18,1
"GP3-997",3,"interspace",0,5,"ELLA3",NA,NA,18,1
"GP3-997",3,"interspace",0,5,"ELLA3",NA,NA,18,1
"GP3-997",3,"interspace",0,5,"ELLA3",NA,NA,15,1
"GP3-997",3,"interspace",0,5,"ELLA3",NA,NA,15,1
"GP3-997",3,"canopy",1,10,"KOMA",2,1,10,1
"GP3-997",3,"canopy",1,10,"SEDE2",2,2,1,1
"GP3-997",3,"canopy",1,10,"SEDE2",3,2,1,1
"GP3-997",3,"canopy",1,10,"ELLA3",NA,NA,25,1
"GP3-997",3,"canopy",1,10,"SEDE2",2,2,1,1
"GP3-997",3,"canopy",1,10,"ELLA3",NA,NA,25,1
"GP3-997",3,"canopy",1,10,"ELLA3",NA,NA,25,1
"GP3-997",3,"canopy",1,10,"ELLA3",NA,NA,25,1
"GP3-997",3,"interspace",0,10,"SEDE2",20,11,1,1
"GP3-997",3,"interspace",0,10,"TALA2",4,2,3,1
"GP3-997",3,"interspace",0,10,"POSE",5,3,8,1
"GP3-997",3,"interspace",0,10,"ELLA3",NA,NA,14,1
"GP3-997",3,"interspace",0,10,"POSE",7,3,9,1
"GP3-997",3,"interspace",0,10,"SEDE2",12,9,1,1
"GP3-997",3,"interspace",0,10,"SEDE2",8,7,1,1
"GP3-997",3,"interspace",0,10,"BRAR5",NA,NA,5,1
"GP3-997",3,"interspace",0,10,"ELLA3",NA,NA,20,1
"GP3-997",3,"interspace",0,10,"ELLA3",NA,NA,20,1
"GP3-997",3,"interspace",0,10,"ELLA3",NA,NA,20,1
"GP3-997",3,"canopy",1,15,"ELLA3",NA,NA,16,1
"GP3-997",3,"canopy",1,15,"POSE",1,1,9,1
"GP3-997",3,"interspace",0,15,"BOGR2",3,2,5,1
"GP3-997",3,"interspace",0,15,"SEDE2",13,5,2,1
"GP3-997",3,"interspace",0,15,"ELLA3",NA,NA,15,1
"GP3-997",3,"interspace",0,15,"ELLA3",NA,NA,23,1
"GP3-997",3,"interspace",0,15,"ELLA3",NA,NA,18,1
"GP3-997",3,"interspace",0,15,"SEDE2",4,4,1,1
"GP3-997",3,"interspace",0,15,"BOGR2",2,2,6,1
"GP3-997",3,"interspace",0,15,"SEDE2",5,3,2,1
"GP3-997",3,"interspace",0,15,"SEDE2",14,13,1,1
"GP3-997",3,"interspace",0,15,"ELLA3",NA,NA,10,1
"GP3-997",3,"interspace",0,15,"ELLA3",NA,NA,15,1
"GP3-997",3,"interspace",0,15,"ELLA3",NA,NA,15,1
"GP3-997",3,"interspace",0,15,"ELLA3",NA,NA,23,1
"GP3-997",3,"canopy",0.5,20,"SEDE2",12,9,1,1
"GP3-997",3,"canopy",0,20,"ELLA3",NA,NA,15,1
"GP3-997",3,"canopy",0,20,"KOMA",1,1,7,1
"GP3-997",3,"canopy",0.5,20,"SEDE2",13,8,1,1
"GP3-997",3,"canopy",0,20,"SEDE2",10,5,1,1
"GP3-997",3,"canopy",0,20,"KOMA",1,1,10,1
"GP3-997",3,"canopy",0,20,"CADU6",NA,NA,10,1
"GP3-997",3,"canopy",0,20,"ELLA3",NA,NA,15,1
"GP3-997",3,"canopy",0,20,"CADU6",NA,NA,10,1
"GP3-997",3,"interspace",NA,20,"NO GAPS >60 cm",NA,NA,NA,NA
"GP3-997",3,"canopy",1,22.5,"CADU6",NA,NA,5,1
"GP3-997",3,"canopy",1,22.5,"POSE",1,1,6,1
"GP3-997",3,"canopy",1,22.5,"POSE",1,1,8,1
"GP3-997",3,"canopy",1,22.5,"SEDE2",30,13,1,1
"GP3-997",3,"canopy",1,22.5,"POSE",1,1,8,1
"GP3-997",3,"interspace",0,22.5,"BOGR2",1,1,4,1
"GP3-997",3,"interspace",0,22.5,"BOGR2",2,1,5,1
"GP3-997",3,"interspace",0,22.5,"SEDE2",6,3,1,1
"GP3-997",3,"interspace",0,22.5,"SEDE2",6,4,1,1
"GP3-997",3,"interspace",0,22.5,"BOGR2",1,1,3,1
"GP3-997",3,"interspace",0,22.5,"BOGR2",1,1,3,1
"GP3-997",3,"interspace",0,22.5,"BOGR2",4,2,3,1
"GP3-997",3,"interspace",0,22.5,"BOGR2",1,1,3,1
"GP3-997",3,"interspace",0,22.5,"BOGR2",4,2,3,1
"GP3-997",3,"interspace",0,22.5,"BOGR2",2,2,4,1
"GP3-997",3,"interspace",0,22.5,"BOGR2",2,2,4,1
"GP3-997",3,"interspace",0,22.5,"BOGR2",3,1,3,1
"GP3-997",3,"interspace",0,22.5,"SEDE2",5,2,1,1
"GP3-997",3,"interspace",0,22.5,"BOGR2",1,1,3,1
"GP3-997",3,"canopy",1,25,"POSE",1,1,10,1
"GP3-997",3,"canopy",0,25,"BOGR2",3,2,5,1
"GP3-997",3,"canopy",1,25,"POSE",2,1,9,1
"GP3-997",3,"canopy",0,25,"ELLA3",NA,NA,20,1
"GP3-997",3,"canopy",1,25,"ELLA3",NA,NA,24,1
"GP3-997",3,"canopy",1,25,"ELLA3",NA,NA,17,1
"GP3-997",3,"canopy",0.5,25,"BOGR2",10,3,5,1
"GP3-997",3,"canopy",1,25,"POSE",2,2,7,1
"GP3-997",3,"canopy",1,25,"POSE",3,2,7,1
"GP3-997",3,"canopy",1,25,"ELLA3",NA,NA,24,1
"GP3-997",3,"canopy",1,25,"ELLA3",NA,NA,17,1
"GP3-997",3,"interspace",0,25,"ELLA3",NA,NA,15,1
"GP3-997",3,"interspace",0,25,"BOGR2",5,3,4,1
"GP3-997",3,"interspace",0,25,"TALA2",3,2,1,1
"GP3-997",3,"interspace",0,25,"BOGR2",3,2,5,1
"GP3-997",3,"interspace",0,25,"BOGR2",6,3,5,1
"GP3-997",3,"interspace",0,25,"ELLA3",NA,NA,8,1
"GP3-997",3,"interspace",0,25,"BOGR2",3,1,5,1
"GP3-997",3,"interspace",0,25,"PLPA2",NA,NA,3,1
"GP3-997",3,"interspace",0,25,"ELLA3",NA,NA,15,1
"GP3-997",3,"interspace",0,25,"ELLA3",NA,NA,15,1
"GP3-997",3,"interspace",0,25,"ELLA3",NA,NA,15,1
"GP3-997",3,"interspace",0,25,"ELLA3",NA,NA,15,1
"GP3-997",3,"interspace",0,25,"ELLA3",NA,NA,15,1
"GP3-997",3,"interspace",0,25,"ELLA3",NA,NA,15,1
"GP3-997",3,"interspace",0,25,"ELLA3",NA,NA,15,1
"GP3-999",1,"canopy",1,5,"SEDE2",5,4,1,1
"GP3-999",1,"canopy",1,5,"SEDE2",3,2,1,1
"GP3-999",1,"canopy",1,5,"ELLA3",NA,NA,35,1
"GP3-999",1,"canopy",1,5,"ALTE",1,1,7,1
"GP3-999",1,"canopy",1,5,"ALTE",1,1,7,1
"GP3-999",1,"interspace",0,5,"SEDE2",4,4,1,1
"GP3-999",1,"interspace",0,5,"ELLA3",NA,NA,21,1
"GP3-999",1,"interspace",0,5,"PLPA2",NA,NA,3,1
"GP3-999",1,"interspace",0,5,"SPCO",6,4,8,1
"GP3-999",1,"interspace",0,5,"SEDE2",3,2,1,1
"GP3-999",1,"interspace",0,5,"ARFR4",9,4,3,1
"GP3-999",1,"interspace",0,5,"ELLA3",NA,NA,15,1
"GP3-999",1,"interspace",0,5,"SEDE2",18,14,1,1
"GP3-999",1,"interspace",0,5,"CADU6",NA,NA,11,1
"GP3-999",1,"interspace",0,5,"POSE",1,1,5,1
"GP3-999",1,"interspace",0,5,"SEDE2",4,3,1,1
"GP3-999",1,"interspace",0,5,"PLPA2",NA,NA,3,1
"GP3-999",1,"interspace",0,5,"ELLA3",NA,NA,15,1
"GP3-999",1,"interspace",0,5,"ELLA3",NA,NA,15,1
"GP3-999",1,"interspace",0,5,"ELLA3",NA,NA,15,1
"GP3-999",1,"interspace",0,5,"ELLA3",NA,NA,15,1
"GP3-999",1,"interspace",0,5,"ELLA3",NA,NA,15,1
"GP3-999",1,"interspace",0,5,"ELLA3",NA,NA,15,1
"GP3-999",1,"interspace",0,5,"CADU6",NA,NA,11,1
"GP3-999",1,"interspace",0,5,"POSE",1,1,5,1
"GP3-999",1,"interspace",0,5,"SEDE2",4,3,1,1
"GP3-999",1,"canopy",1,10,"SEDE2",22,19,2,1
"GP3-999",1,"canopy",1,10,"POSE",1,1,10,1
"GP3-999",1,"interspace",0,10,"ELLA3",NA,NA,17,1
"GP3-999",1,"interspace",1,10,"ELLA3",NA,NA,17,1
"GP3-999",1,"interspace",0,10,"CADU6",NA,NA,15,1
"GP3-999",1,"interspace",1,10,"ELLA3",NA,NA,25,1
"GP3-999",1,"interspace",0.5,10,"SEDE2",16,15,1,1
"GP3-999",1,"interspace",1,10,"HECO26",3,2,15,1
"GP3-999",1,"interspace",0.5,10,"ELLA3",NA,NA,22,1
"GP3-999",1,"interspace",1,10,"SEDE2",7,7,1,1
"GP3-999",1,"interspace",0,10,"ELLA3",NA,NA,17,1
"GP3-999",1,"interspace",1,10,"ELLA3",NA,NA,25,1
"GP3-999",1,"interspace",1,10,"ELLA3",NA,NA,25,1
"GP3-999",1,"canopy",1,15,"ELLA3",NA,NA,30,1
"GP3-999",1,"canopy",1,15,"SEDE2",30,18,1,1
"GP3-999",1,"canopy",1,15,"POSE",1,2,10,1
"GP3-999",1,"canopy",1,15,"ELLA3",NA,NA,25,1
"GP3-999",1,"canopy",1,15,"ELLA3",NA,NA,25,1
"GP3-999",1,"interspace",1,15,"SEDE2",7,6,1,1
"GP3-999",1,"interspace",0,15,"ELLA3",NA,NA,23,1
"GP3-999",1,"interspace",0,15,"CADU6",NA,NA,7,1
"GP3-999",1,"interspace",0,15,"ELLA3",NA,NA,15,1
"GP3-999",1,"interspace",1,15,"CADU6",NA,NA,10,1
"GP3-999",1,"interspace",1,15,"ELLA3",NA,NA,24,1
"GP3-999",1,"interspace",0,15,"ELLA3",NA,NA,25,1
"GP3-999",1,"interspace",1,15,"ELLA3",NA,NA,12,1
"GP3-999",1,"interspace",0,15,"ELLA3",NA,NA,15,1
"GP3-999",1,"interspace",1,15,"ELLA3",NA,NA,12,1
"GP3-999",1,"canopy",1,20,"CADU6",NA,NA,10,1
"GP3-999",1,"canopy",0,20,"ELLA3",NA,NA,13,1
"GP3-999",1,"canopy",1,20,"ELLA3",NA,NA,10,1
"GP3-999",1,"canopy",0,20,"ELLA3",NA,NA,15,1
"GP3-999",1,"canopy",0,20,"SEDE2",25,17,1,1
"GP3-999",1,"canopy",0,20,"ELLA3",NA,NA,23,1
"GP3-999",1,"canopy",0,20,"SEDE2",5,3,1,1
"GP3-999",1,"canopy",0,20,"ELLA3",NA,NA,17,1
"GP3-999",1,"canopy",0,20,"ELLA3",NA,NA,13,1
"GP3-999",1,"canopy",0,20,"ELLA3",NA,NA,13,1
"GP3-999",1,"canopy",0,20,"ELLA3",NA,NA,17,1
"GP3-999",1,"canopy",0,20,"ELLA3",NA,NA,17,1
"GP3-999",1,"canopy",0,20,"ELLA3",NA,NA,17,1
"GP3-999",1,"interspace",0,20,"ELLA3",NA,NA,19,1
"GP3-999",1,"interspace",0,20,"BOGR2",2,1,3,1
"GP3-999",1,"interspace",0,20,"CADU6",NA,NA,7,1
"GP3-999",1,"interspace",0,20,"SEDE2",30,20,1,1
"GP3-999",1,"interspace",0,20,"CADU6",NA,NA,2,1
"GP3-999",1,"interspace",0,20,"ELLA3",NA,NA,12,1
"GP3-999",1,"interspace",0,20,"CADU6",NA,NA,4,1
"GP3-999",1,"interspace",0,20,"ELLA3",NA,NA,19,1
"GP3-999",1,"interspace",0,20,"ELLA3",NA,NA,12,1
"GP3-999",1,"interspace",0,20,"ELLA3",NA,NA,12,1
"GP3-999",1,"canopy",0,25,"ELLA3",NA,NA,22,1
"GP3-999",1,"canopy",1,25,"CADU6",NA,NA,13,1
"GP3-999",1,"canopy",1,25,"SEDE2",30,20,2,1
"GP3-999",1,"canopy",1,25,"CADU6",NA,NA,13,1
"GP3-999",1,"canopy",1,25,"HECO26",1,1,7,1
"GP3-999",1,"canopy",1,25,"POSE",1,1,13,1
"GP3-999",1,"canopy",1,25,"ELLA3",NA,NA,23,1
"GP3-999",1,"canopy",1,25,"CADU6",NA,NA,7,1
"GP3-999",1,"canopy",1,25,"ELLA3",NA,NA,28,1
"GP3-999",1,"canopy",1,25,"ELLA3",NA,NA,23,1
"GP3-999",1,"canopy",1,25,"ELLA3",NA,NA,23,1
"GP3-999",1,"canopy",1,25,"ELLA3",NA,NA,23,1
"GP3-999",1,"interspace",0,25,"CADU6",NA,NA,16,1
"GP3-999",1,"interspace",1,25,"OPPO",10,4,14,1
"GP3-999",1,"interspace",1,25,"CADU6",NA,NA,13,1
"GP3-999",1,"interspace",1,25,"ELLA3",NA,NA,30,1
"GP3-999",1,"interspace",0,25,"ELLA3",NA,NA,25,1
"GP3-999",1,"interspace",1,25,"ACMI2",7,3,7,1
"GP3-999",1,"interspace",0.5,25,"SEDE2",30,16,1,1
"GP3-999",1,"interspace",1,25,"ELLA3",NA,NA,25,1
"GP3-999",1,"interspace",1,25,"TALA2",2,1,1,1
"GP3-999",1,"interspace",1,25,"ELLA3",NA,NA,30,1
"GP3-999",1,"interspace",1,25,"ELLA3",NA,NA,30,1
"GP3-999",1,"interspace",0,25,"ELLA3",NA,NA,25,1
"GP3-999",1,"interspace",1,25,"ELLA3",NA,NA,25,1
"GP3-999",2,"canopy",1,5,"VIAM",17,5,16,1
"GP3-999",2,"canopy",1,5,"ELLA3",NA,NA,25,1
"GP3-999",2,"canopy",1,5,"TALA2",3,2,3,1
"GP3-999",2,"interspace",0,5,"SEDE2",20,18,1,1
"GP3-999",2,"interspace",0,5,"ELLA3",NA,NA,17,1
"GP3-999",2,"interspace",0,5,"CADU6",NA,NA,10,1
"GP3-999",2,"interspace",0,5,"PLPA2",NA,NA,2,1
"GP3-999",2,"interspace",0,5,"TALA2",3,2,3,1
"GP3-999",2,"interspace",0,5,"TALA2",6,2,2,1
"GP3-999",2,"interspace",1,5,"VIAM",3,2,6,1
"GP3-999",2,"interspace",0,5,"ELLA3",NA,NA,22,1
"GP3-999",2,"interspace",0,5,"TALA2",6,2,4,1
"GP3-999",2,"interspace",0,5,"PHHO",5,4,5,1
"GP3-999",2,"interspace",0,5,"ELLA3",NA,NA,22,1
"GP3-999",2,"interspace",0,5,"ELLA3",NA,NA,22,1
"GP3-999",2,"canopy",1,10,"ELLA3",NA,NA,30,1
"GP3-999",2,"canopy",1,10,"ELLA3",NA,NA,25,1
"GP3-999",2,"canopy",1,10,"VIAM",7,3,14,1
"GP3-999",2,"interspace",1,10,"CADU6",NA,NA,10,1
"GP3-999",2,"interspace",1,10,"TALA2",5,2,2,1
"GP3-999",2,"interspace",1,10,"TALA2",3,1,2,1
"GP3-999",2,"interspace",1,10,"SEDE2",2,1,2,1
"GP3-999",2,"interspace",1,10,"TALA2",5,3,2,1
"GP3-999",2,"interspace",1,10,"TALA2",8,6,2,1
"GP3-999",2,"interspace",0,10,"SEDE2",10,6,1,1
"GP3-999",2,"interspace",1,10,"TALA2",5,1,1,1
"GP3-999",2,"interspace",1,10,"CADU6",NA,NA,10,1
"GP3-999",2,"canopy",1,15,"PLPA2",NA,NA,3,1
"GP3-999",2,"canopy",1,15,"VIAM",8,3,22,1
"GP3-999",2,"canopy",1,15,"TALA2",2,1,2,1
"GP3-999",2,"canopy",1,15,"ELLA3",NA,NA,13,1
"GP3-999",2,"interspace",0.5,15,"AGCR",14,12,56,1
"GP3-999",2,"interspace",0,15,"VIAM",10,4,14,1
"GP3-999",2,"interspace",0,15,"SEDE2",4,2,1,1
"GP3-999",2,"interspace",0,15,"TALA2",4,2,2,1
"GP3-999",2,"interspace",0,15,"AGCR",5,5,24,1
"GP3-999",2,"interspace",0,15,"SEDE2",4,2,1,1
"GP3-999",2,"canopy",1,20,"TALA2",5,2,5,1
"GP3-999",2,"canopy",1,20,"TALA2",5,2,6,1
"GP3-999",2,"canopy",1,20,"ELLA3",NA,NA,13,1
"GP3-999",2,"canopy",1,20,"TALA2",2,1,6,1
"GP3-999",2,"canopy",1,20,"TALA2",2,1,5,1
"GP3-999",2,"canopy",1,20,"TALA2",2,1,1,1
"GP3-999",2,"canopy",1,20,"TALA2",11,4,6,1
"GP3-999",2,"interspace",1,20,"SEDE2",20,15,1,1
"GP3-999",2,"interspace",0,20,"POSE",1,1,5,1
"GP3-999",2,"interspace",0,20,"CADU6",NA,NA,10,1
"GP3-999",2,"interspace",0,20,"BRAR5",NA,NA,4,1
"GP3-999",2,"interspace",0,20,"HECO26",1,1,12,1
"GP3-999",2,"interspace",1,20,"HECO26",1,1,16,1
"GP3-999",2,"interspace",1,20,"CADU6",NA,NA,12,1
"GP3-999",2,"interspace",1,20,"TALA2",2,1,1,1
"GP3-999",2,"interspace",0,20,"BOGR2",5,4,6,1
"GP3-999",2,"interspace",0.5,20,"POSE",1,1,10,1
"GP3-999",2,"interspace",1,20,"TALA2",3,3,3,1
"GP3-999",2,"interspace",0,20,"BRAR5",NA,NA,6,1
"GP3-999",2,"interspace",0,20,"SEDE2",20,15,1,1
"GP3-999",2,"interspace",0,20,"BRAR5",NA,NA,5,1
"GP3-999",2,"interspace",1,20,"HECO26",1,1,11,1
"GP3-999",2,"interspace",0,20,"BOGR2",6,4,8,1
"GP3-999",2,"interspace",1,20,"TALA2",10,3,2,1
"GP3-999",2,"interspace",1,20,"PHHO",2,1,4,1
"GP3-999",2,"interspace",1,20,"TALA2",4,2,2,1
"GP3-999",2,"interspace",0,20,"CADU6",NA,NA,9,1
"GP3-999",2,"interspace",1,20,"CADU6",NA,NA,14,1
"GP3-999",2,"interspace",1,20,"BRAR5",NA,NA,6,1
"GP3-999",2,"interspace",0,20,"BRAR5",NA,NA,6,1
"GP3-999",2,"canopy",1,25,"ELLA3",NA,NA,35,1
"GP3-999",2,"canopy",0,25,"SEDE2",8,6,1,1
"GP3-999",2,"canopy",1,25,"ELLA3",NA,NA,16,1
"GP3-999",2,"canopy",0,25,"TALA2",2,1,2,1
"GP3-999",2,"canopy",1,25,"SEDE2",16,12,1,1
"GP3-999",2,"canopy",0,25,"ELLA3",NA,NA,22,1
"GP3-999",2,"canopy",1,25,"ELLA3",NA,NA,23,1
"GP3-999",2,"canopy",0,25,"ELLA3",NA,NA,18,1
"GP3-999",2,"canopy",0,25,"ELLA3",NA,NA,18,1
"GP3-999",2,"canopy",0,25,"ELLA3",NA,NA,18,1
"GP3-999",2,"interspace",0,25,"CADU6",NA,NA,10,1
"GP3-999",2,"interspace",0,25,"ELLA3",NA,NA,18,1
"GP3-999",2,"interspace",0,25,"ELLA3",NA,NA,26,1
"GP3-999",2,"interspace",1,25,"CHLE4",NA,NA,13,1
"GP3-999",2,"interspace",0,25,"SEDE2",18,11,1,1
"GP3-999",2,"interspace",0,25,"ELLA3",NA,NA,15,1
"GP3-999",2,"interspace",0,25,"BOGR2",7,4,8,1
"GP3-999",2,"interspace",0,25,"CADU6",NA,NA,15,1
"GP3-999",2,"interspace",0,25,"ELLA3",NA,NA,21,1
"GP3-999",2,"interspace",0,25,"ARFR4",17,15,11,1
"GP3-999",2,"interspace",0,25,"CADU6",NA,NA,10,1
"GP3-999",2,"interspace",0,25,"ELLA3",NA,NA,18,1
"GP3-999",2,"interspace",0,25,"CADU6",NA,NA,15,1
"GP3-999",2,"interspace",0,25,"CADU6",NA,NA,15,1
"GP3-999",3,"canopy",1,5,"TALA2",4,2,5,1
"GP3-999",3,"canopy",1,5,"TRDU",NA,NA,7,1
"GP3-999",3,"canopy",1,5,"ELLA3",NA,NA,22,1
"GP3-999",3,"canopy",1,5,"ELLA3",NA,NA,24,1
"GP3-999",3,"canopy",1,5,"BOGR2",8,2,16,1
"GP3-999",3,"canopy",1,5,"SEDE2",3,3,1,1
"GP3-999",3,"canopy",1,5,"ELLA3",NA,NA,33,1
"GP3-999",3,"canopy",1,5,"BOGR2",6,3,7,1
"GP3-999",3,"interspace",0,5,"CADU6",NA,NA,5,1
"GP3-999",3,"interspace",0,5,"CADU6",NA,NA,8,1
"GP3-999",3,"interspace",0,5,"SEDE2",30,20,1,1
"GP3-999",3,"interspace",0,5,"CADU6",NA,NA,7,1
"GP3-999",3,"interspace",0,5,"CADU6",NA,NA,5,1
"GP3-999",3,"interspace",0,5,"BRAR5",NA,NA,4,1
"GP3-999",3,"interspace",0,5,"CADU6",NA,NA,3,1
"GP3-999",3,"interspace",0,5,"CADU6",NA,NA,6,1
"GP3-999",3,"interspace",0,5,"CADU6",NA,NA,8,1
"GP3-999",3,"interspace",0,5,"CADU6",NA,NA,6,1
"GP3-999",3,"interspace",0,5,"CADU6",NA,NA,5,1
"GP3-999",3,"interspace",0,5,"CADU6",NA,NA,5,1
"GP3-999",3,"interspace",0,5,"CADU6",NA,NA,5,1
"GP3-999",3,"interspace",0,5,"CADU6",NA,NA,3,1
"GP3-999",3,"interspace",0,5,"CADU6",NA,NA,6,1
"GP3-999",3,"interspace",0,5,"CADU6",NA,NA,6,1
"GP3-999",3,"interspace",0,5,"CADU6",NA,NA,6,1
"GP3-999",3,"canopy",1,10,"ELLA3",NA,NA,26,1
"GP3-999",3,"canopy",1,10,"SPCO",3,3,8,1
"GP3-999",3,"canopy",1,10,"ELLA3",NA,NA,20,1
"GP3-999",3,"canopy",1,10,"SEDE2",4,3,1,1
"GP3-999",3,"canopy",1,10,"SEDE2",14,5,2,1
"GP3-999",3,"canopy",1,10,"ELLA3",NA,NA,15,1
"GP3-999",3,"interspace",0,10,"BOGR2",2,1,4,1
"GP3-999",3,"interspace",0,10,"POSE",2,2,3,1
"GP3-999",3,"interspace",0,10,"BOGR2",1,1,5,1
"GP3-999",3,"interspace",0,10,"ELLA3",NA,NA,15,1
"GP3-999",3,"interspace",0,10,"ELLA3",NA,NA,11,1
"GP3-999",3,"interspace",0,10,"SEDE2",30,20,1,1
"GP3-999",3,"interspace",0,10,"BOGR2",4,2,7,1
"GP3-999",3,"interspace",0,10,"ELLA3",NA,NA,6,1
"GP3-999",3,"interspace",0,10,"TALA2",4,3,3,1
"GP3-999",3,"interspace",0,10,"BOGR2",3,2,6,1
"GP3-999",3,"interspace",0,10,"POSE",2,2,5,1
"GP3-999",3,"interspace",0,10,"SPCO",2,3,3,1
"GP3-999",3,"interspace",0,10,"BOGR2",2,1,5,1
"GP3-999",3,"interspace",0,10,"BOGR2",1,1,5,1
"GP3-999",3,"interspace",0,10,"BOGR2",4,4,8,1
"GP3-999",3,"interspace",0,10,"ELLA3",NA,NA,15,1
"GP3-999",3,"interspace",0,10,"ELLA3",NA,NA,15,1
"GP3-999",3,"interspace",0,10,"ELLA3",NA,NA,15,1
"GP3-999",3,"canopy",1,15,"SEDE2",6,5,1,1
"GP3-999",3,"canopy",1,15,"CADU6",NA,NA,8,1
"GP3-999",3,"canopy",1,15,"KOMA",1,1,9,1
"GP3-999",3,"canopy",1,15,"KOMA",1,1,7,1
"GP3-999",3,"canopy",1,15,"HECO26",1,1,14,1
"GP3-999",3,"canopy",0,15,"TALA2",3,2,3,1
"GP3-999",3,"canopy",1,15,"SEDE2",17,7,1,1
"GP3-999",3,"canopy",1,15,"ELLA3",NA,NA,22,1
"GP3-999",3,"canopy",1,15,"POSE",2,2,8,1
"GP3-999",3,"canopy",1,15,"KOMA",2,1,10,1
"GP3-999",3,"canopy",1,15,"CADU6",NA,NA,13,1
"GP3-999",3,"canopy",1,15,"CADU6",NA,NA,8,1
"GP3-999",3,"canopy",1,15,"POSE",1,1,9,1
"GP3-999",3,"canopy",1,15,"CADU6",NA,NA,8,1
"GP3-999",3,"interspace",0,15,"SEDE2",20,13,1,1
"GP3-999",3,"interspace",0,15,"SEDE2",11,11,1,1
"GP3-999",3,"interspace",0,15,"BOGR2",2,2,6,1
"GP3-999",3,"interspace",0,15,"ALTE",3,1,7,1
"GP3-999",3,"interspace",0,15,"BOGR2",1,1,6,1
"GP3-999",3,"interspace",0,15,"BOGR2",1,1,5,1
"GP3-999",3,"interspace",0,15,"POSE",1,1,6,1
"GP3-999",3,"interspace",0,15,"TALA2",1,1,1,1
"GP3-999",3,"interspace",0,15,"ELLA3",NA,NA,26,1
"GP3-999",3,"interspace",0,15,"ELLA3",NA,NA,15,1
"GP3-999",3,"interspace",0,15,"BOGR2",2,1,2,1
"GP3-999",3,"interspace",0,15,"PHHO",6,3,3,1
"GP3-999",3,"interspace",0,15,"KOMA",1,1,7,1
"GP3-999",3,"interspace",0,15,"PHHO",3,3,3,1
"GP3-999",3,"interspace",0,15,"BOGR2",1,1,6,1
"GP3-999",3,"interspace",0,15,"BOGR2",2,2,10,1
"GP3-999",3,"interspace",0,15,"BOGR2",2,1,8,1
"GP3-999",3,"interspace",0,15,"ELLA3",NA,NA,15,1
"GP3-999",3,"interspace",0,15,"KOMA",1,1,7,1
"GP3-999",3,"canopy",0,20,"SEDE2",20,15,2,1
"GP3-999",3,"canopy",0.5,20,"HECO26",4,2,22,1
"GP3-999",3,"canopy",0,20,"ELLA3",NA,NA,18,1
"GP3-999",3,"canopy",0,20,"ELLA3",NA,NA,20,1
"GP3-999",3,"canopy",0,20,"ELLA3",NA,NA,12,1
"GP3-999",3,"canopy",0,20,"KOMA",1,1,6,1
"GP3-999",3,"canopy",1,20,"SEDE2",20,15,2,1
"GP3-999",3,"interspace",0,20,"BOGR2",3,1,8,1
"GP3-999",3,"interspace",0,20,"BOGR2",2,1,8,1
"GP3-999",3,"interspace",0,20,"TALA2",2,1,2,1
"GP3-999",3,"interspace",0,20,"ARFR4",9,3,13,1
"GP3-999",3,"interspace",0,20,"ANPA4",4,3,2,1
"GP3-999",3,"interspace",0,20,"ELLA3",NA,NA,19,1
"GP3-999",3,"interspace",0,20,"BOGR2",1,1,9,1
"GP3-999",3,"interspace",0,20,"SPCO",4,4,8,1
"GP3-999",3,"interspace",0,20,"BOGR2",1,1,4,1
"GP3-999",3,"interspace",0,20,"SEDE2",30,20,1,1
"GP3-999",3,"interspace",0,20,"CADU6",NA,NA,7,1
"GP3-999",3,"interspace",0,20,"BOGR2",1,1,7,1
"GP3-999",3,"interspace",0,20,"TALA2",2,1,1,1
"GP3-999",3,"interspace",0,20,"ELLA3",NA,NA,19,1
"GP3-999",3,"interspace",0,20,"BOGR2",1,1,4,1
"GP3-999",3,"interspace",0,20,"CADU6",NA,NA,7,1
"GP3-999",3,"interspace",0,20,"TALA2",2,1,1,1
"GP3-999",3,"canopy",1,25,"SEDE2",20,17,1,1
"GP3-999",3,"canopy",0.5,25,"ANPA4",17,7,8,1
"GP3-999",3,"canopy",1,25,"ELLA3",NA,NA,21,1
"GP3-999",3,"canopy",1,25,"ELLA3",NA,NA,18,1
"GP3-999",3,"canopy",1,25,"ELLA3",NA,NA,21,1
"GP3-999",3,"canopy",1,25,"ELLA3",NA,NA,18,1
"GP3-999",3,"canopy",1,25,"ELLA3",NA,NA,18,1
"GP3-999",3,"canopy",1,25,"ELLA3",NA,NA,18,1
"GP3-999",3,"canopy",1,25,"ELLA3",NA,NA,18,1
"GP3-999",3,"canopy",1,25,"ELLA3",NA,NA,18,1
"GP3-999",3,"interspace",0,25,"CADU6",NA,NA,8,1
"GP3-999",3,"interspace",0,25,"ELLA3",NA,NA,15,1
"GP3-999",3,"interspace",0,25,"SEDE2",30,20,1,1
"GP3-999",3,"interspace",0,25,"ELLA3",NA,NA,13,1
"GP3-999",3,"interspace",0,25,"ELLA3",NA,NA,10,1
"GP3-999",3,"interspace",0,25,"CADU6",NA,NA,5,1
"GP3-999",3,"interspace",0,25,"ELLA3",NA,NA,15,1
"GP3-999",3,"interspace",0,25,"ELLA3",NA,NA,13,1
"GP4-999",1,"canopy",1,5,"TALA2",7,3,2,1
"GP4-999",1,"canopy",1,5,"ELLA3",NA,NA,30,1
"GP4-999",1,"canopy",1,5,"VIAM",14,5,5,1
"GP4-999",1,"canopy",1,5,"VIAM",12,5,32,1
"GP4-999",1,"canopy",1,5,"ELLA3",NA,NA,37,1
"GP4-999",1,"canopy",1,5,"ELLA3",NA,NA,30,1
"GP4-999",1,"canopy",1,5,"ELLA3",NA,NA,30,1
"GP4-999",1,"canopy",1,5,"ELLA3",NA,NA,30,1
"GP4-999",1,"canopy",1,5,"ELLA3",NA,NA,37,1
"GP4-999",1,"interspace",0,5,"CADU6",NA,NA,10,1
"GP4-999",1,"interspace",0.5,5,"HECO26",1,1,115,1
"GP4-999",1,"interspace",0.5,5,"POSE",3,1,13,1
"GP4-999",1,"interspace",0,5,"BRAR5",NA,NA,16,1
"GP4-999",1,"interspace",0,5,"VIAM",6,1,5,1
"GP4-999",1,"interspace",0,5,"ELLA3",NA,NA,22,1
"GP4-999",1,"interspace",0,5,"ELLA3",NA,NA,15,1
"GP4-999",1,"interspace",0,5,"TALA2",6,7,2,1
"GP4-999",1,"interspace",0,5,"TALA2",6,4,5,1
"GP4-999",1,"interspace",0,5,"TALA2",7,3,2,1
"GP4-999",1,"interspace",0.5,5,"POSE",2,1,8,1
"GP4-999",1,"interspace",0,5,"TALA2",3,2,3,1
"GP4-999",1,"interspace",0,5,"CADU6",NA,NA,10,1
"GP4-999",1,"interspace",0,5,"CADU6",NA,NA,10,1
"GP4-999",1,"interspace",0,5,"CADU6",NA,NA,10,1
"GP4-999",1,"interspace",0,5,"CADU6",NA,NA,10,1
"GP4-999",1,"interspace",0,5,"CADU6",NA,NA,10,1
"GP4-999",1,"interspace",0,5,"CADU6",NA,NA,10,1
"GP4-999",1,"interspace",0,5,"CADU6",NA,NA,10,1
"GP4-999",1,"interspace",0,5,"CADU6",NA,NA,10,1
"GP4-999",1,"interspace",0,5,"BRAR5",NA,NA,16,1
"GP4-999",1,"interspace",0,5,"ELLA3",NA,NA,22,1
"GP4-999",1,"interspace",0,5,"ELLA3",NA,NA,15,1
"GP4-999",1,"interspace",0,5,"ELLA3",NA,NA,15,1
"GP4-999",1,"interspace",0,5,"ELLA3",NA,NA,15,1
"GP4-999",1,"interspace",0,5,"ELLA3",NA,NA,15,1
"GP4-999",1,"interspace",0,5,"ELLA3",NA,NA,15,1
"GP4-999",1,"interspace",0,5,"ELLA3",NA,NA,15,1
"GP4-999",1,"canopy",1,10,"VIAM",5,5,11,1
"GP4-999",1,"canopy",1,10,"TALA2",5,3,4,1
"GP4-999",1,"canopy",1,10,"ELLA3",NA,NA,22,1
"GP4-999",1,"canopy",1,10,"POSE",2,2,10,1
"GP4-999",1,"canopy",1,10,"POSE",5,2,10,1
"GP4-999",1,"canopy",1,10,"ELLA3",NA,NA,22,1
"GP4-999",1,"canopy",1,10,"ELLA3",NA,NA,22,1
"GP4-999",1,"canopy",1,10,"ELLA3",NA,NA,22,1
"GP4-999",1,"canopy",1,10,"ELLA3",NA,NA,22,1
"GP4-999",1,"canopy",1,10,"ELLA3",NA,NA,22,1
"GP4-999",1,"canopy",1,10,"ELLA3",NA,NA,22,1
"GP4-999",1,"canopy",1,10,"ELLA3",NA,NA,22,1
"GP4-999",1,"canopy",1,10,"ELLA3",NA,NA,22,1
"GP4-999",1,"canopy",1,10,"ELLA3",NA,NA,22,1
"GP4-999",1,"canopy",1,10,"ELLA3",NA,NA,22,1
"GP4-999",1,"canopy",1,10,"ELLA3",NA,NA,22,1
"GP4-999",1,"canopy",1,10,"ELLA3",NA,NA,22,1
"GP4-999",1,"interspace",0,10,"ELLA3",NA,NA,15,1
"GP4-999",1,"interspace",0,10,"SEDE2",16,10,1,1
"GP4-999",1,"interspace",0,10,"KOMA",1,1,5,1
"GP4-999",1,"interspace",0,10,"KOMA",1,1,7,1
"GP4-999",1,"interspace",0,10,"POSE",1,1,3,1
"GP4-999",1,"interspace",0,10,"HECO26",3,2,5,1
"GP4-999",1,"interspace",0,10,"BOGR2",3,1,5,1
"GP4-999",1,"interspace",0,10,"KOMA",3,1,5,1
"GP4-999",1,"interspace",0,10,"POSE",3,1,5,1
"GP4-999",1,"interspace",0,10,"ELLA3",NA,NA,15,1
"GP4-999",1,"interspace",0,10,"ELLA3",NA,NA,15,1
"GP4-999",1,"interspace",0,10,"ELLA3",NA,NA,15,1
"GP4-999",1,"interspace",0,10,"ELLA3",NA,NA,15,1
"GP4-999",1,"interspace",0,10,"ELLA3",NA,NA,15,1
"GP4-999",1,"interspace",0,10,"ELLA3",NA,NA,15,1
"GP4-999",1,"interspace",0,10,"ELLA3",NA,NA,15,1
"GP4-999",1,"interspace",0,10,"ELLA3",NA,NA,15,1
"GP4-999",1,"interspace",0,10,"ELLA3",NA,NA,15,1
"GP4-999",1,"interspace",0,10,"ELLA3",NA,NA,15,1
"GP4-999",1,"interspace",0,10,"ELLA3",NA,NA,15,1
"GP4-999",1,"interspace",0,10,"ELLA3",NA,NA,15,1
"GP4-999",1,"interspace",0,10,"HECO26",3,2,5,1
"GP4-999",1,"interspace",0,10,"HECO26",3,2,5,1
"GP4-999",1,"interspace",0,10,"HECO26",3,2,5,1
"GP4-999",1,"interspace",0,10,"HECO26",3,2,5,1
"GP4-999",1,"interspace",0,10,"HECO26",3,2,5,1
"GP4-999",1,"interspace",0,10,"HECO26",3,2,5,1
"GP4-999",1,"interspace",0,10,"HECO26",3,2,5,1
"GP4-999",1,"interspace",0,10,"HECO26",3,2,5,1
"GP4-999",1,"interspace",0,10,"HECO26",3,2,5,1
"GP4-999",1,"interspace",0,10,"HECO26",3,2,5,1
"GP4-999",1,"interspace",0,10,"HECO26",3,2,5,1
"GP4-999",1,"canopy",1,15,"HECO26",2,2,13,1
"GP4-999",1,"canopy",1,15,"VIAM",4,3,7,1
"GP4-999",1,"canopy",1,15,"TALA2",3,1,2,1
"GP4-999",1,"canopy",1,15,"TALA2",7,2,4,1
"GP4-999",1,"canopy",1,15,"HECO26",4,1,15,1
"GP4-999",1,"canopy",1,15,"POSE",1,1,8,1
"GP4-999",1,"canopy",1,15,"HECO26",2,1,13,1
"GP4-999",1,"canopy",1,15,"VIAM",4,3,10,1
"GP4-999",1,"canopy",1,15,"VIAM",13,9,14,1
"GP4-999",1,"canopy",1,15,"CADU6",NA,NA,5,1
"GP4-999",1,"canopy",1,15,"PSSP6",3,2,14,1
"GP4-999",1,"canopy",1,15,"POSE",3,1,8,1
"GP4-999",1,"canopy",1,15,"VIAM",1,1,5,1
"GP4-999",1,"canopy",1,15,"TALA2",1,1,1,1
"GP4-999",1,"canopy",1,15,"PSSP6",4,2,21,1
"GP4-999",1,"canopy",1,15,"VIAM",5,3,14,1
"GP4-999",1,"canopy",1,15,"KOMA",3,1,9,1
"GP4-999",1,"canopy",1,15,"ELLA3",NA,NA,25,1
"GP4-999",1,"canopy",0.5,15,"SEDE2",12,8,1,1
"GP4-999",1,"canopy",1,15,"TALA2",2,1,2,1
"GP4-999",1,"canopy",1,15,"VIAM",6,3,5,1
"GP4-999",1,"canopy",1,15,"TALA2",1,1,1,1
"GP4-999",1,"canopy",1,15,"ELLA3",NA,NA,25,1
"GP4-999",1,"canopy",1,15,"ELLA3",NA,NA,25,1
"GP4-999",1,"canopy",1,15,"TALA2",2,1,2,1
"GP4-999",1,"interspace",0,15,"VIAM",7,3,3,1
"GP4-999",1,"interspace",0,15,"POSE",1,1,6,1
"GP4-999",1,"interspace",0,15,"TRDU",NA,NA,11,1
"GP4-999",1,"interspace",0,15,"VIAM",5,2,3,1
"GP4-999",1,"interspace",0,15,"ELLA3",NA,NA,15,1
"GP4-999",1,"interspace",0,15,"TALA2",6,2,2,1
"GP4-999",1,"interspace",0,15,"TALA2",8,4,3,1
"GP4-999",1,"interspace",0,15,"BOGR2",7,3,4,1
"GP4-999",1,"interspace",0,15,"KOMA",4,2,5,1
"GP4-999",1,"interspace",0,15,"BOGR2",3,2,6,1
"GP4-999",1,"interspace",0,15,"SEDE2",20,9,1,1
"GP4-999",1,"interspace",0,15,"TALA2",4,2,2,1
"GP4-999",1,"interspace",0,15,"KOMA",1,1,4,1
"GP4-999",1,"interspace",0,15,"KOMA",3,1,5,1
"GP4-999",1,"interspace",0,15,"ELLA3",NA,NA,15,1
"GP4-999",1,"interspace",0,15,"ELLA3",NA,NA,15,1
"GP4-999",1,"interspace",0,15,"ELLA3",NA,NA,15,1
"GP4-999",1,"interspace",0,15,"ELLA3",NA,NA,15,1
"GP4-999",1,"interspace",0,15,"ELLA3",NA,NA,15,1
"GP4-999",1,"interspace",0,15,"ELLA3",NA,NA,15,1
"GP4-999",1,"interspace",0,15,"ELLA3",NA,NA,15,1
"GP4-999",1,"interspace",0,15,"ELLA3",NA,NA,15,1
"GP4-999",1,"interspace",0,15,"ELLA3",NA,NA,15,1
"GP4-999",1,"interspace",0,15,"ELLA3",NA,NA,15,1
"GP4-999",1,"canopy",0,20,"VIAM",5,3,14,1
"GP4-999",1,"canopy",1,20,"ELLA3",NA,NA,33,1
"GP4-999",1,"canopy",1,20,"TALA2",12,5,5,1
"GP4-999",1,"canopy",1,20,"ELLA3",NA,NA,33,1
"GP4-999",1,"canopy",1,20,"ELLA3",NA,NA,33,1
"GP4-999",1,"canopy",1,20,"ELLA3",NA,NA,33,1
"GP4-999",1,"canopy",1,20,"ELLA3",NA,NA,33,1
"GP4-999",1,"canopy",1,20,"ELLA3",NA,NA,33,1
"GP4-999",1,"canopy",1,20,"ELLA3",NA,NA,33,1
"GP4-999",1,"canopy",1,20,"ELLA3",NA,NA,33,1
"GP4-999",1,"canopy",1,20,"ELLA3",NA,NA,33,1
"GP4-999",1,"interspace",0,20,"ARHO2",1,1,1,1
"GP4-999",1,"interspace",0,20,"TALA2",7,4,5,1
"GP4-999",1,"interspace",0,20,"KOMA",2,1,9,1
"GP4-999",1,"interspace",0,20,"POSE",7,4,8,1
"GP4-999",1,"interspace",0,20,"POSE",1,1,8,1
"GP4-999",1,"interspace",0,20,"PHHO",1,1,2,1
"GP4-999",1,"interspace",0,20,"ELLA3",NA,NA,16,1
"GP4-999",1,"interspace",0,20,"TALA2",6,6,3,1
"GP4-999",1,"interspace",0,20,"POSE",1,1,5,1
"GP4-999",1,"interspace",0,20,"POSE",3,1,5,1
"GP4-999",1,"interspace",0,20,"ELLA3",NA,NA,16,1
"GP4-999",1,"interspace",0,20,"ELLA3",NA,NA,16,1
"GP4-999",1,"interspace",0,20,"ELLA3",NA,NA,16,1
"GP4-999",1,"interspace",0,20,"ELLA3",NA,NA,16,1
"GP4-999",1,"interspace",0,20,"ELLA3",NA,NA,16,1
"GP4-999",1,"interspace",0,20,"ELLA3",NA,NA,16,1
"GP4-999",1,"interspace",0,20,"ELLA3",NA,NA,16,1
"GP4-999",1,"interspace",0,20,"ELLA3",NA,NA,16,1
"GP4-999",1,"interspace",0,20,"ELLA3",NA,NA,16,1
"GP4-999",1,"interspace",0,20,"ELLA3",NA,NA,16,1
"GP4-999",1,"canopy",1,25,"ELLA3",NA,NA,30,1
"GP4-999",1,"canopy",1,25,"TALA2",7,5,6,1
"GP4-999",1,"canopy",1,25,"TALA2",3,1,2,1
"GP4-999",1,"canopy",1,25,"ELLA3",NA,NA,30,1
"GP4-999",1,"canopy",1,25,"ELLA3",NA,NA,30,1
"GP4-999",1,"canopy",1,25,"ELLA3",NA,NA,30,1
"GP4-999",1,"canopy",1,25,"ELLA3",NA,NA,30,1
"GP4-999",1,"canopy",1,25,"ELLA3",NA,NA,30,1
"GP4-999",1,"canopy",1,25,"ELLA3",NA,NA,30,1
"GP4-999",1,"interspace",0,25,"POSE",1,1,5,1
"GP4-999",1,"interspace",0,25,"ELLA3",NA,NA,22,1
"GP4-999",1,"interspace",0,25,"SEDE2",21,13,1,1
"GP4-999",1,"interspace",0.5,25,"ELLA3",NA,NA,30,1
"GP4-999",1,"interspace",0,25,"POSE",1,1,7,1
"GP4-999",1,"interspace",0,25,"ELLA3",NA,NA,22,1
"GP4-999",1,"interspace",0,25,"ELLA3",NA,NA,22,1
"GP4-999",1,"interspace",0,25,"ELLA3",NA,NA,22,1
"GP4-999",1,"interspace",0,25,"ELLA3",NA,NA,22,1
"GP4-999",1,"interspace",0,25,"ELLA3",NA,NA,22,1
"GP4-999",1,"interspace",0,25,"ELLA3",NA,NA,22,1
"GP4-999",1,"interspace",0.5,25,"ELLA3",NA,NA,30,1
"GP4-999",1,"interspace",0.5,25,"ELLA3",NA,NA,30,1
"GP4-999",1,"interspace",0.5,25,"ELLA3",NA,NA,30,1
"GP4-999",1,"interspace",0.5,25,"ELLA3",NA,NA,30,1
"GP4-999",1,"interspace",0.5,25,"ELLA3",NA,NA,30,1
"GP4-999",1,"interspace",0.5,25,"ELLA3",NA,NA,30,1
"GP4-999",1,"interspace",0.5,25,"ELLA3",NA,NA,30,1
"GP4-999",1,"interspace",0.5,25,"ELLA3",NA,NA,30,1
"GP4-999",1,"interspace",0.5,25,"ELLA3",NA,NA,30,1
"GP4-999",1,"interspace",0.5,25,"ELLA3",NA,NA,30,1
"GP4-999",1,"interspace",0.5,25,"ELLA3",NA,NA,30,1
"GP4-999",1,"interspace",0.5,25,"ELLA3",NA,NA,30,1
"GP4-999",1,"interspace",0.5,25,"ELLA3",NA,NA,30,1
"GP4-999",1,"interspace",0.5,25,"ELLA3",NA,NA,30,1
"GP4-999",1,"interspace",0.5,25,"ELLA3",NA,NA,30,1
"GP4-999",1,"interspace",0.5,25,"ELLA3",NA,NA,30,1
"GP4-999",1,"interspace",0.5,25,"ELLA3",NA,NA,30,1
"GP4-999",1,"interspace",0.5,25,"ELLA3",NA,NA,30,1
"GP4-999",1,"interspace",0.5,25,"ELLA3",NA,NA,30,1
"GP4-999",1,"interspace",0.5,25,"ELLA3",NA,NA,30,1
"GP4-999",1,"interspace",0.5,25,"ELLA3",NA,NA,30,1
"GP4-999",1,"interspace",0.5,25,"ELLA3",NA,NA,30,1
"GP4-999",1,"interspace",0.5,25,"ELLA3",NA,NA,30,1
"GP4-999",1,"interspace",0.5,25,"ELLA3",NA,NA,30,1
"GP4-999",1,"interspace",0.5,25,"ELLA3",NA,NA,30,1
"GP4-999",1,"interspace",0.5,25,"ELLA3",NA,NA,30,1
"GP4-999",1,"interspace",0.5,25,"ELLA3",NA,NA,30,1
"GP4-999",1,"interspace",0.5,25,"ELLA3",NA,NA,30,1
"GP4-999",1,"interspace",0.5,25,"ELLA3",NA,NA,30,1
"GP4-999",2,"canopy",1,5,"TALA2",10,10,7,1
"GP4-999",2,"canopy",1,5,"BRAR5",NA,NA,10,1
"GP4-999",2,"canopy",1,5,"TALA2",13,8,5,1
"GP4-999",2,"canopy",1,5,"VIAM",6,4,10,1
"GP4-999",2,"canopy",1,5,"ELLA3",NA,NA,35,1
"GP4-999",2,"canopy",1,5,"ELLA3",NA,NA,35,1
"GP4-999",2,"canopy",1,5,"ELLA3",NA,NA,35,1
"GP4-999",2,"canopy",1,5,"ELLA3",NA,NA,35,1
"GP4-999",2,"canopy",1,5,"ELLA3",NA,NA,35,1
"GP4-999",2,"canopy",1,5,"ELLA3",NA,NA,35,1
"GP4-999",2,"canopy",1,5,"ELLA3",NA,NA,35,1
"GP4-999",2,"canopy",1,5,"ELLA3",NA,NA,35,1
"GP4-999",2,"canopy",1,5,"ELLA3",NA,NA,35,1
"GP4-999",2,"canopy",1,5,"ELLA3",NA,NA,35,1
"GP4-999",2,"interspace",0,5,"HECO26",2,1,4,1
"GP4-999",2,"interspace",0,5,"TALA2",5,3,3,1
"GP4-999",2,"interspace",0,5,"KOMA",3,1,5,1
"GP4-999",2,"interspace",0,5,"HECO26",2,1,7,1
"GP4-999",2,"interspace",0,5,"HECO26",1,1,7,1
"GP4-999",2,"interspace",0,5,"TALA2",6,3,3,1
"GP4-999",2,"interspace",0,5,"SEDE2",30,20,1,1
"GP4-999",2,"interspace",0,5,"BOGR2",2,1,2,1
"GP4-999",2,"interspace",0,5,"ELLA3",NA,NA,9,1
"GP4-999",2,"interspace",0,5,"POSE",1,1,3,1
"GP4-999",2,"interspace",0,5,"ELLA3",NA,NA,7,1
"GP4-999",2,"interspace",0,5,"POSE",1,1,2,1
"GP4-999",2,"interspace",0,5,"CADU6",NA,NA,5,1
"GP4-999",2,"interspace",0,5,"KOMA",2,2,4,1
"GP4-999",2,"interspace",0,5,"HECO26",2,1,8,1
"GP4-999",2,"interspace",0,5,"HECO26",1,1,7,1
"GP4-999",2,"interspace",0,5,"HECO26",2,1,6,1
"GP4-999",2,"interspace",0,5,"ELLA3",NA,NA,15,1
"GP4-999",2,"interspace",0,5,"ELLA3",NA,NA,9,1
"GP4-999",2,"interspace",0,5,"ELLA3",NA,NA,7,1
"GP4-999",2,"interspace",0,5,"POSE",1,1,2,1
"GP4-999",2,"interspace",0,5,"CADU6",NA,NA,5,1
"GP4-999",2,"interspace",0,5,"ELLA3",NA,NA,15,1
"GP4-999",2,"interspace",0,5,"ELLA3",NA,NA,15,1
"GP4-999",2,"interspace",0,5,"ELLA3",NA,NA,15,1
"GP4-999",2,"interspace",0,5,"ELLA3",NA,NA,15,1
"GP4-999",2,"canopy",0.5,10,"TALA2",18,4,3,1
"GP4-999",2,"canopy",1,10,"ELLA3",NA,NA,30,1
"GP4-999",2,"canopy",1,10,"SEDE2",20,20,1,1
"GP4-999",2,"canopy",0,10,"VIAM",5,3,7,1
"GP4-999",2,"canopy",0.5,10,"ELLA3",NA,NA,15,1
"GP4-999",2,"canopy",0.5,10,"TALA2",8,4,4,1
"GP4-999",2,"canopy",0.5,10,"TALA2",9,4,3,1
"GP4-999",2,"canopy",0,10,"VIAM",7,3,5,1
"GP4-999",2,"canopy",0.5,10,"ELLA3",NA,NA,20,1
"GP4-999",2,"canopy",0.5,10,"TALA2",5,4,4,1
"GP4-999",2,"canopy",1,10,"ELLA3",NA,NA,30,1
"GP4-999",2,"canopy",0.5,10,"ELLA3",NA,NA,15,1
"GP4-999",2,"canopy",0.5,10,"ELLA3",NA,NA,15,1
"GP4-999",2,"canopy",0.5,10,"ELLA3",NA,NA,20,1
"GP4-999",2,"interspace",0.5,10,"HECO26",2,2,17,1
"GP4-999",2,"interspace",1,10,"TALA2",9,8,4,1
"GP4-999",2,"interspace",1,10,"VIAM",8,4,9,1
"GP4-999",2,"interspace",1,10,"POSE",3,1,7,1
"GP4-999",2,"interspace",1,10,"VIAM",5,5,18,1
"GP4-999",2,"interspace",1,10,"TALA2",4,3,3,1
"GP4-999",2,"interspace",0.5,10,"TALA2",4,3,3,1
"GP4-999",2,"interspace",0,10,"KOMA",1,1,5,1
"GP4-999",2,"interspace",0,10,"POSE",1,1,4,1
"GP4-999",2,"interspace",0.5,10,"SEDE2",30,20,2,1
"GP4-999",2,"interspace",1,10,"POSE",1,1,7,1
"GP4-999",2,"interspace",1,10,"ELLA3",NA,NA,25,1
"GP4-999",2,"interspace",0.5,10,"POSE",1,2,7,1
"GP4-999",2,"interspace",1,10,"TALA2",5,5,5,1
"GP4-999",2,"interspace",0,10,"POSE",1,1,4,1
"GP4-999",2,"interspace",1,10,"ELLA3",NA,NA,25,1
"GP4-999",2,"interspace",1,10,"ELLA3",NA,NA,25,1
"GP4-999",2,"interspace",1,10,"ELLA3",NA,NA,25,1
"GP4-999",2,"interspace",1,10,"ELLA3",NA,NA,25,1
"GP4-999",2,"canopy",0,15,"SEDE2",17,7,1,1
"GP4-999",2,"canopy",1,15,"VIAM",3,3,12,1
"GP4-999",2,"canopy",1,15,"POSE",4,2,10,1
"GP4-999",2,"canopy",0,15,"VIAM",2,2,3,1
"GP4-999",2,"canopy",1,15,"ELLA3",NA,NA,35,1
"GP4-999",2,"canopy",0,15,"POSE",2,1,7,1
"GP4-999",2,"canopy",0.5,15,"TALA2",10,4,3,1
"GP4-999",2,"canopy",0,15,"ELLA3",NA,NA,15,1
"GP4-999",2,"canopy",1,15,"ELLA3",NA,NA,35,1
"GP4-999",2,"canopy",1,15,"ELLA3",NA,NA,35,1
"GP4-999",2,"canopy",1,15,"ELLA3",NA,NA,35,1
"GP4-999",2,"canopy",1,15,"ELLA3",NA,NA,35,1
"GP4-999",2,"canopy",0,15,"ELLA3",NA,NA,15,1
"GP4-999",2,"canopy",0,15,"ELLA3",NA,NA,15,1
"GP4-999",2,"canopy",0,15,"ELLA3",NA,NA,15,1
"GP4-999",2,"interspace",0,15,"KOMA",2,2,5,1
"GP4-999",2,"interspace",0,15,"ELLA3",NA,NA,15,1
"GP4-999",2,"interspace",0,15,"ELLA3",NA,NA,23,1
"GP4-999",2,"interspace",0,15,"KOMA",1,1,4,1
"GP4-999",2,"interspace",0,15,"KOMA",1,1,5,1
"GP4-999",2,"interspace",0,15,"SEDE2",25,20,1,1
"GP4-999",2,"interspace",0,15,"BOGR2",2,1,2,1
"GP4-999",2,"interspace",0,15,"ELLA3",NA,NA,15,1
"GP4-999",2,"interspace",0,15,"ELLA3",NA,NA,15,1
"GP4-999",2,"interspace",0,15,"ELLA3",NA,NA,15,1
"GP4-999",2,"interspace",0,15,"ELLA3",NA,NA,15,1
"GP4-999",2,"interspace",0,15,"ELLA3",NA,NA,15,1
"GP4-999",2,"interspace",0,15,"ELLA3",NA,NA,15,1
"GP4-999",2,"interspace",0,15,"ELLA3",NA,NA,15,1
"GP4-999",2,"interspace",0,15,"ELLA3",NA,NA,15,1
"GP4-999",2,"interspace",0,15,"ELLA3",NA,NA,15,1
"GP4-999",2,"interspace",0,15,"ELLA3",NA,NA,15,1
"GP4-999",2,"interspace",0,15,"KOMA",1,1,4,1
"GP4-999",2,"interspace",0,15,"KOMA",1,1,4,1
"GP4-999",2,"interspace",0,15,"KOMA",1,1,4,1
"GP4-999",2,"interspace",0,15,"KOMA",1,1,4,1
"GP4-999",2,"canopy",1,20,"ALTE",1,1,7,1
"GP4-999",2,"canopy",1,20,"ELLA3",NA,NA,35,1
"GP4-999",2,"canopy",1,20,"ELLA3",NA,NA,27,1
"GP4-999",2,"canopy",1,20,"ELLA3",NA,NA,35,1
"GP4-999",2,"interspace",1,20,"TALA2",6,2,3,1
"GP4-999",2,"interspace",0,20,"LOAR5",NA,NA,2,1
"GP4-999",2,"interspace",0.5,20,"KOMA",3,2,12,1
"GP4-999",2,"interspace",0,20,"ELLA3",NA,NA,20,1
"GP4-999",2,"interspace",0,20,"ELLA3",NA,NA,18,1
"GP4-999",2,"interspace",1,20,"TALA2",10,3,4,1
"GP4-999",2,"interspace",1,20,"KOMA",2,2,15,1
"GP4-999",2,"interspace",0,20,"TALA2",3,2,1,1
"GP4-999",2,"interspace",0,20,"POSE",1,1,3,1
"GP4-999",2,"interspace",0,20,"TALA2",5,3,2,1
"GP4-999",2,"interspace",0,20,"POSE",1,1,4,1
"GP4-999",2,"interspace",0,20,"POSE",3,1,9,1
"GP4-999",2,"interspace",0,20,"ELLA3",NA,NA,20,1
"GP4-999",2,"interspace",0,20,"ELLA3",NA,NA,20,1
"GP4-999",2,"interspace",0,20,"ELLA3",NA,NA,18,1
"GP4-999",2,"interspace",0,20,"POSE",1,1,3,1
"GP4-999",2,"interspace",0,20,"POSE",1,1,3,1
"GP4-999",2,"canopy",0,25,"VIAM",3,3,8,1
"GP4-999",2,"canopy",0,25,"VIAM",8,5,12,1
"GP4-999",2,"canopy",0,25,"ELLA3",NA,NA,19,1
"GP4-999",2,"canopy",0,25,"SEDE2",20,11,1,1
"GP4-999",2,"canopy",1,25,"HECO26",3,1,18,1
"GP4-999",2,"canopy",1,25,"SEDE2",16,8,1,1
"GP4-999",2,"canopy",0,25,"ELLA3",NA,NA,19,1
"GP4-999",2,"canopy",0,25,"ELLA3",NA,NA,19,1
"GP4-999",2,"canopy",0,25,"ELLA3",NA,NA,19,1
"GP4-999",2,"canopy",0,25,"ELLA3",NA,NA,19,1
"GP4-999",2,"canopy",0,25,"ELLA3",NA,NA,19,1
"GP4-999",2,"canopy",0,25,"ELLA3",NA,NA,19,1
"GP4-999",2,"canopy",0,25,"ELLA3",NA,NA,19,1
"GP4-999",2,"canopy",0,25,"ELLA3",NA,NA,19,1
"GP4-999",2,"interspace",1,25,"ELLA3",NA,NA,35,1
"GP4-999",2,"interspace",1,25,"BRAR5",NA,NA,16,1
"GP4-999",2,"interspace",1,25,"VIAM",5,3,17,1
"GP4-999",2,"interspace",1,25,"BRAR5",NA,NA,13,1
"GP4-999",2,"interspace",0.5,25,"VIAM",3,3,10,1
"GP4-999",2,"interspace",1,25,"VIAM",6,3,12,1
"GP4-999",2,"interspace",1,25,"ELLA3",NA,NA,35,1
"GP4-999",2,"interspace",1,25,"ELLA3",NA,NA,35,1
"GP4-999",2,"interspace",1,25,"ELLA3",NA,NA,35,1
"GP4-999",2,"interspace",1,25,"ELLA3",NA,NA,35,1
"GP4-999",3,"canopy",0.5,5,"TALA2",9,6,5,1
"GP4-999",3,"canopy",1,5,"ELLA3",NA,NA,30,1
"GP4-999",3,"canopy",0,5,"ELLA3",NA,NA,17,1
"GP4-999",3,"canopy",0,5,"SEDE2",15,11,1,1
"GP4-999",3,"canopy",0.5,5,"ELLA3",NA,NA,15,1
"GP4-999",3,"canopy",1,5,"ELLA3",NA,NA,30,1
"GP4-999",3,"canopy",1,5,"ELLA3",NA,NA,30,1
"GP4-999",3,"canopy",1,5,"ELLA3",NA,NA,30,1
"GP4-999",3,"canopy",1,5,"ELLA3",NA,NA,30,1
"GP4-999",3,"canopy",1,5,"ELLA3",NA,NA,30,1
"GP4-999",3,"canopy",1,5,"ELLA3",NA,NA,30,1
"GP4-999",3,"canopy",0,5,"ELLA3",NA,NA,17,1
"GP4-999",3,"canopy",0,5,"ELLA3",NA,NA,17,1
"GP4-999",3,"canopy",0.5,5,"ELLA3",NA,NA,15,1
"GP4-999",3,"interspace",0,5,"TALA2",3,2,3,1
"GP4-999",3,"interspace",0,5,"POSE",1,1,6,1
"GP4-999",3,"interspace",0,5,"TALA2",5,2,3,1
"GP4-999",3,"interspace",0,5,"CADU6",NA,NA,7,1
"GP4-999",3,"interspace",0,5,"CADU6",NA,NA,8,1
"GP4-999",3,"interspace",0,5,"HECO26",3,3,12,1
"GP4-999",3,"interspace",0,5,"VIAM",4,3,7,1
"GP4-999",3,"interspace",0,5,"SEDE2",16,14,1,1
"GP4-999",3,"interspace",0,5,"TALA2",2,1,2,1
"GP4-999",3,"interspace",0,5,"TALA2",3,3,3,1
"GP4-999",3,"interspace",0,5,"ELLA3",NA,NA,19,1
"GP4-999",3,"interspace",0,5,"TALA2",4,4,3,1
"GP4-999",3,"interspace",0,5,"PLPA2",NA,NA,6,1
"GP4-999",3,"interspace",0,5,"TALA2",6,3,3,1
"GP4-999",3,"interspace",0,5,"TALA2",5,4,3,1
"GP4-999",3,"interspace",0,5,"HECO26",4,2,9,1
"GP4-999",3,"interspace",0,5,"HECO26",4,4,12,1
"GP4-999",3,"interspace",0,5,"KOMA",1,1,4,1
"GP4-999",3,"interspace",0,5,"TALA2",5,5,4,1
"GP4-999",3,"interspace",0,5,"POSE",1,1,6,1
"GP4-999",3,"interspace",0,5,"POSE",1,1,6,1
"GP4-999",3,"interspace",0,5,"POSE",1,1,6,1
"GP4-999",3,"interspace",0,5,"POSE",1,1,6,1
"GP4-999",3,"interspace",0,5,"POSE",1,1,6,1
"GP4-999",3,"interspace",0,5,"POSE",1,1,6,1
"GP4-999",3,"interspace",0,5,"POSE",1,1,6,1
"GP4-999",3,"interspace",0,5,"CADU6",NA,NA,7,1
"GP4-999",3,"interspace",0,5,"CADU6",NA,NA,8,1
"GP4-999",3,"interspace",0,5,"CADU6",NA,NA,8,1
"GP4-999",3,"interspace",0,5,"CADU6",NA,NA,8,1
"GP4-999",3,"interspace",0,5,"CADU6",NA,NA,8,1
"GP4-999",3,"interspace",0,5,"CADU6",NA,NA,8,1
"GP4-999",3,"interspace",0,5,"TALA2",3,3,3,1
"GP4-999",3,"interspace",0,5,"ELLA3",NA,NA,19,1
"GP4-999",3,"interspace",0,5,"ELLA3",NA,NA,19,1
"GP4-999",3,"interspace",0,5,"ELLA3",NA,NA,19,1
"GP4-999",3,"interspace",0,5,"ELLA3",NA,NA,19,1
"GP4-999",3,"interspace",0,5,"ELLA3",NA,NA,19,1
"GP4-999",3,"interspace",0,5,"ELLA3",NA,NA,19,1
"GP4-999",3,"canopy",1,10,"ELLA3",NA,NA,14,1
"GP4-999",3,"canopy",1,10,"BRAR5",NA,NA,12,1
"GP4-999",3,"canopy",1,10,"VIAM",5,3,30,1
"GP4-999",3,"canopy",1,10,"POSE",3,4,12,1
"GP4-999",3,"canopy",1,10,"VIAM",3,3,25,1
"GP4-999",3,"canopy",1,10,"TALA2",4,2,2,1
"GP4-999",3,"canopy",0,10,"SEDE2",8,8,1,1
"GP4-999",3,"canopy",1,10,"POSE",4,2,12,1
"GP4-999",3,"canopy",1,10,"POSE",1,1,12,1
"GP4-999",3,"canopy",1,10,"BRAR5",NA,NA,7,1
"GP4-999",3,"canopy",1,10,"ELLA3",NA,NA,14,1
"GP4-999",3,"canopy",1,10,"ELLA3",NA,NA,14,1
"GP4-999",3,"canopy",1,10,"BRAR5",NA,NA,7,1
"GP4-999",3,"canopy",1,10,"BRAR5",NA,NA,7,1
"GP4-999",3,"interspace",0.5,10,"ELLA3",NA,NA,25,1
"GP4-999",3,"interspace",1,10,"TALA2",14,4,4,1
"GP4-999",3,"interspace",0,10,"SEDE2",5,5,1,1
"GP4-999",3,"interspace",0.5,10,"HECO26",3,3,19,1
"GP4-999",3,"interspace",0,10,"KOMA",2,1,4,1
"GP4-999",3,"interspace",1,10,"HECO26",2,2,13,1
"GP4-999",3,"interspace",1,10,"TALA2",14,13,5,1
"GP4-999",3,"canopy",0.5,15,"SEDE2",6,7,1,1
"GP4-999",3,"canopy",1,15,"ELLA3",NA,NA,30,1
"GP4-999",3,"canopy",1,15,"TALA2",5,4,5,1
"GP4-999",3,"canopy",1,15,"ELLA3",NA,NA,21,1
"GP4-999",3,"canopy",1,15,"ELLA3",NA,NA,34,1
"GP4-999",3,"canopy",1,15,"ELLA3",NA,NA,21,1
"GP4-999",3,"canopy",1,15,"ELLA3",NA,NA,21,1
"GP4-999",3,"canopy",1,15,"ELLA3",NA,NA,21,1
"GP4-999",3,"canopy",1,15,"ELLA3",NA,NA,34,1
"GP4-999",3,"canopy",1,15,"ELLA3",NA,NA,34,1
"GP4-999",3,"canopy",1,15,"ELLA3",NA,NA,34,1
"GP4-999",3,"interspace",0,15,"SEDE2",5,3,1,1
"GP4-999",3,"interspace",0,15,"BOGR2",1,1,3,1
"GP4-999",3,"interspace",0,15,"SEDE2",4,3,1,1
"GP4-999",3,"interspace",0,15,"KOMA",4,2,5,1
"GP4-999",3,"interspace",0,15,"SEDE2",6,7,1,1
"GP4-999",3,"interspace",0,15,"ELLA3",NA,NA,19,1
"GP4-999",3,"interspace",0,15,"POSE",1,1,3,1
"GP4-999",3,"interspace",0,15,"TALA2",2,2,2,1
"GP4-999",3,"interspace",0,15,"KOMA",1,1,5,1
"GP4-999",3,"interspace",0,15,"BOGR2",2,2,4,1
"GP4-999",3,"interspace",0,15,"SEDE2",3,2,1,1
"GP4-999",3,"interspace",0,15,"POSE",5,1,12,1
"GP4-999",3,"interspace",0,15,"POSE",2,1,4,1
"GP4-999",3,"interspace",0,15,"KOMA",6,2,5,1
"GP4-999",3,"interspace",0,15,"POSE",1,1,2,1
"GP4-999",3,"interspace",0,15,"TALA2",4,3,4,1
"GP4-999",3,"interspace",0,15,"BOGR2",1,1,3,1
"GP4-999",3,"interspace",0,15,"BOGR2",1,1,3,1
"GP4-999",3,"interspace",0,15,"ELLA3",NA,NA,19,1
"GP4-999",3,"interspace",0,15,"ELLA3",NA,NA,19,1
"GP4-999",3,"interspace",0,15,"ELLA3",NA,NA,19,1
"GP4-999",3,"interspace",0,15,"ELLA3",NA,NA,19,1
"GP4-999",3,"interspace",0,15,"ELLA3",NA,NA,19,1
"GP4-999",3,"interspace",0,15,"SEDE2",3,2,1,1
"GP4-999",3,"interspace",0,15,"POSE",1,1,2,1
"GP4-999",3,"canopy",1,20,"TALA2",6,3,3,1
"GP4-999",3,"canopy",1,20,"TALA2",10,3,3,1
"GP4-999",3,"canopy",1,20,"TALA2",3,2,2,1
"GP4-999",3,"canopy",1,20,"KOMA",1,1,5,1
"GP4-999",3,"canopy",0.5,20,"SEDE2",15,5,1,1
"GP4-999",3,"canopy",1,20,"ELLA3",NA,NA,17,1
"GP4-999",3,"canopy",1,20,"BRAR5",NA,NA,8,1
"GP4-999",3,"canopy",1,20,"VIAM",9,5,20,1
"GP4-999",3,"canopy",1,20,"TALA2",2,1,1,1
"GP4-999",3,"canopy",1,20,"ELLA3",NA,NA,17,1
"GP4-999",3,"canopy",1,20,"ELLA3",NA,NA,17,1
"GP4-999",3,"canopy",1,20,"ELLA3",NA,NA,17,1
"GP4-999",3,"interspace",0,20,"ELLA3",NA,NA,15,1
"GP4-999",3,"interspace",0,20,"ANMI3",1,1,1,1
"GP4-999",3,"interspace",0,20,"HECO26",3,2,10,1
"GP4-999",3,"interspace",0,20,"HECO26",2,1,9,1
"GP4-999",3,"interspace",0,20,"TALA2",2,2,2,1
"GP4-999",3,"interspace",0,20,"TALA2",3,2,2,1
"GP4-999",3,"interspace",0,20,"SEDE2",30,20,1,1
"GP4-999",3,"interspace",0,20,"KOMA",1,1,4,1
"GP4-999",3,"interspace",0,20,"KOMA",1,1,3,1
"GP4-999",3,"interspace",0,20,"ANMI3",2,2,1,1
"GP4-999",3,"interspace",0,20,"KOMA",1,1,3,1
"GP4-999",3,"interspace",0,20,"HECO26",2,2,8,1
"GP4-999",3,"interspace",0,20,"TALA2",2,2,3,1
"GP4-999",3,"interspace",0,20,"ELLA3",NA,NA,15,1
"GP4-999",3,"interspace",0,20,"ELLA3",NA,NA,15,1
"GP4-999",3,"interspace",0,20,"ELLA3",NA,NA,15,1
"GP4-999",3,"interspace",0,20,"ELLA3",NA,NA,15,1
"GP4-999",3,"interspace",0,20,"ELLA3",NA,NA,15,1
"GP4-999",3,"interspace",0,20,"TALA2",2,2,2,1
"GP4-999",3,"interspace",0,20,"TALA2",2,2,2,1
"GP4-999",3,"interspace",0,20,"KOMA",1,1,4,1
"GP4-999",3,"interspace",0,20,"KOMA",1,1,4,1
"GP4-999",3,"interspace",0,20,"KOMA",1,1,4,1
"GP4-999",3,"interspace",0,20,"KOMA",1,1,3,1
"GP4-999",3,"canopy",0.5,25,"SEDE2",15,10,1,1
"GP4-999",3,"canopy",1,25,"ELLA3",NA,NA,21,1
"GP4-999",3,"canopy",0,25,"TALA2",8,7,6,1
"GP4-999",3,"canopy",0,25,"HECO26",3,3,15,1
"GP4-999",3,"canopy",1,25,"ELLA3",NA,NA,25,1
"GP4-999",3,"canopy",1,25,"BRAR5",NA,NA,14,1
"GP4-999",3,"canopy",1,25,"ELLA3",NA,NA,20,1
"GP4-999",3,"canopy",1,25,"ELLA3",NA,NA,21,1
"GP4-999",3,"canopy",1,25,"ELLA3",NA,NA,21,1
"GP4-999",3,"canopy",1,25,"ELLA3",NA,NA,21,1
"GP4-999",3,"canopy",1,25,"ELLA3",NA,NA,21,1
"GP4-999",3,"canopy",1,25,"ELLA3",NA,NA,25,1
"GP4-999",3,"canopy",1,25,"BRAR5",NA,NA,14,1
"GP4-999",3,"interspace",0,25,"SEDE2",30,20,1,1
"GP4-999",3,"interspace",0,25,"TALA2",7,4,2,1
"GP4-999",3,"interspace",0,25,"TALA2",2,1,1,1
"GP4-999",3,"interspace",0,25,"TALA2",3,3,2,1
"GP4-999",3,"interspace",0,25,"TALA2",8,6,2,1
"GP4-999",3,"interspace",0,25,"TALA2",1,1,1,1
"GP4-999",3,"interspace",0,25,"POSE",1,1,3,1
"GP4-999",3,"interspace",0,25,"POSE",5,4,4,1
"GP4-999",3,"interspace",0,25,"HECO26",3,3,7,1
"GP4-999",3,"interspace",0,25,"ELLA3",NA,NA,15,1
"GP4-999",3,"interspace",0,25,"BRAR5",NA,NA,13,1
"GP4-999",3,"interspace",0,25,"HECO26",1,1,10,1
"GP4-999",3,"interspace",0,25,"ELLA3",NA,NA,15,1
"GP4-999",3,"interspace",0,25,"ELLA3",NA,NA,15,1
"GP4-999",3,"interspace",0,25,"ELLA3",NA,NA,15,1
"GP5-005",1,"canopy",1,5,"ELLA3",NA,NA,22,1
"GP5-005",1,"canopy",1,5,"ELLA3",NA,NA,22,1
"GP5-005",1,"canopy",1,5,"ELLA3",NA,NA,22,1
"GP5-005",1,"canopy",1,5,"ELLA3",NA,NA,22,1
"GP5-005",1,"interspace",0,5,"ELLA3",NA,NA,22,1
"GP5-005",1,"interspace",0,5,"HECO26",3,3,16,1
"GP5-005",1,"interspace",0,5,"POSE",3,1,8,1
"GP5-005",1,"interspace",0,5,"ELLA3",NA,NA,22,1
"GP5-005",1,"interspace",0,5,"ELLA3",NA,NA,22,1
"GP5-005",1,"canopy",1,10,"ELLA3",NA,NA,25,1
"GP5-005",1,"canopy",0,10,"HECO26",1,1,13,1
"GP5-005",1,"canopy",1,10,"ELLA3",NA,NA,25,1
"GP5-005",1,"canopy",1,10,"ELLA3",NA,NA,25,1
"GP5-005",1,"canopy",1,10,"ELLA3",NA,NA,25,1
"GP5-005",1,"canopy",1,10,"ELLA3",NA,NA,25,1
"GP5-005",1,"canopy",1,10,"ELLA3",NA,NA,25,1
"GP5-005",1,"canopy",1,10,"ELLA3",NA,NA,25,1
"GP5-005",1,"canopy",1,10,"ELLA3",NA,NA,25,1
"GP5-005",1,"canopy",1,10,"ELLA3",NA,NA,25,1
"GP5-005",1,"interspace",0,10,"ELLA3",NA,NA,22,1
"GP5-005",1,"interspace",0,10,"HECO26",1,1,20,1
"GP5-005",1,"interspace",0,10,"ALDE",NA,NA,3,1
"GP5-005",1,"interspace",0,10,"BRTE",NA,NA,5,1
"GP5-005",1,"interspace",0,10,"VUOC",NA,NA,4,1
"GP5-005",1,"interspace",0,10,"PSLA3",8,6,17,1
"GP5-005",1,"interspace",0,10,"PSLA3",4,2,12,1
"GP5-005",1,"interspace",0,10,"HECO26",3,2,18,1
"GP5-005",1,"interspace",0,10,"HECO26",3,1,9,1
"GP5-005",1,"interspace",0,10,"ELLA3",NA,NA,22,1
"GP5-005",1,"interspace",0,10,"ELLA3",NA,NA,22,1
"GP5-005",1,"interspace",0,10,"ELLA3",NA,NA,22,1
"GP5-005",1,"interspace",0,10,"ELLA3",NA,NA,22,1
"GP5-005",1,"interspace",0,10,"ALDE",NA,NA,3,1
"GP5-005",1,"interspace",0,10,"ALDE",NA,NA,3,1
"GP5-005",1,"interspace",0,10,"BRTE",NA,NA,5,1
"GP5-005",1,"canopy",1,15,"ELLA3",NA,NA,20,1
"GP5-005",1,"canopy",1,15,"ELLA3",NA,NA,20,1
"GP5-005",1,"canopy",1,15,"ELLA3",NA,NA,20,1
"GP5-005",1,"canopy",1,15,"ELLA3",NA,NA,20,1
"GP5-005",1,"canopy",1,15,"ELLA3",NA,NA,20,1
"GP5-005",1,"canopy",1,15,"ELLA3",NA,NA,20,1
"GP5-005",1,"interspace",0,15,"SPCR",10,8,13,1
"GP5-005",1,"interspace",0,15,"SPCR",10,5,10,1
"GP5-005",1,"interspace",0,15,"HECO26",3,3,15,1
"GP5-005",1,"canopy",1,20,"ELLA3",NA,NA,30,1
"GP5-005",1,"canopy",1,20,"HECO26",3,2,20,1
"GP5-005",1,"interspace",0,20,"PSLA3",2,2,14,1
"GP5-005",1,"interspace",0,20,"PSLA3",8,4,20,1
"GP5-005",1,"interspace",0,20,"HECO26",8,4,20,1
"GP5-005",1,"interspace",0,20,"PSLA3",1,1,8,1
"GP5-005",1,"interspace",0,20,"ELLA3",NA,NA,13,1
"GP5-005",1,"canopy",1,25,"NO PLANTS",NA,NA,NA,0
"GP5-005",1,"interspace",0,25,"HECO26",6,3,17,1
"GP5-005",1,"interspace",0,25,"ELLA3",NA,NA,26,1
"GP5-005",1,"interspace",1,25,"ELLA3",NA,NA,22,1
"GP5-005",1,"interspace",1,25,"HECO26",3,2,19,1
"GP5-005",1,"interspace",0,25,"ACHY",1,1,23,1
"GP5-005",1,"interspace",0,25,"HECO26",1,1,11,1
"GP5-005",1,"interspace",0,25,"ELLA3",NA,NA,26,1
"GP5-005",1,"interspace",0,25,"ELLA3",NA,NA,26,1
"GP5-005",2,"canopy",0.5,5,"COUM",2,2,15,1
"GP5-005",2,"interspace",0,5,"POSE",6,3,4,1
"GP5-005",2,"interspace",0,5,"PSLA3",4,3,11,1
"GP5-005",2,"interspace",0,5,"BRTE",NA,NA,4,1
"GP5-005",2,"interspace",0,5,"ALDE",NA,NA,5,1
"GP5-005",2,"interspace",0,5,"HECO26",5,4,14,1
"GP5-005",2,"interspace",0,5,"BRTE",NA,NA,4,1
"GP5-005",2,"interspace",0,5,"BRTE",NA,NA,4,1
"GP5-005",2,"interspace",0,5,"BRTE",NA,NA,4,1
"GP5-005",2,"interspace",0,5,"ALDE",NA,NA,5,1
"GP5-005",2,"interspace",0,5,"ALDE",NA,NA,5,1
"GP5-005",2,"interspace",0,5,"ALDE",NA,NA,5,1
"GP5-005",2,"canopy",1,10,"HECO26",2,2,22,1
"GP5-005",2,"canopy",1,10,"HECO26",2,2,22,1
"GP5-005",2,"interspace",1,10,"NO GAPS >60 cm",NA,NA,NA,1
"GP5-005",2,"canopy",1,12.5,"COUM",2,2,5,1
"GP5-005",2,"canopy",1,12.5,"BRTE",NA,NA,15,1
"GP5-005",2,"interspace",1,12.5,"ELLA3",NA,NA,24,1
"GP5-005",2,"canopy",1,15,"ELLA3",NA,NA,20,1
"GP5-005",2,"canopy",1,15,"ELLA3",NA,NA,20,1
"GP5-005",2,"canopy",1,15,"ELLA3",NA,NA,20,1
"GP5-005",2,"canopy",1,15,"ELLA3",NA,NA,20,1
"GP5-005",2,"canopy",1,15,"ELLA3",NA,NA,20,1
"GP5-005",2,"interspace",0,15,"ALDE",NA,NA,6,1
"GP5-005",2,"interspace",0,15,"HECO26",3,2,23,1
"GP5-005",2,"interspace",0,15,"ALDE",NA,NA,6,1
"GP5-005",2,"interspace",0,15,"ALDE",NA,NA,6,1
"GP5-005",2,"canopy",1,20,"NO PLANTS",NA,NA,NA,0
"GP5-005",2,"interspace",0,20,"ELLA3",NA,NA,19,1
"GP5-005",2,"interspace",0,20,"BRTE",NA,NA,12,1
"GP5-005",2,"interspace",0,20,"HECO26",6,5,7,1
"GP5-005",2,"interspace",0,20,"BRTE",NA,NA,12,1
"GP5-005",2,"interspace",0,20,"BRTE",NA,NA,12,1
"GP5-005",2,"interspace",0,20,"BRTE",NA,NA,12,1
"GP5-005",2,"canopy",1,25,"HECO26",2,2,30,1
"GP5-005",2,"canopy",1,25,"PF",12,7,22,1
"GP5-005",2,"canopy",1,25,"ELLA3",NA,NA,33,1
"GP5-005",2,"interspace",0,25,"PF",5,3,15,1
"GP5-005",2,"interspace",0,25,"PF",1,1,8,1
"GP5-005",2,"interspace",0,25,"PF",1,2,10,1
"GP5-005",2,"interspace",0,25,"PF",3,2,13,1
"GP5-005",2,"interspace",0,25,"OPPO",3,4,4,1
"GP5-005",2,"interspace",0,25,"HECO26",6,4,15,1
"GP5-005",2,"interspace",0,25,"POSE",1,1,4,1
"GP5-005",3,"canopy",0,5,"HECO26",7,5,20,1
"GP5-005",3,"interspace",0,5,"ALDE",NA,NA,7,1
"GP5-005",3,"interspace",0,5,"HECO26",4,4,20,1
"GP5-005",3,"interspace",0,5,"OPPO",45,26,10,1
"GP5-005",3,"canopy",1,10,"HECO26",2,2,15,1
"GP5-005",3,"interspace",0,10,"HECO26",2,1,10,1
"GP5-005",3,"interspace",0,10,"POSE",2,1,5,1
"GP5-005",3,"interspace",0,10,"PF",4,5,25,1
"GP5-005",3,"interspace",0,10,"BRTE",NA,NA,15,1
"GP5-005",3,"interspace",0,10,"HECO26",1,1,15,1
"GP5-005",3,"interspace",0,10,"HECO26",3,1,20,1
"GP5-005",3,"interspace",0,10,"ELLA3",NA,NA,10,1
"GP5-005",3,"interspace",0,10,"HECO26",3,3,15,1
"GP5-005",3,"interspace",0,10,"PSLA3",2,2,7,1
"GP5-005",3,"interspace",0,10,"AF",3,3,11,1
"GP5-005",3,"interspace",0,10,"BRTE",NA,NA,15,1
"GP5-005",3,"interspace",0,10,"BRTE",NA,NA,15,1
"GP5-005",3,"canopy",1,15,"ELLA3",2,2,16,1
"GP5-005",3,"interspace",0.5,15,"HECO26",12,6,23,1
"GP5-005",3,"interspace",1,15,"ELLA3",NA,NA,25,1
"GP5-005",3,"canopy",1,20,"COUM",3,3,7,1
"GP5-005",3,"canopy",1,20,"COUM",3,3,14,1
"GP5-005",3,"canopy",1,20,"ELLA3",NA,NA,20,1
"GP5-005",3,"interspace",0,20,"HECO26",7,4,17,1
"GP5-005",3,"interspace",0,20,"PSLA3",10,5,22,1
"GP5-005",3,"interspace",0,20,"PSLA3",5,3,25,1
"GP5-005",3,"interspace",0,20,"PSLA3",6,3,20,1
"GP5-005",3,"interspace",0,20,"AF",3,3,13,1
"GP5-005",3,"interspace",0,20,"AF",4,3,10,1
"GP5-005",3,"interspace",0,20,"POSE",3,2,5,1
"GP5-005",3,"interspace",1,25,"HECO26",5,3,20,1
"PNWMtn3-008",1,"canopy",1,5,"ELEL5",4,3,18,1
"PNWMtn3-008",1,"interspace",0,5,"PHST11",4,2,3,1
"PNWMtn3-008",1,"canopy",1,10,"ELEL5",1,1,7,1
"PNWMtn3-008",1,"interspace",0,10,"NO PLANTS",NA,NA,NA,NA
"PNWMtn3-008",1,"canopy",0.5,15,"ELEL5",1,1,15,1
"PNWMtn3-008",1,"interspace",0,15,"ELEL5",2,1,9,1
"PNWMtn3-008",1,"canopy",1,20,"ELEL5",8,6,13,1
"PNWMtn3-008",1,"interspace",0,20,"NO PLANTS",NA,NA,NA,NA
"PNWMtn3-008",1,"canopy",0.5,25,"ELEL5",6,3,6,1
"PNWMtn3-008",1,"interspace",0,25,"NO PLANTS",NA,NA,NA,NA
"PNWMtn3-008",2,"canopy",1,5,"NO PLANTS",NA,NA,NA,NA
"PNWMtn3-008",2,"interspace",0,5,"NO PLANTS",NA,NA,NA,NA
"PNWMtn3-008",2,"canopy",0.5,10,"NO PLANTS",NA,NA,NA,NA
"PNWMtn3-008",2,"interspace",0.5,10,"NO PLANTS",NA,NA,NA,NA
"PNWMtn3-008",2,"canopy",1,15,"NO PLANTS",NA,NA,NA,NA
"PNWMtn3-008",2,"interspace",0,15,"NO PLANTS",NA,NA,NA,NA
"PNWMtn3-008",2,"canopy",0.5,20,"ELEL5",1,1,5,1
"PNWMtn3-008",2,"interspace",0,20,"PHHO",4,4,2,1
"PNWMtn3-008",2,"interspace",0,20,"IOAL",3,1,1,1
"PNWMtn3-008",2,"interspace",0,20,"IOAL",2,1,2,1
"PNWMtn3-008",2,"interspace",0,20,"PHHO",3,2,2,1
"PNWMtn3-008",2,"interspace",0,20,"IOAL",1,1,2,1
"PNWMtn3-008",2,"interspace",0,20,"IOAL",1,1,2,1
"PNWMtn3-008",2,"canopy",0.5,25,"NO PLANTS",NA,NA,NA,NA
"PNWMtn3-008",2,"interspace",0,25,"PHHO",1,1,1,1
"PNWMtn3-008",2,"interspace",0,25,"PHHO",5,5,2,1
"PNWMtn3-008",3,"canopy",1,5,"NO PLANTS",NA,NA,NA,NA
"PNWMtn3-008",3,"interspace",0,5,"NO PLANTS",NA,NA,NA,NA
"PNWMtn3-008",3,"canopy",0.5,10,"NO PLANTS",NA,NA,NA,NA
"PNWMtn3-008",3,"interspace",0,10,"NO PLANTS",NA,NA,NA,NA
"PNWMtn3-008",3,"canopy",0.5,15,"ELEL5",4,3,13,1
"PNWMtn3-008",3,"interspace",0,15,"LERE7",2,2,2,1
"PNWMtn3-008",3,"canopy",0.5,20,"ELEL5",6,4,16,1
"PNWMtn3-008",3,"canopy",1,20,"ELEL5",1,1,15,1
"PNWMtn3-008",3,"canopy",0.5,20,"PHST11",9,6,9,1
"PNWMtn3-008",3,"canopy",1,20,"ELEL5",2,2,13,1
"PNWMtn3-008",3,"interspace",0,20,"ELEL5",5,3,5,1
"PNWMtn3-008",3,"interspace",0,20,"ELEL5",2,2,4,1
"PNWMtn3-008",3,"canopy",1,25,"NO PLANTS",NA,NA,NA,NA
"PNWMtn3-008",3,"interspace",0,25,"PHST11",1,1,1,1
"PNWMtn3-008",3,"interspace",0,25,"ELEL5",1,1,5,1
"PNWMtn7-012",1,"canopy",1,5,"DENU2",5,3,3,1
"PNWMtn7-012",1,"canopy",0.5,5,"SEIN2",2,1,3,1
"PNWMtn7-012",1,"canopy",1,5,"COPA3",NA,NA,9,1
"PNWMtn7-012",1,"canopy",0.5,5,"NEBR",NA,NA,3,1
"PNWMtn7-012",1,"canopy",1,5,"NEBR",NA,NA,3,1
"PNWMtn7-012",1,"canopy",1,5,"NEBR",NA,NA,3,1
"PNWMtn7-012",1,"canopy",0.5,5,"AF033",NA,NA,2,1
"PNWMtn7-012",1,"canopy",0.5,5,"BRSI",NA,NA,14,1
"PNWMtn7-012",1,"canopy",0.5,5,"COPA3",NA,NA,8,1
"PNWMtn7-012",1,"canopy",0.5,5,"MEBU",NA,NA,14,1
"PNWMtn7-012",1,"canopy",1,5,"MEBU",NA,NA,10,1
"PNWMtn7-012",1,"canopy",1,5,"DENU2",10,4,15,1
"PNWMtn7-012",1,"canopy",1,5,"COPA3",NA,NA,9,1
"PNWMtn7-012",1,"canopy",1,5,"COPA3",NA,NA,9,1
"PNWMtn7-012",1,"canopy",1,5,"NEBR",NA,NA,3,1
"PNWMtn7-012",1,"canopy",1,5,"NEBR",NA,NA,3,1
"PNWMtn7-012",1,"canopy",1,5,"NEBR",NA,NA,3,1
"PNWMtn7-012",1,"canopy",0.5,5,"AF033",NA,NA,2,1
"PNWMtn7-012",1,"canopy",0.5,5,"AF033",NA,NA,2,1
"PNWMtn7-012",1,"canopy",0.5,5,"BRSI",NA,NA,14,1
"PNWMtn7-012",1,"interspace",1,5,"GABI",NA,NA,4,1
"PNWMtn7-012",1,"interspace",1,5,"NEBR",NA,NA,1,1
"PNWMtn7-012",1,"interspace",1,5,"COPA3",NA,NA,5,1
"PNWMtn7-012",1,"interspace",1,5,"DENU2",3,3,3,1
"PNWMtn7-012",1,"interspace",1,5,"NEBR",NA,NA,3,1
"PNWMtn7-012",1,"interspace",1,5,"MEBU",NA,NA,12,1
"PNWMtn7-012",1,"interspace",1,5,"COPA3",NA,NA,2,1
"PNWMtn7-012",1,"interspace",1,5,"DENU2",2,2,2,1
"PNWMtn7-012",1,"interspace",1,5,"VIAM",1,1,8,1
"PNWMtn7-012",1,"interspace",1,5,"GABI",NA,NA,4,1
"PNWMtn7-012",1,"interspace",1,5,"MEBU",NA,NA,12,1
"PNWMtn7-012",1,"interspace",1,5,"MEBU",NA,NA,12,1
"PNWMtn7-012",1,"interspace",1,5,"MEBU",NA,NA,12,1
"PNWMtn7-012",1,"interspace",1,5,"MEBU",NA,NA,12,1
"PNWMtn7-012",1,"interspace",1,5,"MEBU",NA,NA,12,1
"PNWMtn7-012",1,"interspace",1,5,"MEBU",NA,NA,12,1
"PNWMtn7-012",1,"interspace",1,5,"COPA3",NA,NA,2,1
"PNWMtn7-012",1,"interspace",1,5,"COPA3",NA,NA,2,1
"PNWMtn7-012",1,"interspace",1,5,"COPA3",NA,NA,2,1
"PNWMtn7-012",1,"interspace",1,5,"COPA3",NA,NA,2,1
"PNWMtn7-012",1,"interspace",1,5,"DENU2",2,2,2,1
"PNWMtn7-012",1,"interspace",1,5,"DENU2",2,2,2,1
"PNWMtn7-012",1,"interspace",1,5,"VIAM",1,1,8,1
"PNWMtn7-012",1,"interspace",1,5,"VIAM",1,1,8,1
"PNWMtn7-012",1,"canopy",1,10,"ALLIUPF",1,1,3,1
"PNWMtn7-012",1,"canopy",0,10,"DENU2",1,1,2,1
"PNWMtn7-012",1,"canopy",1,10,"AF034",NA,NA,3,1
"PNWMtn7-012",1,"canopy",0,10,"COPA3",NA,NA,2,1
"PNWMtn7-012",1,"canopy",1,10,"FRPU2",1,2,3,1
"PNWMtn7-012",1,"canopy",1,10,"MIGR",NA,NA,6,1
"PNWMtn7-012",1,"canopy",0,10,"DENU2",1,1,2,1
"PNWMtn7-012",1,"canopy",0,10,"DENU2",1,1,2,1
"PNWMtn7-012",1,"canopy",0,10,"DENU2",1,1,2,1
"PNWMtn7-012",1,"canopy",0,10,"DENU2",1,1,2,1
"PNWMtn7-012",1,"canopy",0,10,"DENU2",1,1,2,1
"PNWMtn7-012",1,"canopy",0,10,"DENU2",1,1,2,1
"PNWMtn7-012",1,"canopy",1,10,"AF034",NA,NA,3,1
"PNWMtn7-012",1,"canopy",1,10,"AF034",NA,NA,3,1
"PNWMtn7-012",1,"canopy",0,10,"COPA3",NA,NA,2,1
"PNWMtn7-012",1,"interspace",0,10,"FRPU2",1,2,4,1
"PNWMtn7-012",1,"interspace",0,10,"COPA3",NA,NA,3,1
"PNWMtn7-012",1,"interspace",0,10,"AF034",NA,NA,4,1
"PNWMtn7-012",1,"interspace",0,10,"ALLIUPF",1,1,5,1
"PNWMtn7-012",1,"interspace",0,10,"ALLIUPF",7,1,9,1
"PNWMtn7-012",1,"interspace",0,10,"COPA3",NA,NA,3,1
"PNWMtn7-012",1,"interspace",0,10,"COPA3",NA,NA,3,1
"PNWMtn7-012",1,"interspace",0,10,"COPA3",NA,NA,3,1
"PNWMtn7-012",1,"interspace",0,10,"AF034",NA,NA,4,1
"PNWMtn7-012",1,"interspace",0,10,"AF034",NA,NA,4,1
"PNWMtn7-012",1,"interspace",0,10,"AF034",NA,NA,4,1
"PNWMtn7-012",1,"interspace",0,10,"AF034",NA,NA,4,1
"PNWMtn7-012",1,"interspace",0,10,"AF034",NA,NA,4,1
"PNWMtn7-012",1,"interspace",0,10,"AF034",NA,NA,4,1
"PNWMtn7-012",1,"interspace",0,10,"ALLIUPF",1,1,5,1
"PNWMtn7-012",1,"interspace",0,10,"ALLIUPF",1,1,5,1
"PNWMtn7-012",1,"interspace",0,10,"ALLIUPF",1,1,5,1
"PNWMtn7-012",1,"canopy",1,15,"COPA3",NA,NA,6,1
"PNWMtn7-012",1,"canopy",1,15,"HAMI",11,7,17,1
"PNWMtn7-012",1,"canopy",1,15,"LIGL2",3,3,3,1
"PNWMtn7-012",1,"canopy",1,15,"VIAM",6,2,9,1
"PNWMtn7-012",1,"canopy",1,15,"FRPU2",1,1,5,1
"PNWMtn7-012",1,"canopy",1,15,"NEBR",NA,NA,5,1
"PNWMtn7-012",1,"canopy",1,15,"COPA3",NA,NA,5,1
"PNWMtn7-012",1,"canopy",1,15,"COPA3",NA,NA,11,1
"PNWMtn7-012",1,"canopy",1,15,"DENU2",8,5,16,1
"PNWMtn7-012",1,"canopy",1,15,"FRPU2",1,1,5,1
"PNWMtn7-012",1,"canopy",1,15,"NEBR",NA,NA,5,1
"PNWMtn7-012",1,"canopy",1,15,"NEBR",NA,NA,5,1
"PNWMtn7-012",1,"canopy",1,15,"NEBR",NA,NA,5,1
"PNWMtn7-012",1,"canopy",1,15,"NEBR",NA,NA,5,1
"PNWMtn7-012",1,"canopy",1,15,"NEBR",NA,NA,5,1
"PNWMtn7-012",1,"canopy",1,15,"NEBR",NA,NA,5,1
"PNWMtn7-012",1,"canopy",1,15,"NEBR",NA,NA,5,1
"PNWMtn7-012",1,"canopy",1,15,"NEBR",NA,NA,5,1
"PNWMtn7-012",1,"canopy",1,15,"NEBR",NA,NA,5,1
"PNWMtn7-012",1,"canopy",1,15,"NEBR",NA,NA,5,1
"PNWMtn7-012",1,"canopy",1,15,"NEBR",NA,NA,5,1
"PNWMtn7-012",1,"canopy",1,15,"NEBR",NA,NA,5,1
"PNWMtn7-012",1,"canopy",1,15,"NEBR",NA,NA,5,1
"PNWMtn7-012",1,"canopy",1,15,"NEBR",NA,NA,5,1
"PNWMtn7-012",1,"canopy",1,15,"NEBR",NA,NA,5,1
"PNWMtn7-012",1,"canopy",1,15,"NEBR",NA,NA,5,1
"PNWMtn7-012",1,"canopy",1,15,"NEBR",NA,NA,5,1
"PNWMtn7-012",1,"canopy",1,15,"NEBR",NA,NA,5,1
"PNWMtn7-012",1,"canopy",1,15,"NEBR",NA,NA,5,1
"PNWMtn7-012",1,"canopy",1,15,"NEBR",NA,NA,5,1
"PNWMtn7-012",1,"interspace",0,15,"OSOC",10,9,7,1
"PNWMtn7-012",1,"interspace",0,15,"MIGR",NA,NA,5,1
"PNWMtn7-012",1,"interspace",0,15,"AF034",NA,NA,4,1
"PNWMtn7-012",1,"interspace",0,15,"FRPU2",1,1,4,1
"PNWMtn7-012",1,"interspace",0,15,"FRPU2",2,1,7,1
"PNWMtn7-012",1,"interspace",0,15,"OSOC",8,6,10,1
"PNWMtn7-012",1,"interspace",0,15,"FRPU2",1,1,6,1
"PNWMtn7-012",1,"interspace",0,15,"FRPU2",1,1,4,1
"PNWMtn7-012",1,"interspace",0,15,"FRPU2",2,1,7,1
"PNWMtn7-012",1,"interspace",0,15,"FRPU2",1,1,6,1
"PNWMtn7-012",1,"interspace",0,15,"FRPU2",1,1,6,1
"PNWMtn7-012",1,"interspace",0,15,"FRPU2",1,1,6,1
"PNWMtn7-012",1,"canopy",1,20,"OSOC",18,15,21,1
"PNWMtn7-012",1,"canopy",1,20,"NEBR",NA,NA,6,1
"PNWMtn7-012",1,"canopy",1,20,"COPA3",NA,NA,7,1
"PNWMtn7-012",1,"canopy",1,20,"ALLIUPF",1,1,8,1
"PNWMtn7-012",1,"canopy",1,20,"DENU2",3,3,4,1
"PNWMtn7-012",1,"canopy",1,20,"MEBU",NA,NA,10,1
"PNWMtn7-012",1,"canopy",1,20,"NEBR",NA,NA,6,1
"PNWMtn7-012",1,"canopy",1,20,"NEBR",NA,NA,6,1
"PNWMtn7-012",1,"canopy",1,20,"NEBR",NA,NA,6,1
"PNWMtn7-012",1,"canopy",1,20,"NEBR",NA,NA,6,1
"PNWMtn7-012",1,"canopy",1,20,"NEBR",NA,NA,6,1
"PNWMtn7-012",1,"canopy",1,20,"NEBR",NA,NA,6,1
"PNWMtn7-012",1,"canopy",1,20,"NEBR",NA,NA,6,1
"PNWMtn7-012",1,"canopy",1,20,"NEBR",NA,NA,6,1
"PNWMtn7-012",1,"canopy",1,20,"NEBR",NA,NA,6,1
"PNWMtn7-012",1,"canopy",1,20,"COPA3",NA,NA,7,1
"PNWMtn7-012",1,"canopy",1,20,"DENU2",3,3,4,1
"PNWMtn7-012",1,"canopy",1,20,"DENU2",3,3,4,1
"PNWMtn7-012",1,"canopy",1,20,"DENU2",3,3,4,1
"PNWMtn7-012",1,"canopy",1,20,"MEBU",NA,NA,10,1
"PNWMtn7-012",1,"interspace",1,20,"DENU2",5,3,4,1
"PNWMtn7-012",1,"interspace",1,20,"NEBR",NA,NA,5,1
"PNWMtn7-012",1,"interspace",1,20,"DENU2",5,3,25,1
"PNWMtn7-012",1,"interspace",1,20,"ALLIUPF",1,1,12,1
"PNWMtn7-012",1,"interspace",1,20,"COPA3",NA,NA,7,1
"PNWMtn7-012",1,"interspace",1,20,"OSOC",50,45,36,1
"PNWMtn7-012",1,"interspace",1,20,"LIGL2",3,3,12,1
"PNWMtn7-012",1,"interspace",1,20,"NEBR",NA,NA,5,1
"PNWMtn7-012",1,"interspace",1,20,"NEBR",NA,NA,5,1
"PNWMtn7-012",1,"interspace",1,20,"NEBR",NA,NA,5,1
"PNWMtn7-012",1,"interspace",1,20,"NEBR",NA,NA,5,1
"PNWMtn7-012",1,"interspace",1,20,"NEBR",NA,NA,5,1
"PNWMtn7-012",1,"interspace",1,20,"NEBR",NA,NA,5,1
"PNWMtn7-012",1,"interspace",1,20,"NEBR",NA,NA,5,1
"PNWMtn7-012",1,"interspace",1,20,"NEBR",NA,NA,5,1
"PNWMtn7-012",1,"interspace",1,20,"NEBR",NA,NA,5,1
"PNWMtn7-012",1,"interspace",1,20,"ALLIUPF",1,1,12,1
"PNWMtn7-012",1,"interspace",1,20,"ALLIUPF",1,1,12,1
"PNWMtn7-012",1,"interspace",1,20,"ALLIUPF",1,1,12,1
"PNWMtn7-012",1,"interspace",1,20,"ALLIUPF",1,1,12,1
"PNWMtn7-012",1,"interspace",1,20,"ALLIUPF",1,1,12,1
"PNWMtn7-012",1,"interspace",1,20,"COPA3",NA,NA,7,1
"PNWMtn7-012",1,"interspace",1,20,"COPA3",NA,NA,7,1
"PNWMtn7-012",1,"interspace",1,20,"LIGL2",3,3,12,1
"PNWMtn7-012",1,"interspace",1,20,"LIGL2",3,3,12,1
"PNWMtn7-012",1,"canopy",0.5,25,"OSOC",42,40,35,1
"PNWMtn7-012",1,"canopy",1,25,"VIAM",3,1,8,1
"PNWMtn7-012",1,"canopy",0.5,25,"MIGR",NA,NA,5,1
"PNWMtn7-012",1,"canopy",1,25,"ERUM",17,16,8,1
"PNWMtn7-012",1,"canopy",1,25,"NEBR",NA,NA,8,1
"PNWMtn7-012",1,"canopy",1,25,"COPA3",NA,NA,11,1
"PNWMtn7-012",1,"canopy",1,25,"NEBR",NA,NA,8,1
"PNWMtn7-012",1,"canopy",1,25,"NEBR",NA,NA,8,1
"PNWMtn7-012",1,"interspace",1,25,"HYCA4",3,3,5,1
"PNWMtn7-012",1,"interspace",1,25,"HYCA4",3,2,3,1
"PNWMtn7-012",1,"interspace",1,25,"DENU2",3,3,6,1
"PNWMtn7-012",1,"interspace",1,25,"COPA3",NA,NA,12,1
"PNWMtn7-012",1,"interspace",1,25,"VIAM",9,3,12,1
"PNWMtn7-012",1,"interspace",1,25,"AF034",NA,NA,5,1
"PNWMtn7-012",1,"interspace",1,25,"VIAM",13,7,13,1
"PNWMtn7-012",1,"interspace",1,25,"NEBR",NA,NA,5,1
"PNWMtn7-012",1,"interspace",1,25,"DENU2",3,3,6,1
"PNWMtn7-012",1,"interspace",1,25,"COPA3",NA,NA,12,1
"PNWMtn7-012",1,"interspace",1,25,"COPA3",NA,NA,12,1
"PNWMtn7-012",1,"interspace",1,25,"COPA3",NA,NA,12,1
"PNWMtn7-012",1,"interspace",1,25,"COPA3",NA,NA,12,1
"PNWMtn7-012",1,"interspace",1,25,"COPA3",NA,NA,12,1
"PNWMtn7-012",1,"interspace",1,25,"COPA3",NA,NA,12,1
"PNWMtn7-012",1,"interspace",1,25,"COPA3",NA,NA,12,1
"PNWMtn7-012",1,"interspace",1,25,"AF034",NA,NA,5,1
"PNWMtn7-012",1,"interspace",1,25,"NEBR",NA,NA,5,1
"PNWMtn7-012",1,"interspace",1,25,"NEBR",NA,NA,5,1
"PNWMtn7-012",1,"interspace",1,25,"NEBR",NA,NA,5,1
"PNWMtn7-012",1,"interspace",1,25,"NEBR",NA,NA,5,1
"PNWMtn7-012",1,"interspace",1,25,"NEBR",NA,NA,5,1
"PNWMtn7-012",1,"interspace",1,25,"NEBR",NA,NA,5,1
"PNWMtn7-012",1,"interspace",1,25,"NEBR",NA,NA,5,1
"PNWMtn7-012",1,"interspace",1,25,"NEBR",NA,NA,5,1
"PNWMtn7-012",1,"interspace",1,25,"NEBR",NA,NA,5,1
"PNWMtn7-012",1,"interspace",1,25,"NEBR",NA,NA,5,1
"PNWMtn7-012",1,"interspace",1,25,"NEBR",NA,NA,5,1
"PNWMtn7-012",1,"interspace",1,25,"NEBR",NA,NA,5,1
"PNWMtn7-012",1,"interspace",1,25,"NEBR",NA,NA,5,1
"PNWMtn7-012",1,"interspace",1,25,"NEBR",NA,NA,5,1
"PNWMtn7-012",1,"interspace",1,25,"NEBR",NA,NA,5,1
"PNWMtn7-012",1,"interspace",1,25,"NEBR",NA,NA,5,1
"PNWMtn7-012",1,"interspace",1,25,"NEBR",NA,NA,5,1
"PNWMtn7-012",1,"interspace",1,25,"NEBR",NA,NA,5,1
"PNWMtn7-012",1,"interspace",1,25,"NEBR",NA,NA,5,1
"PNWMtn7-012",2,"canopy",1,5,"VIAM",3,2,5,1
"PNWMtn7-012",2,"canopy",1,5,"DENU2",7,5,10,1
"PNWMtn7-012",2,"canopy",1,5,"ALLIUPF",1,1,7,1
"PNWMtn7-012",2,"canopy",1,5,"COPA3",NA,NA,5,1
"PNWMtn7-012",2,"canopy",1,5,"ALLIUPF",1,1,10,1
"PNWMtn7-012",2,"canopy",1,5,"ALLIUPF",1,1,7,1
"PNWMtn7-012",2,"canopy",1,5,"COPA3",NA,NA,5,1
"PNWMtn7-012",2,"canopy",1,5,"COPA3",NA,NA,5,1
"PNWMtn7-012",2,"canopy",1,5,"COPA3",NA,NA,5,1
"PNWMtn7-012",2,"canopy",1,5,"COPA3",NA,NA,5,1
"PNWMtn7-012",2,"canopy",1,5,"COPA3",NA,NA,5,1
"PNWMtn7-012",2,"canopy",1,5,"COPA3",NA,NA,5,1
"PNWMtn7-012",2,"canopy",1,5,"COPA3",NA,NA,5,1
"PNWMtn7-012",2,"canopy",1,5,"COPA3",NA,NA,5,1
"PNWMtn7-012",2,"canopy",1,5,"COPA3",NA,NA,5,1
"PNWMtn7-012",2,"canopy",1,5,"COPA3",NA,NA,5,1
"PNWMtn7-012",2,"canopy",1,5,"COPA3",NA,NA,5,1
"PNWMtn7-012",2,"canopy",1,5,"COPA3",NA,NA,5,1
"PNWMtn7-012",2,"canopy",1,5,"COPA3",NA,NA,5,1
"PNWMtn7-012",2,"canopy",1,5,"COPA3",NA,NA,5,1
"PNWMtn7-012",2,"interspace",1,5,"AF033",NA,NA,2,1
"PNWMtn7-012",2,"interspace",1,5,"DENU2",3,1,2,1
"PNWMtn7-012",2,"interspace",1,5,"VIAM",17,4,30,1
"PNWMtn7-012",2,"interspace",1,5,"DENU2",4,3,4,1
"PNWMtn7-012",2,"interspace",1,5,"COPA3",NA,NA,9,1
"PNWMtn7-012",2,"interspace",1,5,"COPA3",NA,NA,4,1
"PNWMtn7-012",2,"interspace",1,5,"COPA3",NA,NA,9,1
"PNWMtn7-012",2,"interspace",1,5,"COPA3",NA,NA,9,1
"PNWMtn7-012",2,"interspace",1,5,"COPA3",NA,NA,9,1
"PNWMtn7-012",2,"interspace",1,5,"COPA3",NA,NA,9,1
"PNWMtn7-012",2,"interspace",1,5,"COPA3",NA,NA,9,1
"PNWMtn7-012",2,"interspace",1,5,"COPA3",NA,NA,4,1
"PNWMtn7-012",2,"interspace",1,5,"COPA3",NA,NA,4,1
"PNWMtn7-012",2,"canopy",1,10,"AF036",NA,NA,6,1
"PNWMtn7-012",2,"canopy",1,10,"LUAR6",11,10,12,1
"PNWMtn7-012",2,"canopy",1,10,"LUAR6",9,7,7,1
"PNWMtn7-012",2,"canopy",1,10,"COPA3",NA,NA,5,1
"PNWMtn7-012",2,"canopy",1,10,"COPA3",NA,NA,9,1
"PNWMtn7-012",2,"canopy",1,10,"HYCA4",4,3,4,1
"PNWMtn7-012",2,"canopy",1,10,"AF036",NA,NA,6,1
"PNWMtn7-012",2,"canopy",1,10,"COPA3",NA,NA,5,1
"PNWMtn7-012",2,"canopy",1,10,"COPA3",NA,NA,5,1
"PNWMtn7-012",2,"canopy",1,10,"COPA3",NA,NA,5,1
"PNWMtn7-012",2,"interspace",NA,10,"NO GAPS >60 cm",NA,NA,NA,NA
"PNWMtn7-012",2,"canopy",0,12.5,"ALLIUPF",1,1,12,1
"PNWMtn7-012",2,"canopy",1,12.5,"COPA3",NA,NA,5,1
"PNWMtn7-012",2,"canopy",1,12.5,"VIAM",4,3,7,1
"PNWMtn7-012",2,"canopy",0.5,12.5,"OSOC",26,15,15,1
"PNWMtn7-012",2,"canopy",1,12.5,"ALLIUPF",1,1,10,1
"PNWMtn7-012",2,"canopy",0,12.5,"ALLIUPF",1,1,12,1
"PNWMtn7-012",2,"canopy",1,12.5,"COPA3",NA,NA,5,1
"PNWMtn7-012",2,"canopy",1,12.5,"COPA3",NA,NA,5,1
"PNWMtn7-012",2,"canopy",1,12.5,"COPA3",NA,NA,5,1
"PNWMtn7-012",2,"canopy",1,12.5,"COPA3",NA,NA,5,1
"PNWMtn7-012",2,"canopy",1,12.5,"COPA3",NA,NA,5,1
"PNWMtn7-012",2,"canopy",1,12.5,"COPA3",NA,NA,5,1
"PNWMtn7-012",2,"canopy",1,12.5,"ALLIUPF",1,1,10,1
"PNWMtn7-012",2,"canopy",1,12.5,"ALLIUPF",1,1,10,1
"PNWMtn7-012",2,"interspace",0,12.5,"ALLIUPF",1,1,8,1
"PNWMtn7-012",2,"interspace",0,12.5,"VIAM",9,5,15,1
"PNWMtn7-012",2,"interspace",0,12.5,"MIGR",NA,NA,10,1
"PNWMtn7-012",2,"interspace",0,12.5,"COPA3",NA,NA,6,1
"PNWMtn7-012",2,"interspace",0,12.5,"MIGR",NA,NA,7,1
"PNWMtn7-012",2,"interspace",0,12.5,"ALLIUPF",1,1,8,1
"PNWMtn7-012",2,"interspace",0,12.5,"MIGR",NA,NA,10,1
"PNWMtn7-012",2,"interspace",0,12.5,"MIGR",NA,NA,10,1
"PNWMtn7-012",2,"interspace",0,12.5,"COPA3",NA,NA,6,1
"PNWMtn7-012",2,"interspace",0,12.5,"COPA3",NA,NA,6,1
"PNWMtn7-012",2,"interspace",0,12.5,"MIGR",NA,NA,7,1
"PNWMtn7-012",2,"interspace",0,12.5,"MIGR",NA,NA,7,1
"PNWMtn7-012",2,"interspace",0,12.5,"MIGR",NA,NA,7,1
"PNWMtn7-012",2,"interspace",0,12.5,"MIGR",NA,NA,7,1
"PNWMtn7-012",2,"interspace",0,12.5,"MIGR",NA,NA,7,1
"PNWMtn7-012",2,"interspace",0,12.5,"MIGR",NA,NA,7,1
"PNWMtn7-012",2,"canopy",1,15,"COPA3",NA,NA,6,1
"PNWMtn7-012",2,"canopy",1,15,"OSOC",57,38,40,1
"PNWMtn7-012",2,"canopy",1,15,"OSOC",6,4,8,1
"PNWMtn7-012",2,"canopy",1,15,"AGUR",25,17,17,1
"PNWMtn7-012",2,"canopy",1,15,"LIGL2",2,1,2,1
"PNWMtn7-012",2,"canopy",1,15,"OSOC",8,6,13,1
"PNWMtn7-012",2,"canopy",1,15,"COPA3",NA,NA,6,1
"PNWMtn7-012",2,"canopy",1,15,"COPA3",NA,NA,6,1
"PNWMtn7-012",2,"canopy",1,15,"COPA3",NA,NA,6,1
"PNWMtn7-012",2,"canopy",1,15,"COPA3",NA,NA,6,1
"PNWMtn7-012",2,"interspace",1,15,"COPA3",NA,NA,6,1
"PNWMtn7-012",2,"interspace",1,15,"VIAM",6,3,11,1
"PNWMtn7-012",2,"interspace",1,15,"NEBR",NA,NA,4,1
"PNWMtn7-012",2,"interspace",1,15,"COPA3",NA,NA,6,1
"PNWMtn7-012",2,"interspace",1,15,"COPA3",NA,NA,6,1
"PNWMtn7-012",2,"interspace",1,15,"COPA3",NA,NA,6,1
"PNWMtn7-012",2,"interspace",1,15,"COPA3",NA,NA,6,1
"PNWMtn7-012",2,"interspace",1,15,"COPA3",NA,NA,6,1
"PNWMtn7-012",2,"interspace",1,15,"COPA3",NA,NA,6,1
"PNWMtn7-012",2,"interspace",1,15,"COPA3",NA,NA,6,1
"PNWMtn7-012",2,"interspace",1,15,"COPA3",NA,NA,6,1
"PNWMtn7-012",2,"interspace",1,15,"COPA3",NA,NA,6,1
"PNWMtn7-012",2,"interspace",1,15,"COPA3",NA,NA,6,1
"PNWMtn7-012",2,"interspace",1,15,"COPA3",NA,NA,6,1
"PNWMtn7-012",2,"interspace",1,15,"NEBR",NA,NA,4,1
"PNWMtn7-012",2,"canopy",1,20,"ERLA6",3,2,4,1
"PNWMtn7-012",2,"canopy",1,20,"LUAR6",4,4,11,1
"PNWMtn7-012",2,"canopy",1,20,"COPA3",NA,NA,6,1
"PNWMtn7-012",2,"canopy",1,20,"VIAM",3,3,10,1
"PNWMtn7-012",2,"canopy",1,20,"COPA3",NA,NA,6,1
"PNWMtn7-012",2,"canopy",1,20,"COPA3",NA,NA,6,1
"PNWMtn7-012",2,"canopy",1,20,"COPA3",NA,NA,6,1
"PNWMtn7-012",2,"canopy",1,20,"COPA3",NA,NA,6,1
"PNWMtn7-012",2,"canopy",1,20,"COPA3",NA,NA,6,1
"PNWMtn7-012",2,"canopy",1,20,"COPA3",NA,NA,6,1
"PNWMtn7-012",2,"canopy",1,20,"COPA3",NA,NA,6,1
"PNWMtn7-012",2,"interspace",1,20,"AF033",NA,NA,2,1
"PNWMtn7-012",2,"interspace",1,20,"BASA3",5,4,7,1
"PNWMtn7-012",2,"interspace",1,20,"BASA3",11,4,11,1
"PNWMtn7-012",2,"interspace",1,20,"COPA3",NA,NA,6,1
"PNWMtn7-012",2,"interspace",1,20,"LIGL2",2,1,2,1
"PNWMtn7-012",2,"interspace",1,20,"AF033",NA,NA,2,1
"PNWMtn7-012",2,"interspace",1,20,"COPA3",NA,NA,6,1
"PNWMtn7-012",2,"interspace",1,20,"COPA3",NA,NA,6,1
"PNWMtn7-012",2,"interspace",1,20,"LIGL2",2,1,2,1
"PNWMtn7-012",2,"interspace",1,20,"LIGL2",2,1,2,1
"PNWMtn7-012",2,"canopy",1,25,"SEIN2",15,9,6,1
"PNWMtn7-012",2,"canopy",1,25,"DENU2",6,3,9,1
"PNWMtn7-012",2,"canopy",1,25,"COPA3",NA,NA,4,1
"PNWMtn7-012",2,"canopy",1,25,"DENU2",12,5,17,1
"PNWMtn7-012",2,"canopy",1,25,"COPA3",NA,NA,7,1
"PNWMtn7-012",2,"canopy",1,25,"DENU2",2,2,2,1
"PNWMtn7-012",2,"canopy",1,25,"MEBU",NA,NA,11,1
"PNWMtn7-012",2,"canopy",1,25,"VIAM",7,3,9,1
"PNWMtn7-012",2,"canopy",1,25,"AF033",NA,NA,3,1
"PNWMtn7-012",2,"canopy",1,25,"COPA3",NA,NA,4,1
"PNWMtn7-012",2,"canopy",1,25,"COPA3",NA,NA,7,1
"PNWMtn7-012",2,"interspace",0.5,25,"ERUM",30,21,17,1
"PNWMtn7-012",2,"interspace",0,25,"ERLA6",12,9,6,1
"PNWMtn7-012",2,"interspace",0.5,25,"LUAR6",2,2,6,1
"PNWMtn7-012",2,"interspace",0,25,"BRSI",NA,NA,21,1
"PNWMtn7-012",2,"interspace",0,25,"MEBU",NA,NA,15,1
"PNWMtn7-012",2,"interspace",0,25,"VIAM",9,6,10,1
"PNWMtn7-012",2,"interspace",0,25,"VIAM",3,2,9,1
"PNWMtn7-012",2,"interspace",0,25,"CACH7",8,4,7,1
"PNWMtn7-012",2,"interspace",0,25,"BRSI",NA,NA,21,1
"PNWMtn7-012",2,"interspace",0,25,"MEBU",NA,NA,15,1
"PNWMtn7-012",2,"interspace",0,25,"MEBU",NA,NA,15,1
"PNWMtn7-012",2,"interspace",0,25,"MEBU",NA,NA,15,1
"PNWMtn7-012",2,"interspace",0,25,"MEBU",NA,NA,15,1
"PNWMtn7-012",3,"canopy",1,5,"DENU2",3,2,3,1
"PNWMtn7-012",3,"canopy",1,5,"COPA3",NA,NA,6,1
"PNWMtn7-012",3,"canopy",1,5,"VIAM",15,6,22,1
"PNWMtn7-012",3,"canopy",1,5,"VIAM",11,10,30,1
"PNWMtn7-012",3,"canopy",1,5,"NEBR",NA,NA,3,1
"PNWMtn7-012",3,"canopy",1,5,"COPA3",NA,NA,6,1
"PNWMtn7-012",3,"canopy",1,5,"COPA3",NA,NA,6,1
"PNWMtn7-012",3,"canopy",1,5,"COPA3",NA,NA,6,1
"PNWMtn7-012",3,"canopy",1,5,"COPA3",NA,NA,6,1
"PNWMtn7-012",3,"canopy",1,5,"COPA3",NA,NA,6,1
"PNWMtn7-012",3,"canopy",1,5,"NEBR",NA,NA,3,1
"PNWMtn7-012",3,"canopy",1,5,"NEBR",NA,NA,3,1
"PNWMtn7-012",3,"canopy",1,5,"NEBR",NA,NA,3,1
"PNWMtn7-012",3,"canopy",1,5,"NEBR",NA,NA,3,1
"PNWMtn7-012",3,"interspace",0.5,5,"COPA3",NA,NA,11,1
"PNWMtn7-012",3,"interspace",0.5,5,"DENU2",2,2,1,1
"PNWMtn7-012",3,"interspace",0,5,"VIAM",9,7,12,1
"PNWMtn7-012",3,"interspace",0,5,"VIAM",5,4,8,1
"PNWMtn7-012",3,"interspace",0,5,"COLI2",NA,NA,6,1
"PNWMtn7-012",3,"interspace",0.5,5,"COPA3",NA,NA,11,1
"PNWMtn7-012",3,"interspace",0.5,5,"COPA3",NA,NA,11,1
"PNWMtn7-012",3,"interspace",0.5,5,"DENU2",2,2,1,1
"PNWMtn7-012",3,"interspace",0,5,"COLI2",NA,NA,6,1
"PNWMtn7-012",3,"interspace",0,5,"COLI2",NA,NA,6,1
"PNWMtn7-012",3,"interspace",0,5,"COLI2",NA,NA,6,1
"PNWMtn7-012",3,"interspace",0,5,"COLI2",NA,NA,6,1
"PNWMtn7-012",3,"canopy",1,10,"SYMPH4PF",6,5,11,1
"PNWMtn7-012",3,"canopy",1,10,"ELEL5",6,3,23,1
"PNWMtn7-012",3,"canopy",0,10,"DENU2",13,11,26,1
"PNWMtn7-012",3,"canopy",0,10,"COPA3",NA,NA,3,1
"PNWMtn7-012",3,"canopy",1,10,"LUAR6",18,17,20,1
"PNWMtn7-012",3,"canopy",1,10,"VIAM",4,2,13,1
"PNWMtn7-012",3,"canopy",1,10,"COPA3",NA,NA,3,1
"PNWMtn7-012",3,"canopy",1,10,"VIAM",8,3,21,1
"PNWMtn7-012",3,"canopy",1,10,"SYMPH4PF",4,1,8,1
"PNWMtn7-012",3,"canopy",0.5,10,"DENU2",2,2,2,1
"PNWMtn7-012",3,"canopy",1,10,"VIAM",9,6,17,1
"PNWMtn7-012",3,"canopy",1,10,"COPA3",NA,NA,3,1
"PNWMtn7-012",3,"canopy",1,10,"COPA3",NA,NA,3,1
"PNWMtn7-012",3,"canopy",1,10,"COPA3",NA,NA,3,1
"PNWMtn7-012",3,"canopy",1,10,"COPA3",NA,NA,3,1
"PNWMtn7-012",3,"canopy",1,10,"COPA3",NA,NA,3,1
"PNWMtn7-012",3,"canopy",1,10,"COPA3",NA,NA,3,1
"PNWMtn7-012",3,"canopy",1,10,"COPA3",NA,NA,3,1
"PNWMtn7-012",3,"canopy",1,10,"COPA3",NA,NA,3,1
"PNWMtn7-012",3,"canopy",1,10,"COPA3",NA,NA,3,1
"PNWMtn7-012",3,"canopy",0.5,10,"DENU2",2,2,2,1
"PNWMtn7-012",3,"interspace",0,10,"MEBU",NA,NA,14,1
"PNWMtn7-012",3,"interspace",0,10,"VIAM",13,6,13,1
"PNWMtn7-012",3,"interspace",1,10,"COPA3",NA,NA,3,1
"PNWMtn7-012",3,"interspace",0,10,"COPA3",NA,NA,3,1
"PNWMtn7-012",3,"interspace",0,10,"OSOC",17,7,12,1
"PNWMtn7-012",3,"interspace",0,10,"DENU2",2,2,6,1
"PNWMtn7-012",3,"interspace",0,10,"OSOC",3,2,3,1
"PNWMtn7-012",3,"interspace",0,10,"OSOC",16,7,9,1
"PNWMtn7-012",3,"interspace",0,10,"MEBU",NA,NA,14,1
"PNWMtn7-012",3,"interspace",0,10,"MEBU",NA,NA,14,1
"PNWMtn7-012",3,"interspace",0,10,"MEBU",NA,NA,14,1
"PNWMtn7-012",3,"interspace",0,10,"MEBU",NA,NA,14,1
"PNWMtn7-012",3,"interspace",0,10,"MEBU",NA,NA,14,1
"PNWMtn7-012",3,"interspace",0,10,"MEBU",NA,NA,14,1
"PNWMtn7-012",3,"interspace",0,10,"MEBU",NA,NA,14,1
"PNWMtn7-012",3,"interspace",1,10,"COPA3",NA,NA,3,1
"PNWMtn7-012",3,"interspace",0,10,"COPA3",NA,NA,3,1
"PNWMtn7-012",3,"interspace",0,10,"COPA3",NA,NA,3,1
"PNWMtn7-012",3,"interspace",0,10,"DENU2",2,2,6,1
"PNWMtn7-012",3,"interspace",0,10,"DENU2",2,2,6,1
"PNWMtn7-012",3,"interspace",0,10,"DENU2",2,2,6,1
"PNWMtn7-012",3,"interspace",0,10,"DENU2",2,2,6,1
"PNWMtn7-012",3,"interspace",0,10,"DENU2",2,2,6,1
"PNWMtn7-012",3,"interspace",0,10,"DENU2",2,2,6,1
"PNWMtn7-012",3,"interspace",0,10,"DENU2",2,2,6,1
"PNWMtn7-012",3,"interspace",0,10,"DENU2",2,2,6,1
"PNWMtn7-012",3,"interspace",0,10,"DENU2",2,2,6,1
"PNWMtn7-012",3,"interspace",0,10,"DENU2",2,2,6,1
"PNWMtn7-012",3,"interspace",0,10,"DENU2",2,2,6,1
"PNWMtn7-012",3,"canopy",0,15,"VIAM",4,2,8,1
"PNWMtn7-012",3,"canopy",0.5,15,"SYMPH4PF",10,5,10,1
"PNWMtn7-012",3,"canopy",0.5,15,"MEBU",NA,NA,12,1
"PNWMtn7-012",3,"canopy",1,15,"VIAM",5,3,10,1
"PNWMtn7-012",3,"canopy",0,15,"SYMPH4PF",7,5,5,1
"PNWMtn7-012",3,"canopy",0,15,"SYMPH4PF",7,6,10,1
"PNWMtn7-012",3,"canopy",1,15,"VIAM",9,3,12,1
"PNWMtn7-012",3,"canopy",0,15,"SYMPH4PF",8,3,9,1
"PNWMtn7-012",3,"canopy",0,15,"VIAM",5,3,13,1
"PNWMtn7-012",3,"canopy",1,15,"LUAR6",13,6,9,1
"PNWMtn7-012",3,"canopy",0,15,"VIAM",3,2,5,1
"PNWMtn7-012",3,"canopy",1,15,"LUAR6",7,4,9,1
"PNWMtn7-012",3,"canopy",0.5,15,"LUAR6",8,4,10,1
"PNWMtn7-012",3,"interspace",1,15,"COPA3",NA,NA,8,1
"PNWMtn7-012",3,"interspace",1,15,"NEBR",NA,NA,5,1
"PNWMtn7-012",3,"interspace",0,15,"VIAM",11,5,15,1
"PNWMtn7-012",3,"interspace",0,15,"DENU2",5,3,3,1
"PNWMtn7-012",3,"interspace",0,15,"DENU2",4,3,4,1
"PNWMtn7-012",3,"interspace",0,15,"VIAM",7,5,12,1
"PNWMtn7-012",3,"interspace",0.5,15,"COPA3",NA,NA,7,1
"PNWMtn7-012",3,"interspace",1,15,"COPA3",NA,NA,8,1
"PNWMtn7-012",3,"interspace",1,15,"COPA3",NA,NA,8,1
"PNWMtn7-012",3,"interspace",1,15,"COPA3",NA,NA,8,1
"PNWMtn7-012",3,"interspace",1,15,"NEBR",NA,NA,5,1
"PNWMtn7-012",3,"interspace",1,15,"NEBR",NA,NA,5,1
"PNWMtn7-012",3,"interspace",1,15,"NEBR",NA,NA,5,1
"PNWMtn7-012",3,"interspace",1,15,"NEBR",NA,NA,5,1
"PNWMtn7-012",3,"interspace",1,15,"NEBR",NA,NA,5,1
"PNWMtn7-012",3,"interspace",1,15,"NEBR",NA,NA,5,1
"PNWMtn7-012",3,"interspace",0.5,15,"COPA3",NA,NA,7,1
"PNWMtn7-012",3,"interspace",0.5,15,"COPA3",NA,NA,7,1
"PNWMtn7-012",3,"canopy",0,20,"COPA3",NA,NA,2,1
"PNWMtn7-012",3,"canopy",0,20,"VIAM",3,2,5,1
"PNWMtn7-012",3,"canopy",0,20,"SYMPH4PF",15,8,10,1
"PNWMtn7-012",3,"canopy",0,20,"COLI2",NA,NA,3,1
"PNWMtn7-012",3,"canopy",0,20,"VIAM",11,5,11,1
"PNWMtn7-012",3,"canopy",0,20,"VIAM",3,2,3,1
"PNWMtn7-012",3,"canopy",0,20,"SYMPH4PF",9,3,4,1
"PNWMtn7-012",3,"canopy",0,20,"DENU2",14,9,18,1
"PNWMtn7-012",3,"canopy",0,20,"MIGR",NA,NA,6,1
"PNWMtn7-012",3,"canopy",0,20,"COLI2",NA,NA,8,1
"PNWMtn7-012",3,"canopy",0,20,"SYMPH4PF",7,5,10,1
"PNWMtn7-012",3,"canopy",0,20,"COLI2",NA,NA,6,1
"PNWMtn7-012",3,"canopy",0,20,"VIAM",3,2,6,1
"PNWMtn7-012",3,"canopy",0,20,"FRPU2",1,1,7,1
"PNWMtn7-012",3,"canopy",0,20,"COLI2",NA,NA,8,1
"PNWMtn7-012",3,"canopy",0,20,"FRPU2",1,1,7,1
"PNWMtn7-012",3,"interspace",0,20,"VIAM",4,3,7,1
"PNWMtn7-012",3,"interspace",0,20,"LIGL2",1,2,2,1
"PNWMtn7-012",3,"interspace",0,20,"HAMI",23,19,20,1
"PNWMtn7-012",3,"interspace",0,20,"FRPU2",1,1,7,1
"PNWMtn7-012",3,"interspace",0,20,"FRPU2",5,1,4,1
"PNWMtn7-012",3,"interspace",0,20,"FRPU2",1,1,7,1
"PNWMtn7-012",3,"canopy",1,25,"VIAM",7,3,6,1
"PNWMtn7-012",3,"canopy",1,25,"DENU2",5,3,5,1
"PNWMtn7-012",3,"canopy",1,25,"COPA3",NA,NA,4,1
"PNWMtn7-012",3,"canopy",1,25,"MIGR",NA,NA,5,1
"PNWMtn7-012",3,"canopy",1,25,"FRPU2",1,1,5,1
"PNWMtn7-012",3,"canopy",1,25,"VIAM",14,10,8,1
"PNWMtn7-012",3,"canopy",1,25,"DENU2",2,2,3,1
"PNWMtn7-012",3,"canopy",1,25,"VIAM",9,7,12,1
"PNWMtn7-012",3,"canopy",1,25,"FRPU2",1,1,8,1
"PNWMtn7-012",3,"canopy",1,25,"VIAM",8,4,23,1
"PNWMtn7-012",3,"canopy",1,25,"NEBR",NA,NA,3,1
"PNWMtn7-012",3,"canopy",1,25,"COPA3",NA,NA,4,1
"PNWMtn7-012",3,"canopy",1,25,"FRPU2",1,1,5,1
"PNWMtn7-012",3,"canopy",1,25,"FRPU2",1,1,5,1
"PNWMtn7-012",3,"canopy",1,25,"DENU2",2,2,3,1
"PNWMtn7-012",3,"canopy",1,25,"DENU2",2,2,3,1
"PNWMtn7-012",3,"canopy",1,25,"DENU2",2,2,3,1
"PNWMtn7-012",3,"canopy",1,25,"DENU2",2,2,3,1
"PNWMtn7-012",3,"canopy",1,25,"NEBR",NA,NA,3,1
"PNWMtn7-012",3,"canopy",1,25,"NEBR",NA,NA,3,1
"PNWMtn7-012",3,"canopy",1,25,"NEBR",NA,NA,3,1
"PNWMtn7-012",3,"interspace",0,25,"GABI",NA,NA,4,1
"PNWMtn7-012",3,"interspace",0,25,"COLI2",NA,NA,5,1
"PNWMtn7-012",3,"interspace",0,25,"COPA3",NA,NA,2,1
"PNWMtn7-012",3,"interspace",0,25,"COLI2",NA,NA,4,1
"PNWMtn7-012",3,"interspace",0,25,"DENU2",1,1,1,1
"PNWMtn7-012",3,"interspace",0,25,"COPA3",NA,NA,2,1
"PNWMtn7-012",3,"interspace",0,25,"COLI2",NA,NA,5,1
"RkyMtn4-015",1,"canopy",0,5,"POSE",3,2,3,1
"RkyMtn4-015",1,"canopy",1,5,"POSE",7,3,5,1
"RkyMtn4-015",1,"canopy",1,5,"POSE",3,3,5,1
"RkyMtn4-015",1,"canopy",1,5,"POSE",2,1,9,1
"RkyMtn4-015",1,"canopy",1,5,"POSE",2,1,4,1
"RkyMtn4-015",1,"canopy",1,5,"POSE",3,2,4,1
"RkyMtn4-015",1,"canopy",0,5,"POSE",1,1,2,1
"RkyMtn4-015",1,"interspace",0,5,"POSE",2,1,3,1
"RkyMtn4-015",1,"interspace",0,5,"POSE",3,3,3,1
"RkyMtn4-015",1,"interspace",0,5,"POSE",2,1,3,1
"RkyMtn4-015",1,"interspace",0,5,"POSE",2,1,2,1
"RkyMtn4-015",1,"canopy",1,10,"MACA2",2,2,4,1
"RkyMtn4-015",1,"canopy",0.5,10,"PSSP6",5,3,15,1
"RkyMtn4-015",1,"canopy",0.5,10,"PSSP6",2,1,16,1
"RkyMtn4-015",1,"interspace",1,10,"PSSP6",1,1,13,1
"RkyMtn4-015",1,"canopy",1,15,"NO PLANTS",NA,NA,NA,0
"RkyMtn4-015",1,"interspace",0,15,"POSE",3,3,3,1
"RkyMtn4-015",1,"interspace",1,15,"POSE",1,1,4,1
"RkyMtn4-015",1,"interspace",0,15,"POSE",2,1,3,1
"RkyMtn4-015",1,"canopy",1,20,"NO PLANTS",NA,NA,NA,0
"RkyMtn4-015",1,"interspace",0.5,20,"NO PLANTS",NA,NA,NA,0
"RkyMtn4-015",1,"canopy",1,25,"NO PLANTS",NA,NA,NA,0
"RkyMtn4-015",1,"interspace",0.5,25,"NO PLANTS",NA,NA,NA,0
"RkyMtn4-015",2,"canopy",1,5,"PSSP6",4,2,9,1
"RkyMtn4-015",2,"interspace",0,5,"PSSP6",1,1,8,1
"RkyMtn4-015",2,"interspace",0,5,"PSSP6",1,1,13,1
"RkyMtn4-015",2,"interspace",0,5,"PSSP6",3,2,5,1
"RkyMtn4-015",2,"canopy",0.5,10,"POSE",2,2,3,1
"RkyMtn4-015",2,"canopy",0.5,10,"POSE",1,1,3,1
"RkyMtn4-015",2,"canopy",0.5,10,"PSSP6",1,1,8,1
"RkyMtn4-015",2,"canopy",0.5,10,"PSSP6",2,1,4,1
"RkyMtn4-015",2,"canopy",0.5,10,"POSE",2,2,6,1
"RkyMtn4-015",2,"canopy",0.5,10,"POSE",1,1,5,1
"RkyMtn4-015",2,"canopy",0.5,10,"POSE",3,3,10,1
"RkyMtn4-015",2,"interspace",0,10,"PSSP6",1,1,2,1
"RkyMtn4-015",2,"interspace",0,10,"PSSP6",1,1,2,1
"RkyMtn4-015",2,"interspace",0,10,"POSE",1,1,3,1
"RkyMtn4-015",2,"interspace",0,10,"POSE",1,1,2,1
"RkyMtn4-015",2,"canopy",1,15,"PSSP6",4,3,20,1
"RkyMtn4-015",2,"canopy",1,15,"POSE",2,1,7,1
"RkyMtn4-015",2,"interspace",0,15,"PSSP6",1,1,3,1
"RkyMtn4-015",2,"interspace",0,15,"PSSP6",1,1,4,1
"RkyMtn4-015",2,"interspace",0,15,"PSSP6",2,1,3,1
"RkyMtn4-015",2,"interspace",0,15,"PSSP6",1,1,4,1
"RkyMtn4-015",2,"interspace",0,15,"POSE",2,2,2,1
"RkyMtn4-015",2,"interspace",0,15,"POSE",3,3,3,1
"RkyMtn4-015",2,"canopy",1,20,"PSSP6",3,4,22,1
"RkyMtn4-015",2,"canopy",1,20,"POSE",3,2,5,1
"RkyMtn4-015",2,"canopy",1,20,"POSE",4,3,3,1
"RkyMtn4-015",2,"canopy",1,20,"POSE",1,1,3,1
"RkyMtn4-015",2,"canopy",1,20,"POSE",3,2,5,1
"RkyMtn4-015",2,"canopy",0.5,20,"PHHO",6,5,3,1
"RkyMtn4-015",2,"canopy",0,20,"PHHO",9,5,2,1
"RkyMtn4-015",2,"canopy",0,20,"POSE",2,2,2,1
"RkyMtn4-015",2,"canopy",1,20,"PSSP6",3,2,7,1
"RkyMtn4-015",2,"canopy",1,20,"POSE",5,3,4,1
"RkyMtn4-015",2,"interspace",0,20,"POSE",1,1,2,1
"RkyMtn4-015",2,"canopy",1,25,"PSSP6",1,2,13,1
"RkyMtn4-015",2,"interspace",1,25,"PSSP6",3,2,24,1
"RkyMtn4-015",2,"interspace",1,25,"POSE",3,2,5,1
"RkyMtn4-015",2,"interspace",0,25,"POSE",4,2,4,1
"RkyMtn4-015",3,"canopy",1,5,"POSE",2,2,5,1
"RkyMtn4-015",3,"interspace",0,5,"NO PLANTS",NA,NA,NA,0
"RkyMtn4-015",3,"canopy",0.5,10,"NO PLANTS",NA,NA,NA,0
"RkyMtn4-015",3,"interspace",0.5,10,"NO PLANTS",NA,NA,NA,0
"RkyMtn4-015",3,"canopy",1,15,"NO PLANTS",NA,NA,NA,0
"RkyMtn4-015",3,"interspace",0,15,"NO PLANTS",NA,NA,NA,0
"RkyMtn4-015",3,"canopy",0,20,"POSE",4,2,3,1
"RkyMtn4-015",3,"canopy",0.5,20,"POSE",7,3,7,1
"RkyMtn4-015",3,"canopy",0,20,"POSE",1,1,2,1
"RkyMtn4-015",3,"canopy",0.5,20,"POSE",3,2,3,1
"RkyMtn4-015",3,"canopy",0,20,"POSE",2,2,2,1
"RkyMtn4-015",3,"interspace",0,20,"POSE",2,2,3,1
"RkyMtn4-015",3,"interspace",0,20,"POSE",1,1,2,1
"RkyMtn4-015",3,"canopy",1,25,"POSE",2,1,3,1
"RkyMtn4-015",3,"canopy",0,25,"PSSP6",1,2,6,1
"RkyMtn4-015",3,"interspace",0,25,"NO PLANTS",NA,NA,NA,0
"RkyMtn4-017",1,"canopy",1,5,"PSSP6",2,1,17,1
"RkyMtn4-017",1,"canopy",0.5,5,"PHLO2",5,2,8,1
"RkyMtn4-017",1,"canopy",1,5,"POSE",1,1,5,1
"RkyMtn4-017",1,"canopy",1,5,"PHLO2",5,4,10,1
"RkyMtn4-017",1,"canopy",1,5,"PSSP6",3,3,30,1
"RkyMtn4-017",1,"canopy",1,5,"PHLO2",4,2,10,1
"RkyMtn4-017",1,"canopy",0.5,5,"PHLO2",6,2,9,1
"RkyMtn4-017",1,"canopy",0.5,5,"HECO26",1,1,7,1
"RkyMtn4-017",1,"canopy",0,5,"PSSP6",3,2,16,1
"RkyMtn4-017",1,"canopy",1,5,"PHLO2",3,2,7,1
"RkyMtn4-017",1,"canopy",0,5,"HECO26",3,1,10,1
"RkyMtn4-017",1,"canopy",1,5,"HECO26",1,1,15,1
"RkyMtn4-017",1,"canopy",0.5,5,"HECO26",1,1,7,1
"RkyMtn4-017",1,"interspace",0,5,"POSE",1,1,2,1
"RkyMtn4-017",1,"interspace",0,5,"ANMI3",5,4,1,1
"RkyMtn4-017",1,"interspace",0,5,"PSSP6",4,4,18,1
"RkyMtn4-017",1,"interspace",0,5,"HECO26",1,1,8,1
"RkyMtn4-017",1,"interspace",0,5,"PSSP6",3,2,15,1
"RkyMtn4-017",1,"interspace",0,5,"HECO26",4,3,11,1
"RkyMtn4-017",1,"interspace",0,5,"HECO26",1,1,4,1
"RkyMtn4-017",1,"canopy",1,10,"HECO26",1,1,10,1
"RkyMtn4-017",1,"canopy",0,10,"CAAN7",10,5,22,1
"RkyMtn4-017",1,"canopy",0,10,"HECO26",2,1,13,1
"RkyMtn4-017",1,"canopy",1,10,"DEPI",NA,NA,9,1
"RkyMtn4-017",1,"canopy",0.5,10,"HECO26",1,1,7,1
"RkyMtn4-017",1,"canopy",1,10,"PSSP6",1,1,17,1
"RkyMtn4-017",1,"canopy",1,10,"PHLO2",3,2,10,1
"RkyMtn4-017",1,"canopy",1,10,"PSSP6",3,2,20,1
"RkyMtn4-017",1,"canopy",1,10,"PSSP6",6,3,23,1
"RkyMtn4-017",1,"canopy",0.5,10,"HECO26",1,1,10,1
"RkyMtn4-017",1,"canopy",0.5,10,"PSSP6",4,3,28,1
"RkyMtn4-017",1,"canopy",0.5,10,"PSSP6",1,1,15,1
"RkyMtn4-017",1,"canopy",1,10,"PSSP6",1,1,30,1
"RkyMtn4-017",1,"canopy",0,10,"PHLO2",13,7,17,1
"RkyMtn4-017",1,"canopy",1,10,"PSSP6",2,1,32,1
"RkyMtn4-017",1,"interspace",0,10,"ANMI3",5,3,1,1
"RkyMtn4-017",1,"interspace",0,10,"HECO26",1,1,6,1
"RkyMtn4-017",1,"interspace",0,10,"HECO26",3,2,10,1
"RkyMtn4-017",1,"interspace",0,10,"POSE",1,1,2,1
"RkyMtn4-017",1,"interspace",0,10,"HECO26",1,1,4,1
"RkyMtn4-017",1,"interspace",0,10,"HECO26",5,3,9,1
"RkyMtn4-017",1,"interspace",0,10,"DEPI",NA,NA,8,1
"RkyMtn4-017",1,"interspace",0,10,"HECO26",3,2,8,1
"RkyMtn4-017",1,"interspace",0,10,"PSSP6",3,3,18,1
"RkyMtn4-017",1,"interspace",0,10,"POSE",2,1,3,1
"RkyMtn4-017",1,"interspace",0,10,"POSE",1,1,2,1
"RkyMtn4-017",1,"interspace",0,10,"DEPI",NA,NA,12,1
"RkyMtn4-017",1,"interspace",0,10,"HECO26",2,2,8,1
"RkyMtn4-017",1,"interspace",0,10,"POSE",1,1,2,1
"RkyMtn4-017",1,"interspace",0,10,"HECO26",1,1,4,1
"RkyMtn4-017",1,"interspace",0,10,"HECO26",1,1,4,1
"RkyMtn4-017",1,"interspace",0,10,"DEPI",NA,NA,8,1
"RkyMtn4-017",1,"interspace",0,10,"POSE",1,1,2,1
"RkyMtn4-017",1,"interspace",0,10,"POSE",1,1,2,1
"RkyMtn4-017",1,"canopy",1,15,"LOFO",4,3,2,1
"RkyMtn4-017",1,"canopy",0,15,"DEPI",NA,NA,18,1
"RkyMtn4-017",1,"canopy",0,15,"PSSP6",1,1,5,1
"RkyMtn4-017",1,"canopy",0,15,"DEPI",NA,NA,20,1
"RkyMtn4-017",1,"canopy",0,15,"PSSP6",3,1,17,1
"RkyMtn4-017",1,"canopy",0,15,"PSSP6",2,1,15,1
"RkyMtn4-017",1,"canopy",0,15,"PSSP6",1,1,3,1
"RkyMtn4-017",1,"canopy",0,15,"PSSP6",1,1,15,1
"RkyMtn4-017",1,"canopy",0,15,"PSSP6",1,1,11,1
"RkyMtn4-017",1,"canopy",0,15,"PSSP6",2,1,20,1
"RkyMtn4-017",1,"canopy",0,15,"PSSP6",4,3,16,1
"RkyMtn4-017",1,"canopy",0,15,"PHLO2",4,2,8,1
"RkyMtn4-017",1,"canopy",0,15,"PHLO2",6,2,5,1
"RkyMtn4-017",1,"interspace",0,15,"ALDE",NA,NA,8,1
"RkyMtn4-017",1,"interspace",0,15,"PSSP6",1,1,20,1
"RkyMtn4-017",1,"interspace",0,15,"PHLO2",6,3,5,1
"RkyMtn4-017",1,"interspace",0,15,"PSSP6",5,3,18,1
"RkyMtn4-017",1,"interspace",0,15,"ALTE",2,2,11,1
"RkyMtn4-017",1,"interspace",0,15,"PSSP6",2,2,20,1
"RkyMtn4-017",1,"interspace",0,15,"POSE",1,1,3,1
"RkyMtn4-017",1,"interspace",0,15,"PSSP6",1,1,20,1
"RkyMtn4-017",1,"interspace",0,15,"POSE",1,1,3,1
"RkyMtn4-017",1,"interspace",0,15,"POSE",1,1,3,1
"RkyMtn4-017",1,"canopy",1,20,"ACHY",8,5,36,1
"RkyMtn4-017",1,"interspace",0,20,"PSSP6",1,1,6,1
"RkyMtn4-017",1,"interspace",0,20,"PHLO2",7,4,6,1
"RkyMtn4-017",1,"canopy",1,25,"HECO26",1,1,5,1
"RkyMtn4-017",1,"canopy",0,25,"EROV",4,4,4,1
"RkyMtn4-017",1,"canopy",1,25,"HECO26",1,1,8,1
"RkyMtn4-017",1,"canopy",1,25,"PSSP6",1,1,22,1
"RkyMtn4-017",1,"canopy",1,25,"PSSP6",2,1,36,1
"RkyMtn4-017",1,"canopy",0,25,"DRVE2",NA,NA,4,1
"RkyMtn4-017",1,"canopy",1,25,"PSSP6",1,1,24,1
"RkyMtn4-017",1,"canopy",0,25,"LOFO",3,2,21,1
"RkyMtn4-017",1,"canopy",1,25,"PSSP6",1,1,15,1
"RkyMtn4-017",1,"canopy",1,25,"PSSP6",1,1,15,1
"RkyMtn4-017",1,"canopy",0,25,"PSSP6",3,3,20,1
"RkyMtn4-017",1,"canopy",0,25,"PSSP6",1,1,22,1
"RkyMtn4-017",1,"canopy",1,25,"HECO26",1,1,9,1
"RkyMtn4-017",1,"canopy",0,25,"PSSP6",3,3,14,1
"RkyMtn4-017",1,"canopy",1,25,"PSSP6",1,1,13,1
"RkyMtn4-017",1,"interspace",0,25,"DRVE2",NA,NA,4,1
"RkyMtn4-017",1,"interspace",1,25,"PSSP6",1,1,15,1
"RkyMtn4-017",1,"interspace",0,25,"HECO26",1,1,7,1
"RkyMtn4-017",1,"interspace",0.5,25,"PHLO2",5,4,7,1
"RkyMtn4-017",1,"interspace",0,25,"DRVE2",NA,NA,6,1
"RkyMtn4-017",1,"interspace",0,25,"DRVE2",NA,NA,5,1
"RkyMtn4-017",1,"interspace",0,25,"DRVE2",NA,NA,8,1
"RkyMtn4-017",1,"interspace",0,25,"HECO26",1,1,5,1
"RkyMtn4-017",1,"interspace",0,25,"HECO26",1,1,7,1
"RkyMtn4-017",1,"interspace",0,25,"HECO26",2,1,10,1
"RkyMtn4-017",1,"interspace",0,25,"DRVE2",NA,NA,7,1
"RkyMtn4-017",1,"interspace",0,25,"DRVE2",NA,NA,4,1
"RkyMtn4-017",1,"interspace",0,25,"DRVE2",NA,NA,4,1
"RkyMtn4-017",1,"interspace",0,25,"DRVE2",NA,NA,4,1
"RkyMtn4-017",1,"interspace",0,25,"DRVE2",NA,NA,4,1
"RkyMtn4-017",1,"interspace",0,25,"DRVE2",NA,NA,6,1
"RkyMtn4-017",2,"canopy",1,5,"PSSP6",1,1,21,1
"RkyMtn4-017",2,"canopy",1,5,"PSSP6",2,1,21,1
"RkyMtn4-017",2,"canopy",0,5,"HECO26",1,1,9,1
"RkyMtn4-017",2,"canopy",0,5,"PSSP6",7,6,25,1
"RkyMtn4-017",2,"canopy",0.5,5,"HECO26",3,2,13,1
"RkyMtn4-017",2,"canopy",0,5,"HECO26",1,1,12,1
"RkyMtn4-017",2,"interspace",0,5,"HECO26",1,1,4,1
"RkyMtn4-017",2,"interspace",0,5,"HECO26",6,3,15,1
"RkyMtn4-017",2,"interspace",0,5,"HECO26",3,2,1,1
"RkyMtn4-017",2,"interspace",0,5,"POSE",1,1,2,1
"RkyMtn4-017",2,"interspace",0,5,"CHLE4",NA,NA,2,1
"RkyMtn4-017",2,"canopy",1,10,"ACHY",1,1,12,1
"RkyMtn4-017",2,"canopy",1,10,"ANMI3",8,4,1,1
"RkyMtn4-017",2,"canopy",1,10,"PSSP6",2,1,26,1
"RkyMtn4-017",2,"canopy",1,10,"HECO26",1,1,16,1
"RkyMtn4-017",2,"canopy",1,10,"ALTE",2,2,18,1
"RkyMtn4-017",2,"canopy",1,10,"PSSP6",1,1,26,1
"RkyMtn4-017",2,"canopy",1,10,"PSSP6",1,1,21,1
"RkyMtn4-017",2,"canopy",1,10,"HECO26",1,1,11,1
"RkyMtn4-017",2,"canopy",1,10,"HECO26",1,1,11,1
"RkyMtn4-017",2,"interspace",0,10,"ACHY",1,1,8,1
"RkyMtn4-017",2,"interspace",0,10,"ACHY",1,1,8,1
"RkyMtn4-017",2,"interspace",0,10,"ACHY",2,1,12,1
"RkyMtn4-017",2,"interspace",0,10,"ACHY",2,1,12,1
"RkyMtn4-017",2,"interspace",0,10,"ACHY",2,1,13,1
"RkyMtn4-017",2,"interspace",0,10,"ACHY",1,1,12,1
"RkyMtn4-017",2,"interspace",0,10,"ACHY",3,2,5,1
"RkyMtn4-017",2,"canopy",1,15,"HECO26",1,1,9,1
"RkyMtn4-017",2,"canopy",0,15,"HECO26",1,1,8,1
"RkyMtn4-017",2,"canopy",1,15,"HECO26",2,1,7,1
"RkyMtn4-017",2,"canopy",1,15,"HECO26",1,1,6,1
"RkyMtn4-017",2,"canopy",0,15,"HECO26",1,1,12,1
"RkyMtn4-017",2,"canopy",1,15,"HECO26",1,1,6,1
"RkyMtn4-017",2,"interspace",0,15,"HECO26",1,1,13,1
"RkyMtn4-017",2,"interspace",0,15,"NOTR2",7,3,2,1
"RkyMtn4-017",2,"interspace",0,15,"HECO26",1,1,7,1
"RkyMtn4-017",2,"interspace",0,15,"PHHO",7,6,3,1
"RkyMtn4-017",2,"interspace",0,15,"PSSP6",1,1,15,1
"RkyMtn4-017",2,"canopy",0.5,20,"LIPU11",10,8,17,1
"RkyMtn4-017",2,"interspace",0,20,"PSSP6",3,2,27,1
"RkyMtn4-017",2,"interspace",0,20,"PSSP6",2,2,17,1
"RkyMtn4-017",2,"interspace",1,20,"PSSP6",1,1,27,1
"RkyMtn4-017",2,"interspace",0,20,"PSSP6",1,1,16,1
"RkyMtn4-017",2,"interspace",0,20,"HECO26",1,1,6,1
"RkyMtn4-017",2,"interspace",0,20,"HECO26",2,1,10,1
"RkyMtn4-017",2,"interspace",1,20,"PSSP6",1,1,27,1
"RkyMtn4-017",2,"interspace",1,20,"PSSP6",1,1,19,1
"RkyMtn4-017",2,"canopy",1,25,"PSSP6",2,1,19,1
"RkyMtn4-017",2,"canopy",1,25,"PSSP6",10,5,25,1
"RkyMtn4-017",2,"canopy",1,25,"PSSP6",3,2,30,1
"RkyMtn4-017",2,"interspace",0,25,"HECO26",3,3,10,1
"RkyMtn4-017",2,"interspace",0,25,"POSE",4,3,4,1
"RkyMtn4-017",2,"interspace",0,25,"PSSP6",1,1,16,1
"RkyMtn4-017",2,"interspace",0,25,"LIPU11",9,7,11,1
"RkyMtn4-017",2,"interspace",0,25,"PHLO2",2,2,6,1
"RkyMtn4-017",2,"interspace",0,25,"POSE",1,1,2,1
"RkyMtn4-017",2,"interspace",0,25,"POSE",2,1,3,1
"RkyMtn4-017",2,"interspace",0,25,"HECO26",2,1,10,1
"RkyMtn4-017",2,"interspace",0,25,"PHLO2",5,4,6,1
"RkyMtn4-017",2,"interspace",0,25,"POSE",2,2,5,1
"RkyMtn4-017",2,"interspace",0,25,"LIPU11",11,6,6,1
"RkyMtn4-017",3,"canopy",1,5,"PSSP6",3,1,22,1
"RkyMtn4-017",3,"canopy",1,5,"PSSP6",4,3,22,1
"RkyMtn4-017",3,"canopy",0,5,"HECO26",2,1,9,1
"RkyMtn4-017",3,"canopy",0,5,"HECO26",1,1,8,1
"RkyMtn4-017",3,"canopy",0,5,"PSSP6",2,2,20,1
"RkyMtn4-017",3,"canopy",0,5,"HECO26",2,1,8,1
"RkyMtn4-017",3,"canopy",0,5,"PSSP6",1,1,22,1
"RkyMtn4-017",3,"canopy",0,5,"PSSP6",1,1,16,1
"RkyMtn4-017",3,"canopy",1,5,"PSSP6",3,2,25,1
"RkyMtn4-017",3,"canopy",0,5,"PSSP6",2,2,17,1
"RkyMtn4-017",3,"canopy",0,5,"PSSP6",1,1,22,1
"RkyMtn4-017",3,"interspace",0,5,"PSSP6",1,1,8,1
"RkyMtn4-017",3,"interspace",0,5,"PSSP6",1,1,9,1
"RkyMtn4-017",3,"interspace",0,5,"POSE",2,1,4,1
"RkyMtn4-017",3,"interspace",0,5,"HECO26",3,3,11,1
"RkyMtn4-017",3,"interspace",0,5,"PSSP6",1,1,6,1
"RkyMtn4-017",3,"interspace",0,5,"PSSP6",1,1,10,1
"RkyMtn4-017",3,"interspace",0,5,"PSSP6",1,1,10,1
"RkyMtn4-017",3,"interspace",0,5,"HECO26",2,2,12,1
"RkyMtn4-017",3,"interspace",0,5,"PSSP6",1,1,10,1
"RkyMtn4-017",3,"canopy",1,10,"PHLO2",8,5,18,1
"RkyMtn4-017",3,"canopy",1,10,"PSSP6",1,1,4,1
"RkyMtn4-017",3,"canopy",1,10,"HECO26",1,1,15,1
"RkyMtn4-017",3,"interspace",0,10,"NO PLANTS",NA,NA,NA,NA
"RkyMtn4-017",3,"canopy",1,15,"PSSP6",3,2,33,1
"RkyMtn4-017",3,"canopy",1,15,"ALTE",3,3,11,1
"RkyMtn4-017",3,"interspace",1,15,"PSSP6",2,1,15,1
"RkyMtn4-017",3,"interspace",0,15,"HECO26",1,1,11,1
"RkyMtn4-017",3,"interspace",0,15,"HECO26",1,1,9,1
"RkyMtn4-017",3,"interspace",0.5,15,"PSSP6",5,3,30,1
"RkyMtn4-017",3,"interspace",0,15,"HECO26",2,1,10,1
"RkyMtn4-017",3,"canopy",1,20,"HECO26",1,1,10,1
"RkyMtn4-017",3,"canopy",1,20,"HECO26",1,1,18,1
"RkyMtn4-017",3,"canopy",1,20,"DEPI",NA,NA,18,1
"RkyMtn4-017",3,"interspace",0,20,"HECO26",2,1,11,1
"RkyMtn4-017",3,"interspace",0,20,"EROV",17,13,12,1
"RkyMtn4-017",3,"interspace",0,20,"ANMI3",4,3,1,1
"RkyMtn4-017",3,"interspace",0,20,"ANMI3",4,3,2,1
"RkyMtn4-017",3,"interspace",0,20,"HECO26",3,3,11,1
"RkyMtn4-017",3,"interspace",0,20,"PSSP6",3,3,22,1
"RkyMtn4-017",3,"interspace",0,20,"HECO26",3,3,13,1
"RkyMtn4-017",3,"interspace",0,20,"PSSP6",2,2,18,1
"RkyMtn4-017",3,"interspace",0,20,"ANMI3",9,7,2,1
"RkyMtn4-017",3,"interspace",0,20,"HECO26",2,1,11,1
"RkyMtn4-017",3,"canopy",1,25,"NO PLANTS",NA,NA,NA,NA
"RkyMtn4-017",3,"interspace",0,25,"ANMI3",3,2,1,1
"RkyMtn4-017",3,"interspace",0,25,"ANMI3",4,3,1,1
"RkyMtn4-017",3,"interspace",0,25,"PHLO2",3,2,6,1
"RkyMtn4-017",3,"interspace",0,25,"HECO26",1,1,4,1
"RkyMtn4-017",3,"interspace",0,25,"ANMI3",5,4,1,1
"RkyMtn4-017",3,"interspace",0,25,"HECO26",3,2,10,1
"RkyMtn4-017",3,"interspace",0,25,"PHLO2",1,1,4,1
"RkyMtn4-017",3,"interspace",0,25,"ANMI3",5,4,10,1
"RkyMtn4-017",3,"interspace",0,25,"ANMI3",3,2,1,1
"RkyMtn4-999",1,"canopy",1,5,"KOMA",7,3,20,1
"RkyMtn4-999",1,"interspace",0,5,"KOMA",6,3,11,1
"RkyMtn4-999",1,"interspace",0,5,"VEAR",NA,NA,2,1
"RkyMtn4-999",1,"interspace",0,5,"POSE",4,3,4,1
"RkyMtn4-999",1,"interspace",0,5,"VEAR",NA,NA,2,1
"RkyMtn4-999",1,"interspace",0,5,"POSE",3,3,4,1
"RkyMtn4-999",1,"interspace",0,5,"LOFO",16,3,7,1
"RkyMtn4-999",1,"interspace",0,5,"VEAR",NA,NA,4,1
"RkyMtn4-999",1,"interspace",0,5,"VEAR",NA,NA,3,1
"RkyMtn4-999",1,"interspace",0,5,"KOMA",3,2,10,1
"RkyMtn4-999",1,"interspace",0,5,"VEAR",NA,NA,2,1
"RkyMtn4-999",1,"interspace",0,5,"VEAR",NA,NA,2,1
"RkyMtn4-999",1,"interspace",0,5,"VEAR",NA,NA,2,1
"RkyMtn4-999",1,"interspace",0,5,"VEAR",NA,NA,2,1
"RkyMtn4-999",1,"interspace",0,5,"VEAR",NA,NA,2,1
"RkyMtn4-999",1,"interspace",0,5,"VEAR",NA,NA,2,1
"RkyMtn4-999",1,"interspace",0,5,"VEAR",NA,NA,2,1
"RkyMtn4-999",1,"interspace",0,5,"VEAR",NA,NA,2,1
"RkyMtn4-999",1,"interspace",0,5,"VEAR",NA,NA,2,1
"RkyMtn4-999",1,"interspace",0,5,"VEAR",NA,NA,2,1
"RkyMtn4-999",1,"interspace",0,5,"VEAR",NA,NA,2,1
"RkyMtn4-999",1,"interspace",0,5,"VEAR",NA,NA,2,1
"RkyMtn4-999",1,"interspace",0,5,"VEAR",NA,NA,2,1
"RkyMtn4-999",1,"interspace",0,5,"VEAR",NA,NA,2,1
"RkyMtn4-999",1,"interspace",0,5,"VEAR",NA,NA,2,1
"RkyMtn4-999",1,"interspace",0,5,"VEAR",NA,NA,2,1
"RkyMtn4-999",1,"interspace",0,5,"VEAR",NA,NA,2,1
"RkyMtn4-999",1,"interspace",0,5,"VEAR",NA,NA,2,1
"RkyMtn4-999",1,"interspace",0,5,"VEAR",NA,NA,2,1
"RkyMtn4-999",1,"interspace",0,5,"VEAR",NA,NA,2,1
"RkyMtn4-999",1,"interspace",0,5,"VEAR",NA,NA,2,1
"RkyMtn4-999",1,"interspace",0,5,"VEAR",NA,NA,2,1
"RkyMtn4-999",1,"interspace",0,5,"VEAR",NA,NA,4,1
"RkyMtn4-999",1,"interspace",0,5,"VEAR",NA,NA,4,1
"RkyMtn4-999",1,"interspace",0,5,"VEAR",NA,NA,4,1
"RkyMtn4-999",1,"interspace",0,5,"VEAR",NA,NA,4,1
"RkyMtn4-999",1,"interspace",0,5,"VEAR",NA,NA,4,1
"RkyMtn4-999",1,"interspace",0,5,"VEAR",NA,NA,4,1
"RkyMtn4-999",1,"interspace",0,5,"VEAR",NA,NA,4,1
"RkyMtn4-999",1,"interspace",0,5,"VEAR",NA,NA,4,1
"RkyMtn4-999",1,"interspace",0,5,"VEAR",NA,NA,4,1
"RkyMtn4-999",1,"interspace",0,5,"VEAR",NA,NA,4,1
"RkyMtn4-999",1,"interspace",0,5,"VEAR",NA,NA,4,1
"RkyMtn4-999",1,"interspace",0,5,"VEAR",NA,NA,3,1
"RkyMtn4-999",1,"interspace",0,5,"VEAR",NA,NA,3,1
"RkyMtn4-999",1,"interspace",0,5,"VEAR",NA,NA,3,1
"RkyMtn4-999",1,"interspace",0,5,"VEAR",NA,NA,3,1
"RkyMtn4-999",1,"interspace",0,5,"VEAR",NA,NA,3,1
"RkyMtn4-999",1,"interspace",0,5,"VEAR",NA,NA,3,1
"RkyMtn4-999",1,"canopy",1,10,"ACMI2",3,2,3,1
"RkyMtn4-999",1,"canopy",1,10,"LULE3",13,11,23,1
"RkyMtn4-999",1,"canopy",1,10,"COPA3",NA,NA,6,1
"RkyMtn4-999",1,"canopy",1,10,"KOMA",1,1,5,1
"RkyMtn4-999",1,"canopy",1,10,"VEAR",NA,NA,5,1
"RkyMtn4-999",1,"canopy",1,10,"KOMA",2,1,12,1
"RkyMtn4-999",1,"canopy",1,10,"KOMA",4,2,13,1
"RkyMtn4-999",1,"canopy",1,10,"VEAR",NA,NA,4,1
"RkyMtn4-999",1,"canopy",1,10,"KOMA",1,1,13,1
"RkyMtn4-999",1,"canopy",1,10,"VEAR",NA,NA,4,1
"RkyMtn4-999",1,"canopy",1,10,"VEAR",NA,NA,4,1
"RkyMtn4-999",1,"canopy",1,10,"VEAR",NA,NA,4,1
"RkyMtn4-999",1,"canopy",1,10,"VEAR",NA,NA,4,1
"RkyMtn4-999",1,"canopy",1,10,"VEAR",NA,NA,4,1
"RkyMtn4-999",1,"canopy",1,10,"VEAR",NA,NA,4,1
"RkyMtn4-999",1,"canopy",1,10,"VEAR",NA,NA,4,1
"RkyMtn4-999",1,"canopy",1,10,"VEAR",NA,NA,4,1
"RkyMtn4-999",1,"canopy",1,10,"VEAR",NA,NA,4,1
"RkyMtn4-999",1,"canopy",1,10,"VEAR",NA,NA,4,1
"RkyMtn4-999",1,"canopy",1,10,"VEAR",NA,NA,4,1
"RkyMtn4-999",1,"canopy",1,10,"VEAR",NA,NA,4,1
"RkyMtn4-999",1,"canopy",1,10,"VEAR",NA,NA,4,1
"RkyMtn4-999",1,"canopy",1,10,"VEAR",NA,NA,4,1
"RkyMtn4-999",1,"canopy",1,10,"VEAR",NA,NA,4,1
"RkyMtn4-999",1,"canopy",1,10,"KOMA",1,1,13,1
"RkyMtn4-999",1,"interspace",0,10,"KOMA",3,2,9,1
"RkyMtn4-999",1,"interspace",0,10,"VEAR",NA,NA,4,1
"RkyMtn4-999",1,"interspace",0,10,"KOMA",2,1,11,1
"RkyMtn4-999",1,"interspace",0,10,"ARLE",NA,NA,4,1
"RkyMtn4-999",1,"interspace",0,10,"VEAR",NA,NA,3,1
"RkyMtn4-999",1,"interspace",0,10,"POSE",1,1,4,1
"RkyMtn4-999",1,"interspace",0,10,"POSE",2,1,4,1
"RkyMtn4-999",1,"interspace",0,10,"KOMA",1,1,8,1
"RkyMtn4-999",1,"interspace",0,10,"VEAR",NA,NA,5,1
"RkyMtn4-999",1,"interspace",0,10,"MIGR",NA,NA,5,1
"RkyMtn4-999",1,"interspace",0,10,"COPA3",NA,NA,3,1
"RkyMtn4-999",1,"interspace",0,10,"COPA3",NA,NA,5,1
"RkyMtn4-999",1,"interspace",0,10,"VEAR",NA,NA,4,1
"RkyMtn4-999",1,"interspace",0,10,"VEAR",NA,NA,4,1
"RkyMtn4-999",1,"interspace",0,10,"VEAR",NA,NA,4,1
"RkyMtn4-999",1,"interspace",0,10,"ARLE",NA,NA,4,1
"RkyMtn4-999",1,"interspace",0,10,"VEAR",NA,NA,3,1
"RkyMtn4-999",1,"interspace",0,10,"VEAR",NA,NA,3,1
"RkyMtn4-999",1,"interspace",0,10,"POSE",1,1,4,1
"RkyMtn4-999",1,"interspace",0,10,"VEAR",NA,NA,5,1
"RkyMtn4-999",1,"interspace",0,10,"VEAR",NA,NA,5,1
"RkyMtn4-999",1,"interspace",0,10,"VEAR",NA,NA,5,1
"RkyMtn4-999",1,"interspace",0,10,"VEAR",NA,NA,5,1
"RkyMtn4-999",1,"interspace",0,10,"VEAR",NA,NA,5,1
"RkyMtn4-999",1,"interspace",0,10,"VEAR",NA,NA,5,1
"RkyMtn4-999",1,"interspace",0,10,"VEAR",NA,NA,5,1
"RkyMtn4-999",1,"interspace",0,10,"VEAR",NA,NA,5,1
"RkyMtn4-999",1,"interspace",0,10,"VEAR",NA,NA,5,1
"RkyMtn4-999",1,"interspace",0,10,"VEAR",NA,NA,5,1
"RkyMtn4-999",1,"interspace",0,10,"VEAR",NA,NA,5,1
"RkyMtn4-999",1,"interspace",0,10,"VEAR",NA,NA,5,1
"RkyMtn4-999",1,"interspace",0,10,"VEAR",NA,NA,5,1
"RkyMtn4-999",1,"canopy",1,15,"LULE3",7,2,4,1
"RkyMtn4-999",1,"interspace",1,15,"BRTE",NA,NA,16,1
"RkyMtn4-999",1,"interspace",1,15,"KOMA",1,1,25,1
"RkyMtn4-999",1,"interspace",1,15,"VEAR",NA,NA,7,1
"RkyMtn4-999",1,"canopy",1,20,"LULE3",16,6,13,1
"RkyMtn4-999",1,"interspace",1,20,"COPA3",NA,NA,4,1
"RkyMtn4-999",1,"interspace",1,20,"VEAR",NA,NA,2,1
"RkyMtn4-999",1,"interspace",1,20,"COPA3",NA,NA,4,1
"RkyMtn4-999",1,"canopy",0.5,25,"POSE",3,2,7,1
"RkyMtn4-999",1,"canopy",0.5,25,"POSE",2,2,5,1
"RkyMtn4-999",1,"canopy",0.5,25,"POSE",2,1,5,1
"RkyMtn4-999",1,"canopy",0,25,"POSE",2,2,4,1
"RkyMtn4-999",1,"canopy",0,25,"VEAR",NA,NA,2,1
"RkyMtn4-999",1,"canopy",0,25,"VEAR",NA,NA,3,1
"RkyMtn4-999",1,"canopy",0,25,"VEAR",NA,NA,4,1
"RkyMtn4-999",1,"canopy",0,25,"VUOC",NA,NA,13,1
"RkyMtn4-999",1,"canopy",0,25,"BRTE",NA,NA,8,1
"RkyMtn4-999",1,"canopy",0.5,25,"COPA3",NA,NA,4,1
"RkyMtn4-999",1,"canopy",0,25,"POSE",1,1,3,1
"RkyMtn4-999",1,"canopy",0,25,"AF046",NA,NA,4,1
"RkyMtn4-999",1,"canopy",0,25,"VEAR",NA,NA,2,1
"RkyMtn4-999",1,"canopy",0,25,"VEAR",NA,NA,2,1
"RkyMtn4-999",1,"canopy",0,25,"VEAR",NA,NA,2,1
"RkyMtn4-999",1,"canopy",0,25,"VEAR",NA,NA,2,1
"RkyMtn4-999",1,"canopy",0,25,"VEAR",NA,NA,2,1
"RkyMtn4-999",1,"canopy",0,25,"VEAR",NA,NA,2,1
"RkyMtn4-999",1,"canopy",0,25,"VEAR",NA,NA,2,1
"RkyMtn4-999",1,"canopy",0,25,"VEAR",NA,NA,2,1
"RkyMtn4-999",1,"canopy",0,25,"VEAR",NA,NA,2,1
"RkyMtn4-999",1,"canopy",0,25,"VEAR",NA,NA,3,1
"RkyMtn4-999",1,"canopy",0,25,"VEAR",NA,NA,3,1
"RkyMtn4-999",1,"canopy",0,25,"VEAR",NA,NA,3,1
"RkyMtn4-999",1,"canopy",0,25,"VEAR",NA,NA,3,1
"RkyMtn4-999",1,"canopy",0,25,"AF046",NA,NA,4,1
"RkyMtn4-999",1,"interspace",0,25,"MIGR",NA,NA,4,1
"RkyMtn4-999",1,"interspace",0,25,"VUOC",NA,NA,9,1
"RkyMtn4-999",1,"interspace",0,25,"MIGR",NA,NA,3,1
"RkyMtn4-999",1,"interspace",0,25,"VUOC",NA,NA,16,1
"RkyMtn4-999",1,"interspace",0,25,"COPA3",NA,NA,4,1
"RkyMtn4-999",1,"interspace",0,25,"VEAR",NA,NA,3,1
"RkyMtn4-999",1,"interspace",0,25,"COPA3",NA,NA,5,1
"RkyMtn4-999",1,"interspace",0,25,"MIGR",NA,NA,7,1
"RkyMtn4-999",1,"interspace",0,25,"POSE",3,2,4,1
"RkyMtn4-999",1,"interspace",0,25,"VEAR",NA,NA,6,1
"RkyMtn4-999",1,"interspace",0,25,"COPA3",NA,NA,6,1
"RkyMtn4-999",1,"interspace",0,25,"BRTE",NA,NA,12,1
"RkyMtn4-999",1,"interspace",0,25,"VUOC",NA,NA,8,1
"RkyMtn4-999",1,"interspace",0,25,"VUOC",NA,NA,9,1
"RkyMtn4-999",1,"interspace",0,25,"VUOC",NA,NA,9,1
"RkyMtn4-999",1,"interspace",0,25,"VEAR",NA,NA,3,1
"RkyMtn4-999",1,"interspace",0,25,"VEAR",NA,NA,3,1
"RkyMtn4-999",1,"interspace",0,25,"VEAR",NA,NA,3,1
"RkyMtn4-999",1,"interspace",0,25,"VEAR",NA,NA,3,1
"RkyMtn4-999",1,"interspace",0,25,"VEAR",NA,NA,3,1
"RkyMtn4-999",1,"interspace",0,25,"VEAR",NA,NA,3,1
"RkyMtn4-999",1,"interspace",0,25,"VEAR",NA,NA,3,1
"RkyMtn4-999",1,"interspace",0,25,"VEAR",NA,NA,3,1
"RkyMtn4-999",1,"interspace",0,25,"VEAR",NA,NA,3,1
"RkyMtn4-999",1,"interspace",0,25,"VEAR",NA,NA,3,1
"RkyMtn4-999",1,"interspace",0,25,"VEAR",NA,NA,3,1
"RkyMtn4-999",1,"interspace",0,25,"VEAR",NA,NA,3,1
"RkyMtn4-999",1,"interspace",0,25,"VEAR",NA,NA,3,1
"RkyMtn4-999",1,"interspace",0,25,"VEAR",NA,NA,3,1
"RkyMtn4-999",1,"interspace",0,25,"VEAR",NA,NA,3,1
"RkyMtn4-999",1,"interspace",0,25,"VEAR",NA,NA,3,1
"RkyMtn4-999",1,"interspace",0,25,"VEAR",NA,NA,3,1
"RkyMtn4-999",1,"interspace",0,25,"VEAR",NA,NA,3,1
"RkyMtn4-999",1,"interspace",0,25,"VEAR",NA,NA,3,1
"RkyMtn4-999",1,"interspace",0,25,"VEAR",NA,NA,6,1
"RkyMtn4-999",1,"interspace",0,25,"VEAR",NA,NA,6,1
"RkyMtn4-999",1,"interspace",0,25,"BRTE",NA,NA,12,1
"RkyMtn4-999",1,"interspace",0,25,"BRTE",NA,NA,12,1
"RkyMtn4-999",1,"interspace",0,25,"VUOC",NA,NA,8,1
"RkyMtn4-999",1,"interspace",0,25,"VUOC",NA,NA,8,1
"RkyMtn4-999",1,"interspace",0,25,"VUOC",NA,NA,8,1
"RkyMtn4-999",2,"canopy",1,5,"POSE",1,1,3,1
"RkyMtn4-999",2,"canopy",1,5,"POSE",2,1,4,1
"RkyMtn4-999",2,"canopy",1,5,"VEAR",NA,NA,5,1
"RkyMtn4-999",2,"canopy",1,5,"VEAR",NA,NA,7,1
"RkyMtn4-999",2,"canopy",1,5,"VEAR",NA,NA,3,1
"RkyMtn4-999",2,"canopy",1,5,"BRTE",NA,NA,17,1
"RkyMtn4-999",2,"canopy",1,5,"VEAR",NA,NA,4,1
"RkyMtn4-999",2,"canopy",1,5,"VEAR",NA,NA,2,1
"RkyMtn4-999",2,"canopy",1,5,"ALDE",NA,NA,8,1
"RkyMtn4-999",2,"canopy",1,5,"VEAR",NA,NA,5,1
"RkyMtn4-999",2,"canopy",1,5,"VEAR",NA,NA,5,1
"RkyMtn4-999",2,"canopy",1,5,"VEAR",NA,NA,5,1
"RkyMtn4-999",2,"canopy",1,5,"VEAR",NA,NA,5,1
"RkyMtn4-999",2,"canopy",1,5,"VEAR",NA,NA,3,1
"RkyMtn4-999",2,"canopy",1,5,"VEAR",NA,NA,3,1
"RkyMtn4-999",2,"canopy",1,5,"VEAR",NA,NA,3,1
"RkyMtn4-999",2,"canopy",1,5,"VEAR",NA,NA,3,1
"RkyMtn4-999",2,"canopy",1,5,"VEAR",NA,NA,3,1
"RkyMtn4-999",2,"canopy",1,5,"VEAR",NA,NA,3,1
"RkyMtn4-999",2,"canopy",1,5,"VEAR",NA,NA,3,1
"RkyMtn4-999",2,"canopy",1,5,"VEAR",NA,NA,3,1
"RkyMtn4-999",2,"canopy",1,5,"VEAR",NA,NA,3,1
"RkyMtn4-999",2,"canopy",1,5,"VEAR",NA,NA,3,1
"RkyMtn4-999",2,"canopy",1,5,"VEAR",NA,NA,3,1
"RkyMtn4-999",2,"canopy",1,5,"VEAR",NA,NA,4,1
"RkyMtn4-999",2,"canopy",1,5,"VEAR",NA,NA,4,1
"RkyMtn4-999",2,"canopy",1,5,"VEAR",NA,NA,2,1
"RkyMtn4-999",2,"canopy",1,5,"VEAR",NA,NA,2,1
"RkyMtn4-999",2,"canopy",1,5,"VEAR",NA,NA,2,1
"RkyMtn4-999",2,"canopy",1,5,"VEAR",NA,NA,2,1
"RkyMtn4-999",2,"interspace",0,5,"VEAR",NA,NA,3,1
"RkyMtn4-999",2,"interspace",0,5,"POSE",1,1,3,1
"RkyMtn4-999",2,"interspace",0,5,"VEAR",NA,NA,4,1
"RkyMtn4-999",2,"interspace",0,5,"VEAR",NA,NA,7,1
"RkyMtn4-999",2,"interspace",0,5,"VEAR",NA,NA,5,1
"RkyMtn4-999",2,"interspace",0,5,"VEAR",NA,NA,3,1
"RkyMtn4-999",2,"interspace",0,5,"VEAR",NA,NA,3,1
"RkyMtn4-999",2,"interspace",0,5,"VEAR",NA,NA,3,1
"RkyMtn4-999",2,"interspace",0,5,"VEAR",NA,NA,3,1
"RkyMtn4-999",2,"interspace",0,5,"VEAR",NA,NA,3,1
"RkyMtn4-999",2,"interspace",0,5,"VEAR",NA,NA,3,1
"RkyMtn4-999",2,"interspace",0,5,"VEAR",NA,NA,3,1
"RkyMtn4-999",2,"interspace",0,5,"VEAR",NA,NA,3,1
"RkyMtn4-999",2,"interspace",0,5,"VEAR",NA,NA,3,1
"RkyMtn4-999",2,"interspace",0,5,"VEAR",NA,NA,3,1
"RkyMtn4-999",2,"interspace",0,5,"VEAR",NA,NA,3,1
"RkyMtn4-999",2,"interspace",0,5,"VEAR",NA,NA,3,1
"RkyMtn4-999",2,"interspace",0,5,"VEAR",NA,NA,3,1
"RkyMtn4-999",2,"interspace",0,5,"VEAR",NA,NA,3,1
"RkyMtn4-999",2,"interspace",0,5,"VEAR",NA,NA,3,1
"RkyMtn4-999",2,"interspace",0,5,"VEAR",NA,NA,3,1
"RkyMtn4-999",2,"interspace",0,5,"VEAR",NA,NA,3,1
"RkyMtn4-999",2,"interspace",0,5,"VEAR",NA,NA,3,1
"RkyMtn4-999",2,"interspace",0,5,"VEAR",NA,NA,3,1
"RkyMtn4-999",2,"interspace",0,5,"VEAR",NA,NA,3,1
"RkyMtn4-999",2,"interspace",0,5,"VEAR",NA,NA,3,1
"RkyMtn4-999",2,"interspace",0,5,"VEAR",NA,NA,3,1
"RkyMtn4-999",2,"interspace",0,5,"POSE",1,1,3,1
"RkyMtn4-999",2,"interspace",0,5,"POSE",1,1,3,1
"RkyMtn4-999",2,"interspace",0,5,"VEAR",NA,NA,4,1
"RkyMtn4-999",2,"interspace",0,5,"VEAR",NA,NA,7,1
"RkyMtn4-999",2,"interspace",0,5,"VEAR",NA,NA,7,1
"RkyMtn4-999",2,"canopy",1,10,"BRTE",NA,NA,15,1
"RkyMtn4-999",2,"canopy",1,10,"COPA3",NA,NA,7,1
"RkyMtn4-999",2,"interspace",1,10,"NO PLANTS",NA,NA,NA,NA
"RkyMtn4-999",2,"canopy",1,15,"VEAR",NA,NA,4,1
"RkyMtn4-999",2,"canopy",1,15,"VEAR",NA,NA,3,1
"RkyMtn4-999",2,"canopy",1,15,"VEAR",NA,NA,3,1
"RkyMtn4-999",2,"canopy",1,15,"ANTENPF",3,4,2,1
"RkyMtn4-999",2,"canopy",1,15,"ALDE",NA,NA,4,1
"RkyMtn4-999",2,"canopy",1,15,"AF046",NA,NA,4,1
"RkyMtn4-999",2,"canopy",1,15,"CENU2",NA,NA,5,1
"RkyMtn4-999",2,"canopy",1,15,"CEST8",2,1,6,1
"RkyMtn4-999",2,"canopy",1,15,"ALDE",NA,NA,4,1
"RkyMtn4-999",2,"canopy",1,15,"ALDE",NA,NA,10,1
"RkyMtn4-999",2,"canopy",1,15,"VEAR",NA,NA,4,1
"RkyMtn4-999",2,"canopy",1,15,"VEAR",NA,NA,4,1
"RkyMtn4-999",2,"canopy",1,15,"VEAR",NA,NA,3,1
"RkyMtn4-999",2,"canopy",1,15,"VEAR",NA,NA,3,1
"RkyMtn4-999",2,"canopy",1,15,"VEAR",NA,NA,3,1
"RkyMtn4-999",2,"canopy",1,15,"VEAR",NA,NA,3,1
"RkyMtn4-999",2,"canopy",1,15,"ALDE",NA,NA,4,1
"RkyMtn4-999",2,"canopy",1,15,"AF046",NA,NA,4,1
"RkyMtn4-999",2,"interspace",1,15,"VEAR",NA,NA,3,1
"RkyMtn4-999",2,"interspace",1,15,"VEAR",NA,NA,2,1
"RkyMtn4-999",2,"interspace",1,15,"ALDE",NA,NA,2,1
"RkyMtn4-999",2,"interspace",0.5,15,"POSE",1,1,5,1
"RkyMtn4-999",2,"interspace",1,15,"VEAR",NA,NA,3,1
"RkyMtn4-999",2,"interspace",1,15,"VEAR",NA,NA,3,1
"RkyMtn4-999",2,"interspace",1,15,"VEAR",NA,NA,3,1
"RkyMtn4-999",2,"interspace",1,15,"VEAR",NA,NA,3,1
"RkyMtn4-999",2,"interspace",1,15,"VEAR",NA,NA,3,1
"RkyMtn4-999",2,"interspace",1,15,"VEAR",NA,NA,3,1
"RkyMtn4-999",2,"interspace",1,15,"VEAR",NA,NA,3,1
"RkyMtn4-999",2,"interspace",1,15,"VEAR",NA,NA,2,1
"RkyMtn4-999",2,"interspace",1,15,"VEAR",NA,NA,2,1
"RkyMtn4-999",2,"interspace",1,15,"VEAR",NA,NA,2,1
"RkyMtn4-999",2,"interspace",1,15,"VEAR",NA,NA,2,1
"RkyMtn4-999",2,"interspace",1,15,"VEAR",NA,NA,2,1
"RkyMtn4-999",2,"interspace",1,15,"VEAR",NA,NA,2,1
"RkyMtn4-999",2,"interspace",1,15,"VEAR",NA,NA,2,1
"RkyMtn4-999",2,"interspace",1,15,"VEAR",NA,NA,2,1
"RkyMtn4-999",2,"interspace",1,15,"VEAR",NA,NA,2,1
"RkyMtn4-999",2,"interspace",1,15,"VEAR",NA,NA,2,1
"RkyMtn4-999",2,"interspace",1,15,"VEAR",NA,NA,2,1
"RkyMtn4-999",2,"interspace",1,15,"VEAR",NA,NA,2,1
"RkyMtn4-999",2,"interspace",1,15,"VEAR",NA,NA,2,1
"RkyMtn4-999",2,"interspace",1,15,"VEAR",NA,NA,2,1
"RkyMtn4-999",2,"interspace",1,15,"VEAR",NA,NA,2,1
"RkyMtn4-999",2,"interspace",1,15,"VEAR",NA,NA,2,1
"RkyMtn4-999",2,"interspace",1,15,"VEAR",NA,NA,2,1
"RkyMtn4-999",2,"interspace",1,15,"VEAR",NA,NA,2,1
"RkyMtn4-999",2,"interspace",1,15,"VEAR",NA,NA,2,1
"RkyMtn4-999",2,"interspace",1,15,"VEAR",NA,NA,2,1
"RkyMtn4-999",2,"interspace",1,15,"VEAR",NA,NA,2,1
"RkyMtn4-999",2,"interspace",1,15,"VEAR",NA,NA,2,1
"RkyMtn4-999",2,"interspace",1,15,"VEAR",NA,NA,2,1
"RkyMtn4-999",2,"interspace",1,15,"VEAR",NA,NA,2,1
"RkyMtn4-999",2,"interspace",1,15,"VEAR",NA,NA,2,1
"RkyMtn4-999",2,"interspace",1,15,"VEAR",NA,NA,2,1
"RkyMtn4-999",2,"interspace",1,15,"VEAR",NA,NA,2,1
"RkyMtn4-999",2,"interspace",1,15,"VEAR",NA,NA,2,1
"RkyMtn4-999",2,"interspace",1,15,"VEAR",NA,NA,2,1
"RkyMtn4-999",2,"canopy",1,20,"VEAR",NA,NA,4,1
"RkyMtn4-999",2,"canopy",1,20,"VEAR",NA,NA,3,1
"RkyMtn4-999",2,"canopy",1,20,"VEAR",NA,NA,8,1
"RkyMtn4-999",2,"canopy",1,20,"ALDE",NA,NA,12,1
"RkyMtn4-999",2,"canopy",0,20,"VEAR",NA,NA,3,1
"RkyMtn4-999",2,"canopy",0,20,"HOUM",NA,NA,15,1
"RkyMtn4-999",2,"canopy",0,20,"VEAR",NA,NA,2,1
"RkyMtn4-999",2,"canopy",1,20,"VEAR",NA,NA,7,1
"RkyMtn4-999",2,"canopy",1,20,"VEAR",NA,NA,4,1
"RkyMtn4-999",2,"canopy",1,20,"VEAR",NA,NA,3,1
"RkyMtn4-999",2,"canopy",0,20,"VEAR",NA,NA,3,1
"RkyMtn4-999",2,"canopy",0,20,"VEAR",NA,NA,3,1
"RkyMtn4-999",2,"canopy",0,20,"VEAR",NA,NA,3,1
"RkyMtn4-999",2,"canopy",0,20,"VEAR",NA,NA,2,1
"RkyMtn4-999",2,"canopy",0,20,"VEAR",NA,NA,2,1
"RkyMtn4-999",2,"canopy",0,20,"VEAR",NA,NA,2,1
"RkyMtn4-999",2,"canopy",0,20,"VEAR",NA,NA,2,1
"RkyMtn4-999",2,"canopy",0,20,"VEAR",NA,NA,2,1
"RkyMtn4-999",2,"canopy",0,20,"VEAR",NA,NA,2,1
"RkyMtn4-999",2,"canopy",0,20,"VEAR",NA,NA,2,1
"RkyMtn4-999",2,"canopy",0,20,"VEAR",NA,NA,2,1
"RkyMtn4-999",2,"canopy",0,20,"VEAR",NA,NA,2,1
"RkyMtn4-999",2,"canopy",0,20,"VEAR",NA,NA,2,1
"RkyMtn4-999",2,"canopy",0,20,"VEAR",NA,NA,2,1
"RkyMtn4-999",2,"canopy",0,20,"VEAR",NA,NA,2,1
"RkyMtn4-999",2,"canopy",0,20,"VEAR",NA,NA,2,1
"RkyMtn4-999",2,"canopy",0,20,"VEAR",NA,NA,2,1
"RkyMtn4-999",2,"canopy",0,20,"VEAR",NA,NA,2,1
"RkyMtn4-999",2,"canopy",0,20,"VEAR",NA,NA,2,1
"RkyMtn4-999",2,"canopy",0,20,"VEAR",NA,NA,2,1
"RkyMtn4-999",2,"canopy",0,20,"VEAR",NA,NA,2,1
"RkyMtn4-999",2,"canopy",0,20,"VEAR",NA,NA,2,1
"RkyMtn4-999",2,"interspace",0.5,20,"POSE",1,1,4,1
"RkyMtn4-999",2,"interspace",0.5,20,"POSE",1,1,5,1
"RkyMtn4-999",2,"interspace",1,20,"VEAR",NA,NA,3,1
"RkyMtn4-999",2,"interspace",0,20,"POSE",1,1,5,1
"RkyMtn4-999",2,"interspace",0.5,20,"POSE",1,1,3,1
"RkyMtn4-999",2,"interspace",0,20,"VEAR",NA,NA,2,1
"RkyMtn4-999",2,"interspace",0,20,"POSE",1,1,4,1
"RkyMtn4-999",2,"interspace",0.5,20,"HOUM",NA,NA,6,1
"RkyMtn4-999",2,"interspace",1,20,"VEAR",NA,NA,4,1
"RkyMtn4-999",2,"interspace",1,20,"KOMA",1,1,5,1
"RkyMtn4-999",2,"interspace",1,20,"ALDE",NA,NA,6,1
"RkyMtn4-999",2,"interspace",0.5,20,"LULE3",4,3,9,1
"RkyMtn4-999",2,"interspace",0.5,20,"LULE3",7,5,9,1
"RkyMtn4-999",2,"interspace",1,20,"VEAR",NA,NA,3,1
"RkyMtn4-999",2,"interspace",1,20,"VEAR",NA,NA,3,1
"RkyMtn4-999",2,"interspace",1,20,"VEAR",NA,NA,3,1
"RkyMtn4-999",2,"interspace",1,20,"VEAR",NA,NA,3,1
"RkyMtn4-999",2,"interspace",1,20,"VEAR",NA,NA,3,1
"RkyMtn4-999",2,"interspace",1,20,"VEAR",NA,NA,3,1
"RkyMtn4-999",2,"interspace",1,20,"VEAR",NA,NA,3,1
"RkyMtn4-999",2,"interspace",1,20,"VEAR",NA,NA,3,1
"RkyMtn4-999",2,"interspace",1,20,"VEAR",NA,NA,3,1
"RkyMtn4-999",2,"interspace",1,20,"VEAR",NA,NA,3,1
"RkyMtn4-999",2,"interspace",1,20,"VEAR",NA,NA,3,1
"RkyMtn4-999",2,"interspace",0,20,"VEAR",NA,NA,2,1
"RkyMtn4-999",2,"interspace",0,20,"VEAR",NA,NA,2,1
"RkyMtn4-999",2,"interspace",0,20,"VEAR",NA,NA,2,1
"RkyMtn4-999",2,"interspace",0,20,"VEAR",NA,NA,2,1
"RkyMtn4-999",2,"interspace",0,20,"VEAR",NA,NA,2,1
"RkyMtn4-999",2,"interspace",0,20,"VEAR",NA,NA,2,1
"RkyMtn4-999",2,"interspace",0,20,"POSE",1,1,4,1
"RkyMtn4-999",2,"interspace",1,20,"VEAR",NA,NA,4,1
"RkyMtn4-999",2,"interspace",1,20,"VEAR",NA,NA,4,1
"RkyMtn4-999",2,"interspace",1,20,"VEAR",NA,NA,4,1
"RkyMtn4-999",2,"interspace",1,20,"VEAR",NA,NA,4,1
"RkyMtn4-999",2,"interspace",1,20,"VEAR",NA,NA,4,1
"RkyMtn4-999",2,"interspace",1,20,"VEAR",NA,NA,4,1
"RkyMtn4-999",2,"canopy",1,25,"VEAR",NA,NA,2,1
"RkyMtn4-999",2,"canopy",1,25,"VEAR",NA,NA,3,1
"RkyMtn4-999",2,"canopy",1,25,"ALDE",NA,NA,3,1
"RkyMtn4-999",2,"canopy",1,25,"KOMA",1,1,5,1
"RkyMtn4-999",2,"canopy",0,25,"POSE",1,1,4,1
"RkyMtn4-999",2,"canopy",1,25,"POSE",2,1,5,1
"RkyMtn4-999",2,"canopy",1,25,"KOMA",1,1,6,1
"RkyMtn4-999",2,"canopy",1,25,"KOMA",1,1,8,1
"RkyMtn4-999",2,"canopy",1,25,"POSE",1,1,3,1
"RkyMtn4-999",2,"canopy",1,25,"KOMA",1,1,5,1
"RkyMtn4-999",2,"canopy",1,25,"ALDE",NA,NA,2,1
"RkyMtn4-999",2,"canopy",1,25,"KOMA",2,1,7,1
"RkyMtn4-999",2,"canopy",1,25,"POSE",1,1,5,1
"RkyMtn4-999",2,"canopy",1,25,"VEAR",NA,NA,2,1
"RkyMtn4-999",2,"canopy",1,25,"VEAR",NA,NA,2,1
"RkyMtn4-999",2,"canopy",1,25,"VEAR",NA,NA,2,1
"RkyMtn4-999",2,"canopy",1,25,"VEAR",NA,NA,2,1
"RkyMtn4-999",2,"canopy",1,25,"VEAR",NA,NA,2,1
"RkyMtn4-999",2,"canopy",1,25,"VEAR",NA,NA,2,1
"RkyMtn4-999",2,"canopy",1,25,"VEAR",NA,NA,2,1
"RkyMtn4-999",2,"canopy",1,25,"VEAR",NA,NA,2,1
"RkyMtn4-999",2,"canopy",1,25,"VEAR",NA,NA,2,1
"RkyMtn4-999",2,"canopy",1,25,"VEAR",NA,NA,2,1
"RkyMtn4-999",2,"canopy",1,25,"VEAR",NA,NA,2,1
"RkyMtn4-999",2,"canopy",1,25,"VEAR",NA,NA,2,1
"RkyMtn4-999",2,"canopy",1,25,"VEAR",NA,NA,2,1
"RkyMtn4-999",2,"canopy",1,25,"VEAR",NA,NA,2,1
"RkyMtn4-999",2,"canopy",1,25,"VEAR",NA,NA,2,1
"RkyMtn4-999",2,"canopy",1,25,"VEAR",NA,NA,2,1
"RkyMtn4-999",2,"canopy",1,25,"VEAR",NA,NA,2,1
"RkyMtn4-999",2,"canopy",1,25,"VEAR",NA,NA,2,1
"RkyMtn4-999",2,"canopy",1,25,"VEAR",NA,NA,2,1
"RkyMtn4-999",2,"canopy",1,25,"VEAR",NA,NA,2,1
"RkyMtn4-999",2,"canopy",1,25,"VEAR",NA,NA,2,1
"RkyMtn4-999",2,"canopy",1,25,"VEAR",NA,NA,2,1
"RkyMtn4-999",2,"canopy",1,25,"VEAR",NA,NA,2,1
"RkyMtn4-999",2,"canopy",1,25,"VEAR",NA,NA,2,1
"RkyMtn4-999",2,"canopy",1,25,"VEAR",NA,NA,2,1
"RkyMtn4-999",2,"canopy",1,25,"VEAR",NA,NA,2,1
"RkyMtn4-999",2,"canopy",1,25,"VEAR",NA,NA,2,1
"RkyMtn4-999",2,"canopy",1,25,"VEAR",NA,NA,2,1
"RkyMtn4-999",2,"canopy",1,25,"VEAR",NA,NA,2,1
"RkyMtn4-999",2,"canopy",1,25,"VEAR",NA,NA,3,1
"RkyMtn4-999",2,"canopy",1,25,"VEAR",NA,NA,3,1
"RkyMtn4-999",2,"canopy",1,25,"VEAR",NA,NA,3,1
"RkyMtn4-999",2,"canopy",1,25,"VEAR",NA,NA,3,1
"RkyMtn4-999",2,"canopy",1,25,"POSE",1,1,3,1
"RkyMtn4-999",2,"canopy",1,25,"POSE",1,1,5,1
"RkyMtn4-999",2,"interspace",0,25,"POSE",1,1,3,1
"RkyMtn4-999",2,"interspace",0,25,"VEAR",NA,NA,2,1
"RkyMtn4-999",2,"interspace",0,25,"VEAR",NA,NA,3,1
"RkyMtn4-999",2,"interspace",0,25,"ALDE",NA,NA,4,1
"RkyMtn4-999",2,"interspace",0,25,"ARLE",NA,NA,4,1
"RkyMtn4-999",2,"interspace",0,25,"ALDE",NA,NA,5,1
"RkyMtn4-999",2,"interspace",0,25,"POSE",1,1,2,1
"RkyMtn4-999",2,"interspace",0,25,"POSE",1,1,1,1
"RkyMtn4-999",2,"interspace",0,25,"ALDE",NA,NA,7,1
"RkyMtn4-999",2,"interspace",0,25,"VEAR",NA,NA,2,1
"RkyMtn4-999",2,"interspace",0,25,"VEAR",NA,NA,2,1
"RkyMtn4-999",2,"interspace",0,25,"VEAR",NA,NA,2,1
"RkyMtn4-999",2,"interspace",0,25,"VEAR",NA,NA,2,1
"RkyMtn4-999",2,"interspace",0,25,"VEAR",NA,NA,2,1
"RkyMtn4-999",2,"interspace",0,25,"VEAR",NA,NA,2,1
"RkyMtn4-999",2,"interspace",0,25,"VEAR",NA,NA,2,1
"RkyMtn4-999",2,"interspace",0,25,"VEAR",NA,NA,2,1
"RkyMtn4-999",2,"interspace",0,25,"VEAR",NA,NA,2,1
"RkyMtn4-999",2,"interspace",0,25,"VEAR",NA,NA,2,1
"RkyMtn4-999",2,"interspace",0,25,"VEAR",NA,NA,2,1
"RkyMtn4-999",2,"interspace",0,25,"VEAR",NA,NA,2,1
"RkyMtn4-999",2,"interspace",0,25,"VEAR",NA,NA,2,1
"RkyMtn4-999",2,"interspace",0,25,"VEAR",NA,NA,2,1
"RkyMtn4-999",2,"interspace",0,25,"VEAR",NA,NA,2,1
"RkyMtn4-999",2,"interspace",0,25,"VEAR",NA,NA,2,1
"RkyMtn4-999",2,"interspace",0,25,"VEAR",NA,NA,2,1
"RkyMtn4-999",2,"interspace",0,25,"VEAR",NA,NA,2,1
"RkyMtn4-999",2,"interspace",0,25,"VEAR",NA,NA,2,1
"RkyMtn4-999",2,"interspace",0,25,"VEAR",NA,NA,2,1
"RkyMtn4-999",2,"interspace",0,25,"VEAR",NA,NA,2,1
"RkyMtn4-999",2,"interspace",0,25,"VEAR",NA,NA,2,1
"RkyMtn4-999",2,"interspace",0,25,"VEAR",NA,NA,2,1
"RkyMtn4-999",2,"interspace",0,25,"VEAR",NA,NA,2,1
"RkyMtn4-999",2,"interspace",0,25,"VEAR",NA,NA,2,1
"RkyMtn4-999",2,"interspace",0,25,"VEAR",NA,NA,2,1
"RkyMtn4-999",2,"interspace",0,25,"VEAR",NA,NA,2,1
"RkyMtn4-999",2,"interspace",0,25,"VEAR",NA,NA,2,1
"RkyMtn4-999",2,"interspace",0,25,"VEAR",NA,NA,2,1
"RkyMtn4-999",2,"interspace",0,25,"VEAR",NA,NA,3,1
"RkyMtn4-999",2,"interspace",0,25,"VEAR",NA,NA,3,1
"RkyMtn4-999",2,"interspace",0,25,"VEAR",NA,NA,3,1
"RkyMtn4-999",2,"interspace",0,25,"VEAR",NA,NA,3,1
"RkyMtn4-999",2,"interspace",0,25,"VEAR",NA,NA,3,1
"RkyMtn4-999",2,"interspace",0,25,"VEAR",NA,NA,3,1
"RkyMtn4-999",2,"interspace",0,25,"VEAR",NA,NA,3,1
"RkyMtn4-999",2,"interspace",0,25,"VEAR",NA,NA,3,1
"RkyMtn4-999",2,"interspace",0,25,"VEAR",NA,NA,3,1
"RkyMtn4-999",2,"interspace",0,25,"VEAR",NA,NA,3,1
"RkyMtn4-999",2,"interspace",0,25,"POSE",1,1,2,1
"RkyMtn4-999",3,"canopy",1,5,"VEAR",NA,NA,2,1
"RkyMtn4-999",3,"canopy",1,5,"VEAR",NA,NA,3,1
"RkyMtn4-999",3,"canopy",1,5,"VEAR",NA,NA,2,1
"RkyMtn4-999",3,"canopy",1,5,"VEAR",NA,NA,3,1
"RkyMtn4-999",3,"interspace",0,5,"VEAR",NA,NA,3,1
"RkyMtn4-999",3,"interspace",1,5,"VEAR",NA,NA,3,1
"RkyMtn4-999",3,"interspace",1,5,"VEAR",NA,NA,4,1
"RkyMtn4-999",3,"interspace",1,5,"BRTE",NA,NA,14,1
"RkyMtn4-999",3,"interspace",0,5,"VEAR",NA,NA,4,1
"RkyMtn4-999",3,"interspace",1,5,"VEAR",NA,NA,2,1
"RkyMtn4-999",3,"interspace",1,5,"MIGR",NA,NA,2,1
"RkyMtn4-999",3,"interspace",0,5,"MIGR",NA,NA,6,1
"RkyMtn4-999",3,"interspace",0,5,"VEAR",NA,NA,3,1
"RkyMtn4-999",3,"interspace",0,5,"VEAR",NA,NA,3,1
"RkyMtn4-999",3,"interspace",0,5,"VEAR",NA,NA,3,1
"RkyMtn4-999",3,"interspace",0,5,"VEAR",NA,NA,3,1
"RkyMtn4-999",3,"interspace",0,5,"VEAR",NA,NA,3,1
"RkyMtn4-999",3,"interspace",0,5,"VEAR",NA,NA,3,1
"RkyMtn4-999",3,"interspace",0,5,"VEAR",NA,NA,3,1
"RkyMtn4-999",3,"interspace",0,5,"VEAR",NA,NA,3,1
"RkyMtn4-999",3,"interspace",0,5,"VEAR",NA,NA,3,1
"RkyMtn4-999",3,"interspace",0,5,"VEAR",NA,NA,3,1
"RkyMtn4-999",3,"interspace",0,5,"VEAR",NA,NA,3,1
"RkyMtn4-999",3,"interspace",0,5,"VEAR",NA,NA,3,1
"RkyMtn4-999",3,"interspace",1,5,"VEAR",NA,NA,3,1
"RkyMtn4-999",3,"interspace",1,5,"VEAR",NA,NA,3,1
"RkyMtn4-999",3,"interspace",1,5,"VEAR",NA,NA,3,1
"RkyMtn4-999",3,"interspace",1,5,"VEAR",NA,NA,3,1
"RkyMtn4-999",3,"interspace",1,5,"VEAR",NA,NA,4,1
"RkyMtn4-999",3,"interspace",1,5,"VEAR",NA,NA,4,1
"RkyMtn4-999",3,"interspace",1,5,"VEAR",NA,NA,4,1
"RkyMtn4-999",3,"interspace",1,5,"VEAR",NA,NA,4,1
"RkyMtn4-999",3,"interspace",0,5,"VEAR",NA,NA,4,1
"RkyMtn4-999",3,"interspace",1,5,"VEAR",NA,NA,2,1
"RkyMtn4-999",3,"interspace",1,5,"VEAR",NA,NA,2,1
"RkyMtn4-999",3,"interspace",1,5,"VEAR",NA,NA,2,1
"RkyMtn4-999",3,"interspace",1,5,"VEAR",NA,NA,2,1
"RkyMtn4-999",3,"interspace",1,5,"VEAR",NA,NA,2,1
"RkyMtn4-999",3,"interspace",1,5,"VEAR",NA,NA,2,1
"RkyMtn4-999",3,"interspace",1,5,"VEAR",NA,NA,2,1
"RkyMtn4-999",3,"interspace",1,5,"VEAR",NA,NA,2,1
"RkyMtn4-999",3,"interspace",1,5,"VEAR",NA,NA,2,1
"RkyMtn4-999",3,"canopy",1,10,"VEAR",NA,NA,3,1
"RkyMtn4-999",3,"canopy",1,10,"VEAR",NA,NA,4,1
"RkyMtn4-999",3,"canopy",1,10,"LULE3",60,42,46,1
"RkyMtn4-999",3,"canopy",1,10,"VEAR",NA,NA,5,1
"RkyMtn4-999",3,"canopy",1,10,"BRTE",NA,NA,14,1
"RkyMtn4-999",3,"canopy",1,10,"BRTE",NA,NA,7,1
"RkyMtn4-999",3,"canopy",1,10,"VEAR",NA,NA,3,1
"RkyMtn4-999",3,"canopy",1,10,"VEAR",NA,NA,3,1
"RkyMtn4-999",3,"canopy",1,10,"VEAR",NA,NA,3,1
"RkyMtn4-999",3,"canopy",1,10,"VEAR",NA,NA,4,1
"RkyMtn4-999",3,"canopy",1,10,"VEAR",NA,NA,3,1
"RkyMtn4-999",3,"canopy",1,10,"VEAR",NA,NA,3,1
"RkyMtn4-999",3,"canopy",1,10,"VEAR",NA,NA,3,1
"RkyMtn4-999",3,"canopy",1,10,"VEAR",NA,NA,3,1
"RkyMtn4-999",3,"canopy",1,10,"VEAR",NA,NA,3,1
"RkyMtn4-999",3,"canopy",1,10,"VEAR",NA,NA,3,1
"RkyMtn4-999",3,"canopy",1,10,"VEAR",NA,NA,3,1
"RkyMtn4-999",3,"interspace",0,10,"VEAR",NA,NA,5,1
"RkyMtn4-999",3,"interspace",0,10,"POSE",1,1,5,1
"RkyMtn4-999",3,"interspace",0,10,"VEAR",NA,NA,2,1
"RkyMtn4-999",3,"interspace",0,10,"ALDE",NA,NA,4,1
"RkyMtn4-999",3,"interspace",0,10,"POSE",1,1,3,1
"RkyMtn4-999",3,"interspace",0,10,"VEAR",NA,NA,3,1
"RkyMtn4-999",3,"interspace",0,10,"POSE",1,1,4,1
"RkyMtn4-999",3,"interspace",0,10,"VEAR",NA,NA,2,1
"RkyMtn4-999",3,"interspace",0,10,"VEAR",NA,NA,2,1
"RkyMtn4-999",3,"interspace",0,10,"VEAR",NA,NA,2,1
"RkyMtn4-999",3,"interspace",0,10,"VEAR",NA,NA,2,1
"RkyMtn4-999",3,"interspace",0,10,"VEAR",NA,NA,2,1
"RkyMtn4-999",3,"interspace",0,10,"VEAR",NA,NA,2,1
"RkyMtn4-999",3,"interspace",0,10,"VEAR",NA,NA,2,1
"RkyMtn4-999",3,"interspace",0,10,"VEAR",NA,NA,2,1
"RkyMtn4-999",3,"interspace",0,10,"VEAR",NA,NA,2,1
"RkyMtn4-999",3,"interspace",0,10,"VEAR",NA,NA,2,1
"RkyMtn4-999",3,"interspace",0,10,"VEAR",NA,NA,3,1
"RkyMtn4-999",3,"interspace",0,10,"VEAR",NA,NA,3,1
"RkyMtn4-999",3,"interspace",0,10,"VEAR",NA,NA,3,1
"RkyMtn4-999",3,"canopy",1,15,"POSE",3,2,7,1
"RkyMtn4-999",3,"canopy",1,15,"BRTE",NA,NA,29,1
"RkyMtn4-999",3,"canopy",1,15,"KOMA",1,1,10,1
"RkyMtn4-999",3,"canopy",1,15,"AF046",NA,NA,3,1
"RkyMtn4-999",3,"canopy",1,15,"ASMI9",9,5,7,1
"RkyMtn4-999",3,"interspace",0,15,"VEAR",NA,NA,3,1
"RkyMtn4-999",3,"interspace",0,15,"BRTE",NA,NA,10,1
"RkyMtn4-999",3,"interspace",0,15,"BRTE",NA,NA,11,1
"RkyMtn4-999",3,"interspace",0,15,"AF046",NA,NA,7,1
"RkyMtn4-999",3,"interspace",0,15,"VEAR",NA,NA,2,1
"RkyMtn4-999",3,"interspace",0,15,"BRTE",NA,NA,10,1
"RkyMtn4-999",3,"interspace",0,15,"BRTE",NA,NA,11,1
"RkyMtn4-999",3,"interspace",0,15,"VEAR",NA,NA,2,1
"RkyMtn4-999",3,"interspace",0,15,"VEAR",NA,NA,2,1
"RkyMtn4-999",3,"interspace",0,15,"VEAR",NA,NA,2,1
"RkyMtn4-999",3,"interspace",0,15,"VEAR",NA,NA,2,1
"RkyMtn4-999",3,"interspace",0,15,"VEAR",NA,NA,2,1
"RkyMtn4-999",3,"interspace",0,15,"VEAR",NA,NA,2,1
"RkyMtn4-999",3,"interspace",0,15,"VEAR",NA,NA,2,1
"RkyMtn4-999",3,"interspace",0,15,"VEAR",NA,NA,2,1
"RkyMtn4-999",3,"interspace",0,15,"VEAR",NA,NA,2,1
"RkyMtn4-999",3,"interspace",0,15,"VEAR",NA,NA,2,1
"RkyMtn4-999",3,"interspace",0,15,"VEAR",NA,NA,2,1
"RkyMtn4-999",3,"interspace",0,15,"VEAR",NA,NA,2,1
"RkyMtn4-999",3,"interspace",0,15,"VEAR",NA,NA,2,1
"RkyMtn4-999",3,"interspace",0,15,"VEAR",NA,NA,2,1
"RkyMtn4-999",3,"interspace",0,15,"VEAR",NA,NA,2,1
"RkyMtn4-999",3,"interspace",0,15,"VEAR",NA,NA,2,1
"RkyMtn4-999",3,"interspace",0,15,"VEAR",NA,NA,2,1
"RkyMtn4-999",3,"interspace",0,15,"VEAR",NA,NA,2,1
"RkyMtn4-999",3,"interspace",0,15,"VEAR",NA,NA,2,1
"RkyMtn4-999",3,"canopy",1,20,"NO PLANTS",NA,NA,NA,NA
"RkyMtn4-999",3,"interspace",1,20,"POSE",2,1,5,1
"RkyMtn4-999",3,"interspace",1,20,"ARLE",NA,NA,3,1
"RkyMtn4-999",3,"canopy",1,25,"BRTE",NA,NA,16,1
"RkyMtn4-999",3,"canopy",1,25,"BRTE",NA,NA,10,1
"RkyMtn4-999",3,"canopy",1,25,"BRTE",NA,NA,26,1
"RkyMtn4-999",3,"canopy",1,25,"ARLE",NA,NA,5,1
"RkyMtn4-999",3,"canopy",1,25,"POSE",1,1,8,1
"RkyMtn4-999",3,"canopy",1,25,"BRTE",NA,NA,13,1
"RkyMtn4-999",3,"canopy",1,25,"BRTE",NA,NA,16,1
"RkyMtn4-999",3,"canopy",1,25,"BRTE",NA,NA,16,1
"RkyMtn4-999",3,"canopy",1,25,"BRTE",NA,NA,16,1
"RkyMtn4-999",3,"canopy",1,25,"BRTE",NA,NA,10,1
"RkyMtn4-999",3,"canopy",1,25,"BRTE",NA,NA,13,1
"RkyMtn4-999",3,"interspace",0,25,"VEAR",NA,NA,3,1
"RkyMtn4-999",3,"interspace",0,25,"VEAR",NA,NA,6,1
"RkyMtn4-999",3,"interspace",0,25,"VEAR",NA,NA,4,1
"RkyMtn4-999",3,"interspace",0,25,"VEAR",NA,NA,3,1
"RkyMtn4-999",3,"interspace",0,25,"VEAR",NA,NA,3,1
"RkyMtn4-999",3,"interspace",0,25,"VEAR",NA,NA,3,1
"RkyMtn4-999",3,"interspace",0,25,"VEAR",NA,NA,3,1
"RkyMtn4-999",3,"interspace",0,25,"VEAR",NA,NA,3,1
"RkyMtn4-999",3,"interspace",0,25,"VEAR",NA,NA,3,1
"RkyMtn4-999",3,"interspace",0,25,"VEAR",NA,NA,3,1
"RkyMtn4-999",3,"interspace",0,25,"VEAR",NA,NA,3,1
"RkyMtn4-999",3,"interspace",0,25,"VEAR",NA,NA,3,1
"RkyMtn4-999",3,"interspace",0,25,"VEAR",NA,NA,3,1
"RkyMtn4-999",3,"interspace",0,25,"VEAR",NA,NA,3,1
"RkyMtn4-999",3,"interspace",0,25,"VEAR",NA,NA,3,1
"RkyMtn4-999",3,"interspace",0,25,"VEAR",NA,NA,3,1
"RkyMtn4-999",3,"interspace",0,25,"VEAR",NA,NA,3,1
"RkyMtn4-999",3,"interspace",0,25,"VEAR",NA,NA,3,1
"RkyMtn4-999",3,"interspace",0,25,"VEAR",NA,NA,3,1
"RkyMtn4-999",3,"interspace",0,25,"VEAR",NA,NA,4,1
"RkyMtn4-999",3,"interspace",0,25,"VEAR",NA,NA,4,1
"RkyMtn5-015",1,"canopy",1,5,"FEID",1,1,5,1
"RkyMtn5-015",1,"canopy",1,5,"PHLO2",5,5,5,1
"RkyMtn5-015",1,"canopy",1,5,"PHLO2",5,5,10,1
"RkyMtn5-015",1,"canopy",1,5,"PHLO2",3,3,10,1
"RkyMtn5-015",1,"canopy",1,5,"PHLO2",3,3,7,1
"RkyMtn5-015",1,"interspace",0,5,"FEID",8,5,20,1
"RkyMtn5-015",1,"interspace",0,5,"PSSP6",7,4,30,1
"RkyMtn5-015",1,"interspace",0,5,"COUM",7,4,11,1
"RkyMtn5-015",1,"interspace",0,5,"COUM",2,2,9,1
"RkyMtn5-015",1,"interspace",0,5,"POFE",1,1,15,1
"RkyMtn5-015",1,"interspace",0,5,"ARCO5",7,4,9,1
"RkyMtn5-015",1,"interspace",0,5,"ASTRAPF",4,4,4,1
"RkyMtn5-015",1,"interspace",0,5,"COUM",7,3,12,1
"RkyMtn5-015",1,"interspace",0,5,"ARCO5",15,13,8,1
"RkyMtn5-015",1,"interspace",0,5,"ASMI9",10,4,9,1
"RkyMtn5-015",1,"interspace",0,5,"PHLO2",7,5,13,1
"RkyMtn5-015",1,"interspace",0,5,"CREPIPF",6,6,12,1
"RkyMtn5-015",1,"interspace",0,5,"COUM",4,2,11,1
"RkyMtn5-015",1,"canopy",1,10,"LUPO2",30,15,17,1
"RkyMtn5-015",1,"canopy",1,10,"PHLO2",14,4,9,1
"RkyMtn5-015",1,"canopy",1,10,"ASMI9",30,15,12,1
"RkyMtn5-015",1,"canopy",1,10,"PHLO2",12,12,14,1
"RkyMtn5-015",1,"interspace",1,10,"LUPO2",10,12,10,1
"RkyMtn5-015",1,"interspace",1,10,"FEID",3,3,12,1
"RkyMtn5-015",1,"interspace",1,10,"PSSP6",1,1,25,1
"RkyMtn5-015",1,"interspace",1,10,"CREPIPF",15,3,9,1
"RkyMtn5-015",1,"canopy",0.5,15,"LIRU4",3,3,8,1
"RkyMtn5-015",1,"canopy",1,15,"PEFR3",11,6,18,1
"RkyMtn5-015",1,"interspace",1,15,"PSSP6",4,3,20,1
"RkyMtn5-015",1,"interspace",1,15,"PHLO2",6,3,8,1
"RkyMtn5-015",1,"interspace",1,15,"LUPO2",3,3,5,1
"RkyMtn5-015",1,"canopy",1,20,"COUM",10,3,12,1
"RkyMtn5-015",1,"canopy",1,20,"COUM",13,4,18,1
"RkyMtn5-015",1,"canopy",1,20,"FEID",1,2,12,1
"RkyMtn5-015",1,"canopy",1,20,"FEID",2,2,5,1
"RkyMtn5-015",1,"canopy",1,20,"PSSP6",1,1,22,1
"RkyMtn5-015",1,"canopy",1,20,"COUM",4,2,7,1
"RkyMtn5-015",1,"interspace",1,20,"PHLO2",10,5,16,1
"RkyMtn5-015",1,"interspace",1,20,"POSE",2,2,5,1
"RkyMtn5-015",1,"interspace",1,20,"AGGL",1,1,8,1
"RkyMtn5-015",1,"interspace",1,20,"PHLO2",12,5,10,1
"RkyMtn5-015",1,"canopy",0,25,"POSE",5,4,4,1
"RkyMtn5-015",1,"canopy",0,25,"COUM",3,2,5,1
"RkyMtn5-015",1,"canopy",0,25,"COUM",6,4,9,1
"RkyMtn5-015",1,"canopy",0,25,"ACMI2",NA,NA,4,1
"RkyMtn5-015",1,"canopy",0,25,"POFE",8,3,8,1
"RkyMtn5-015",1,"canopy",0,25,"FEID",3,3,9,1
"RkyMtn5-015",1,"canopy",0,25,"POFE",3,1,6,1
"RkyMtn5-015",1,"canopy",0,25,"ARCO5",4,4,6,1
"RkyMtn5-015",1,"canopy",0,25,"ACMI2",NA,NA,4,1
"RkyMtn5-015",1,"canopy",0,25,"ACMI2",NA,NA,4,1
"RkyMtn5-015",1,"canopy",0,25,"ACMI2",NA,NA,4,1
"RkyMtn5-015",1,"canopy",0,25,"ACMI2",NA,NA,4,1
"RkyMtn5-015",1,"canopy",0,25,"ACMI2",NA,NA,4,1
"RkyMtn5-015",1,"interspace",0,25,"ACMI2",NA,NA,8,1
"RkyMtn5-015",1,"interspace",0,25,"FEID",4,3,12,1
"RkyMtn5-015",1,"interspace",0,25,"FEID",2,2,9,1
"RkyMtn5-015",1,"interspace",0,25,"ARCO5",11,5,8,1
"RkyMtn5-015",1,"interspace",0,25,"COUM",13,7,10,1
"RkyMtn5-015",1,"interspace",1,25,"LUPO2",7,4,12,1
"RkyMtn5-015",1,"interspace",1,25,"POFE",2,2,15,1
"RkyMtn5-015",1,"interspace",1,25,"FEID",3,2,12,1
"RkyMtn5-015",1,"interspace",0,25,"ACMI2",NA,NA,8,1
"RkyMtn5-015",1,"interspace",0,25,"ACMI2",NA,NA,8,1
"RkyMtn5-015",1,"interspace",0,25,"ACMI2",NA,NA,8,1
"RkyMtn5-015",1,"interspace",0,25,"ACMI2",NA,NA,8,1
"RkyMtn5-015",1,"interspace",0,25,"ACMI2",NA,NA,8,1
"RkyMtn5-015",1,"interspace",0,25,"ACMI2",NA,NA,8,1
"RkyMtn5-015",2,"canopy",1,5,"ARCO5",2,2,3,1
"RkyMtn5-015",2,"canopy",1,5,"FEID",3,2,5,1
"RkyMtn5-015",2,"canopy",1,5,"COUM",3,2,9,1
"RkyMtn5-015",2,"canopy",1,5,"FEID",1,1,8,1
"RkyMtn5-015",2,"canopy",1,5,"PHLO2",3,3,11,1
"RkyMtn5-015",2,"canopy",1,5,"ARCO5",5,3,4,1
"RkyMtn5-015",2,"canopy",1,5,"COUM",4,2,7,1
"RkyMtn5-015",2,"canopy",1,5,"FEID",3,3,8,1
"RkyMtn5-015",2,"interspace",0.5,5,"ARCO5",9,8,7,1
"RkyMtn5-015",2,"interspace",0.5,5,"FEID",4,3,11,1
"RkyMtn5-015",2,"interspace",0,5,"COUM",2,1,7,1
"RkyMtn5-015",2,"interspace",0.5,5,"FEID",6,3,9,1
"RkyMtn5-015",2,"interspace",0.5,5,"ACMI2",NA,NA,8,1
"RkyMtn5-015",2,"interspace",1,5,"COUM",3,2,9,1
"RkyMtn5-015",2,"interspace",1,5,"ARCO5",6,2,2,1
"RkyMtn5-015",2,"interspace",1,5,"POFE",3,2,7,1
"RkyMtn5-015",2,"interspace",1,5,"POFE",7,3,12,1
"RkyMtn5-015",2,"interspace",1,5,"COUM",4,3,14,1
"RkyMtn5-015",2,"interspace",1,5,"FEID",2,2,8,1
"RkyMtn5-015",2,"canopy",1,10,"PSSP6",1,2,30,1
"RkyMtn5-015",2,"canopy",1,10,"FEID",4,2,15,1
"RkyMtn5-015",2,"canopy",1,10,"COUM",8,5,10,1
"RkyMtn5-015",2,"canopy",1,10,"FEID",1,2,6,1
"RkyMtn5-015",2,"canopy",1,10,"ARCO5",10,5,6,1
"RkyMtn5-015",2,"canopy",1,10,"FEID",4,3,12,1
"RkyMtn5-015",2,"canopy",1,10,"COUM",1,1,7,1
"RkyMtn5-015",2,"interspace",1,10,"FEID",4,4,10,1
"RkyMtn5-015",2,"interspace",1,10,"COUM",8,5,7,1
"RkyMtn5-015",2,"interspace",1,10,"POFE",3,2,12,1
"RkyMtn5-015",2,"interspace",1,10,"FEID",3,3,7,1
"RkyMtn5-015",2,"interspace",1,10,"FEID",1,1,4,1
"RkyMtn5-015",2,"interspace",1,10,"ERCO5",1,1,3,1
"RkyMtn5-015",2,"interspace",1,10,"FEID",4,3,10,1
"RkyMtn5-015",2,"interspace",1,10,"ARCO5",10,5,5,1
"RkyMtn5-015",2,"interspace",1,10,"ANMI3",6,2,2,1
"RkyMtn5-015",2,"interspace",1,10,"PHLO2",3,1,6,1
"RkyMtn5-015",2,"canopy",1,15,"ARCO5",2,3,5,1
"RkyMtn5-015",2,"canopy",1,15,"ARCO5",1,1,5,1
"RkyMtn5-015",2,"canopy",1,15,"PHLO2",5,4,12,1
"RkyMtn5-015",2,"canopy",1,15,"PSSP6",1,1,15,1
"RkyMtn5-015",2,"canopy",1,15,"PSSP6",2,1,20,1
"RkyMtn5-015",2,"canopy",1,15,"FEID",1,1,10,1
"RkyMtn5-015",2,"canopy",1,15,"ARCO5",9,5,8,1
"RkyMtn5-015",2,"interspace",1,15,"CREPIPF",4,4,10,1
"RkyMtn5-015",2,"interspace",1,15,"ARCO5",8,3,7,1
"RkyMtn5-015",2,"interspace",1,15,"COUM",8,5,12,1
"RkyMtn5-015",2,"interspace",1,15,"ARCO5",1,3,5,1
"RkyMtn5-015",2,"canopy",1,20,"FEID",3,2,12,1
"RkyMtn5-015",2,"canopy",1,20,"ARCO5",5,3,3,1
"RkyMtn5-015",2,"canopy",1,20,"PHLO2",4,3,10,1
"RkyMtn5-015",2,"canopy",1,20,"ARCO5",7,4,4,1
"RkyMtn5-015",2,"interspace",0.5,20,"COUM",7,6,12,1
"RkyMtn5-015",2,"interspace",0.5,20,"FEID",4,3,12,1
"RkyMtn5-015",2,"interspace",0.5,20,"POFE",3,2,10,1
"RkyMtn5-015",2,"interspace",0.5,20,"PSSP6",2,1,22,1
"RkyMtn5-015",2,"interspace",1,20,"FEID",4,3,15,1
"RkyMtn5-015",2,"interspace",0,20,"PSSP6",2,1,25,1
"RkyMtn5-015",2,"interspace",0,20,"ARCO5",6,3,5,1
"RkyMtn5-015",2,"interspace",0,20,"FEID",3,2,5,1
"RkyMtn5-015",2,"canopy",1,25,"ANMI3",8,4,3,1
"RkyMtn5-015",2,"canopy",1,25,"ANMI3",7,4,5,1
"RkyMtn5-015",2,"canopy",1,25,"ARCO5",5,2,5,1
"RkyMtn5-015",2,"canopy",1,25,"PSSP6",3,1,18,1
"RkyMtn5-015",2,"canopy",1,25,"COUM",7,3,15,1
"RkyMtn5-015",2,"canopy",1,25,"PSSP6",2,1,18,1
"RkyMtn5-015",2,"interspace",0,25,"PSSP6",4,2,25,1
"RkyMtn5-015",2,"interspace",0.5,25,"FEID",2,1,12,1
"RkyMtn5-015",2,"interspace",0,25,"ARCO5",3,2,5,1
"RkyMtn5-015",2,"interspace",0,25,"COUM",12,7,10,1
"RkyMtn5-015",2,"interspace",0,25,"ARCO5",3,2,3,1
"RkyMtn5-015",2,"interspace",0,25,"ARCO5",2,1,5,1
"RkyMtn5-015",2,"interspace",0,25,"FEID",3,3,8,1
"RkyMtn5-015",2,"interspace",0,25,"ARCO5",1,2,4,1
"RkyMtn5-015",2,"interspace",0,25,"ARCO5",2,3,2,1
"RkyMtn5-015",2,"interspace",0,25,"POSE",1,1,3,1
"RkyMtn5-015",2,"interspace",0,25,"PSSP6",1,1,15,1
"RkyMtn5-015",2,"interspace",0,25,"PSSP6",2,2,18,1
"RkyMtn5-015",2,"interspace",0,25,"COUM",1,2,9,1
"RkyMtn5-015",2,"interspace",0,25,"COUM",3,3,11,1
"RkyMtn5-015",2,"interspace",0,25,"COUM",3,3,4,1
"RkyMtn5-015",3,"canopy",0,5,"PSSP6",3,2,28,1
"RkyMtn5-015",3,"canopy",0,5,"ARCO5",9,3,4,1
"RkyMtn5-015",3,"canopy",0.5,5,"COUM",12,7,13,1
"RkyMtn5-015",3,"interspace",0,5,"LUPO2",15,8,12,1
"RkyMtn5-015",3,"interspace",0,5,"FEID",4,3,13,1
"RkyMtn5-015",3,"interspace",0,5,"ARCO5",5,3,5,1
"RkyMtn5-015",3,"interspace",0,5,"PHLO2",8,5,10,1
"RkyMtn5-015",3,"interspace",1,5,"LUPO2",27,15,14,1
"RkyMtn5-015",3,"interspace",1,5,"ARCO5",10,5,6,1
"RkyMtn5-015",3,"interspace",1,5,"CREPIPF",16,9,8,1
"RkyMtn5-015",3,"interspace",1,5,"POFE",5,3,18,1
"RkyMtn5-015",3,"canopy",1,10,"PHLO2",15,10,22,1
"RkyMtn5-015",3,"interspace",1,10,"CREPIPF",18,8,7,1
"RkyMtn5-015",3,"interspace",1,10,"COUM",3,3,8,1
"RkyMtn5-015",3,"interspace",1,10,"AGGL",1,1,15,1
"RkyMtn5-015",3,"interspace",1,10,"ERCO5",14,8,6,1
"RkyMtn5-015",3,"interspace",1,10,"PHLO2",4,4,11,1
"RkyMtn5-015",3,"interspace",1,10,"COUM",6,5,16,1
"RkyMtn5-015",3,"interspace",1,10,"PHLO2",5,4,13,1
"RkyMtn5-015",3,"canopy",1,15,"ARCO5",14,7,7,1
"RkyMtn5-015",3,"canopy",1,15,"PSSP6",8,4,30,1
"RkyMtn5-015",3,"canopy",1,15,"ERCO5",8,5,8,1
"RkyMtn5-015",3,"canopy",1,15,"ASTRAPF",10,2,11,1
"RkyMtn5-015",3,"canopy",1,15,"FEID",3,2,15,1
"RkyMtn5-015",3,"canopy",1,15,"PEFR3",11,4,17,1
"RkyMtn5-015",3,"interspace",0,15,"PSSP6",3,3,30,1
"RkyMtn5-015",3,"interspace",0,15,"PEFR3",4,2,7,1
"RkyMtn5-015",3,"interspace",0,15,"PSSP6",6,2,30,1
"RkyMtn5-015",3,"interspace",0,15,"FEID",4,3,7,1
"RkyMtn5-015",3,"interspace",0,15,"PSSP6",4,1,25,1
"RkyMtn5-015",3,"interspace",0,15,"ARCO5",5,4,7,1
"RkyMtn5-015",3,"interspace",0,15,"ARCO5",6,4,6,1
"RkyMtn5-015",3,"interspace",0,15,"PSSP6",1,1,24,1
"RkyMtn5-015",3,"interspace",0,15,"PSSP6",2,1,25,1
"RkyMtn5-015",3,"canopy",0.5,20,"ARCO5",9,4,4,1
"RkyMtn5-015",3,"canopy",0.5,20,"GETR",3,1,2,1
"RkyMtn5-015",3,"canopy",0.5,20,"GETR",4,2,4,1
"RkyMtn5-015",3,"canopy",0,20,"ARCO5",10,6,5,1
"RkyMtn5-015",3,"canopy",0,20,"PSSP6",8,3,23,1
"RkyMtn5-015",3,"canopy",0,20,"FEID",1,1,6,1
"RkyMtn5-015",3,"canopy",0,20,"PHLO2",2,2,3,1
"RkyMtn5-015",3,"interspace",0,20,"FEID",4,2,7,1
"RkyMtn5-015",3,"interspace",0,20,"FEID",1,1,6,1
"RkyMtn5-015",3,"interspace",0,20,"COUM",8,2,5,1
"RkyMtn5-015",3,"interspace",0,20,"ARCO5",2,1,5,1
"RkyMtn5-015",3,"interspace",0,20,"PSSP6",1,2,20,1
"RkyMtn5-015",3,"interspace",0,20,"COUM",8,3,8,1
"RkyMtn5-015",3,"interspace",0,20,"COUM",1,1,5,1
"RkyMtn5-015",3,"interspace",0,20,"COUM",2,3,13,1
"RkyMtn5-015",3,"interspace",0,20,"ARCO5",8,4,5,1
"RkyMtn5-015",3,"interspace",0,20,"COUM",4,3,9,1
"RkyMtn5-015",3,"interspace",0,20,"COUM",1,2,8,1
"RkyMtn5-015",3,"interspace",0,20,"COUM",1,1,10,1
"RkyMtn5-015",3,"interspace",0,20,"COUM",1,1,8,1
"RkyMtn5-015",3,"interspace",0,20,"FEID",3,3,13,1
"RkyMtn5-015",3,"interspace",0,20,"FEID",4,5,13,1
"RkyMtn5-015",3,"interspace",0,20,"ARCO5",6,4,9,1
"RkyMtn5-015",3,"interspace",0,20,"COUM",7,4,10,1
"RkyMtn5-015",3,"interspace",0,20,"PSSP6",2,1,21,1
"RkyMtn5-015",3,"interspace",0,20,"ARCO5",4,3,4,1
"RkyMtn5-015",3,"canopy",0.5,25,"BASA3",4,2,5,1
"RkyMtn5-015",3,"canopy",0.5,25,"BASA3",7,5,14,1
"RkyMtn5-015",3,"canopy",0,25,"PSSP6",2,2,30,1
"RkyMtn5-015",3,"canopy",0,25,"COUM",3,2,3,1
"RkyMtn5-015",3,"canopy",0,25,"COUM",2,4,4,1
"RkyMtn5-015",3,"canopy",0.5,25,"POFE",3,3,15,1
"RkyMtn5-015",3,"interspace",1,25,"COUM",8,6,15,1
"RkyMtn5-015",3,"interspace",1,25,"PSSP6",8,5,27,1
"RkyMtn5-015",3,"interspace",1,25,"COUM",7,7,15,1
"RkyMtn5-015",3,"interspace",1,25,"ANMI3",6,4,3,1
"RkyMtn5-017",1,"canopy",1,2.5,"POFE",3,3,10,1
"RkyMtn5-017",1,"canopy",1,2.5,"POFE",3,2,9,1
"RkyMtn5-017",1,"canopy",1,2.5,"POFE",8,3,9,1
"RkyMtn5-017",1,"interspace",0,2.5,"POFE",4,3,4,1
"RkyMtn5-017",1,"interspace",0,2.5,"POFE",2,2,3,1
"RkyMtn5-017",1,"interspace",0,2.5,"POFE",2,1,2,1
"RkyMtn5-017",1,"canopy",1,5,"POSE",1,1,4,1
"RkyMtn5-017",1,"canopy",1,5,"POFE",1,2,15,1
"RkyMtn5-017",1,"canopy",1,5,"POFE",1,2,10,1
"RkyMtn5-017",1,"canopy",0.5,5,"KOMA",3,1,4,1
"RkyMtn5-017",1,"canopy",1,5,"CACH7",3,3,8,1
"RkyMtn5-017",1,"canopy",1,5,"POFE",7,3,9,1
"RkyMtn5-017",1,"canopy",1,5,"POFE",2,2,10,1
"RkyMtn5-017",1,"canopy",1,5,"POFE",4,3,15,1
"RkyMtn5-017",1,"canopy",1,5,"POFE",1,1,11,1
"RkyMtn5-017",1,"interspace",0,5,"CADU6",NA,NA,4,1
"RkyMtn5-017",1,"interspace",0,5,"CADU6",NA,NA,4,1
"RkyMtn5-017",1,"interspace",0,5,"CADU6",NA,NA,4,1
"RkyMtn5-017",1,"interspace",0,5,"CADU6",NA,NA,4,1
"RkyMtn5-017",1,"interspace",0,5,"CADU6",NA,NA,4,1
"RkyMtn5-017",1,"canopy",1,10,"POFE",5,3,6,1
"RkyMtn5-017",1,"canopy",1,10,"POFE",3,2,8,1
"RkyMtn5-017",1,"canopy",1,10,"POFE",2,2,10,1
"RkyMtn5-017",1,"canopy",1,10,"POFE",2,1,12,1
"RkyMtn5-017",1,"canopy",1,10,"POSE",2,2,8,1
"RkyMtn5-017",1,"canopy",1,10,"POSE",1,1,7,1
"RkyMtn5-017",1,"canopy",1,10,"POFE",5,3,13,1
"RkyMtn5-017",1,"interspace",0.5,10,"POFE",3,2,5,1
"RkyMtn5-017",1,"interspace",1,10,"POFE",1,1,2,1
"RkyMtn5-017",1,"interspace",0.5,10,"POSE",1,1,4,1
"RkyMtn5-017",1,"interspace",0,10,"POFE",2,2,1,1
"RkyMtn5-017",1,"interspace",0,10,"POFE",7,3,5,1
"RkyMtn5-017",1,"interspace",0,10,"POFE",2,1,6,1
"RkyMtn5-017",1,"interspace",1,10,"POFE",5,3,10,1
"RkyMtn5-017",1,"interspace",0,10,"CACH7",5,3,2,1
"RkyMtn5-017",1,"interspace",0.5,10,"KOMA",2,2,6,1
"RkyMtn5-017",1,"interspace",0.5,10,"POFE",1,1,9,1
"RkyMtn5-017",1,"canopy",1,15,"POCO13",5,2,3,1
"RkyMtn5-017",1,"canopy",0.5,15,"POFE",4,3,5,1
"RkyMtn5-017",1,"canopy",0,15,"CADU6",NA,NA,5,1
"RkyMtn5-017",1,"canopy",1,15,"POSE",2,2,4,1
"RkyMtn5-017",1,"canopy",0.5,15,"POFE",3,3,3,1
"RkyMtn5-017",1,"canopy",0,15,"CADU6",NA,NA,5,1
"RkyMtn5-017",1,"canopy",0,15,"CADU6",NA,NA,5,1
"RkyMtn5-017",1,"canopy",0,15,"CADU6",NA,NA,5,1
"RkyMtn5-017",1,"interspace",0,15,"NO PLANTS",NA,NA,NA,0
"RkyMtn5-017",1,"canopy",0,20,"PHLOXPF",8,3,5,1
"RkyMtn5-017",1,"canopy",0.5,20,"CADU6",NA,NA,6,1
"RkyMtn5-017",1,"canopy",1,20,"POCO13",2,3,3,1
"RkyMtn5-017",1,"canopy",1,20,"CADU6",NA,NA,7,1
"RkyMtn5-017",1,"canopy",0.5,20,"CADU6",NA,NA,6,1
"RkyMtn5-017",1,"canopy",0.5,20,"CADU6",NA,NA,6,1
"RkyMtn5-017",1,"canopy",0.5,20,"CADU6",NA,NA,6,1
"RkyMtn5-017",1,"canopy",0.5,20,"CADU6",NA,NA,6,1
"RkyMtn5-017",1,"canopy",1,20,"CADU6",NA,NA,7,1
"RkyMtn5-017",1,"canopy",1,20,"CADU6",NA,NA,7,1
"RkyMtn5-017",1,"canopy",1,20,"CADU6",NA,NA,7,1
"RkyMtn5-017",1,"canopy",1,20,"CADU6",NA,NA,7,1
"RkyMtn5-017",1,"canopy",1,20,"CADU6",NA,NA,7,1
"RkyMtn5-017",1,"canopy",1,20,"CADU6",NA,NA,7,1
"RkyMtn5-017",1,"canopy",1,20,"CADU6",NA,NA,7,1
"RkyMtn5-017",1,"canopy",1,20,"CADU6",NA,NA,7,1
"RkyMtn5-017",1,"canopy",1,20,"CADU6",NA,NA,7,1
"RkyMtn5-017",1,"interspace",0,20,"CADU6",NA,NA,4,1
"RkyMtn5-017",1,"interspace",0,20,"CADU6",NA,NA,4,1
"RkyMtn5-017",1,"interspace",0,20,"CADU6",NA,NA,4,1
"RkyMtn5-017",1,"interspace",0,20,"CADU6",NA,NA,4,1
"RkyMtn5-017",1,"interspace",0,20,"CADU6",NA,NA,4,1
"RkyMtn5-017",1,"interspace",0,20,"CADU6",NA,NA,4,1
"RkyMtn5-017",1,"interspace",0,20,"CADU6",NA,NA,4,1
"RkyMtn5-017",1,"interspace",0,20,"CADU6",NA,NA,4,1
"RkyMtn5-017",1,"interspace",0,20,"CADU6",NA,NA,4,1
"RkyMtn5-017",1,"interspace",0,20,"CADU6",NA,NA,4,1
"RkyMtn5-017",1,"interspace",0,20,"CADU6",NA,NA,4,1
"RkyMtn5-017",1,"interspace",0,20,"CADU6",NA,NA,4,1
"RkyMtn5-017",1,"canopy",1,25,"POFE",9,7,6,1
"RkyMtn5-017",1,"canopy",1,25,"POFE",4,3,9,1
"RkyMtn5-017",1,"canopy",1,25,"POFE",2,2,8,1
"RkyMtn5-017",1,"canopy",1,25,"POFE",2,2,8,1
"RkyMtn5-017",1,"canopy",1,25,"POFE",10,8,12,1
"RkyMtn5-017",1,"interspace",1,25,"NO GAPS >60 cm",NA,NA,NA,1
"RkyMtn5-017",2,"canopy",1,5,"POFE",10,7,15,1
"RkyMtn5-017",2,"canopy",1,5,"POFE",2,3,9,1
"RkyMtn5-017",2,"canopy",1,5,"POFE",2,2,15,1
"RkyMtn5-017",2,"interspace",1,5,"NO GAPS >60 cm",NA,NA,NA,1
"RkyMtn5-017",2,"canopy",1,7.5,"NO PLANTS",NA,NA,NA,0
"RkyMtn5-017",2,"interspace",1,7.5,"POFE",2,2,15,1
"RkyMtn5-017",2,"interspace",1,7.5,"POSE",4,2,5,1
"RkyMtn5-017",2,"canopy",1,10,"POFE",8,7,12,1
"RkyMtn5-017",2,"canopy",0.5,10,"POFE",1,2,5,1
"RkyMtn5-017",2,"canopy",0.5,10,"ERIGE2PF",2,1,4,1
"RkyMtn5-017",2,"canopy",0,10,"POFE",1,2,3,1
"RkyMtn5-017",2,"interspace",0,10,"NO PLANTS",NA,NA,NA,0
"RkyMtn5-017",2,"canopy",0,15,"ANMI3",4,2,1,1
"RkyMtn5-017",2,"canopy",0.5,15,"POFE",12,9,4,1
"RkyMtn5-017",2,"canopy",0,15,"ERIOGPF",4,3,3,1
"RkyMtn5-017",2,"canopy",1,15,"PHLOXPF",14,7,6,1
"RkyMtn5-017",2,"interspace",0,15,"CADU6",NA,NA,4,1
"RkyMtn5-017",2,"interspace",0,15,"CADU6",NA,NA,4,1
"RkyMtn5-017",2,"interspace",0,15,"CADU6",NA,NA,4,1
"RkyMtn5-017",2,"interspace",0,15,"CADU6",NA,NA,4,1
"RkyMtn5-017",2,"canopy",1,20,"POSE",3,2,6,1
"RkyMtn5-017",2,"canopy",0.5,20,"POFE",6,4,14,1
"RkyMtn5-017",2,"canopy",1,20,"POFE",6,4,9,1
"RkyMtn5-017",2,"canopy",1,20,"ANMI3",6,3,1,1
"RkyMtn5-017",2,"canopy",1,20,"POFE",2,1,10,1
"RkyMtn5-017",2,"canopy",1,20,"POCO13",3,3,3,1
"RkyMtn5-017",2,"canopy",1,20,"POSE",1,1,3,1
"RkyMtn5-017",2,"interspace",0,20,"ANMI3",4,1,1,1
"RkyMtn5-017",2,"canopy",0,25,"ANMI3",14,5,1,1
"RkyMtn5-017",2,"canopy",0.5,25,"ANMI3",14,11,1,1
"RkyMtn5-017",2,"canopy",1,25,"POFE",2,2,9,1
"RkyMtn5-017",2,"canopy",1,25,"POFE",1,1,6,1
"RkyMtn5-017",2,"canopy",1,25,"POSE",1,1,3,1
"RkyMtn5-017",2,"canopy",1,25,"POFE",1,1,6,1
"RkyMtn5-017",2,"canopy",1,25,"POCO13",2,2,1,1
"RkyMtn5-017",2,"interspace",0,25,"CADU6",NA,NA,4,1
"RkyMtn5-017",2,"interspace",0,25,"ANMI3",17,11,1,1
"RkyMtn5-017",2,"interspace",0,25,"ANMI3",11,7,1,1
"RkyMtn5-017",2,"interspace",0,25,"ANMI3",7,3,1,1
"RkyMtn5-017",2,"interspace",0,25,"CADU6",NA,NA,4,1
"RkyMtn5-017",2,"interspace",0,25,"CADU6",NA,NA,4,1
"RkyMtn5-017",2,"interspace",0,25,"CADU6",NA,NA,4,1
"RkyMtn5-017",2,"interspace",0,25,"CADU6",NA,NA,4,1
"RkyMtn5-017",3,"canopy",1,5,"ERIOGPF",2,2,2,1
"RkyMtn5-017",3,"canopy",1,5,"POSE",4,3,5,1
"RkyMtn5-017",3,"canopy",1,5,"POSE",1,2,4,1
"RkyMtn5-017",3,"canopy",1,5,"POSE",1,1,5,1
"RkyMtn5-017",3,"canopy",1,5,"POCO13",3,2,4,1
"RkyMtn5-017",3,"interspace",0,5,"CADU6",NA,NA,8,1
"RkyMtn5-017",3,"interspace",0,5,"POCO13",2,2,2,1
"RkyMtn5-017",3,"interspace",0,5,"POCO13",8,2,2,1
"RkyMtn5-017",3,"canopy",0.5,10,"POFE",11,6,7,1
"RkyMtn5-017",3,"canopy",1,10,"POCO13",3,2,4,1
"RkyMtn5-017",3,"interspace",0,10,"NO PLANTS",NA,NA,NA,0
"RkyMtn5-017",3,"canopy",0,15,"POFE",2,2,9,1
"RkyMtn5-017",3,"canopy",1,15,"POFE",2,2,9,1
"RkyMtn5-017",3,"canopy",1,15,"POFE",1,2,10,1
"RkyMtn5-017",3,"interspace",0,15,"POFE",10,5,7,1
"RkyMtn5-017",3,"interspace",0,15,"PF400",1,1,2,1
"RkyMtn5-017",3,"interspace",0,15,"KOMA",1,1,5,1
"RkyMtn5-017",3,"interspace",0,15,"KOMA",2,1,8,1
"RkyMtn5-017",3,"interspace",0,15,"POCO13",2,2,2,1
"RkyMtn5-017",3,"canopy",0.5,20,"POCO13",3,2,3,1
"RkyMtn5-017",3,"canopy",0.5,20,"POFE",5,4,6,1
"RkyMtn5-017",3,"canopy",0.5,20,"PHLOXPF",12,8,5,1
"RkyMtn5-017",3,"interspace",1,20,"NO GAPS >60 cm",NA,NA,NA,1
"RkyMtn5-017",3,"canopy",1,22.5,"POSE",3,3,5,1
"RkyMtn5-017",3,"canopy",1,22.5,"ERIGE2PF",3,3,3,1
"RkyMtn5-017",3,"canopy",1,22.5,"POFE",1,1,6,1
"RkyMtn5-017",3,"interspace",0,22.5,"NO PLANTS",NA,NA,NA,0
"RkyMtn5-017",3,"canopy",0,25,"CADU6",NA,NA,5,1
"RkyMtn5-017",3,"canopy",0.5,25,"POFE",9,6,6,1
"RkyMtn5-017",3,"canopy",1,25,"POFE",3,2,7,1
"RkyMtn5-017",3,"canopy",0.5,25,"CADU6",NA,NA,5,1
"RkyMtn5-017",3,"canopy",0.5,25,"CADU6",NA,NA,5,1
"RkyMtn5-017",3,"canopy",0.5,25,"CADU6",NA,NA,5,1
"RkyMtn5-017",3,"canopy",0.5,25,"CADU6",NA,NA,5,1
"RkyMtn5-017",3,"interspace",0,25,"NO PLANTS",NA,NA,NA,0
"RkyMtn5-999",1,"canopy",0.5,5,"CADU6",NA,NA,9,1
"RkyMtn5-999",1,"canopy",1,5,"FEID",1,1,12,1
"RkyMtn5-999",1,"canopy",1,5,"PSSP6",1,1,15,1
"RkyMtn5-999",1,"canopy",1,5,"PSSP6",5,2,15,1
"RkyMtn5-999",1,"canopy",0,5,"CADU6",NA,NA,7,1
"RkyMtn5-999",1,"canopy",1,5,"FEID",1,1,10,1
"RkyMtn5-999",1,"canopy",0.5,5,"FEID",3,1,7,1
"RkyMtn5-999",1,"canopy",0.5,5,"FEID",2,1,7,1
"RkyMtn5-999",1,"canopy",1,5,"FEID",2,1,10,1
"RkyMtn5-999",1,"canopy",1,5,"CADU6",NA,NA,10,1
"RkyMtn5-999",1,"canopy",1,5,"FEID",1,1,15,1
"RkyMtn5-999",1,"canopy",0,5,"CADU6",NA,NA,6,1
"RkyMtn5-999",1,"canopy",0.5,5,"CADU6",NA,NA,9,1
"RkyMtn5-999",1,"interspace",0,5,"PHHO",2,1,2,1
"RkyMtn5-999",1,"interspace",0,5,"FEID",1,1,5,1
"RkyMtn5-999",1,"interspace",0,5,"FEID",4,2,5,1
"RkyMtn5-999",1,"interspace",0,5,"FEID",4,4,6,1
"RkyMtn5-999",1,"interspace",0,5,"PSSP6",1,1,16,1
"RkyMtn5-999",1,"interspace",0,5,"FEID",3,2,6,1
"RkyMtn5-999",1,"interspace",0,5,"FEID",1,1,5,1
"RkyMtn5-999",1,"interspace",0,5,"KOMA",1,1,5,1
"RkyMtn5-999",1,"interspace",0,5,"FEID",2,1,6,1
"RkyMtn5-999",1,"interspace",0,5,"FEID",1,1,6,1
"RkyMtn5-999",1,"interspace",0,5,"POSE",3,1,4,1
"RkyMtn5-999",1,"interspace",0,5,"FEID",2,2,5,1
"RkyMtn5-999",1,"interspace",0,5,"FEID",5,2,7,1
"RkyMtn5-999",1,"interspace",0,5,"FEID",1,1,6,1
"RkyMtn5-999",1,"interspace",0,5,"FEID",1,1,5,1
"RkyMtn5-999",1,"interspace",0,5,"KOMA",1,1,5,1
"RkyMtn5-999",1,"interspace",0,5,"KOMA",1,1,5,1
"RkyMtn5-999",1,"interspace",0,5,"FEID",1,1,6,1
"RkyMtn5-999",1,"canopy",1,10,"ANMI3",10,8,12,1
"RkyMtn5-999",1,"canopy",0,10,"FEID",3,3,10,1
"RkyMtn5-999",1,"canopy",1,10,"ANMI3",3,2,10,1
"RkyMtn5-999",1,"canopy",1,10,"ASMI9",3,3,9,1
"RkyMtn5-999",1,"canopy",0.5,10,"ASMI9",16,6,12,1
"RkyMtn5-999",1,"canopy",1,10,"FEID",3,2,9,1
"RkyMtn5-999",1,"canopy",1,10,"FEID",7,3,12,1
"RkyMtn5-999",1,"canopy",0.5,10,"FEID",2,1,10,1
"RkyMtn5-999",1,"canopy",0,10,"ANMI3",3,2,7,1
"RkyMtn5-999",1,"interspace",0,10,"PSSP6",1,1,16,1
"RkyMtn5-999",1,"interspace",1,10,"POCU3",1,1,9,1
"RkyMtn5-999",1,"interspace",1,10,"ANMI3",4,2,2,1
"RkyMtn5-999",1,"interspace",1,10,"POCU3",2,1,12,1
"RkyMtn5-999",1,"interspace",1,10,"PSSP6",3,2,18,1
"RkyMtn5-999",1,"interspace",1,10,"FEID",6,3,15,1
"RkyMtn5-999",1,"interspace",1,10,"ANMI3",15,13,3,1
"RkyMtn5-999",1,"interspace",0,10,"ANMI3",5,2,2,1
"RkyMtn5-999",1,"interspace",1,10,"ASMI9",3,3,7,1
"RkyMtn5-999",1,"interspace",0,10,"POSE",2,1,5,1
"RkyMtn5-999",1,"interspace",1,10,"POCU3",4,3,10,1
"RkyMtn5-999",1,"interspace",1,10,"ANMI3",11,9,2,1
"RkyMtn5-999",1,"interspace",1,10,"POCU3",1,1,6,1
"RkyMtn5-999",1,"interspace",1,10,"FEID",3,2,8,1
"RkyMtn5-999",1,"interspace",1,10,"POCU3",1,1,9,1
"RkyMtn5-999",1,"interspace",1,10,"POCU3",1,1,9,1
"RkyMtn5-999",1,"interspace",1,10,"POCU3",1,1,9,1
"RkyMtn5-999",1,"interspace",1,10,"POCU3",1,1,9,1
"RkyMtn5-999",1,"interspace",1,10,"POCU3",1,1,6,1
"RkyMtn5-999",1,"canopy",0,15,"PSSP6",1,1,21,1
"RkyMtn5-999",1,"canopy",0,15,"FEID",3,2,8,1
"RkyMtn5-999",1,"canopy",0,15,"FEID",3,3,8,1
"RkyMtn5-999",1,"canopy",0,15,"FEID",1,1,3,1
"RkyMtn5-999",1,"canopy",0,15,"FEID",3,2,11,1
"RkyMtn5-999",1,"canopy",1,15,"FEID",1,1,5,1
"RkyMtn5-999",1,"canopy",1,15,"FEID",1,1,3,1
"RkyMtn5-999",1,"canopy",1,15,"FEID",1,1,4,1
"RkyMtn5-999",1,"canopy",0,15,"FEID",1,1,10,1
"RkyMtn5-999",1,"canopy",0,15,"FEID",2,1,9,1
"RkyMtn5-999",1,"canopy",0,15,"FEID",1,1,3,1
"RkyMtn5-999",1,"canopy",0,15,"FEID",1,1,3,1
"RkyMtn5-999",1,"canopy",0,15,"FEID",1,1,3,1
"RkyMtn5-999",1,"canopy",0,15,"FEID",1,1,3,1
"RkyMtn5-999",1,"canopy",1,15,"FEID",1,1,5,1
"RkyMtn5-999",1,"canopy",1,15,"FEID",1,1,5,1
"RkyMtn5-999",1,"canopy",1,15,"FEID",1,1,5,1
"RkyMtn5-999",1,"canopy",1,15,"FEID",1,1,5,1
"RkyMtn5-999",1,"interspace",0,15,"FEID",2,2,7,1
"RkyMtn5-999",1,"interspace",0,15,"POSE",4,3,4,1
"RkyMtn5-999",1,"interspace",0,15,"POSE",1,1,5,1
"RkyMtn5-999",1,"interspace",0,15,"FEID",1,1,2,1
"RkyMtn5-999",1,"interspace",0,15,"FEID",2,2,6,1
"RkyMtn5-999",1,"interspace",0,15,"CORA5",NA,NA,8,1
"RkyMtn5-999",1,"interspace",0,15,"POCU3",3,3,4,1
"RkyMtn5-999",1,"interspace",0,15,"ANMI3",4,2,5,1
"RkyMtn5-999",1,"interspace",0,15,"FEID",1,1,6,1
"RkyMtn5-999",1,"interspace",0,15,"ANMI3",2,2,2,1
"RkyMtn5-999",1,"interspace",0,15,"POCU3",2,2,5,1
"RkyMtn5-999",1,"interspace",0,15,"POSE",1,1,5,1
"RkyMtn5-999",1,"interspace",0,15,"POSE",1,1,5,1
"RkyMtn5-999",1,"canopy",0,20,"FEID",4,3,11,1
"RkyMtn5-999",1,"canopy",1,20,"FEID",2,2,10,1
"RkyMtn5-999",1,"canopy",1,20,"FEID",4,4,12,1
"RkyMtn5-999",1,"canopy",1,20,"ASMI9",16,7,9,1
"RkyMtn5-999",1,"canopy",1,20,"ASMI9",4,3,12,1
"RkyMtn5-999",1,"canopy",0,20,"FEID",2,1,15,1
"RkyMtn5-999",1,"canopy",1,20,"FEID",4,4,15,1
"RkyMtn5-999",1,"interspace",0,20,"FEID",2,2,6,1
"RkyMtn5-999",1,"interspace",0,20,"POSE",2,2,8,1
"RkyMtn5-999",1,"interspace",0,20,"FEID",2,1,13,1
"RkyMtn5-999",1,"interspace",0,20,"FEID",3,3,12,1
"RkyMtn5-999",1,"interspace",0,20,"FEID",3,3,9,1
"RkyMtn5-999",1,"interspace",0,20,"PSSP6",2,1,23,1
"RkyMtn5-999",1,"interspace",0,20,"FEID",1,1,9,1
"RkyMtn5-999",1,"interspace",0,20,"FEID",2,2,7,1
"RkyMtn5-999",1,"interspace",0,20,"FEID",2,2,16,1
"RkyMtn5-999",1,"canopy",1,25,"FEID",1,1,6,1
"RkyMtn5-999",1,"canopy",1,25,"FEID",2,1,10,1
"RkyMtn5-999",1,"canopy",1,25,"FEID",1,1,6,1
"RkyMtn5-999",1,"canopy",1,25,"PSSP6",1,1,30,1
"RkyMtn5-999",1,"canopy",1,25,"PSSP6",1,1,16,1
"RkyMtn5-999",1,"canopy",1,25,"ANMI3",15,7,2,1
"RkyMtn5-999",1,"canopy",1,25,"FEID",1,1,13,1
"RkyMtn5-999",1,"canopy",1,25,"ASMI9",6,3,12,1
"RkyMtn5-999",1,"canopy",1,25,"FEID",3,2,9,1
"RkyMtn5-999",1,"canopy",1,25,"FEID",4,3,10,1
"RkyMtn5-999",1,"canopy",1,25,"FEID",1,1,12,1
"RkyMtn5-999",1,"canopy",1,25,"ASMI9",3,2,7,1
"RkyMtn5-999",1,"canopy",1,25,"ASMI9",8,5,12,1
"RkyMtn5-999",1,"canopy",1,25,"FEID",1,1,10,1
"RkyMtn5-999",1,"canopy",1,25,"POCU3",1,1,5,1
"RkyMtn5-999",1,"canopy",1,25,"POSE",1,1,5,1
"RkyMtn5-999",1,"canopy",1,25,"FEID",1,1,9,1
"RkyMtn5-999",1,"canopy",1,25,"FEID",2,2,10,1
"RkyMtn5-999",1,"canopy",1,25,"FEID",1,1,13,1
"RkyMtn5-999",1,"canopy",1,25,"ASMI9",6,4,11,1
"RkyMtn5-999",1,"canopy",1,25,"FEID",1,1,13,1
"RkyMtn5-999",1,"canopy",1,25,"FEID",3,2,9,1
"RkyMtn5-999",1,"canopy",1,25,"FEID",1,1,10,1
"RkyMtn5-999",1,"canopy",1,25,"POCU3",1,1,5,1
"RkyMtn5-999",1,"canopy",1,25,"POCU3",1,1,5,1
"RkyMtn5-999",1,"canopy",1,25,"POCU3",1,1,5,1
"RkyMtn5-999",1,"canopy",1,25,"POCU3",1,1,5,1
"RkyMtn5-999",1,"interspace",0,25,"FEID",1,1,5,1
"RkyMtn5-999",1,"interspace",0,25,"FEID",1,1,3,1
"RkyMtn5-999",1,"interspace",0,25,"POCU3",1,1,8,1
"RkyMtn5-999",1,"interspace",0,25,"FEID",1,1,6,1
"RkyMtn5-999",1,"interspace",0,25,"ELLA3",NA,NA,15,1
"RkyMtn5-999",1,"interspace",0,25,"POCU3",1,1,5,1
"RkyMtn5-999",1,"interspace",0,25,"CADU6",NA,NA,9,1
"RkyMtn5-999",1,"interspace",0,25,"CADU6",NA,NA,5,1
"RkyMtn5-999",1,"interspace",0,25,"FEID",4,3,10,1
"RkyMtn5-999",1,"interspace",0,25,"POCU3",4,1,5,1
"RkyMtn5-999",1,"interspace",0,25,"CADU6",NA,NA,8,1
"RkyMtn5-999",1,"interspace",0,25,"POCU3",1,1,4,1
"RkyMtn5-999",1,"interspace",0,25,"POCU3",1,1,7,1
"RkyMtn5-999",1,"interspace",0,25,"PSSP6",1,1,15,1
"RkyMtn5-999",1,"interspace",0,25,"FEID",1,1,5,1
"RkyMtn5-999",1,"interspace",0,25,"ELLA3",NA,NA,15,1
"RkyMtn5-999",1,"interspace",0,25,"ELLA3",NA,NA,15,1
"RkyMtn5-999",1,"interspace",0,25,"ELLA3",NA,NA,15,1
"RkyMtn5-999",1,"interspace",0,25,"POCU3",1,1,5,1
"RkyMtn5-999",1,"interspace",0,25,"POCU3",1,1,4,1
"RkyMtn5-999",1,"interspace",0,25,"POCU3",1,1,4,1
"RkyMtn5-999",1,"interspace",0,25,"POCU3",1,1,4,1
"RkyMtn5-999",1,"interspace",0,25,"POCU3",1,1,4,1
"RkyMtn5-999",1,"interspace",0,25,"POCU3",1,1,4,1
"RkyMtn5-999",1,"interspace",0,25,"POCU3",1,1,4,1
"RkyMtn5-999",1,"interspace",0,25,"POCU3",1,1,4,1
"RkyMtn5-999",2,"canopy",1,5,"FEID",1,1,12,1
"RkyMtn5-999",2,"canopy",1,5,"FEID",2,2,14,1
"RkyMtn5-999",2,"canopy",1,5,"FEID",2,1,15,1
"RkyMtn5-999",2,"canopy",1,5,"FEID",2,2,15,1
"RkyMtn5-999",2,"canopy",1,5,"PSSP6",1,1,16,1
"RkyMtn5-999",2,"canopy",1,5,"FEID",1,1,15,1
"RkyMtn5-999",2,"canopy",1,5,"FEID",4,3,15,1
"RkyMtn5-999",2,"canopy",1,5,"FEID",1,1,8,1
"RkyMtn5-999",2,"canopy",1,5,"FEID",1,1,4,1
"RkyMtn5-999",2,"canopy",1,5,"FEID",3,1,7,1
"RkyMtn5-999",2,"canopy",1,5,"FEID",1,1,10,1
"RkyMtn5-999",2,"canopy",1,5,"ASMI9",14,7,17,1
"RkyMtn5-999",2,"canopy",1,5,"FEID",5,3,20,1
"RkyMtn5-999",2,"interspace",0,5,"FEID",4,3,16,1
"RkyMtn5-999",2,"interspace",0,5,"POSE",1,1,2,1
"RkyMtn5-999",2,"interspace",0,5,"FEID",3,1,6,1
"RkyMtn5-999",2,"interspace",0,5,"POCU3",1,1,8,1
"RkyMtn5-999",2,"interspace",0.5,5,"PSSP6",1,1,21,1
"RkyMtn5-999",2,"interspace",0,5,"FEID",1,1,4,1
"RkyMtn5-999",2,"interspace",0,5,"PSSP6",1,1,11,1
"RkyMtn5-999",2,"interspace",0,5,"FEID",1,1,4,1
"RkyMtn5-999",2,"interspace",0,5,"POCU3",1,1,12,1
"RkyMtn5-999",2,"interspace",0,5,"PSSP6",1,1,18,1
"RkyMtn5-999",2,"interspace",0.5,5,"ASMI9",17,10,11,1
"RkyMtn5-999",2,"interspace",0,5,"FEID",1,1,8,1
"RkyMtn5-999",2,"interspace",0,5,"POCU3",1,1,8,1
"RkyMtn5-999",2,"interspace",0,5,"FEID",1,1,4,1
"RkyMtn5-999",2,"interspace",0,5,"FEID",3,2,12,1
"RkyMtn5-999",2,"interspace",0,5,"POSE",1,1,2,1
"RkyMtn5-999",2,"interspace",0,5,"POSE",1,1,2,1
"RkyMtn5-999",2,"interspace",0,5,"FEID",1,1,4,1
"RkyMtn5-999",2,"canopy",0,10,"FEID",1,1,7,1
"RkyMtn5-999",2,"canopy",1,10,"ERCO4",5,3,4,1
"RkyMtn5-999",2,"canopy",1,10,"ASMI9",24,14,14,1
"RkyMtn5-999",2,"canopy",0,10,"FEID",3,2,12,1
"RkyMtn5-999",2,"canopy",1,10,"ERCO4",1,2,3,1
"RkyMtn5-999",2,"canopy",1,10,"POCU3",1,1,6,1
"RkyMtn5-999",2,"canopy",1,10,"POCU3",1,1,7,1
"RkyMtn5-999",2,"canopy",1,10,"ANMI3",4,2,2,1
"RkyMtn5-999",2,"canopy",0,10,"FEID",2,2,11,1
"RkyMtn5-999",2,"canopy",1,10,"ERCO4",3,2,3,1
"RkyMtn5-999",2,"canopy",1,10,"ANMI3",7,5,2,1
"RkyMtn5-999",2,"canopy",1,10,"PSSP6",5,4,22,1
"RkyMtn5-999",2,"canopy",1,10,"FEID",1,1,3,1
"RkyMtn5-999",2,"canopy",1,10,"FEID",1,1,4,1
"RkyMtn5-999",2,"canopy",1,10,"ASMI9",1,1,3,1
"RkyMtn5-999",2,"canopy",0,10,"FEID",2,2,11,1
"RkyMtn5-999",2,"canopy",1,10,"FEID",4,4,13,1
"RkyMtn5-999",2,"canopy",1,10,"POCU3",3,1,6,1
"RkyMtn5-999",2,"canopy",1,10,"POCU3",1,1,6,1
"RkyMtn5-999",2,"interspace",0,10,"FEID",4,3,11,1
"RkyMtn5-999",2,"interspace",0,10,"FEID",1,1,3,1
"RkyMtn5-999",2,"interspace",0,10,"PHLO2",11,6,12,1
"RkyMtn5-999",2,"interspace",0,10,"ERCO4",4,4,5,1
"RkyMtn5-999",2,"interspace",0,10,"FEID",1,1,15,1
"RkyMtn5-999",2,"interspace",0,10,"PHLO2",6,3,11,1
"RkyMtn5-999",2,"interspace",0,10,"ANMI3",2,1,2,1
"RkyMtn5-999",2,"interspace",0,10,"POSE",2,2,3,1
"RkyMtn5-999",2,"interspace",0,10,"PHLO2",9,4,4,1
"RkyMtn5-999",2,"interspace",0,10,"ANMI3",4,3,3,1
"RkyMtn5-999",2,"interspace",0,10,"FEID",3,3,11,1
"RkyMtn5-999",2,"interspace",0,10,"POSE",1,1,2,1
"RkyMtn5-999",2,"canopy",1,15,"FEID",3,3,16,1
"RkyMtn5-999",2,"canopy",1,15,"FEID",3,3,12,1
"RkyMtn5-999",2,"canopy",0,15,"CADU6",NA,NA,10,1
"RkyMtn5-999",2,"canopy",1,15,"PSSP6",1,1,25,1
"RkyMtn5-999",2,"canopy",0,15,"PSSP6",1,1,30,1
"RkyMtn5-999",2,"canopy",1,15,"CORA5",NA,NA,4,1
"RkyMtn5-999",2,"canopy",1,15,"FEID",5,3,15,1
"RkyMtn5-999",2,"canopy",1,15,"FEID",2,1,13,1
"RkyMtn5-999",2,"canopy",1,15,"FEID",1,1,7,1
"RkyMtn5-999",2,"canopy",1,15,"FEID",2,2,16,1
"RkyMtn5-999",2,"canopy",0,15,"FEID",2,1,14,1
"RkyMtn5-999",2,"canopy",0.5,15,"ANMI3",3,2,2,1
"RkyMtn5-999",2,"canopy",1,15,"FEID",3,2,13,1
"RkyMtn5-999",2,"canopy",1,15,"FEID",1,1,12,1
"RkyMtn5-999",2,"canopy",0,15,"CADU6",NA,NA,17,1
"RkyMtn5-999",2,"canopy",1,15,"FEID",4,4,12,1
"RkyMtn5-999",2,"canopy",1,15,"FEID",1,1,15,1
"RkyMtn5-999",2,"canopy",1,15,"PHHO",4,1,4,1
"RkyMtn5-999",2,"interspace",0,15,"PHLO2",3,2,4,1
"RkyMtn5-999",2,"interspace",1,15,"PHLO2",3,2,9,1
"RkyMtn5-999",2,"interspace",1,15,"PHLO2",7,5,5,1
"RkyMtn5-999",2,"interspace",0,15,"PHLO2",7,4,7,1
"RkyMtn5-999",2,"interspace",0,15,"PHLO2",3,2,7,1
"RkyMtn5-999",2,"canopy",0,20,"FEID",1,1,6,1
"RkyMtn5-999",2,"canopy",0,20,"POSE",2,2,4,1
"RkyMtn5-999",2,"canopy",0,20,"POCU3",3,2,4,1
"RkyMtn5-999",2,"canopy",0,20,"POCU3",3,2,2,1
"RkyMtn5-999",2,"canopy",0,20,"POCU3",2,1,2,1
"RkyMtn5-999",2,"canopy",0,20,"ERCO4",3,2,3,1
"RkyMtn5-999",2,"canopy",0,20,"ASMI9",15,8,8,1
"RkyMtn5-999",2,"canopy",0,20,"ASMI9",3,3,5,1
"RkyMtn5-999",2,"canopy",0,20,"POSE",2,2,4,1
"RkyMtn5-999",2,"canopy",0,20,"FEID",3,2,8,1
"RkyMtn5-999",2,"canopy",0,20,"POCU3",3,2,2,1
"RkyMtn5-999",2,"canopy",0,20,"POCU3",1,1,10,1
"RkyMtn5-999",2,"canopy",0,20,"POCU3",1,1,10,1
"RkyMtn5-999",2,"canopy",1,20,"POCU3",5,4,9,1
"RkyMtn5-999",2,"canopy",0,20,"POCU3",1,1,10,1
"RkyMtn5-999",2,"canopy",0,20,"POCU3",1,1,10,1
"RkyMtn5-999",2,"interspace",0,20,"PHLO2",4,3,6,1
"RkyMtn5-999",2,"interspace",0,20,"PSSP6",1,1,15,1
"RkyMtn5-999",2,"interspace",0,20,"PSSP6",1,1,17,1
"RkyMtn5-999",2,"interspace",0,20,"FEID",1,1,7,1
"RkyMtn5-999",2,"interspace",0,20,"PSSP6",1,1,12,1
"RkyMtn5-999",2,"interspace",0,20,"FEID",2,1,4,1
"RkyMtn5-999",2,"interspace",0,20,"ERCO4",2,2,3,1
"RkyMtn5-999",2,"interspace",0,20,"FEID",3,1,6,1
"RkyMtn5-999",2,"interspace",0,20,"FEID",1,1,4,1
"RkyMtn5-999",2,"interspace",0,20,"PSSP6",1,1,9,1
"RkyMtn5-999",2,"interspace",0,20,"PSSP6",3,2,19,1
"RkyMtn5-999",2,"interspace",0,20,"FEID",1,1,10,1
"RkyMtn5-999",2,"interspace",0,20,"FEID",1,1,7,1
"RkyMtn5-999",2,"interspace",0,20,"PHLO2",4,4,12,1
"RkyMtn5-999",2,"interspace",0,20,"FEID",3,3,15,1
"RkyMtn5-999",2,"interspace",0,20,"FEID",4,4,6,1
"RkyMtn5-999",2,"interspace",0,20,"FEID",1,1,5,1
"RkyMtn5-999",2,"interspace",0,20,"FEID",1,1,6,1
"RkyMtn5-999",2,"interspace",0,20,"FEID",4,3,13,1
"RkyMtn5-999",2,"interspace",0,20,"FEID",1,1,7,1
"RkyMtn5-999",2,"interspace",0,20,"FEID",1,1,5,1
"RkyMtn5-999",2,"canopy",1,25,"FEID",3,2,5,1
"RkyMtn5-999",2,"canopy",0.5,25,"FEID",3,2,9,1
"RkyMtn5-999",2,"canopy",0,25,"FEID",1,1,7,1
"RkyMtn5-999",2,"canopy",0,25,"ELLA3",NA,NA,15,1
"RkyMtn5-999",2,"canopy",1,25,"FEID",1,1,3,1
"RkyMtn5-999",2,"canopy",0.5,25,"FEID",1,1,5,1
"RkyMtn5-999",2,"canopy",1,25,"FEID",2,1,7,1
"RkyMtn5-999",2,"canopy",0,25,"FEID",1,1,6,1
"RkyMtn5-999",2,"canopy",1,25,"FEID",3,2,7,1
"RkyMtn5-999",2,"canopy",1,25,"POSE",1,1,4,1
"RkyMtn5-999",2,"canopy",0.5,25,"FEID",1,1,5,1
"RkyMtn5-999",2,"canopy",0.5,25,"FEID",1,1,5,1
"RkyMtn5-999",2,"canopy",0,25,"FEID",1,1,6,1
"RkyMtn5-999",2,"canopy",1,25,"POSE",1,1,4,1
"RkyMtn5-999",2,"interspace",0,25,"ELLA3",NA,NA,22,1
"RkyMtn5-999",2,"interspace",0,25,"POCU3",4,4,5,1
"RkyMtn5-999",2,"interspace",0,25,"FEID",7,4,15,1
"RkyMtn5-999",2,"interspace",0,25,"ANMI3",5,3,1,1
"RkyMtn5-999",2,"interspace",0,25,"ELLA3",NA,NA,18,1
"RkyMtn5-999",3,"canopy",1,5,"ELLA3",NA,NA,17,1
"RkyMtn5-999",3,"canopy",1,5,"FEID",2,1,7,1
"RkyMtn5-999",3,"canopy",1,5,"FEID",1,1,10,1
"RkyMtn5-999",3,"canopy",0.5,5,"CORA5",NA,NA,14,1
"RkyMtn5-999",3,"canopy",1,5,"FEID",1,1,5,1
"RkyMtn5-999",3,"canopy",1,5,"FEID",1,1,5,1
"RkyMtn5-999",3,"canopy",1,5,"PHLO2",5,3,7,1
"RkyMtn5-999",3,"canopy",0,5,"FEID",1,1,8,1
"RkyMtn5-999",3,"canopy",1,5,"ELLA3",NA,NA,23,1
"RkyMtn5-999",3,"canopy",1,5,"ASMI9",16,15,20,1
"RkyMtn5-999",3,"canopy",1,5,"FEID",1,1,8,1
"RkyMtn5-999",3,"canopy",1,5,"FEID",2,1,10,1
"RkyMtn5-999",3,"canopy",0,5,"ASMI9",20,14,13,1
"RkyMtn5-999",3,"canopy",1,5,"FEID",1,1,5,1
"RkyMtn5-999",3,"interspace",0,5,"PSSP6",1,1,15,1
"RkyMtn5-999",3,"interspace",0,5,"PSSP6",1,1,10,1
"RkyMtn5-999",3,"interspace",0,5,"PSSP6",1,1,20,1
"RkyMtn5-999",3,"interspace",0,5,"ERCO4",6,6,3,1
"RkyMtn5-999",3,"interspace",0,5,"ASMI9",22,15,11,1
"RkyMtn5-999",3,"interspace",0,5,"PSSP6",1,1,8,1
"RkyMtn5-999",3,"interspace",0,5,"POSE",1,1,2,1
"RkyMtn5-999",3,"interspace",0,5,"POCU3",1,1,3,1
"RkyMtn5-999",3,"interspace",0,5,"PSSP6",1,1,6,1
"RkyMtn5-999",3,"interspace",0,5,"CORA5",NA,NA,13,1
"RkyMtn5-999",3,"interspace",0,5,"POCU3",2,1,6,1
"RkyMtn5-999",3,"interspace",0,5,"ASMI9",5,3,4,1
"RkyMtn5-999",3,"interspace",0,5,"POSE",3,2,3,1
"RkyMtn5-999",3,"interspace",0,5,"PSSP6",5,2,13,1
"RkyMtn5-999",3,"interspace",0,5,"POSE",1,1,4,1
"RkyMtn5-999",3,"interspace",0,5,"POSE",1,1,2,1
"RkyMtn5-999",3,"interspace",0,5,"POCU3",1,1,3,1
"RkyMtn5-999",3,"canopy",1,10,"PHLO2",9,7,16,1
"RkyMtn5-999",3,"canopy",1,10,"PHLO2",3,3,9,1
"RkyMtn5-999",3,"canopy",1,10,"ASMI9",22,6,18,1
"RkyMtn5-999",3,"canopy",1,10,"PHLO2",7,5,9,1
"RkyMtn5-999",3,"canopy",1,10,"POCU3",1,1,10,1
"RkyMtn5-999",3,"canopy",1,10,"ASMI9",28,23,28,1
"RkyMtn5-999",3,"canopy",1,10,"ELLA3",NA,NA,17,1
"RkyMtn5-999",3,"canopy",1,10,"ASMI9",7,3,11,1
"RkyMtn5-999",3,"canopy",1,10,"FEID",1,1,11,1
"RkyMtn5-999",3,"canopy",0,10,"FEID",3,2,10,1
"RkyMtn5-999",3,"canopy",1,10,"ELLA3",NA,NA,13,1
"RkyMtn5-999",3,"canopy",1,10,"ASMI9",24,21,15,1
"RkyMtn5-999",3,"canopy",1,10,"POCU3",2,1,4,1
"RkyMtn5-999",3,"canopy",1,10,"FEID",2,2,7,1
"RkyMtn5-999",3,"canopy",1,10,"POCU3",1,1,10,1
"RkyMtn5-999",3,"canopy",1,10,"FEID",1,1,11,1
"RkyMtn5-999",3,"interspace",1,10,"ANMI3",3,2,1,1
"RkyMtn5-999",3,"interspace",1,10,"PSSP6",5,3,30,1
"RkyMtn5-999",3,"interspace",0,10,"PHLO2",4,3,5,1
"RkyMtn5-999",3,"interspace",0,10,"FEID",3,2,9,1
"RkyMtn5-999",3,"interspace",0,10,"FEID",2,1,12,1
"RkyMtn5-999",3,"interspace",1,10,"PHLO2",6,3,6,1
"RkyMtn5-999",3,"interspace",0,10,"PSSP6",1,1,17,1
"RkyMtn5-999",3,"interspace",1,10,"ANMI3",1,1,1,1
"RkyMtn5-999",3,"interspace",0,10,"POSE",1,1,2,1
"RkyMtn5-999",3,"interspace",1,10,"ANMI3",6,4,4,1
"RkyMtn5-999",3,"interspace",0,10,"ERCO4",1,1,1,1
"RkyMtn5-999",3,"interspace",0,10,"PHLO2",6,4,6,1
"RkyMtn5-999",3,"interspace",1,10,"PHLO2",3,3,9,1
"RkyMtn5-999",3,"interspace",0,10,"POSE",1,1,2,1
"RkyMtn5-999",3,"canopy",1,15,"LIPU11",11,4,14,1
"RkyMtn5-999",3,"canopy",1,15,"PHHO",7,3,2,1
"RkyMtn5-999",3,"canopy",1,15,"FEID",1,1,10,1
"RkyMtn5-999",3,"canopy",1,15,"FEID",1,1,11,1
"RkyMtn5-999",3,"canopy",1,15,"PSSP6",2,1,26,1
"RkyMtn5-999",3,"canopy",1,15,"FEID",2,2,10,1
"RkyMtn5-999",3,"canopy",1,15,"FEID",1,1,6,1
"RkyMtn5-999",3,"canopy",1,15,"ANMI3",8,6,10,1
"RkyMtn5-999",3,"canopy",1,15,"FEID",1,1,6,1
"RkyMtn5-999",3,"canopy",1,15,"FEID",1,1,11,1
"RkyMtn5-999",3,"interspace",0,15,"PSSP6",3,2,16,1
"RkyMtn5-999",3,"interspace",0,15,"FEID",4,4,8,1
"RkyMtn5-999",3,"interspace",0,15,"ARLE",NA,NA,9,1
"RkyMtn5-999",3,"interspace",0,15,"PSSP6",1,1,15,1
"RkyMtn5-999",3,"interspace",0,15,"PSSP6",1,1,17,1
"RkyMtn5-999",3,"interspace",0,15,"POCU3",4,3,5,1
"RkyMtn5-999",3,"interspace",0,15,"FEID",1,1,7,1
"RkyMtn5-999",3,"interspace",0,15,"SELA",1,1,1,1
"RkyMtn5-999",3,"interspace",0,15,"FEID",1,1,8,1
"RkyMtn5-999",3,"interspace",0,15,"ANMI3",6,5,6,1
"RkyMtn5-999",3,"interspace",0,15,"FEID",3,3,7,1
"RkyMtn5-999",3,"interspace",0,15,"POSE",3,3,4,1
"RkyMtn5-999",3,"interspace",0,15,"PSSP6",1,1,8,1
"RkyMtn5-999",3,"interspace",0,15,"FEID",1,1,6,1
"RkyMtn5-999",3,"interspace",0,15,"PSSP6",1,1,18,1
"RkyMtn5-999",3,"interspace",0,15,"FEID",5,4,7,1
"RkyMtn5-999",3,"interspace",0,15,"POSE",3,2,3,1
"RkyMtn5-999",3,"interspace",0,15,"PSSP6",1,1,11,1
"RkyMtn5-999",3,"interspace",0,15,"POCU3",4,2,4,1
"RkyMtn5-999",3,"interspace",0,15,"ANMI3",5,3,1,1
"RkyMtn5-999",3,"interspace",0,15,"FEID",2,2,7,1
"RkyMtn5-999",3,"interspace",0,15,"PSSP6",1,1,17,1
"RkyMtn5-999",3,"interspace",0,15,"FEID",3,3,7,1
"RkyMtn5-999",3,"interspace",0,15,"FEID",3,3,7,1
"RkyMtn5-999",3,"interspace",0,15,"FEID",3,3,7,1
"RkyMtn5-999",3,"interspace",0,15,"FEID",3,3,7,1
"RkyMtn5-999",3,"interspace",0,15,"FEID",3,3,7,1
"RkyMtn5-999",3,"interspace",0,15,"FEID",3,3,7,1
"RkyMtn5-999",3,"interspace",0,15,"FEID",3,3,7,1
"RkyMtn5-999",3,"interspace",0,15,"FEID",3,3,7,1
"RkyMtn5-999",3,"interspace",0,15,"FEID",3,3,7,1
"RkyMtn5-999",3,"interspace",0,15,"FEID",3,3,7,1
"RkyMtn5-999",3,"interspace",0,15,"FEID",3,3,7,1
"RkyMtn5-999",3,"interspace",0,15,"FEID",3,3,7,1
"RkyMtn5-999",3,"interspace",0,15,"FEID",3,3,7,1
"RkyMtn5-999",3,"interspace",0,15,"FEID",3,3,7,1
"RkyMtn5-999",3,"interspace",0,15,"FEID",3,3,7,1
"RkyMtn5-999",3,"interspace",0,15,"FEID",3,3,7,1
"RkyMtn5-999",3,"interspace",0,15,"FEID",3,3,7,1
"RkyMtn5-999",3,"interspace",0,15,"FEID",3,3,7,1
"RkyMtn5-999",3,"interspace",0,15,"FEID",3,3,7,1
"RkyMtn5-999",3,"interspace",0,15,"FEID",3,3,7,1
"RkyMtn5-999",3,"interspace",0,15,"FEID",3,3,7,1
"RkyMtn5-999",3,"interspace",0,15,"FEID",3,3,7,1
"RkyMtn5-999",3,"interspace",0,15,"FEID",3,3,7,1
"RkyMtn5-999",3,"interspace",0,15,"FEID",3,3,7,1
"RkyMtn5-999",3,"interspace",0,15,"FEID",3,3,7,1
"RkyMtn5-999",3,"interspace",0,15,"FEID",3,3,7,1
"RkyMtn5-999",3,"interspace",0,15,"FEID",3,3,7,1
"RkyMtn5-999",3,"interspace",0,15,"FEID",3,3,7,1
"RkyMtn5-999",3,"interspace",0,15,"FEID",3,3,7,1
"RkyMtn5-999",3,"interspace",0,15,"FEID",3,3,7,1
"RkyMtn5-999",3,"interspace",0,15,"FEID",3,3,7,1
"RkyMtn5-999",3,"interspace",0,15,"FEID",3,3,7,1
"RkyMtn5-999",3,"interspace",0,15,"FEID",3,3,7,1
"RkyMtn5-999",3,"interspace",0,15,"FEID",3,3,7,1
"RkyMtn5-999",3,"interspace",0,15,"FEID",3,3,7,1
"RkyMtn5-999",3,"interspace",0,15,"FEID",3,3,7,1
"RkyMtn5-999",3,"interspace",0,15,"FEID",3,3,7,1
"RkyMtn5-999",3,"interspace",0,15,"FEID",3,3,7,1
"RkyMtn5-999",3,"interspace",0,15,"FEID",3,3,7,1
"RkyMtn5-999",3,"canopy",1,20,"FEID",4,3,8,1
"RkyMtn5-999",3,"canopy",1,20,"PHLO2",3,3,11,1
"RkyMtn5-999",3,"canopy",1,20,"FEID",1,1,3,1
"RkyMtn5-999",3,"canopy",1,20,"ANMI3",1,1,1,1
"RkyMtn5-999",3,"canopy",1,20,"CADU6",NA,NA,5,1
"RkyMtn5-999",3,"canopy",1,20,"POSE",1,1,5,1
"RkyMtn5-999",3,"canopy",1,20,"FEID",2,2,7,1
"RkyMtn5-999",3,"canopy",1,20,"POCU3",1,1,3,1
"RkyMtn5-999",3,"canopy",1,20,"POSE",2,2,4,1
"RkyMtn5-999",3,"canopy",1,20,"ELLA3",NA,NA,20,1
"RkyMtn5-999",3,"canopy",1,20,"FEID",1,1,6,1
"RkyMtn5-999",3,"canopy",1,20,"KOMA",1,1,15,1
"RkyMtn5-999",3,"canopy",1,20,"POCU3",3,2,9,1
"RkyMtn5-999",3,"canopy",1,20,"PHLO2",3,3,5,1
"RkyMtn5-999",3,"canopy",1,20,"FEID",2,1,4,1
"RkyMtn5-999",3,"canopy",1,20,"FEID",1,1,6,1
"RkyMtn5-999",3,"interspace",0,20,"POCU3",3,2,7,1
"RkyMtn5-999",3,"interspace",0,20,"POSE",1,1,4,1
"RkyMtn5-999",3,"interspace",0,20,"PSSP6",1,1,9,1
"RkyMtn5-999",3,"interspace",0,20,"PSSP6",1,1,11,1
"RkyMtn5-999",3,"interspace",0,20,"POCU3",3,2,4,1
"RkyMtn5-999",3,"interspace",0,20,"PSSP6",2,1,9,1
"RkyMtn5-999",3,"interspace",0,20,"PHHO",4,3,3,1
"RkyMtn5-999",3,"interspace",0,20,"PSSP6",1,1,18,1
"RkyMtn5-999",3,"interspace",0,20,"PHLO2",7,3,4,1
"RkyMtn5-999",3,"interspace",0,20,"PSSP6",2,1,11,1
"RkyMtn5-999",3,"interspace",0,20,"PSSP6",1,1,15,1
"RkyMtn5-999",3,"interspace",0,20,"POSE",3,3,5,1
"RkyMtn5-999",3,"interspace",0,20,"PSSP6",3,2,15,1
"RkyMtn5-999",3,"interspace",0,20,"PHHO",3,2,3,1
"RkyMtn5-999",3,"interspace",0,20,"PSSP6",2,1,19,1
"RkyMtn5-999",3,"interspace",0,20,"PSSP6",2,1,15,1
"RkyMtn5-999",3,"interspace",0,20,"PSSP6",1,1,15,1
"RkyMtn5-999",3,"canopy",1,25,"CADU6",NA,NA,6,1
"RkyMtn5-999",3,"canopy",0,25,"FEID",3,3,10,1
"RkyMtn5-999",3,"canopy",0,25,"FEID",1,1,4,1
"RkyMtn5-999",3,"canopy",0,25,"FEID",3,2,13,1
"RkyMtn5-999",3,"canopy",1,25,"POSE",2,2,6,1
"RkyMtn5-999",3,"canopy",1,25,"CADU6",NA,NA,9,1
"RkyMtn5-999",3,"canopy",0,25,"FEID",5,4,11,1
"RkyMtn5-999",3,"canopy",1,25,"FEID",1,1,3,1
"RkyMtn5-999",3,"canopy",1,25,"FEID",1,1,4,1
"RkyMtn5-999",3,"canopy",0,25,"PSSP6",1,1,22,1
"RkyMtn5-999",3,"canopy",1,25,"CADU6",NA,NA,9,1
"RkyMtn5-999",3,"canopy",1,25,"ANMI3",5,4,1,1
"RkyMtn5-999",3,"canopy",0,25,"FEID",3,3,13,1
"RkyMtn5-999",3,"canopy",1,25,"PSSP6",1,1,24,1
"RkyMtn5-999",3,"canopy",1,25,"ANMI3",4,2,2,1
"RkyMtn5-999",3,"canopy",1,25,"ASMI9",14,4,11,1
"RkyMtn5-999",3,"canopy",1,25,"FEID",1,1,3,1
"RkyMtn5-999",3,"canopy",1,25,"FEID",1,1,4,1
"RkyMtn5-999",3,"interspace",0,25,"POSE",2,1,3,1
"RkyMtn5-999",3,"interspace",0,25,"ANMI3",2,2,1,1
"RkyMtn5-999",3,"interspace",0,25,"FEID",1,1,5,1
"RkyMtn5-999",3,"interspace",0,25,"PHLO2",2,2,8,1
"RkyMtn5-999",3,"interspace",0,25,"PHLO2",2,1,6,1
"RkyMtn5-999",3,"interspace",0,25,"ELLA3",NA,NA,20,1
"RkyMtn5-999",3,"interspace",0,25,"FEID",1,1,4,1
"RkyMtn5-999",3,"interspace",0,25,"FEID",1,1,2,1
"RkyMtn5-999",3,"interspace",0,25,"POSE",2,1,3,1
"RkyMtn5-999",3,"interspace",0,25,"ANMI3",2,2,1,1
"RkyMtn5-999",3,"interspace",0,25,"FEID",1,1,4,1
"RkyMtn6-010",1,"canopy",1,5,"AGGL",16,8,10,1
"RkyMtn6-010",1,"canopy",1,5,"CEAR4",3,3,8,1
"RkyMtn6-010",1,"canopy",1,5,"EUIN9",24,15,30,1
"RkyMtn6-010",1,"canopy",1,5,"ACNE9",3,2,30,1
"RkyMtn6-010",1,"canopy",1,5,"CEAR4",4,4,8,1
"RkyMtn6-010",1,"canopy",1,5,"VINU2",11,4,7,1
"RkyMtn6-010",1,"canopy",1,5,"CAGU",15,2,32,1
"RkyMtn6-010",1,"canopy",1,5,"CEAR4",2,2,3,1
"RkyMtn6-010",1,"canopy",1,5,"CEAR4",4,3,7,1
"RkyMtn6-010",1,"canopy",1,5,"CEAR4",2,2,7,1
"RkyMtn6-010",1,"canopy",1,5,"EUIN9",8,6,38,1
"RkyMtn6-010",1,"canopy",1,5,"EUIN9",5,5,30,1
"RkyMtn6-010",1,"canopy",1,5,"CEAR4",10,3,11,1
"RkyMtn6-010",1,"canopy",1,5,"LEKI2",NA,NA,33,1
"RkyMtn6-010",1,"canopy",1,5,"LEKI2",NA,NA,33,1
"RkyMtn6-010",1,"interspace",1,5,"EUIN9",5,5,36,1
"RkyMtn6-010",1,"interspace",1,5,"GETR",16,12,6,1
"RkyMtn6-010",1,"interspace",1,5,"GETR",13,3,4,1
"RkyMtn6-010",1,"interspace",1,5,"VINU2",10,5,5,1
"RkyMtn6-010",1,"interspace",1,5,"GETR",15,7,4,1
"RkyMtn6-010",1,"interspace",1,5,"CEAR4",16,11,6,1
"RkyMtn6-010",1,"interspace",1,5,"ACNE9",2,1,28,1
"RkyMtn6-010",1,"interspace",1,5,"AGGL",9,5,9,1
"RkyMtn6-010",1,"interspace",1,5,"LOTR2",16,11,33,1
"RkyMtn6-010",1,"interspace",1,5,"ACNE9",1,1,24,1
"RkyMtn6-010",1,"canopy",0,10,"AGGL",11,8,10,1
"RkyMtn6-010",1,"canopy",1,10,"LOTR2",8,4,2,1
"RkyMtn6-010",1,"canopy",0,10,"CEAR4",3,1,2,1
"RkyMtn6-010",1,"canopy",0,10,"ARCO5",30,22,25,1
"RkyMtn6-010",1,"canopy",0,10,"LUAR3",10,7,7,1
"RkyMtn6-010",1,"canopy",0,10,"LUAR3",6,5,5,1
"RkyMtn6-010",1,"canopy",0,10,"CEAR4",4,2,4,1
"RkyMtn6-010",1,"canopy",0.5,10,"PHMU3",35,22,8,1
"RkyMtn6-010",1,"interspace",1,10,"AGGL",11,10,7,1
"RkyMtn6-010",1,"interspace",1,10,"LUAR3",20,12,11,1
"RkyMtn6-010",1,"interspace",1,10,"AGGL",8,5,14,1
"RkyMtn6-010",1,"interspace",0,10,"ACNE9",1,1,24,1
"RkyMtn6-010",1,"interspace",0.5,10,"LUAR3",17,16,14,1
"RkyMtn6-010",1,"interspace",1,10,"ACNE9",2,1,21,1
"RkyMtn6-010",1,"interspace",1,10,"ANAN2",5,6,5,1
"RkyMtn6-010",1,"interspace",1,10,"CEAR4",8,4,9,1
"RkyMtn6-010",1,"interspace",1,10,"ACNE9",2,2,24,1
"RkyMtn6-010",1,"interspace",1,10,"ACNE9",1,1,21,1
"RkyMtn6-010",1,"interspace",0,10,"ACNE9",2,1,33,1
"RkyMtn6-010",1,"interspace",0,10,"POPR",NA,NA,33,1
"RkyMtn6-010",1,"interspace",1,10,"AGGL",18,4,14,1
"RkyMtn6-010",1,"interspace",1,10,"AGGL",17,8,16,1
"RkyMtn6-010",1,"interspace",1,10,"ANAN2",9,7,4,1
"RkyMtn6-010",1,"interspace",0,10,"CEAR4",7,9,9,1
"RkyMtn6-010",1,"interspace",1,10,"POBI6",12,5,45,1
"RkyMtn6-010",1,"interspace",1,10,"ANAN2",10,6,5,1
"RkyMtn6-010",1,"interspace",1,10,"ACNE9",1,1,21,1
"RkyMtn6-010",1,"canopy",0,15,"AGGL",11,5,13,1
"RkyMtn6-010",1,"canopy",0,15,"ARCO5",7,4,19,1
"RkyMtn6-010",1,"canopy",0,15,"AGGL",14,11,10,1
"RkyMtn6-010",1,"canopy",0,15,"AGGL",15,8,17,1
"RkyMtn6-010",1,"canopy",0,15,"CAGU",12,3,27,1
"RkyMtn6-010",1,"canopy",0.5,15,"AGGL",8,3,12,1
"RkyMtn6-010",1,"canopy",0.5,15,"AGGL",9,9,18,1
"RkyMtn6-010",1,"canopy",0.5,15,"ASMI9",18,16,17,1
"RkyMtn6-010",1,"canopy",0.5,15,"AGGL",9,3,13,1
"RkyMtn6-010",1,"canopy",1,15,"CEAR4",3,1,5,1
"RkyMtn6-010",1,"canopy",0.5,15,"AGGL",23,16,31,1
"RkyMtn6-010",1,"canopy",0,15,"AGGL",10,5,14,1
"RkyMtn6-010",1,"canopy",1,15,"FEID",1,1,10,1
"RkyMtn6-010",1,"canopy",0,15,"LUAR3",16,10,9,1
"RkyMtn6-010",1,"canopy",0,15,"AGGL",20,5,13,1
"RkyMtn6-010",1,"interspace",0,15,"CLHI",10,9,26,1
"RkyMtn6-010",1,"interspace",0,15,"CEAR4",8,4,5,1
"RkyMtn6-010",1,"interspace",0,15,"ACNE9",2,1,1,1
"RkyMtn6-010",1,"interspace",0,15,"FEID",3,2,10,1
"RkyMtn6-010",1,"interspace",0,15,"FEID",5,3,9,1
"RkyMtn6-010",1,"interspace",0,15,"ACNE9",4,4,18,1
"RkyMtn6-010",1,"interspace",0,15,"ACNE9",2,2,18,1
"RkyMtn6-010",1,"interspace",0,15,"CLHI",8,8,19,1
"RkyMtn6-010",1,"interspace",0,15,"ACNE9",1,1,20,1
"RkyMtn6-010",1,"interspace",0,15,"CEAR4",2,2,4,1
"RkyMtn6-010",1,"interspace",0,15,"ACNE9",2,1,22,1
"RkyMtn6-010",1,"interspace",0,15,"ACNE9",2,2,17,1
"RkyMtn6-010",1,"interspace",0,15,"ACNE9",3,3,15,1
"RkyMtn6-010",1,"interspace",0,15,"ARCO5",7,5,20,1
"RkyMtn6-010",1,"interspace",0,15,"ARCO5",7,6,13,1
"RkyMtn6-010",1,"interspace",0,15,"CEAR4",4,2,2,1
"RkyMtn6-010",1,"interspace",0,15,"ACNE9",3,2,17,1
"RkyMtn6-010",1,"interspace",0,15,"ALCE2",2,1,5,1
"RkyMtn6-010",1,"interspace",0,15,"ASMI9",5,2,6,1
"RkyMtn6-010",1,"interspace",0,15,"ARCO5",8,5,4,1
"RkyMtn6-010",1,"interspace",0,15,"ARCO5",3,2,4,1
"RkyMtn6-010",1,"canopy",1,20,"VINU2",16,7,28,1
"RkyMtn6-010",1,"canopy",1,20,"LEKI2",NA,NA,35,1
"RkyMtn6-010",1,"canopy",1,20,"LEKI2",NA,NA,2,1
"RkyMtn6-010",1,"canopy",1,20,"CEAR4",10,6,9,1
"RkyMtn6-010",1,"canopy",1,20,"LOTR2",11,10,21,1
"RkyMtn6-010",1,"canopy",1,20,"AGGL",6,6,9,1
"RkyMtn6-010",1,"canopy",1,20,"VINU2",26,8,7,1
"RkyMtn6-010",1,"canopy",1,20,"CEAR4",4,3,7,1
"RkyMtn6-010",1,"canopy",1,20,"CAGU",9,5,36,1
"RkyMtn6-010",1,"canopy",1,20,"LEKI2",NA,NA,23,1
"RkyMtn6-010",1,"canopy",1,20,"CEAR4",5,4,9,1
"RkyMtn6-010",1,"canopy",1,20,"LEKI2",NA,NA,35,1
"RkyMtn6-010",1,"canopy",1,20,"LEKI2",NA,NA,35,1
"RkyMtn6-010",1,"canopy",1,20,"LEKI2",NA,NA,35,1
"RkyMtn6-010",1,"canopy",1,20,"LEKI2",NA,NA,35,1
"RkyMtn6-010",1,"interspace",1,20,"LOTR2",19,13,28,1
"RkyMtn6-010",1,"interspace",1,20,"LEKI2",NA,NA,26,1
"RkyMtn6-010",1,"interspace",1,20,"LEKI2",NA,NA,30,1
"RkyMtn6-010",1,"interspace",1,20,"LEKI2",NA,NA,30,1
"RkyMtn6-010",1,"interspace",1,20,"AGGL",8,3,7,1
"RkyMtn6-010",1,"interspace",1,20,"VINU2",11,10,7,1
"RkyMtn6-010",1,"interspace",1,20,"VINU2",3,1,3,1
"RkyMtn6-010",1,"interspace",1,20,"LEKI2",NA,NA,28,1
"RkyMtn6-010",1,"interspace",1,20,"CEAR4",6,3,8,1
"RkyMtn6-010",1,"interspace",1,20,"CAGU",30,5,46,1
"RkyMtn6-010",1,"interspace",1,20,"LEKI2",NA,NA,26,1
"RkyMtn6-010",1,"interspace",1,20,"LUAR3",22,12,8,1
"RkyMtn6-010",1,"interspace",1,20,"SEIN2",9,4,35,1
"RkyMtn6-010",1,"interspace",1,20,"AGGL",7,3,10,1
"RkyMtn6-010",1,"interspace",0,20,"SEIN2",4,4,30,1
"RkyMtn6-010",1,"interspace",1,20,"LEKI2",NA,NA,26,1
"RkyMtn6-010",1,"interspace",1,20,"LEKI2",NA,NA,26,1
"RkyMtn6-010",1,"interspace",1,20,"LEKI2",NA,NA,30,1
"RkyMtn6-010",1,"interspace",1,20,"LEKI2",NA,NA,30,1
"RkyMtn6-010",1,"interspace",1,20,"LEKI2",NA,NA,28,1
"RkyMtn6-010",1,"interspace",1,20,"LEKI2",NA,NA,26,1
"RkyMtn6-010",1,"canopy",1,25,"VINU2",21,11,12,1
"RkyMtn6-010",1,"canopy",0,25,"PHMU3",16,12,8,1
"RkyMtn6-010",1,"canopy",0,25,"LUAR3",34,30,12,1
"RkyMtn6-010",1,"canopy",0.5,25,"ASMI9",12,9,6,1
"RkyMtn6-010",1,"canopy",1,25,"ASMI9",8,7,8,1
"RkyMtn6-010",1,"canopy",1,25,"CAGU",15,7,15,1
"RkyMtn6-010",1,"canopy",0,25,"ARCO5",4,3,4,1
"RkyMtn6-010",1,"canopy",1,25,"PHMU3",28,10,11,1
"RkyMtn6-010",1,"canopy",0,25,"ACNE9",2,2,24,1
"RkyMtn6-010",1,"canopy",0.5,25,"CAGU",7,4,37,1
"RkyMtn6-010",1,"canopy",0,25,"FEID",1,1,11,1
"RkyMtn6-010",1,"canopy",0.5,25,"FEID",1,1,10,1
"RkyMtn6-010",1,"canopy",0.5,25,"LUAR3",2,6,5,1
"RkyMtn6-010",1,"canopy",0.5,25,"FEID",1,1,12,1
"RkyMtn6-010",1,"canopy",0,25,"CAGU",11,6,34,1
"RkyMtn6-010",1,"interspace",0,25,"PHMU3",22,10,9,1
"RkyMtn6-010",1,"interspace",0,25,"CEAR4",2,3,6,1
"RkyMtn6-010",1,"interspace",0,25,"LUAR3",9,3,9,1
"RkyMtn6-010",1,"interspace",0,25,"TALA2",10,8,7,1
"RkyMtn6-010",1,"interspace",0,25,"CAGU",14,6,32,1
"RkyMtn6-010",1,"interspace",0,25,"VINU2",16,10,10,1
"RkyMtn6-010",1,"interspace",0,25,"CEAR4",6,4,8,1
"RkyMtn6-010",1,"interspace",0,25,"TALA2",8,4,8,1
"RkyMtn6-010",1,"interspace",0,25,"CEAR4",17,7,10,1
"RkyMtn6-010",1,"interspace",0,25,"CAGU",12,6,35,1
"RkyMtn6-010",1,"interspace",0,25,"ACNE9",1,1,28,1
"RkyMtn6-010",1,"interspace",0,25,"CEAR4",2,1,7,1
"RkyMtn6-010",1,"interspace",0,25,"FEID",1,1,11,1
"RkyMtn6-010",1,"interspace",0,25,"ARCO5",7,4,6,1
"RkyMtn6-010",1,"interspace",0,25,"FEID",2,2,16,1
"RkyMtn6-010",1,"interspace",0,25,"LUAR3",10,9,9,1
"RkyMtn6-010",1,"interspace",0,25,"LUAR3",24,21,11,1
"RkyMtn6-010",1,"interspace",0,25,"CAGU",15,6,32,1
"RkyMtn6-010",1,"interspace",0,25,"PHMU3",21,8,9,1
"RkyMtn6-010",1,"interspace",0,25,"CEAR4",3,2,11,1
"RkyMtn6-010",1,"interspace",0,25,"CAGU",9,5,41,1
"RkyMtn6-010",1,"interspace",0,25,"LUAR3",25,10,35,1
"RkyMtn6-010",2,"canopy",0,5,"CEAR4",2,1,6,1
"RkyMtn6-010",2,"canopy",1,5,"CEAR4",3,2,5,1
"RkyMtn6-010",2,"canopy",1,5,"VINU2",21,8,12,1
"RkyMtn6-010",2,"canopy",0.5,5,"AGGL",5,5,10,1
"RkyMtn6-010",2,"canopy",1,5,"CEAR4",3,2,7,1
"RkyMtn6-010",2,"canopy",1,5,"PHMU3",8,3,5,1
"RkyMtn6-010",2,"canopy",0,5,"CEAR4",3,2,6,1
"RkyMtn6-010",2,"canopy",0,5,"CAGU",18,5,20,1
"RkyMtn6-010",2,"canopy",1,5,"CEAR4",4,2,10,1
"RkyMtn6-010",2,"canopy",0.5,5,"PHMU3",14,8,9,1
"RkyMtn6-010",2,"canopy",0,5,"FEID",3,2,13,1
"RkyMtn6-010",2,"canopy",1,5,"CEAR4",5,2,6,1
"RkyMtn6-010",2,"canopy",1,5,"CEAR4",3,2,7,1
"RkyMtn6-010",2,"interspace",1,5,"VINU2",5,3,7,1
"RkyMtn6-010",2,"interspace",1,5,"ARCO5",6,6,7,1
"RkyMtn6-010",2,"interspace",1,5,"VINU2",12,3,7,1
"RkyMtn6-010",2,"interspace",1,5,"ARCO5",8,4,7,1
"RkyMtn6-010",2,"interspace",1,5,"CEAR4",19,17,11,1
"RkyMtn6-010",2,"interspace",1,5,"ALCE2",17,5,14,1
"RkyMtn6-010",2,"interspace",1,5,"PHMU3",28,19,10,1
"RkyMtn6-010",2,"interspace",1,5,"ALCE2",8,4,29,1
"RkyMtn6-010",2,"interspace",0,5,"LOTR2",11,4,31,1
"RkyMtn6-010",2,"canopy",1,10,"PHMU3",16,17,8,1
"RkyMtn6-010",2,"interspace",1,10,"LOTR2",21,11,31,1
"RkyMtn6-010",2,"interspace",1,10,"EUIN9",8,7,16,1
"RkyMtn6-010",2,"interspace",1,10,"ACNE9",1,1,25,1
"RkyMtn6-010",2,"interspace",1,10,"ACNE9",2,2,35,1
"RkyMtn6-010",2,"interspace",1,10,"EUIN9",22,15,35,1
"RkyMtn6-010",2,"interspace",1,10,"EUIN9",21,6,31,1
"RkyMtn6-010",2,"interspace",1,10,"EUIN9",13,8,25,1
"RkyMtn6-010",2,"canopy",1,15,"LEKI2",NA,NA,39,1
"RkyMtn6-010",2,"canopy",1,15,"LEKI2",NA,NA,42,1
"RkyMtn6-010",2,"canopy",1,15,"LEKI2",NA,NA,26,1
"RkyMtn6-010",2,"canopy",1,15,"LEKI2",NA,NA,37,1
"RkyMtn6-010",2,"canopy",1,15,"PHMU3",21,12,7,1
"RkyMtn6-010",2,"canopy",1,15,"PHMU3",24,12,7,1
"RkyMtn6-010",2,"canopy",1,15,"ASMI9",16,16,13,1
"RkyMtn6-010",2,"canopy",1,15,"LEKI2",NA,NA,25,1
"RkyMtn6-010",2,"canopy",1,15,"ARCO5",12,12,7,1
"RkyMtn6-010",2,"canopy",1,15,"PHMU3",11,8,8,1
"RkyMtn6-010",2,"canopy",1,15,"LEKI2",NA,NA,23,1
"RkyMtn6-010",2,"canopy",1,15,"LEKI2",NA,NA,32,1
"RkyMtn6-010",2,"canopy",1,15,"LEKI2",NA,NA,35,1
"RkyMtn6-010",2,"canopy",1,15,"LEKI2",NA,NA,33,1
"RkyMtn6-010",2,"canopy",1,15,"LEKI2",NA,NA,21,1
"RkyMtn6-010",2,"canopy",1,15,"SYFO2",15,6,13,1
"RkyMtn6-010",2,"canopy",1,15,"PHMU3",10,9,8,1
"RkyMtn6-010",2,"canopy",1,15,"LEKI2",NA,NA,32,1
"RkyMtn6-010",2,"interspace",0,15,"SYFO2",5,1,5,1
"RkyMtn6-010",2,"interspace",0,15,"LEKI2",NA,NA,37,1
"RkyMtn6-010",2,"interspace",0,15,"VINU2",5,6,5,1
"RkyMtn6-010",2,"interspace",1,15,"LEKI2",NA,NA,35,1
"RkyMtn6-010",2,"interspace",1,15,"SYFO2",19,8,23,1
"RkyMtn6-010",2,"interspace",0,15,"LEKI2",NA,NA,25,1
"RkyMtn6-010",2,"interspace",1,15,"LEKI2",NA,NA,37,1
"RkyMtn6-010",2,"interspace",1,15,"ASMI9",14,11,12,1
"RkyMtn6-010",2,"interspace",1,15,"LEKI2",NA,NA,31,1
"RkyMtn6-010",2,"interspace",0.5,15,"ASMI9",18,10,9,1
"RkyMtn6-010",2,"interspace",0,15,"LEKI2",NA,NA,25,1
"RkyMtn6-010",2,"interspace",1,15,"SYFO2",9,7,22,1
"RkyMtn6-010",2,"interspace",0,15,"LEKI2",NA,NA,35,1
"RkyMtn6-010",2,"interspace",0,15,"LEKI2",NA,NA,23,1
"RkyMtn6-010",2,"interspace",0,15,"LEKI2",NA,NA,20,1
"RkyMtn6-010",2,"interspace",0,15,"LEKI2",NA,NA,30,1
"RkyMtn6-010",2,"interspace",1,15,"CARO2",7,4,35,1
"RkyMtn6-010",2,"interspace",1,15,"LEKI2",NA,NA,30,1
"RkyMtn6-010",2,"interspace",0,15,"LEKI2",NA,NA,27,1
"RkyMtn6-010",2,"interspace",1,15,"LEKI2",NA,NA,35,1
"RkyMtn6-010",2,"interspace",1,15,"SYFO2",3,2,2,1
"RkyMtn6-010",2,"interspace",0,15,"FEID",4,3,15,1
"RkyMtn6-010",2,"interspace",1,15,"PHMU3",16,10,10,1
"RkyMtn6-010",2,"interspace",1,15,"LEKI2",NA,NA,23,1
"RkyMtn6-010",2,"interspace",0,15,"LEKI2",NA,NA,24,1
"RkyMtn6-010",2,"interspace",0,15,"LEKI2",NA,NA,30,1
"RkyMtn6-010",2,"interspace",1,15,"LEKI2",NA,NA,35,1
"RkyMtn6-010",2,"interspace",0,15,"LEKI2",NA,NA,35,1
"RkyMtn6-010",2,"interspace",0,15,"LEKI2",NA,NA,35,1
"RkyMtn6-010",2,"canopy",1,20,"ARCO5",11,8,21,1
"RkyMtn6-010",2,"canopy",1,20,"AGGL",8,4,12,1
"RkyMtn6-010",2,"canopy",1,20,"LUAR3",6,5,8,1
"RkyMtn6-010",2,"canopy",1,20,"FEID",1,1,21,1
"RkyMtn6-010",2,"canopy",1,20,"CRAC2",27,21,47,1
"RkyMtn6-010",2,"canopy",1,20,"LEKI2",NA,NA,36,1
"RkyMtn6-010",2,"canopy",1,20,"LEKI2",NA,NA,46,1
"RkyMtn6-010",2,"canopy",1,20,"ACMI2",8,7,4,1
"RkyMtn6-010",2,"canopy",1,20,"AGGL",4,4,8,1
"RkyMtn6-010",2,"canopy",1,20,"ACMI2",8,4,10,1
"RkyMtn6-010",2,"canopy",1,20,"AGGL",3,3,13,1
"RkyMtn6-010",2,"interspace",1,20,"LEKI2",NA,NA,40,1
"RkyMtn6-010",2,"interspace",1,20,"LEKI2",NA,NA,37,1
"RkyMtn6-010",2,"interspace",1,20,"LEKI2",NA,NA,30,1
"RkyMtn6-010",2,"interspace",1,20,"LUAR3",21,13,13,1
"RkyMtn6-010",2,"interspace",1,20,"LEKI2",NA,NA,32,1
"RkyMtn6-010",2,"interspace",1,20,"AF047",NA,NA,7,1
"RkyMtn6-010",2,"interspace",1,20,"LEKI2",NA,NA,19,1
"RkyMtn6-010",2,"interspace",1,20,"AGGL",11,9,9,1
"RkyMtn6-010",2,"interspace",1,20,"FEID",1,1,19,1
"RkyMtn6-010",2,"interspace",1,20,"LEKI2",NA,NA,29,1
"RkyMtn6-010",2,"interspace",1,20,"LEKI2",NA,NA,25,1
"RkyMtn6-010",2,"interspace",1,20,"LEKI2",NA,NA,29,1
"RkyMtn6-010",2,"interspace",1,20,"GABO2",4,3,6,1
"RkyMtn6-010",2,"interspace",1,20,"LEKI2",NA,NA,38,1
"RkyMtn6-010",2,"interspace",1,20,"LEKI2",NA,NA,41,1
"RkyMtn6-010",2,"interspace",1,20,"CEAR4",12,8,14,1
"RkyMtn6-010",2,"interspace",1,20,"LEKI2",NA,NA,40,1
"RkyMtn6-010",2,"interspace",1,20,"PHMU3",8,3,5,1
"RkyMtn6-010",2,"interspace",1,20,"CLHI",11,4,12,1
"RkyMtn6-010",2,"interspace",1,20,"AGGL",18,12,7,1
"RkyMtn6-010",2,"interspace",1,20,"LEKI2",NA,NA,18,1
"RkyMtn6-010",2,"interspace",1,20,"CLHI",9,8,33,1
"RkyMtn6-010",2,"interspace",1,20,"AGGL",13,7,20,1
"RkyMtn6-010",2,"interspace",1,20,"LEKI2",NA,NA,28,1
"RkyMtn6-010",2,"interspace",1,20,"LEKI2",NA,NA,40,1
"RkyMtn6-010",2,"interspace",1,20,"LEKI2",NA,NA,20,1
"RkyMtn6-010",2,"interspace",1,20,"ARCO5",6,3,7,1
"RkyMtn6-010",2,"interspace",1,20,"AGGL",19,14,15,1
"RkyMtn6-010",2,"interspace",1,20,"LEKI2",NA,NA,30,1
"RkyMtn6-010",2,"interspace",1,20,"LEKI2",NA,NA,30,1
"RkyMtn6-010",2,"interspace",1,20,"LEKI2",NA,NA,30,1
"RkyMtn6-010",2,"canopy",0.5,22.5,"GABO2",27,16,18,1
"RkyMtn6-010",2,"canopy",0,22.5,"LUAR3",30,30,17,1
"RkyMtn6-010",2,"canopy",0,22.5,"ACNE9",3,2,33,1
"RkyMtn6-010",2,"canopy",0,22.5,"GABO2",17,9,15,1
"RkyMtn6-010",2,"canopy",0,22.5,"LEKI2",NA,NA,24,1
"RkyMtn6-010",2,"canopy",0.5,22.5,"LEKI2",NA,NA,40,1
"RkyMtn6-010",2,"canopy",0.5,22.5,"LEKI2",NA,NA,23,1
"RkyMtn6-010",2,"canopy",0,22.5,"FEID",3,2,19,1
"RkyMtn6-010",2,"canopy",0,22.5,"LEKI2",NA,NA,28,1
"RkyMtn6-010",2,"canopy",0,22.5,"LEKI2",NA,NA,18,1
"RkyMtn6-010",2,"canopy",0,22.5,"LEKI2",NA,NA,26,1
"RkyMtn6-010",2,"canopy",0.5,22.5,"LEKI2",NA,NA,37,1
"RkyMtn6-010",2,"canopy",0,22.5,"CEAR4",3,2,6,1
"RkyMtn6-010",2,"canopy",0,22.5,"ACNE9",3,2,36,1
"RkyMtn6-010",2,"canopy",0.5,22.5,"LEKI2",NA,NA,17,1
"RkyMtn6-010",2,"canopy",0,22.5,"LEKI2",NA,NA,24,1
"RkyMtn6-010",2,"canopy",0.5,22.5,"LEKI2",NA,NA,37,1
"RkyMtn6-010",2,"canopy",0,22.5,"LEKI2",NA,NA,28,1
"RkyMtn6-010",2,"canopy",0.5,22.5,"LEKI2",NA,NA,31,1
"RkyMtn6-010",2,"canopy",0,22.5,"LEKI2",NA,NA,28,1
"RkyMtn6-010",2,"interspace",0,22.5,"ASMI9",8,3,4,1
"RkyMtn6-010",2,"interspace",0,22.5,"ARCO5",8,6,7,1
"RkyMtn6-010",2,"interspace",1,22.5,"LEKI2",NA,NA,19,1
"RkyMtn6-010",2,"interspace",0,22.5,"LOTR2",5,3,34,1
"RkyMtn6-010",2,"interspace",1,22.5,"ASMI9",14,13,11,1
"RkyMtn6-010",2,"interspace",1,22.5,"LEKI2",NA,NA,12,1
"RkyMtn6-010",2,"interspace",1,22.5,"LEKI2",NA,NA,30,1
"RkyMtn6-010",2,"interspace",0,22.5,"LOTR2",16,3,9,1
"RkyMtn6-010",2,"interspace",0,22.5,"ARCO5",10,7,24,1
"RkyMtn6-010",2,"interspace",0,22.5,"ARCO5",7,5,5,1
"RkyMtn6-010",2,"interspace",1,22.5,"ASMI9",16,13,8,1
"RkyMtn6-010",2,"canopy",1,25,"NO PLANTS",NA,NA,NA,NA
"RkyMtn6-010",2,"interspace",NA,25,"NO GAPS >60 cm",NA,NA,NA,NA
"RkyMtn6-010",3,"canopy",0,5,"ERUM",30,20,27,1
"RkyMtn6-010",3,"canopy",1,5,"ERCO5",6,6,6,1
"RkyMtn6-010",3,"canopy",1,5,"ALCE2",6,4,13,1
"RkyMtn6-010",3,"canopy",1,5,"ERCO5",4,4,3,1
"RkyMtn6-010",3,"canopy",1,5,"ALCE2",5,4,13,1
"RkyMtn6-010",3,"canopy",1,5,"AGGL",5,4,15,1
"RkyMtn6-010",3,"canopy",1,5,"VINU2",12,6,12,1
"RkyMtn6-010",3,"canopy",1,5,"VINU2",2,1,4,1
"RkyMtn6-010",3,"canopy",1,5,"VINU2",7,6,8,1
"RkyMtn6-010",3,"canopy",1,5,"ALCE2",9,6,26,1
"RkyMtn6-010",3,"canopy",1,5,"ZIVE",20,11,25,1
"RkyMtn6-010",3,"canopy",1,5,"PHMU3",21,13,7,1
"RkyMtn6-010",3,"canopy",0,5,"VINU2",12,7,13,1
"RkyMtn6-010",3,"canopy",1,5,"ASMI9",3,3,6,1
"RkyMtn6-010",3,"canopy",1,5,"ALCE2",2,2,11,1
"RkyMtn6-010",3,"canopy",1,5,"VINU2",10,5,7,1
"RkyMtn6-010",3,"canopy",0,5,"VINU2",12,12,6,1
"RkyMtn6-010",3,"canopy",1,5,"ALCE2",8,7,28,1
"RkyMtn6-010",3,"canopy",1,5,"ALCE2",18,7,24,1
"RkyMtn6-010",3,"canopy",1,5,"ALCE2",2,1,8,1
"RkyMtn6-010",3,"canopy",1,5,"ALCE2",6,4,13,1
"RkyMtn6-010",3,"canopy",1,5,"VINU2",2,1,4,1
"RkyMtn6-010",3,"canopy",1,5,"VINU2",2,1,4,1
"RkyMtn6-010",3,"interspace",1,5,"VINU2",8,2,7,1
"RkyMtn6-010",3,"interspace",1,5,"COLI2",NA,NA,7,1
"RkyMtn6-010",3,"canopy",1,10,"LEKI2",NA,NA,38,1
"RkyMtn6-010",3,"canopy",1,10,"LEKI2",NA,NA,32,1
"RkyMtn6-010",3,"canopy",1,10,"CRAC2",16,15,43,1
"RkyMtn6-010",3,"canopy",1,10,"LEKI2",NA,NA,13,1
"RkyMtn6-010",3,"canopy",1,10,"LEKI2",NA,NA,35,1
"RkyMtn6-010",3,"canopy",1,10,"PHMU3",28,20,10,1
"RkyMtn6-010",3,"canopy",1,10,"ARCO5",9,9,9,1
"RkyMtn6-010",3,"canopy",1,10,"ASMI9",14,10,11,1
"RkyMtn6-010",3,"interspace",0,10,"ACNE9",2,2,9,1
"RkyMtn6-010",3,"interspace",0,10,"FEID",4,1,5,1
"RkyMtn6-010",3,"interspace",0,10,"ARCO5",9,5,15,1
"RkyMtn6-010",3,"interspace",0,10,"ARCO5",11,5,6,1
"RkyMtn6-010",3,"interspace",0,10,"FEID",3,2,8,1
"RkyMtn6-010",3,"interspace",0,10,"LEKI2",NA,NA,21,1
"RkyMtn6-010",3,"interspace",0,10,"PHMU3",15,11,5,1
"RkyMtn6-010",3,"interspace",0,10,"LUAR3",35,25,28,1
"RkyMtn6-010",3,"interspace",0,10,"DRVE2",NA,NA,5,1
"RkyMtn6-010",3,"interspace",0,10,"DRVE2",NA,NA,5,1
"RkyMtn6-010",3,"interspace",0,10,"DRVE2",NA,NA,5,1
"RkyMtn6-010",3,"interspace",0,10,"DRVE2",NA,NA,5,1
"RkyMtn6-010",3,"interspace",0,10,"DRVE2",NA,NA,5,1
"RkyMtn6-010",3,"interspace",0,10,"DRVE2",NA,NA,5,1
"RkyMtn6-010",3,"interspace",0,10,"DRVE2",NA,NA,5,1
"RkyMtn6-010",3,"interspace",0,10,"DRVE2",NA,NA,5,1
"RkyMtn6-010",3,"canopy",1,15,"CEAR4",8,6,9,1
"RkyMtn6-010",3,"canopy",1,15,"ARCO5",13,12,16,1
"RkyMtn6-010",3,"canopy",1,15,"CEAR4",11,5,9,1
"RkyMtn6-010",3,"canopy",1,15,"ACMI2",16,6,10,1
"RkyMtn6-010",3,"canopy",1,15,"GABO2",13,7,16,1
"RkyMtn6-010",3,"canopy",1,15,"GABO2",7,5,9,1
"RkyMtn6-010",3,"canopy",1,15,"ARCO5",8,6,9,1
"RkyMtn6-010",3,"interspace",0,15,"LEKI2",NA,NA,20,1
"RkyMtn6-010",3,"interspace",0,15,"LEKI2",NA,NA,23,1
"RkyMtn6-010",3,"interspace",0,15,"CEAR4",3,3,11,1
"RkyMtn6-010",3,"interspace",0,15,"GABO2",8,4,13,1
"RkyMtn6-010",3,"interspace",0,15,"ARCO5",7,6,20,1
"RkyMtn6-010",3,"interspace",0,15,"LEKI2",NA,NA,24,1
"RkyMtn6-010",3,"interspace",0,15,"LEKI2",NA,NA,27,1
"RkyMtn6-010",3,"interspace",0,15,"FEID",3,2,16,1
"RkyMtn6-010",3,"interspace",0,15,"LUAR3",36,22,40,1
"RkyMtn6-010",3,"interspace",0,15,"LEKI2",NA,NA,25,1
"RkyMtn6-010",3,"interspace",0,15,"LUAR3",27,22,14,1
"RkyMtn6-010",3,"interspace",0,15,"GABO2",4,4,16,1
"RkyMtn6-010",3,"interspace",0,15,"ARCO5",7,4,6,1
"RkyMtn6-010",3,"interspace",0,15,"GABO2",6,4,12,1
"RkyMtn6-010",3,"interspace",0,15,"GABO2",3,3,18,1
"RkyMtn6-010",3,"interspace",0,15,"LEKI2",NA,NA,25,1
"RkyMtn6-010",3,"canopy",1,20,"ASMI9",10,7,7,1
"RkyMtn6-010",3,"canopy",1,20,"ASMI9",9,8,8,1
"RkyMtn6-010",3,"canopy",1,20,"ASMI9",16,11,12,1
"RkyMtn6-010",3,"canopy",1,20,"FEID",2,2,12,1
"RkyMtn6-010",3,"interspace",1,20,"VINU2",7,3,10,1
"RkyMtn6-010",3,"interspace",1,20,"FEID",1,1,14,1
"RkyMtn6-010",3,"interspace",1,20,"LUAR3",3,2,3,1
"RkyMtn6-010",3,"interspace",1,20,"FEID",2,1,10,1
"RkyMtn6-010",3,"interspace",1,20,"CEAR4",3,2,5,1
"RkyMtn6-010",3,"interspace",1,20,"CEAR4",3,2,5,1
"RkyMtn6-010",3,"interspace",0,20,"ASMI9",18,8,14,1
"RkyMtn6-010",3,"interspace",0,20,"ACNE9",3,3,20,1
"RkyMtn6-010",3,"interspace",0.5,20,"ARCO5",17,7,17,1
"RkyMtn6-010",3,"interspace",0,20,"DRVE2",NA,NA,5,1
"RkyMtn6-010",3,"interspace",0,20,"ASMI9",16,12,12,1
"RkyMtn6-010",3,"interspace",0,20,"ARCO5",9,4,15,1
"RkyMtn6-010",3,"interspace",1,20,"LUAR3",10,6,7,1
"RkyMtn6-010",3,"interspace",0,20,"PHMU3",3,1,4,1
"RkyMtn6-010",3,"canopy",1,25,"DOPU",1,1,15,1
"RkyMtn6-010",3,"canopy",1,25,"ASMI9",5,2,7,1
"RkyMtn6-010",3,"canopy",1,25,"PHMU3",27,24,13,1
"RkyMtn6-010",3,"canopy",1,25,"ARCO5",3,3,22,1
"RkyMtn6-010",3,"canopy",1,25,"AGGL",20,10,13,1
"RkyMtn6-010",3,"canopy",1,25,"LUAR3",20,12,12,1
"RkyMtn6-010",3,"canopy",1,25,"ARCO5",12,6,6,1
"RkyMtn6-010",3,"canopy",1,25,"AGGL",20,10,13,1
"RkyMtn6-010",3,"canopy",1,25,"AGGL",20,10,13,1
"RkyMtn6-010",3,"interspace",1,25,"ACNE9",4,3,26,1
"RkyMtn6-010",3,"interspace",1,25,"ARCO5",8,4,7,1
"RkyMtn6-010",3,"interspace",1,25,"PHMU3",25,15,13,1
"RkyMtn6-010",3,"interspace",1,25,"AGGL",15,5,13,1
"RkyMtn6-010",3,"interspace",1,25,"AGGL",12,3,19,1
"RkyMtn6-010",3,"interspace",1,25,"ALCE2",3,3,20,1
"RkyMtn6-010",3,"interspace",1,25,"ARCO5",4,3,5,1
"RkyMtn6-010",3,"interspace",1,25,"LUAR3",24,21,13,1
"RkyMtn6-010",3,"interspace",1,25,"AGGL",12,7,14,1
"RkyMtn6-010",3,"interspace",1,25,"ARCO5",9,5,8,1
"RkyMtn6-010",3,"interspace",1,25,"ERUM",7,5,5,1
"RkyMtn6-010",3,"interspace",1,25,"AGGL",23,6,20,1
"RkyMtn7-999",1,"canopy",0,5,"COPA3",NA,NA,5,1
"RkyMtn7-999",1,"canopy",0,5,"POPR",NA,NA,29,1
"RkyMtn7-999",1,"canopy",0.5,5,"CAFI",3,3,20,1
"RkyMtn7-999",1,"canopy",0,5,"POPR",NA,NA,37,1
"RkyMtn7-999",1,"canopy",0,5,"POPR",NA,NA,35,1
"RkyMtn7-999",1,"canopy",1,5,"POPR",NA,NA,30,1
"RkyMtn7-999",1,"canopy",1,5,"POPR",NA,NA,29,1
"RkyMtn7-999",1,"canopy",1,5,"KOMA",1,1,9,1
"RkyMtn7-999",1,"canopy",0,5,"POPR",NA,NA,35,1
"RkyMtn7-999",1,"canopy",0,5,"POPR",NA,NA,27,1
"RkyMtn7-999",1,"canopy",0,5,"POPR",NA,NA,22,1
"RkyMtn7-999",1,"canopy",0,5,"POPR",NA,NA,33,1
"RkyMtn7-999",1,"canopy",0,5,"POPR",NA,NA,31,1
"RkyMtn7-999",1,"canopy",0,5,"POPR",NA,NA,31,1
"RkyMtn7-999",1,"canopy",0,5,"POPR",NA,NA,33,1
"RkyMtn7-999",1,"canopy",0,5,"POPR",NA,NA,28,1
"RkyMtn7-999",1,"canopy",0,5,"LULE3",17,14,26,1
"RkyMtn7-999",1,"canopy",1,5,"KOMA",1,1,15,1
"RkyMtn7-999",1,"canopy",0,5,"POPR",NA,NA,25,1
"RkyMtn7-999",1,"canopy",0,5,"COPA3",NA,NA,5,1
"RkyMtn7-999",1,"canopy",0,5,"POPR",NA,NA,27,1
"RkyMtn7-999",1,"canopy",0,5,"POPR",NA,NA,22,1
"RkyMtn7-999",1,"canopy",1,5,"KOMA",1,1,15,1
"RkyMtn7-999",1,"canopy",0,5,"POPR",NA,NA,25,1
"RkyMtn7-999",1,"canopy",0,5,"POPR",NA,NA,25,1
"RkyMtn7-999",1,"interspace",1,5,"CADO2",NA,NA,21,1
"RkyMtn7-999",1,"interspace",0,5,"POPR",NA,NA,17,1
"RkyMtn7-999",1,"interspace",0,5,"POPR",NA,NA,22,1
"RkyMtn7-999",1,"interspace",0,5,"POPR",NA,NA,16,1
"RkyMtn7-999",1,"interspace",0,5,"AGGL",7,3,3,1
"RkyMtn7-999",1,"interspace",0,5,"VINU2",9,3,3,1
"RkyMtn7-999",1,"interspace",0,5,"POPR",NA,NA,20,1
"RkyMtn7-999",1,"interspace",0,5,"ERCO5",16,12,17,1
"RkyMtn7-999",1,"interspace",0,5,"COPA3",NA,NA,13,1
"RkyMtn7-999",1,"interspace",1,5,"POPR",NA,NA,36,1
"RkyMtn7-999",1,"interspace",0,5,"POPR",NA,NA,12,1
"RkyMtn7-999",1,"interspace",0.5,5,"ERCO5",7,5,8,1
"RkyMtn7-999",1,"interspace",0,5,"POPR",NA,NA,15,1
"RkyMtn7-999",1,"interspace",0,5,"POPR",NA,NA,19,1
"RkyMtn7-999",1,"interspace",0,5,"POPR",NA,NA,28,1
"RkyMtn7-999",1,"interspace",0,5,"POPR",NA,NA,23,1
"RkyMtn7-999",1,"interspace",0,5,"POPR",NA,NA,30,1
"RkyMtn7-999",1,"interspace",0,5,"POPR",NA,NA,28,1
"RkyMtn7-999",1,"interspace",0.5,5,"FEID",3,2,10,1
"RkyMtn7-999",1,"interspace",0,5,"ERUM",2,2,5,1
"RkyMtn7-999",1,"interspace",0,5,"POPR",NA,NA,17,1
"RkyMtn7-999",1,"interspace",0,5,"POPR",NA,NA,20,1
"RkyMtn7-999",1,"interspace",0,5,"POPR",NA,NA,19,1
"RkyMtn7-999",1,"interspace",0,5,"POPR",NA,NA,18,1
"RkyMtn7-999",1,"interspace",0,5,"POPR",NA,NA,12,1
"RkyMtn7-999",1,"interspace",0,5,"POPR",NA,NA,19,1
"RkyMtn7-999",1,"interspace",0,5,"POPR",NA,NA,18,1
"RkyMtn7-999",1,"interspace",0,5,"POPR",NA,NA,12,1
"RkyMtn7-999",1,"interspace",0,5,"AGGL",10,3,5,1
"RkyMtn7-999",1,"interspace",0,5,"POPR",NA,NA,21,1
"RkyMtn7-999",1,"interspace",0,5,"POPR",NA,NA,27,1
"RkyMtn7-999",1,"interspace",0,5,"POPR",NA,NA,20,1
"RkyMtn7-999",1,"interspace",0,5,"POPR",NA,NA,20,1
"RkyMtn7-999",1,"interspace",0,5,"POPR",NA,NA,15,1
"RkyMtn7-999",1,"interspace",0,5,"POPR",NA,NA,20,1
"RkyMtn7-999",1,"interspace",0,5,"POPR",NA,NA,15,1
"RkyMtn7-999",1,"interspace",0,5,"POPR",NA,NA,23,1
"RkyMtn7-999",1,"interspace",0,5,"POPR",NA,NA,23,1
"RkyMtn7-999",1,"interspace",0,5,"POPR",NA,NA,23,1
"RkyMtn7-999",1,"interspace",0,5,"POPR",NA,NA,19,1
"RkyMtn7-999",1,"interspace",0,5,"POPR",NA,NA,19,1
"RkyMtn7-999",1,"interspace",0,5,"POPR",NA,NA,18,1
"RkyMtn7-999",1,"interspace",0,5,"POPR",NA,NA,20,1
"RkyMtn7-999",1,"canopy",1,10,"ARDR",NA,NA,2,1
"RkyMtn7-999",1,"canopy",1,10,"PSSP6",1,1,25,1
"RkyMtn7-999",1,"interspace",1,10,"COLI2",NA,NA,7,1
"RkyMtn7-999",1,"interspace",1,10,"PSSP6",1,1,35,1
"RkyMtn7-999",1,"interspace",1,10,"PSSP6",1,1,25,1
"RkyMtn7-999",1,"canopy",1,15,"ERUM",30,20,27,1
"RkyMtn7-999",1,"interspace",0,15,"PHLO2",5,4,9,1
"RkyMtn7-999",1,"interspace",0.5,15,"ERUM",30,15,19,1
"RkyMtn7-999",1,"interspace",0.5,15,"ERUM",30,6,7,1
"RkyMtn7-999",1,"canopy",1,20,"PSSP6",3,3,25,1
"RkyMtn7-999",1,"canopy",1,20,"PSSP6",1,1,23,1
"RkyMtn7-999",1,"canopy",1,20,"PSSP6",1,1,20,1
"RkyMtn7-999",1,"canopy",1,20,"FEID",1,1,17,1
"RkyMtn7-999",1,"canopy",1,20,"PSSP6",1,1,23,1
"RkyMtn7-999",1,"canopy",1,20,"LOTR2",9,5,8,1
"RkyMtn7-999",1,"canopy",1,20,"FEID",1,1,13,1
"RkyMtn7-999",1,"interspace",1,20,"CAFI",1,1,10,1
"RkyMtn7-999",1,"interspace",1,20,"ERUM",20,15,4,1
"RkyMtn7-999",1,"interspace",1,20,"CAFI",1,1,12,1
"RkyMtn7-999",1,"interspace",1,20,"FEID",1,1,30,1
"RkyMtn7-999",1,"interspace",1,20,"CAFI",1,1,17,1
"RkyMtn7-999",1,"interspace",1,20,"FEID",1,1,27,1
"RkyMtn7-999",1,"interspace",1,20,"PEGA3",7,4,56,1
"RkyMtn7-999",1,"interspace",1,20,"CAFI",1,1,12,1
"RkyMtn7-999",1,"interspace",1,20,"ERUM",20,8,6,1
"RkyMtn7-999",1,"interspace",1,20,"ERUM",11,11,21,1
"RkyMtn7-999",1,"interspace",1,20,"FEID",1,1,23,1
"RkyMtn7-999",1,"interspace",1,20,"CAFI",2,1,8,1
"RkyMtn7-999",1,"interspace",1,20,"FEID",1,1,30,1
"RkyMtn7-999",1,"canopy",1,25,"ERUM",20,30,20,1
"RkyMtn7-999",1,"canopy",1,25,"PSSP6",1,1,20,1
"RkyMtn7-999",1,"canopy",1,25,"CADO2",NA,NA,10,1
"RkyMtn7-999",1,"canopy",1,25,"PEGA3",6,5,46,1
"RkyMtn7-999",1,"canopy",1,25,"ARHO2",NA,NA,3,1
"RkyMtn7-999",1,"canopy",1,25,"CADO2",NA,NA,7,1
"RkyMtn7-999",1,"canopy",1,25,"CAFI",2,1,12,1
"RkyMtn7-999",1,"canopy",1,25,"ERCO5",5,4,18,1
"RkyMtn7-999",1,"canopy",1,25,"CADO2",NA,NA,7,1
"RkyMtn7-999",1,"interspace",0,25,"ANMI3",20,17,7,1
"RkyMtn7-999",1,"interspace",0,25,"PHLO2",7,7,10,1
"RkyMtn7-999",1,"interspace",0,25,"PSSP6",5,3,25,1
"RkyMtn7-999",1,"interspace",0,25,"ARDR",NA,NA,27,1
"RkyMtn7-999",1,"interspace",0,25,"ERUM",30,20,17,1
"RkyMtn7-999",2,"canopy",0,5,"PEGA3",5,3,39,1
"RkyMtn7-999",2,"canopy",0,5,"ERUM",20,28,28,1
"RkyMtn7-999",2,"canopy",0,5,"COPA3",NA,NA,8,1
"RkyMtn7-999",2,"canopy",0,5,"CAFI",4,2,18,1
"RkyMtn7-999",2,"canopy",0,5,"COPA3",NA,NA,8,1
"RkyMtn7-999",2,"interspace",1,5,"CADO2",NA,NA,9,1
"RkyMtn7-999",2,"interspace",0,5,"ERUM",20,23,30,1
"RkyMtn7-999",2,"interspace",1,5,"ERUM",20,10,30,1
"RkyMtn7-999",2,"canopy",1,10,"POPR",NA,NA,45,1
"RkyMtn7-999",2,"canopy",1,10,"POPR",NA,NA,46,1
"RkyMtn7-999",2,"canopy",1,10,"POPR",NA,NA,42,1
"RkyMtn7-999",2,"canopy",1,10,"POPR",NA,NA,37,1
"RkyMtn7-999",2,"canopy",1,10,"POPR",NA,NA,32,1
"RkyMtn7-999",2,"interspace",1,10,"COLI2",NA,NA,12,1
"RkyMtn7-999",2,"interspace",1,10,"POPR",NA,NA,34,1
"RkyMtn7-999",2,"interspace",1,10,"COLI2",NA,NA,9,1
"RkyMtn7-999",2,"interspace",1,10,"ERUM",12,10,3,1
"RkyMtn7-999",2,"interspace",1,10,"COPA3",NA,NA,4,1
"RkyMtn7-999",2,"interspace",1,10,"POPR",NA,NA,9,1
"RkyMtn7-999",2,"canopy",1,15,"ERUM",2,3,3,1
"RkyMtn7-999",2,"canopy",0,15,"POPR",NA,NA,23,1
"RkyMtn7-999",2,"canopy",0,15,"POPR",NA,NA,35,1
"RkyMtn7-999",2,"canopy",0,15,"POPR",NA,NA,29,1
"RkyMtn7-999",2,"canopy",0,15,"POPR",NA,NA,28,1
"RkyMtn7-999",2,"canopy",0,15,"ERUM",19,13,4,1
"RkyMtn7-999",2,"canopy",0,15,"POPR",NA,NA,25,1
"RkyMtn7-999",2,"canopy",0,15,"ERUM",8,7,4,1
"RkyMtn7-999",2,"canopy",0,15,"POPR",NA,NA,37,1
"RkyMtn7-999",2,"canopy",0,15,"POPR",NA,NA,30,1
"RkyMtn7-999",2,"canopy",0,15,"POPR",NA,NA,32,1
"RkyMtn7-999",2,"canopy",0,15,"POPR",NA,NA,37,1
"RkyMtn7-999",2,"canopy",0,15,"POPR",NA,NA,35,1
"RkyMtn7-999",2,"canopy",0,15,"POPR",NA,NA,29,1
"RkyMtn7-999",2,"canopy",0,15,"POPR",NA,NA,29,1
"RkyMtn7-999",2,"canopy",0,15,"POPR",NA,NA,37,1
"RkyMtn7-999",2,"canopy",0,15,"POPR",NA,NA,37,1
"RkyMtn7-999",2,"interspace",1,15,"POPR",NA,NA,69,1
"RkyMtn7-999",2,"interspace",1,15,"POPR",NA,NA,47,1
"RkyMtn7-999",2,"interspace",1,15,"ERUM",5,8,3,1
"RkyMtn7-999",2,"interspace",1,15,"POPR",NA,NA,48,1
"RkyMtn7-999",2,"interspace",1,15,"ARDR",NA,NA,5,1
"RkyMtn7-999",2,"interspace",1,15,"ERUM",5,3,7,1
"RkyMtn7-999",2,"canopy",1,20,"ERUM",10,6,3,1
"RkyMtn7-999",2,"canopy",1,20,"POCU3",2,1,13,1
"RkyMtn7-999",2,"canopy",1,20,"POCU3",1,1,16,1
"RkyMtn7-999",2,"canopy",0,20,"COPA3",NA,NA,10,1
"RkyMtn7-999",2,"canopy",1,20,"POPR",NA,NA,24,1
"RkyMtn7-999",2,"canopy",0,20,"POCU3",2,1,11,1
"RkyMtn7-999",2,"canopy",1,20,"CADO2",NA,NA,10,1
"RkyMtn7-999",2,"canopy",1,20,"LULE3",16,13,15,1
"RkyMtn7-999",2,"canopy",1,20,"ARDR",NA,NA,5,1
"RkyMtn7-999",2,"canopy",1,20,"LULE3",14,13,15,1
"RkyMtn7-999",2,"canopy",0,20,"AGGL",3,2,9,1
"RkyMtn7-999",2,"canopy",0,20,"POCU3",1,1,11,1
"RkyMtn7-999",2,"canopy",0,20,"ERUM",1,1,2,1
"RkyMtn7-999",2,"canopy",1,20,"COLI2",NA,NA,7,1
"RkyMtn7-999",2,"canopy",0,20,"POCU3",3,2,13,1
"RkyMtn7-999",2,"canopy",0.5,20,"AGGL",17,3,8,1
"RkyMtn7-999",2,"canopy",1,20,"POCU3",1,1,9,1
"RkyMtn7-999",2,"canopy",1,20,"CADO2",NA,NA,15,1
"RkyMtn7-999",2,"canopy",1,20,"CADO2",NA,NA,10,1
"RkyMtn7-999",2,"interspace",0,20,"COPA3",NA,NA,9,1
"RkyMtn7-999",2,"interspace",0,20,"POCU3",1,1,12,1
"RkyMtn7-999",2,"interspace",0,20,"AGGL",20,19,8,1
"RkyMtn7-999",2,"interspace",0,20,"POCU3",1,1,7,1
"RkyMtn7-999",2,"interspace",0,20,"POCU3",1,1,10,1
"RkyMtn7-999",2,"interspace",0,20,"POCU3",1,1,12,1
"RkyMtn7-999",2,"interspace",0,20,"POCU3",1,1,8,1
"RkyMtn7-999",2,"interspace",0,20,"PHLO2",22,13,15,1
"RkyMtn7-999",2,"interspace",0,20,"AGGL",9,2,22,1
"RkyMtn7-999",2,"interspace",0,20,"ERUM",19,13,5,1
"RkyMtn7-999",2,"interspace",0,20,"COPA3",NA,NA,5,1
"RkyMtn7-999",2,"interspace",0,20,"COPA3",NA,NA,13,1
"RkyMtn7-999",2,"interspace",0,20,"POCU3",1,1,9,1
"RkyMtn7-999",2,"interspace",0,20,"AGGL",7,2,9,1
"RkyMtn7-999",2,"interspace",0,20,"POCU3",1,1,7,1
"RkyMtn7-999",2,"interspace",0,20,"POCU3",1,1,9,1
"RkyMtn7-999",2,"canopy",1,25,"PSSP6",1,1,25,1
"RkyMtn7-999",2,"canopy",1,25,"ERUM",10,8,3,1
"RkyMtn7-999",2,"canopy",1,25,"ERUM",20,15,24,1
"RkyMtn7-999",2,"canopy",1,25,"ACLE9",2,1,28,1
"RkyMtn7-999",2,"interspace",1,25,"LULE3",28,23,19,1
"RkyMtn7-999",2,"interspace",1,25,"ERUM",30,20,31,1
"RkyMtn7-999",2,"interspace",1,25,"CAFI",7,7,23,1
"RkyMtn7-999",2,"interspace",1,25,"COUM",12,4,26,1
"RkyMtn7-999",2,"interspace",1,25,"PEGA3",4,3,52,1
"RkyMtn7-999",2,"interspace",1,25,"PEGA3",8,7,63,1
"RkyMtn7-999",2,"interspace",1,25,"ANMI3",8,7,22,1
"RkyMtn7-999",3,"canopy",1,5,"POPR",NA,NA,43,1
"RkyMtn7-999",3,"canopy",1,5,"POPR",NA,NA,49,1
"RkyMtn7-999",3,"canopy",1,5,"POPR",NA,NA,39,1
"RkyMtn7-999",3,"canopy",1,5,"POPR",NA,NA,44,1
"RkyMtn7-999",3,"canopy",1,5,"POPR",NA,NA,53,1
"RkyMtn7-999",3,"canopy",1,5,"POPR",NA,NA,48,1
"RkyMtn7-999",3,"canopy",1,5,"POPR",NA,NA,35,1
"RkyMtn7-999",3,"canopy",1,5,"POPR",NA,NA,36,1
"RkyMtn7-999",3,"canopy",1,5,"POPR",NA,NA,54,1
"RkyMtn7-999",3,"canopy",1,5,"POPR",NA,NA,25,1
"RkyMtn7-999",3,"canopy",1,5,"POPR",NA,NA,35,1
"RkyMtn7-999",3,"canopy",1,5,"AGGL",10,2,10,1
"RkyMtn7-999",3,"canopy",1,5,"POPR",NA,NA,34,1
"RkyMtn7-999",3,"canopy",1,5,"POPR",NA,NA,51,1
"RkyMtn7-999",3,"canopy",1,5,"POPR",NA,NA,43,1
"RkyMtn7-999",3,"canopy",1,5,"POPR",NA,NA,43,1
"RkyMtn7-999",3,"canopy",1,5,"POPR",NA,NA,39,1
"RkyMtn7-999",3,"interspace",1,5,"LULE3",7,3,7,1
"RkyMtn7-999",3,"interspace",1,5,"LULE3",4,2,4,1
"RkyMtn7-999",3,"interspace",1,5,"LULE3",5,1,5,1
"RkyMtn7-999",3,"interspace",1,5,"COPA3",NA,NA,10,1
"RkyMtn7-999",3,"interspace",1,5,"ERUM",2,2,3,1
"RkyMtn7-999",3,"interspace",1,5,"LULE3",7,4,10,1
"RkyMtn7-999",3,"interspace",1,5,"ERUM",1,1,2,1
"RkyMtn7-999",3,"interspace",1,5,"POPR",NA,NA,30,1
"RkyMtn7-999",3,"interspace",1,5,"POPR",NA,NA,23,1
"RkyMtn7-999",3,"interspace",1,5,"POPR",NA,NA,23,1
"RkyMtn7-999",3,"interspace",1,5,"POPR",NA,NA,23,1
"RkyMtn7-999",3,"canopy",1,10,"PSSP6",2,1,32,1
"RkyMtn7-999",3,"canopy",1,10,"ERUM",9,8,5,1
"RkyMtn7-999",3,"canopy",1,10,"COUM",6,5,11,1
"RkyMtn7-999",3,"canopy",1,10,"LULE3",6,2,7,1
"RkyMtn7-999",3,"canopy",1,10,"COUM",4,4,15,1
"RkyMtn7-999",3,"canopy",1,10,"ERUM",5,4,4,1
"RkyMtn7-999",3,"canopy",1,10,"PHLO2",5,4,9,1
"RkyMtn7-999",3,"canopy",1,10,"ERCO5",3,2,5,1
"RkyMtn7-999",3,"canopy",1,10,"PHLO2",8,7,16,1
"RkyMtn7-999",3,"canopy",1,10,"ERUM",9,8,6,1
"RkyMtn7-999",3,"canopy",1,10,"COUM",5,3,9,1
"RkyMtn7-999",3,"canopy",1,10,"PSSP6",3,3,32,1
"RkyMtn7-999",3,"canopy",1,10,"PSSP6",1,1,25,1
"RkyMtn7-999",3,"canopy",1,10,"PSSP6",2,1,30,1
"RkyMtn7-999",3,"canopy",1,10,"COUM",3,3,4,1
"RkyMtn7-999",3,"interspace",1,10,"ERCO5",3,2,5,1
"RkyMtn7-999",3,"interspace",1,10,"ERCO5",6,1,2,1
"RkyMtn7-999",3,"interspace",1,10,"ERCO5",3,2,5,1
"RkyMtn7-999",3,"interspace",1,10,"TALA2",8,2,4,1
"RkyMtn7-999",3,"interspace",1,10,"PSSP6",1,1,38,1
"RkyMtn7-999",3,"interspace",1,10,"ARDR",NA,NA,4,1
"RkyMtn7-999",3,"interspace",1,10,"PHLO2",7,3,9,1
"RkyMtn7-999",3,"interspace",1,10,"COPA3",NA,NA,11,1
"RkyMtn7-999",3,"interspace",1,10,"PSSP6",1,1,23,1
"RkyMtn7-999",3,"interspace",1,10,"PSSP6",1,1,28,1
"RkyMtn7-999",3,"interspace",1,10,"COUM",4,3,10,1
"RkyMtn7-999",3,"interspace",1,10,"PSSP6",1,1,37,1
"RkyMtn7-999",3,"interspace",1,10,"POCU3",1,1,9,1
"RkyMtn7-999",3,"interspace",1,10,"ERUM",7,4,4,1
"RkyMtn7-999",3,"interspace",1,10,"PHLO2",2,2,6,1
"RkyMtn7-999",3,"interspace",1,10,"COLI2",NA,NA,9,1
"RkyMtn7-999",3,"interspace",1,10,"COLI2",NA,NA,7,1
"RkyMtn7-999",3,"interspace",1,10,"PSSP6",2,3,34,1
"RkyMtn7-999",3,"interspace",1,10,"PSSP6",1,1,33,1
"RkyMtn7-999",3,"interspace",1,10,"ERCO5",9,2,6,1
"RkyMtn7-999",3,"interspace",1,10,"TALA2",8,5,6,1
"RkyMtn7-999",3,"interspace",1,10,"PSSP6",1,1,31,1
"RkyMtn7-999",3,"interspace",1,10,"PSSP6",2,1,33,1
"RkyMtn7-999",3,"interspace",1,10,"ERCO5",3,2,5,1
"RkyMtn7-999",3,"interspace",1,10,"ERCO5",3,2,5,1
"RkyMtn7-999",3,"interspace",1,10,"ERCO5",3,2,5,1
"RkyMtn7-999",3,"interspace",1,10,"ERCO5",3,2,5,1
"RkyMtn7-999",3,"interspace",1,10,"ARDR",NA,NA,4,1
"RkyMtn7-999",3,"interspace",1,10,"PSSP6",1,1,28,1
"RkyMtn7-999",3,"interspace",1,10,"PSSP6",1,1,28,1
"RkyMtn7-999",3,"interspace",1,10,"POCU3",1,1,9,1
"RkyMtn7-999",3,"canopy",1,15,"CADO2",NA,NA,12,1
"RkyMtn7-999",3,"canopy",1,15,"CAFI",NA,NA,16,1
"RkyMtn7-999",3,"canopy",1,15,"ERUM",30,20,20,1
"RkyMtn7-999",3,"canopy",1,15,"CADO2",NA,NA,13,1
"RkyMtn7-999",3,"canopy",1,15,"CADO2",NA,NA,16,1
"RkyMtn7-999",3,"canopy",1,15,"FEID",2,2,19,1
"RkyMtn7-999",3,"canopy",1,15,"CADO2",NA,NA,10,1
"RkyMtn7-999",3,"canopy",1,15,"ANMI3",19,5,9,1
"RkyMtn7-999",3,"canopy",1,15,"ANMI3",13,8,9,1
"RkyMtn7-999",3,"canopy",1,15,"CADO2",NA,NA,12,1
"RkyMtn7-999",3,"canopy",1,15,"CAFI",NA,NA,16,1
"RkyMtn7-999",3,"canopy",1,15,"CAFI",NA,NA,16,1
"RkyMtn7-999",3,"interspace",0,15,"ANMI3",6,5,2,1
"RkyMtn7-999",3,"interspace",0,15,"ERUM",30,12,11,1
"RkyMtn7-999",3,"interspace",0,15,"FEID",1,1,3,1
"RkyMtn7-999",3,"interspace",0,15,"FEID",3,2,15,1
"RkyMtn7-999",3,"interspace",0,15,"COUM",12,11,13,1
"RkyMtn7-999",3,"canopy",0,20,"ERUM",21,20,6,1
"RkyMtn7-999",3,"canopy",0,20,"ANMI3",20,11,3,1
"RkyMtn7-999",3,"canopy",0.5,20,"ACMI2",6,3,16,1
"RkyMtn7-999",3,"canopy",0,20,"ANMI3",4,3,10,1
"RkyMtn7-999",3,"canopy",0,20,"ERUM",15,6,15,1
"RkyMtn7-999",3,"canopy",0,20,"ANMI3",9,6,11,1
"RkyMtn7-999",3,"canopy",0,20,"ANMI3",4,2,8,1
"RkyMtn7-999",3,"canopy",0,20,"PEGA3",4,3,49,1
"RkyMtn7-999",3,"canopy",0.5,20,"ACMI2",2,1,11,1
"RkyMtn7-999",3,"canopy",0,20,"FEID",2,1,14,1
"RkyMtn7-999",3,"canopy",0,20,"PSSP6",1,1,21,1
"RkyMtn7-999",3,"canopy",0,20,"LULE3",9,5,3,1
"RkyMtn7-999",3,"canopy",0,20,"ACMI2",6,2,9,1
"RkyMtn7-999",3,"canopy",0.5,20,"ACMI2",2,1,5,1
"RkyMtn7-999",3,"interspace",0.5,20,"ERUM",8,5,7,1
"RkyMtn7-999",3,"interspace",1,20,"ERUM",10,5,6,1
"RkyMtn7-999",3,"interspace",0,20,"ERUM",10,5,3,1
"RkyMtn7-999",3,"interspace",0,20,"ANMI3",11,4,12,1
"RkyMtn7-999",3,"interspace",1,20,"ANMI3",5,4,4,1
"RkyMtn7-999",3,"interspace",0,20,"ERUM",7,7,3,1
"RkyMtn7-999",3,"interspace",0,20,"PHLO2",9,9,10,1
"RkyMtn7-999",3,"interspace",0,20,"ANMI3",8,9,3,1
"RkyMtn7-999",3,"interspace",0,20,"ERUM",10,15,4,1
"RkyMtn7-999",3,"interspace",0,20,"ACMI2",13,3,4,1
"RkyMtn7-999",3,"interspace",0,20,"ACMI2",6,3,9,1
"RkyMtn7-999",3,"interspace",0.5,20,"FEID",2,1,18,1
"RkyMtn7-999",3,"interspace",0,20,"POCU3",1,1,13,1
"RkyMtn7-999",3,"interspace",0,20,"ANMI3",3,4,3,1
"RkyMtn7-999",3,"interspace",1,20,"ACMI2",9,3,12,1
"RkyMtn7-999",3,"interspace",0,20,"ACMI2",5,3,13,1
"RkyMtn7-999",3,"interspace",0,20,"ACMI2",9,3,8,1
"RkyMtn7-999",3,"interspace",0,20,"ACMI2",9,3,8,1
"RkyMtn7-999",3,"interspace",0,20,"ACMI2",9,3,8,1
"RkyMtn7-999",3,"canopy",1,25,"PSSP6",5,3,37,1
"RkyMtn7-999",3,"canopy",1,25,"POCU3",1,1,14,1
"RkyMtn7-999",3,"canopy",1,25,"PSSP6",3,2,35,1
"RkyMtn7-999",3,"canopy",1,25,"PSSP6",1,1,35,1
"RkyMtn7-999",3,"canopy",1,25,"PSSP6",2,1,32,1
"RkyMtn7-999",3,"canopy",1,25,"FEID",2,1,17,1
"RkyMtn7-999",3,"canopy",1,25,"ANMI3",20,22,10,1
"RkyMtn7-999",3,"canopy",1,25,"PSSP6",2,1,30,1
"RkyMtn7-999",3,"canopy",1,25,"PSSP6",1,1,22,1
"RkyMtn7-999",3,"canopy",1,25,"PSSP6",1,1,18,1
"RkyMtn7-999",3,"canopy",1,25,"POCU3",1,1,13,1
"RkyMtn7-999",3,"canopy",1,25,"POCU3",1,1,13,1
"RkyMtn7-999",3,"interspace",0,25,"ANMI3",10,6,3,1
"RkyMtn7-999",3,"interspace",1,25,"CADO2",NA,NA,9,1
"RkyMtn7-999",3,"interspace",1,25,"CADO2",NA,NA,10,1
"RkyMtn7-999",3,"interspace",1,25,"CADO2",NA,NA,7,1
"RkyMtn7-999",3,"interspace",0.5,25,"PSSP6",1,1,26,1
"RkyMtn7-999",3,"interspace",0,25,"ANMI3",6,5,2,1
"RkyMtn7-999",3,"interspace",0,25,"ANMI3",18,5,3,1
"RkyMtn7-999",3,"interspace",0,25,"ANMI3",5,2,2,1
"RkyMtn7-999",3,"interspace",0,25,"POCU3",3,2,10,1
"RkyMtn7-999",3,"interspace",0,25,"ANMI3",12,11,3,1
"RkyMtn7-999",3,"interspace",0,25,"ANMI3",5,5,2,1
"RkyMtn7-999",3,"interspace",0,25,"COLI2",NA,NA,9,1
"RkyMtn7-999",3,"interspace",0,25,"COUM",14,4,12,1
"WYBas2-006",1,"canopy",1,5,"NO PLANTS",NA,NA,NA,0
"WYBas2-006",1,"interspace",0,5,"NO PLANTS",NA,NA,NA,0
"WYBas2-006",1,"canopy",1,10,"ELEL5",4,3,7,1
"WYBas2-006",1,"canopy",1,10,"ELEL5",4,3,10,1
"WYBas2-006",1,"interspace",0,10,"PHHO",4,3,2,1
"WYBas2-006",1,"interspace",0,10,"PHHO",8,1,2,1
"WYBas2-006",1,"interspace",0,10,"PHHO",3,3,1,1
"WYBas2-006",1,"interspace",0,10,"ASTRAPF",4,3,1,1
"WYBas2-006",1,"interspace",0,10,"ASTRAPF",8,7,2,1
"WYBas2-006",1,"canopy",1,15,"NO PLANTS",NA,NA,NA,0
"WYBas2-006",1,"interspace",0,15,"NO PLANTS",NA,NA,NA,0
"WYBas2-006",1,"canopy",1,20,"NO PLANTS",NA,NA,NA,0
"WYBas2-006",1,"interspace",1,20,"PHHO",9,4,3,1
"WYBas2-006",1,"interspace",1,20,"PHHO",13,13,4,1
"WYBas2-006",1,"canopy",1,25,"ELEL5",3,3,5,1
"WYBas2-006",1,"canopy",1,25,"ACHY",10,3,12,1
"WYBas2-006",1,"interspace",0,25,"NO PLANTS",NA,NA,NA,0
"WYBas2-006",2,"canopy",1,5,"ELEL5",1,1,7,1
"WYBas2-006",2,"canopy",1,5,"ELEL5",1,1,7,1
"WYBas2-006",2,"canopy",1,5,"PHHO",9,7,2,1
"WYBas2-006",2,"canopy",1,5,"PHHO",10,5,2,1
"WYBas2-006",2,"canopy",1,5,"ACHY",5,3,15,1
"WYBas2-006",2,"interspace",0,5,"NO PLANTS",NA,NA,NA,0
"WYBas2-006",2,"canopy",1,10,"NO PLANTS",NA,NA,NA,0
"WYBas2-006",2,"interspace",1,10,"ACHY",5,3,16,1
"WYBas2-006",2,"interspace",1,10,"ACHY",1,1,16,1
"WYBas2-006",2,"interspace",1,10,"ELEL5",2,2,12,1
"WYBas2-006",2,"interspace",1,10,"ELEL5",1,1,8,1
"WYBas2-006",2,"canopy",1,15,"ELLA3",NA,NA,17,1
"WYBas2-006",2,"canopy",1,15,"ELLA3",NA,NA,17,1
"WYBas2-006",2,"canopy",1,15,"ELLA3",NA,NA,17,1
"WYBas2-006",2,"canopy",1,15,"ELLA3",NA,NA,17,1
"WYBas2-006",2,"canopy",1,15,"ELLA3",NA,NA,17,1
"WYBas2-006",2,"canopy",1,15,"ELLA3",NA,NA,17,1
"WYBas2-006",2,"interspace",0,15,"ELLA3",NA,NA,8,1
"WYBas2-006",2,"interspace",1,15,"ELLA3",NA,NA,10,1
"WYBas2-006",2,"interspace",0,15,"ELLA3",NA,NA,8,1
"WYBas2-006",2,"interspace",0,15,"ELLA3",NA,NA,8,1
"WYBas2-006",2,"interspace",0,15,"ELLA3",NA,NA,8,1
"WYBas2-006",2,"interspace",0,15,"ELLA3",NA,NA,8,1
"WYBas2-006",2,"interspace",0,15,"ELLA3",NA,NA,8,1
"WYBas2-006",2,"interspace",0,15,"ELLA3",NA,NA,8,1
"WYBas2-006",2,"interspace",0,15,"ELLA3",NA,NA,8,1
"WYBas2-006",2,"interspace",0,15,"ELLA3",NA,NA,8,1
"WYBas2-006",2,"interspace",0,15,"ELLA3",NA,NA,8,1
"WYBas2-006",2,"interspace",0,15,"ELLA3",NA,NA,8,1
"WYBas2-006",2,"interspace",0,15,"ELLA3",NA,NA,8,1
"WYBas2-006",2,"interspace",1,15,"ELLA3",NA,NA,10,1
"WYBas2-006",2,"interspace",1,15,"ELLA3",NA,NA,10,1
"WYBas2-006",2,"canopy",0.5,20,"NO PLANTS",NA,NA,NA,0
"WYBas2-006",2,"interspace",0,20,"HECO26",1,1,7,1
"WYBas2-006",2,"canopy",1,25,"ELLA3",NA,NA,8,1
"WYBas2-006",2,"canopy",1,25,"ACHY",1,1,10,1
"WYBas2-006",2,"interspace",0.5,25,"NO PLANTS",NA,NA,NA,0
"WYBas2-006",3,"canopy",1,5,"NO PLANTS",NA,NA,NA,0
"WYBas2-006",3,"interspace",0,5,"NO PLANTS",NA,NA,NA,0
"WYBas2-006",3,"canopy",1,10,"ELLA3",NA,NA,10,1
"WYBas2-006",3,"canopy",1,10,"POSE",1,2,4,1
"WYBas2-006",3,"interspace",0,10,"ELLA3",NA,NA,12,1
"WYBas2-006",3,"interspace",0,10,"ELLA3",NA,NA,12,1
"WYBas2-006",3,"interspace",0,10,"ELLA3",NA,NA,12,1
"WYBas2-006",3,"interspace",0,10,"ELLA3",NA,NA,12,1
"WYBas2-006",3,"interspace",0,10,"ELLA3",NA,NA,12,1
"WYBas2-006",3,"interspace",0,10,"ELLA3",NA,NA,12,1
"WYBas2-006",3,"interspace",0,10,"ELLA3",NA,NA,12,1
"WYBas2-006",3,"interspace",0,10,"ELLA3",NA,NA,12,1
"WYBas2-006",3,"interspace",0,10,"ELLA3",NA,NA,12,1
"WYBas2-006",3,"interspace",0,10,"ELLA3",NA,NA,12,1
"WYBas2-006",3,"interspace",0,10,"ELLA3",NA,NA,12,1
"WYBas2-006",3,"canopy",1,15,"ELLA3",NA,NA,30,1
"WYBas2-006",3,"canopy",1,15,"ELLA3",NA,NA,30,1
"WYBas2-006",3,"canopy",1,15,"ELLA3",NA,NA,30,1
"WYBas2-006",3,"canopy",1,15,"ELLA3",NA,NA,30,1
"WYBas2-006",3,"canopy",1,15,"ELLA3",NA,NA,30,1
"WYBas2-006",3,"interspace",0,15,"ELLA3",NA,NA,13,1
"WYBas2-006",3,"interspace",0,15,"POSE",4,2,2,1
"WYBas2-006",3,"interspace",0.5,15,"ELEL5",3,3,5,1
"WYBas2-006",3,"interspace",0,15,"ELLA3",NA,NA,13,1
"WYBas2-006",3,"interspace",0,15,"ELLA3",NA,NA,13,1
"WYBas2-006",3,"interspace",0,15,"ELLA3",NA,NA,13,1
"WYBas2-006",3,"interspace",0,15,"ELLA3",NA,NA,13,1
"WYBas2-006",3,"interspace",0,15,"ELLA3",NA,NA,13,1
"WYBas2-006",3,"canopy",0,20,"AGCR",3,3,15,1
"WYBas2-006",3,"interspace",0,20,"NO PLANTS",NA,NA,NA,0
"WYBas2-006",3,"canopy",1,25,"AGCR",4,2,17,1
"WYBas2-006",3,"canopy",1,25,"ELLA3",NA,NA,25,1
"WYBas2-006",3,"canopy",0,25,"ELLA3",NA,NA,16,1
"WYBas2-006",3,"canopy",1,25,"ELLA3",NA,NA,25,1
"WYBas2-006",3,"canopy",1,25,"ELLA3",NA,NA,25,1
"WYBas2-006",3,"canopy",1,25,"ELLA3",NA,NA,25,1
"WYBas2-006",3,"interspace",0,25,"ELLA3",NA,NA,15,1
"WYBas2-006",3,"interspace",0,25,"ELLA3",NA,NA,15,1
"WYBas2-006",3,"interspace",0,25,"ELLA3",NA,NA,15,1
"WYBas2-006",3,"interspace",0,25,"ELLA3",NA,NA,15,1
"WYBas2-006",3,"interspace",0,25,"ELLA3",NA,NA,15,1
"WYBas2-006",3,"interspace",0,25,"ELLA3",NA,NA,15,1
"WYBas3-014",1,"canopy",1,5,"ELLA3",NA,NA,33,1
"WYBas3-014",1,"canopy",1,5,"ELLA3",NA,NA,33,1
"WYBas3-014",1,"canopy",1,5,"ELLA3",NA,NA,33,1
"WYBas3-014",1,"canopy",1,5,"ELLA3",NA,NA,33,1
"WYBas3-014",1,"canopy",1,5,"ELLA3",NA,NA,33,1
"WYBas3-014",1,"canopy",1,5,"ELLA3",NA,NA,33,1
"WYBas3-014",1,"interspace",0,5,"ELLA3",NA,NA,12,1
"WYBas3-014",1,"interspace",0,5,"ELLA3",NA,NA,12,1
"WYBas3-014",1,"interspace",0,5,"ELLA3",NA,NA,12,1
"WYBas3-014",1,"interspace",0,5,"ELLA3",NA,NA,12,1
"WYBas3-014",1,"interspace",0,5,"ELLA3",NA,NA,12,1
"WYBas3-014",1,"canopy",0,10,"POSE",6,5,7,1
"WYBas3-014",1,"canopy",1,10,"POSE",7,5,8,1
"WYBas3-014",1,"canopy",1,10,"ELLA3",NA,NA,16,1
"WYBas3-014",1,"canopy",1,10,"PHHO",1,1,3,1
"WYBas3-014",1,"interspace",0,10,"ACHY",5,3,15,1
"WYBas3-014",1,"interspace",0,10,"ACHY",3,3,3,1
"WYBas3-014",1,"interspace",0,10,"ACHY",5,7,8,1
"WYBas3-014",1,"interspace",0,10,"ACHY",1,1,8,1
"WYBas3-014",1,"canopy",1,15,"ELLA3",NA,NA,15,1
"WYBas3-014",1,"canopy",1,15,"POSE",5,3,9,1
"WYBas3-014",1,"canopy",0,15,"POSE",7,5,10,1
"WYBas3-014",1,"canopy",1,15,"POSE",3,1,7,1
"WYBas3-014",1,"interspace",0,15,"POSE",4,5,4,1
"WYBas3-014",1,"interspace",0,15,"POSE",1,1,2,1
"WYBas3-014",1,"interspace",0,15,"ELLA3",NA,NA,12,1
"WYBas3-014",1,"interspace",0,15,"POSE",5,7,5,1
"WYBas3-014",1,"interspace",0,15,"ELLA3",NA,NA,12,1
"WYBas3-014",1,"interspace",0,15,"ELLA3",NA,NA,12,1
"WYBas3-014",1,"interspace",0,15,"ELLA3",NA,NA,12,1
"WYBas3-014",1,"interspace",0,15,"ELLA3",NA,NA,12,1
"WYBas3-014",1,"interspace",0,15,"ELLA3",NA,NA,12,1
"WYBas3-014",1,"interspace",0,15,"ELLA3",NA,NA,12,1
"WYBas3-014",1,"canopy",1,20,"POSE",7,5,7,1
"WYBas3-014",1,"canopy",1,20,"ELLA3",NA,NA,26,1
"WYBas3-014",1,"canopy",1,20,"ELLA3",NA,NA,26,1
"WYBas3-014",1,"canopy",1,20,"ELLA3",NA,NA,26,1
"WYBas3-014",1,"canopy",1,20,"ELLA3",NA,NA,26,1
"WYBas3-014",1,"canopy",1,20,"ELLA3",NA,NA,26,1
"WYBas3-014",1,"canopy",1,20,"ELLA3",NA,NA,26,1
"WYBas3-014",1,"canopy",1,20,"ELLA3",NA,NA,26,1
"WYBas3-014",1,"canopy",1,20,"ELLA3",NA,NA,26,1
"WYBas3-014",1,"canopy",1,20,"ELLA3",NA,NA,26,1
"WYBas3-014",1,"canopy",1,20,"ELLA3",NA,NA,26,1
"WYBas3-014",1,"interspace",0,20,"ACHY",5,5,21,1
"WYBas3-014",1,"interspace",0,20,"ACHY",9,8,15,1
"WYBas3-014",1,"interspace",0,20,"ELLA3",NA,NA,15,1
"WYBas3-014",1,"interspace",0,20,"ELLA3",NA,NA,15,1
"WYBas3-014",1,"interspace",0,20,"ELLA3",NA,NA,15,1
"WYBas3-014",1,"interspace",0,20,"ELLA3",NA,NA,15,1
"WYBas3-014",1,"interspace",0,20,"ELLA3",NA,NA,15,1
"WYBas3-014",1,"canopy",1,25,"NO PLANTS",NA,NA,NA,0
"WYBas3-014",1,"interspace",0,25,"ELLA3",NA,NA,13,1
"WYBas3-014",1,"interspace",0,25,"ELLA3",NA,NA,13,1
"WYBas3-014",1,"interspace",0,25,"ELLA3",NA,NA,13,1
"WYBas3-014",2,"canopy",0.5,5,"ELLA3",NA,NA,15,1
"WYBas3-014",2,"canopy",0.5,5,"ELLA3",NA,NA,15,1
"WYBas3-014",2,"canopy",0.5,5,"ELLA3",NA,NA,15,1
"WYBas3-014",2,"canopy",0.5,5,"ELLA3",NA,NA,15,1
"WYBas3-014",2,"canopy",0.5,5,"ELLA3",NA,NA,15,1
"WYBas3-014",2,"canopy",0.5,5,"ELLA3",NA,NA,15,1
"WYBas3-014",2,"interspace",0.5,5,"ELLA3",NA,NA,17,1
"WYBas3-014",2,"interspace",0.5,5,"ELLA3",NA,NA,17,1
"WYBas3-014",2,"interspace",0.5,5,"ELLA3",NA,NA,17,1
"WYBas3-014",2,"interspace",0.5,5,"ELLA3",NA,NA,17,1
"WYBas3-014",2,"interspace",0.5,5,"ELLA3",NA,NA,17,1
"WYBas3-014",2,"canopy",0.5,10,"POSE",5,5,7,1
"WYBas3-014",2,"canopy",1,10,"POSE",6,6,10,1
"WYBas3-014",2,"interspace",0,10,"ELLA3",NA,NA,16,1
"WYBas3-014",2,"interspace",0,10,"ELLA3",NA,NA,16,1
"WYBas3-014",2,"interspace",0,10,"ELLA3",NA,NA,16,1
"WYBas3-014",2,"canopy",0.5,15,"ELLA3",NA,NA,14,1
"WYBas3-014",2,"canopy",0.5,15,"ELLA3",NA,NA,14,1
"WYBas3-014",2,"canopy",0.5,15,"ELLA3",NA,NA,14,1
"WYBas3-014",2,"canopy",0.5,15,"ELLA3",NA,NA,14,1
"WYBas3-014",2,"canopy",0.5,15,"ELLA3",NA,NA,14,1
"WYBas3-014",2,"canopy",0.5,15,"ELLA3",NA,NA,14,1
"WYBas3-014",2,"canopy",0.5,15,"ELLA3",NA,NA,14,1
"WYBas3-014",2,"interspace",0,15,"ELLA3",NA,NA,13,1
"WYBas3-014",2,"interspace",0,15,"ELLA3",NA,NA,13,1
"WYBas3-014",2,"interspace",0,15,"ELLA3",NA,NA,13,1
"WYBas3-014",2,"interspace",0,15,"ELLA3",NA,NA,13,1
"WYBas3-014",2,"canopy",0,20,"ELLA3",NA,NA,15,1
"WYBas3-014",2,"canopy",1,20,"ELLA3",NA,NA,15,1
"WYBas3-014",2,"canopy",0,20,"ELLA3",NA,NA,15,1
"WYBas3-014",2,"canopy",1,20,"ELLA3",NA,NA,15,1
"WYBas3-014",2,"canopy",1,20,"ELLA3",NA,NA,15,1
"WYBas3-014",2,"interspace",0,20,"ELLA3",NA,NA,14,1
"WYBas3-014",2,"interspace",0,20,"PHHO",1,1,2,1
"WYBas3-014",2,"interspace",0,20,"POSE",4,4,7,1
"WYBas3-014",2,"interspace",0.5,20,"ELLA3",NA,NA,13,1
"WYBas3-014",2,"interspace",0,20,"ELLA3",NA,NA,14,1
"WYBas3-014",2,"interspace",0,20,"ELLA3",NA,NA,14,1
"WYBas3-014",2,"interspace",0,20,"ELLA3",NA,NA,14,1
"WYBas3-014",2,"interspace",0,20,"ELLA3",NA,NA,14,1
"WYBas3-014",2,"interspace",0,20,"ELLA3",NA,NA,14,1
"WYBas3-014",2,"interspace",0,20,"ELLA3",NA,NA,14,1
"WYBas3-014",2,"interspace",0.5,20,"ELLA3",NA,NA,13,1
"WYBas3-014",2,"interspace",0.5,20,"ELLA3",NA,NA,13,1
"WYBas3-014",2,"interspace",0.5,20,"ELLA3",NA,NA,13,1
"WYBas3-014",3,"canopy",1,5,"ELLA3",NA,NA,25,1
"WYBas3-014",3,"canopy",1,5,"PHHO",10,10,5,1
"WYBas3-014",3,"canopy",1,5,"ELLA3",NA,NA,25,1
"WYBas3-014",3,"canopy",1,5,"ELLA3",NA,NA,25,1
"WYBas3-014",3,"canopy",1,5,"ELLA3",NA,NA,25,1
"WYBas3-014",3,"interspace",0,5,"ELLA3",NA,NA,15,1
"WYBas3-014",3,"interspace",0,5,"ELLA3",NA,NA,15,1
"WYBas3-014",3,"interspace",0,5,"ELLA3",NA,NA,15,1
"WYBas3-014",3,"interspace",0,5,"ELLA3",NA,NA,15,1
"WYBas3-014",3,"interspace",0,5,"ELLA3",NA,NA,15,1
"WYBas3-014",3,"interspace",0,5,"ELLA3",NA,NA,15,1
"WYBas3-014",3,"interspace",0,5,"ELLA3",NA,NA,15,1
"WYBas3-014",3,"interspace",0,5,"ELLA3",NA,NA,15,1
"WYBas3-014",3,"interspace",0,5,"ELLA3",NA,NA,15,1
"WYBas3-014",3,"canopy",1,10,"NO PLANTS",NA,NA,NA,0
"WYBas3-014",3,"interspace",0,10,"ELLA3",NA,NA,12,1
"WYBas3-014",3,"interspace",1,10,"ELLA3",NA,NA,20,1
"WYBas3-014",3,"interspace",0,10,"ELLA3",NA,NA,12,1
"WYBas3-014",3,"interspace",0,10,"ELLA3",NA,NA,12,1
"WYBas3-014",3,"interspace",0,10,"ELLA3",NA,NA,12,1
"WYBas3-014",3,"interspace",0,10,"ELLA3",NA,NA,12,1
"WYBas3-014",3,"interspace",0,10,"ELLA3",NA,NA,12,1
"WYBas3-014",3,"interspace",0,10,"ELLA3",NA,NA,12,1
"WYBas3-014",3,"interspace",1,10,"ELLA3",NA,NA,20,1
"WYBas3-014",3,"interspace",1,10,"ELLA3",NA,NA,20,1
"WYBas3-014",3,"canopy",0,15,"ACHY",7,7,30,1
"WYBas3-014",3,"canopy",0,15,"ACHY",6,8,14,1
"WYBas3-014",3,"canopy",1,15,"ACHY",3,2,25,1
"WYBas3-014",3,"canopy",1,15,"ACHY",1,2,25,1
"WYBas3-014",3,"canopy",1,15,"ELLA3",NA,NA,17,1
"WYBas3-014",3,"interspace",0,15,"ELLA3",NA,NA,12,1
"WYBas3-014",3,"interspace",0,15,"ELLA3",NA,NA,12,1
"WYBas3-014",3,"interspace",0,15,"ELLA3",NA,NA,12,1
"WYBas3-014",3,"interspace",0,15,"ELLA3",NA,NA,12,1
"WYBas3-014",3,"canopy",1,20,"ELLA3",NA,NA,17,1
"WYBas3-014",3,"canopy",1,20,"ELLA3",NA,NA,17,1
"WYBas3-014",3,"canopy",1,20,"ELLA3",NA,NA,17,1
"WYBas3-014",3,"canopy",1,20,"ELLA3",NA,NA,17,1
"WYBas3-014",3,"interspace",0,20,"ELLA3",NA,NA,10,1
"WYBas3-014",3,"interspace",0,20,"ELLA3",NA,NA,10,1
"WYBas3-014",3,"interspace",0,20,"ELLA3",NA,NA,10,1
"WYBas3-014",3,"interspace",0,20,"ELLA3",NA,NA,10,1
"WYBas3-014",3,"interspace",0,20,"ELLA3",NA,NA,10,1
"WYBas3-014",3,"interspace",0,20,"ELLA3",NA,NA,10,1
"WYBas3-014",3,"interspace",0,20,"ELLA3",NA,NA,10,1
"WYBas3-014",3,"canopy",1,25,"ELLA3",NA,NA,17,1
"WYBas3-014",3,"canopy",1,25,"ELLA3",NA,NA,17,1
"WYBas3-014",3,"interspace",0,25,"ELLA3",NA,NA,15,1
"WYBas3-014",3,"interspace",0,25,"PHHO",7,6,2,1
"WYBas3-014",3,"interspace",0,25,"ARHO4",10,6,3,1
"WYBas3-014",3,"interspace",0,25,"ACHY",1,3,6,1
"WYBas3-014",3,"interspace",0,25,"ELLA3",NA,NA,15,1
"WYBas3-014",3,"interspace",0,25,"ELLA3",NA,NA,15,1
"WYBas3-014",3,"interspace",0,25,"ELLA3",NA,NA,15,1
"WYBas3-014",3,"interspace",0,25,"ELLA3",NA,NA,15,1
"WYBas3-014",3,"interspace",0,25,"ELLA3",NA,NA,15,1
"WYBas3-014",3,"interspace",0,25,"ELLA3",NA,NA,15,1
"WYBas3-014",3,"interspace",0,25,"ELLA3",NA,NA,15,1
"WYBas3-014",3,"interspace",0,25,"ELLA3",NA,NA,15,1
"WYBas3-999",1,"canopy",0.5,2.5,"POSE",1,1,5,1
"WYBas3-999",1,"canopy",1,2.5,"ELEL5",2,1,8,1
"WYBas3-999",1,"canopy",1,2.5,"POSE",2,1,8,1
"WYBas3-999",1,"canopy",1,2.5,"POSE",1,1,7,1
"WYBas3-999",1,"interspace",0.5,2.5,"POSE",1,1,3,1
"WYBas3-999",1,"interspace",0,2.5,"ALTE",1,1,8,1
"WYBas3-999",1,"interspace",0,2.5,"ALTE",1,1,10,1
"WYBas3-999",1,"canopy",1,5,"POSE",2,1,9,1
"WYBas3-999",1,"canopy",1,5,"POSE",1,2,8,1
"WYBas3-999",1,"canopy",1,5,"POSE",1,1,9,1
"WYBas3-999",1,"interspace",NA,5,"NO GAPS >60 cm",NA,NA,NA,NA
"WYBas3-999",1,"canopy",1,7.5,"PHHO",1,1,2,1
"WYBas3-999",1,"canopy",1,7.5,"ELEL5",1,1,9,1
"WYBas3-999",1,"canopy",1,7.5,"ELEL5",1,1,6,1
"WYBas3-999",1,"canopy",1,7.5,"ELEL5",1,1,5,1
"WYBas3-999",1,"interspace",0,7.5,"NO PLANTS",NA,NA,NA,NA
"WYBas3-999",1,"canopy",1,10,"POSE",1,1,4,1
"WYBas3-999",1,"canopy",1,10,"POSE",1,1,6,1
"WYBas3-999",1,"interspace",NA,10,"NO GAPS >60 cm",NA,NA,NA,NA
"WYBas3-999",1,"canopy",0.5,12.5,"PHHO",13,10,5,1
"WYBas3-999",1,"canopy",1,12.5,"ARLI",1,1,1,1
"WYBas3-999",1,"canopy",1,12.5,"POSE",1,1,5,1
"WYBas3-999",1,"canopy",0.5,12.5,"PHHO",1,1,2,1
"WYBas3-999",1,"canopy",1,12.5,"ELEL5",1,1,8,1
"WYBas3-999",1,"canopy",0.5,12.5,"POSE",1,1,5,1
"WYBas3-999",1,"canopy",1,12.5,"ARLI",2,1,2,1
"WYBas3-999",1,"interspace",0.5,12.5,"POSE",5,3,6,1
"WYBas3-999",1,"interspace",0.5,12.5,"POSE",3,2,7,1
"WYBas3-999",1,"interspace",0.5,12.5,"POSE",3,2,7,1
"WYBas3-999",1,"interspace",0.5,12.5,"ELEL5",3,2,12,1
"WYBas3-999",1,"interspace",0.5,12.5,"POSE",1,1,3,1
"WYBas3-999",1,"canopy",0.5,15,"PHHO",8,8,3,1
"WYBas3-999",1,"canopy",1,15,"POSE",1,2,9,1
"WYBas3-999",1,"canopy",0.5,15,"ACHY",3,2,10,1
"WYBas3-999",1,"canopy",1,15,"ACHY",4,3,15,1
"WYBas3-999",1,"interspace",0,15,"NO PLANTS",NA,NA,NA,NA
"WYBas3-999",1,"canopy",1,17.5,"NO PLANTS",NA,NA,NA,NA
"WYBas3-999",1,"interspace",0,17.5,"ELLA3",NA,NA,10,1
"WYBas3-999",1,"interspace",0.5,17.5,"POSE",4,3,9,1
"WYBas3-999",1,"interspace",0,17.5,"ELLA3",NA,NA,10,1
"WYBas3-999",1,"interspace",0,17.5,"ELLA3",NA,NA,10,1
"WYBas3-999",1,"interspace",0,17.5,"ELLA3",NA,NA,10,1
"WYBas3-999",1,"interspace",0,17.5,"ELLA3",NA,NA,10,1
"WYBas3-999",1,"interspace",0,17.5,"ELLA3",NA,NA,10,1
"WYBas3-999",1,"canopy",1,20,"POSE",1,1,2,1
"WYBas3-999",1,"canopy",1,20,"POSE",1,1,3,1
"WYBas3-999",1,"canopy",1,20,"POSE",1,1,4,1
"WYBas3-999",1,"canopy",1,20,"POSE",1,1,7,1
"WYBas3-999",1,"canopy",1,20,"POSE",1,1,5,1
"WYBas3-999",1,"canopy",0.5,20,"POSE",6,5,10,1
"WYBas3-999",1,"canopy",1,20,"POSE",3,2,9,1
"WYBas3-999",1,"canopy",0.5,20,"POSE",7,3,9,1
"WYBas3-999",1,"canopy",1,20,"POSE",1,1,5,1
"WYBas3-999",1,"interspace",0,20,"ELLA3",NA,NA,14,1
"WYBas3-999",1,"interspace",0,20,"ELLA3",NA,NA,14,1
"WYBas3-999",1,"interspace",0,20,"ELLA3",NA,NA,14,1
"WYBas3-999",1,"interspace",0,20,"ELLA3",NA,NA,14,1
"WYBas3-999",1,"canopy",1,22.5,"NO PLANTS",NA,NA,NA,NA
"WYBas3-999",1,"interspace",0,22.5,"POSE",7,3,11,1
"WYBas3-999",1,"interspace",0,22.5,"POSE",3,3,5,1
"WYBas3-999",1,"canopy",1,25,"POSE",1,2,5,1
"WYBas3-999",1,"interspace",1,25,"ELEL5",6,5,12,1
"WYBas3-999",2,"canopy",1,2.5,"POSE",2,2,6,1
"WYBas3-999",2,"canopy",1,2.5,"POSE",1,1,8,1
"WYBas3-999",2,"canopy",1,2.5,"POSE",2,2,13,1
"WYBas3-999",2,"interspace",0,2.5,"ALTE",1,1,4,1
"WYBas3-999",2,"canopy",1,5,"ELEL5",3,2,9,1
"WYBas3-999",2,"canopy",1,5,"ELEL5",3,2,15,1
"WYBas3-999",2,"canopy",1,5,"ELEL5",3,2,15,1
"WYBas3-999",2,"interspace",0,5,"NO PLANTS",NA,NA,NA,NA
"WYBas3-999",2,"canopy",1,7.5,"POSE",1,1,10,1
"WYBas3-999",2,"canopy",1,7.5,"ELEL5",2,2,12,1
"WYBas3-999",2,"canopy",1,7.5,"POSE",1,1,8,1
"WYBas3-999",2,"canopy",1,7.5,"POSE",1,1,8,1
"WYBas3-999",2,"interspace",0,7.5,"NO PLANTS",NA,NA,NA,NA
"WYBas3-999",2,"canopy",1,10,"POSE",1,1,3,1
"WYBas3-999",2,"canopy",1,10,"PHHO",15,10,7,1
"WYBas3-999",2,"canopy",1,10,"PHHO",1,5,2,1
"WYBas3-999",2,"canopy",1,10,"POSE",1,1,6,1
"WYBas3-999",2,"canopy",1,10,"POSE",1,1,3,1
"WYBas3-999",2,"interspace",NA,10,"NO GAPS >60 cm",NA,NA,NA,NA
"WYBas3-999",2,"canopy",0.5,12.5,"ASPU9",13,6,7,1
"WYBas3-999",2,"interspace",1,12.5,"ACHY",2,2,20,1
"WYBas3-999",2,"interspace",1,12.5,"POSE",1,1,5,1
"WYBas3-999",2,"interspace",1,12.5,"PHHO",3,2,3,1
"WYBas3-999",2,"interspace",1,12.5,"POSE",1,1,3,1
"WYBas3-999",2,"interspace",0.5,12.5,"ACHY",6,4,17,1
"WYBas3-999",2,"interspace",0.5,12.5,"ACHY",10,8,16,1
"WYBas3-999",2,"interspace",0.5,12.5,"POSE",1,1,3,1
"WYBas3-999",2,"interspace",1,12.5,"POSE",1,1,3,1
"WYBas3-999",2,"interspace",1,12.5,"POSE",1,1,3,1
"WYBas3-999",2,"interspace",1,12.5,"POSE",1,1,3,1
"WYBas3-999",2,"interspace",1,12.5,"POSE",1,1,3,1
"WYBas3-999",2,"interspace",1,12.5,"POSE",1,1,3,1
"WYBas3-999",2,"canopy",0.5,15,"POSE",9,6,8,1
"WYBas3-999",2,"canopy",0.5,15,"PHHO",6,3,5,1
"WYBas3-999",2,"interspace",0,15,"ACHY",9,6,6,1
"WYBas3-999",2,"canopy",1,17.5,"POSE",5,3,7,1
"WYBas3-999",2,"canopy",1,17.5,"ALTE",1,1,4,1
"WYBas3-999",2,"canopy",0,17.5,"PHHO",4,3,4,1
"WYBas3-999",2,"canopy",1,17.5,"ALTE",1,1,4,1
"WYBas3-999",2,"interspace",0,17.5,"NO PLANTS",NA,NA,NA,NA
"WYBas3-999",2,"canopy",0,20,"PHHO",4,3,3,1
"WYBas3-999",2,"canopy",1,20,"ACHY",1,1,13,1
"WYBas3-999",2,"canopy",0,20,"POSE",1,1,3,1
"WYBas3-999",2,"interspace",0,20,"NO PLANTS",NA,NA,NA,NA
"WYBas3-999",2,"canopy",1,22.5,"ACHY",4,3,12,1
"WYBas3-999",2,"canopy",1,22.5,"PHHO",1,1,4,1
"WYBas3-999",2,"canopy",1,22.5,"POSE",1,1,6,1
"WYBas3-999",2,"canopy",1,22.5,"POSE",1,1,9,1
"WYBas3-999",2,"canopy",1,22.5,"POSE",1,1,9,1
"WYBas3-999",2,"canopy",1,22.5,"POSE",1,1,9,1
"WYBas3-999",2,"interspace",0,22.5,"POSE",3,2,7,1
"WYBas3-999",2,"interspace",0,22.5,"PHHO",15,12,4,1
"WYBas3-999",2,"interspace",0,22.5,"POSE",9,5,12,1
"WYBas3-999",2,"interspace",0,22.5,"ASPU9",11,8,7,1
"WYBas3-999",2,"interspace",0,22.5,"POSE",1,1,4,1
"WYBas3-999",2,"interspace",0,22.5,"ACHY",13,11,12,1
"WYBas3-999",2,"interspace",0,22.5,"POSE",1,1,4,1
"WYBas3-999",2,"interspace",0,22.5,"POSE",1,1,4,1
"WYBas3-999",2,"interspace",0,22.5,"POSE",1,1,4,1
"WYBas3-999",2,"interspace",0,22.5,"POSE",1,1,4,1
"WYBas3-999",2,"canopy",1,25,"POSE",1,1,4,1
"WYBas3-999",2,"canopy",0,25,"PHHO",24,8,4,1
"WYBas3-999",2,"canopy",1,25,"POSE",1,1,4,1
"WYBas3-999",2,"canopy",1,25,"POSE",1,1,4,1
"WYBas3-999",2,"canopy",1,25,"POSE",1,1,4,1
"WYBas3-999",2,"canopy",1,25,"POSE",1,1,4,1
"WYBas3-999",2,"canopy",1,25,"POSE",1,1,4,1
"WYBas3-999",2,"interspace",0,25,"NO PLANTS",NA,NA,NA,NA
"WYBas3-999",3,"canopy",1,2.5,"ELLA3",NA,NA,16,1
"WYBas3-999",3,"canopy",1,2.5,"ELLA3",NA,NA,16,1
"WYBas3-999",3,"canopy",1,2.5,"ELLA3",NA,NA,16,1
"WYBas3-999",3,"canopy",1,2.5,"ELLA3",NA,NA,16,1
"WYBas3-999",3,"canopy",1,2.5,"ELLA3",NA,NA,16,1
"WYBas3-999",3,"canopy",1,2.5,"ELLA3",NA,NA,16,1
"WYBas3-999",3,"canopy",1,2.5,"ELLA3",NA,NA,16,1
"WYBas3-999",3,"canopy",1,2.5,"ELLA3",NA,NA,16,1
"WYBas3-999",3,"canopy",1,2.5,"ELLA3",NA,NA,16,1
"WYBas3-999",3,"interspace",0,2.5,"ELLA3",NA,NA,12,1
"WYBas3-999",3,"interspace",0,2.5,"ELLA3",NA,NA,12,1
"WYBas3-999",3,"interspace",0,2.5,"ELLA3",NA,NA,12,1
"WYBas3-999",3,"interspace",0,2.5,"ELLA3",NA,NA,12,1
"WYBas3-999",3,"interspace",0,2.5,"ELLA3",NA,NA,12,1
"WYBas3-999",3,"interspace",0,2.5,"ELLA3",NA,NA,12,1
"WYBas3-999",3,"canopy",1,5,"NO PLANTS",NA,NA,NA,NA
"WYBas3-999",3,"interspace",0,5,"ACHY",12,3,15,1
"WYBas3-999",3,"interspace",0,5,"ALTE",1,1,8,1
"WYBas3-999",3,"interspace",0,5,"SCLI",1,1,3,1
"WYBas3-999",3,"interspace",0,5,"ALTE",1,1,8,1
"WYBas3-999",3,"interspace",0,5,"ALTE",1,1,8,1
"WYBas3-999",3,"canopy",0.5,7.5,"PHHO",18,15,3,1
"WYBas3-999",3,"canopy",0,7.5,"POSE",6,6,5,1
"WYBas3-999",3,"interspace",0,7.5,"ACHY",7,7,12,1
"WYBas3-999",3,"canopy",1,10,"ELLA3",NA,NA,8,1
"WYBas3-999",3,"canopy",1,10,"ELLA3",NA,NA,8,1
"WYBas3-999",3,"interspace",0,10,"ELEL5",1,1,11,1
"WYBas3-999",3,"interspace",0,10,"PHHO",3,2,2,1
"WYBas3-999",3,"interspace",0,10,"ELEL5",1,1,11,1
"WYBas3-999",3,"interspace",0,10,"ELEL5",1,1,11,1
"WYBas3-999",3,"canopy",1,12.5,"ELEL5",1,1,9,1
"WYBas3-999",3,"canopy",1,12.5,"ACHY",4,3,17,1
"WYBas3-999",3,"canopy",1,12.5,"ELEL5",1,1,9,1
"WYBas3-999",3,"canopy",1,12.5,"ELEL5",1,1,9,1
"WYBas3-999",3,"interspace",0,12.5,"ELEL5",1,1,5,1
"WYBas3-999",3,"interspace",0,12.5,"POSE",1,1,5,1
"WYBas3-999",3,"interspace",0.5,12.5,"POSE",4,4,12,1
"WYBas3-999",3,"interspace",0,12.5,"ELEL5",1,1,5,1
"WYBas3-999",3,"canopy",1,15,"ELEL5",4,3,14,1
"WYBas3-999",3,"canopy",1,15,"PHHO",6,5,4,1
"WYBas3-999",3,"interspace",0,15,"NO PLANTS",NA,NA,NA,NA
"WYBas3-999",3,"canopy",1,17.5,"ELLA3",NA,NA,22,1
"WYBas3-999",3,"canopy",1,17.5,"ELLA3",NA,NA,22,1
"WYBas3-999",3,"canopy",1,17.5,"ELLA3",NA,NA,22,1
"WYBas3-999",3,"canopy",1,17.5,"ELLA3",NA,NA,22,1
"WYBas3-999",3,"interspace",NA,17.5,"NO GAPS >60 cm",NA,NA,NA,NA
"WYBas3-999",3,"canopy",1,20,"POSE",2,2,5,1
"WYBas3-999",3,"interspace",0,20,"ELEL5",10,12,12,1
"WYBas3-999",3,"interspace",0,20,"POSE",4,3,9,1
"WYBas3-999",3,"canopy",1,22.5,"ELLA3",NA,NA,10,1
"WYBas3-999",3,"canopy",1,22.5,"POSE",4,3,8,1
"WYBas3-999",3,"canopy",1,22.5,"ELLA3",NA,NA,10,1
"WYBas3-999",3,"interspace",1,22.5,"POSE",2,2,8,1
"WYBas3-999",3,"interspace",1,22.5,"PHHO",3,3,2,1
"WYBas3-999",3,"interspace",1,22.5,"ELEL5",5,3,9,1
"WYBas3-999",3,"interspace",1,22.5,"PHHO",9,6,3,1
"WYBas3-999",3,"interspace",1,22.5,"POSE",1,1,6,1
"WYBas3-999",3,"interspace",1,22.5,"POSE",1,1,6,1
"WYBas3-999",3,"interspace",1,22.5,"POSE",1,1,6,1
"WYBas3-999",3,"interspace",1,22.5,"POSE",1,1,6,1
"WYBas3-999",3,"canopy",1,25,"POSE",3,2,10,1
"WYBas3-999",3,"canopy",1,25,"POSE",1,1,6,1
"WYBas3-999",3,"canopy",1,25,"ELEL5",3,2,18,1
"WYBas3-999",3,"interspace",0,25,"NO PLANTS",NA,NA,NA,NA
"WYBas4-010",1,"canopy",0,5,"ELLA3",NA,NA,15,1
"WYBas4-010",1,"canopy",0,5,"POSE",2,2,3,1
"WYBas4-010",1,"canopy",0,5,"POSE",6,2,7,1
"WYBas4-010",1,"canopy",0,5,"POFE",7,4,7,1
"WYBas4-010",1,"canopy",0,5,"POFE",10,3,10,1
"WYBas4-010",1,"canopy",0,5,"POFE",3,2,7,1
"WYBas4-010",1,"interspace",0,5,"ELLA3",NA,NA,13,1
"WYBas4-010",1,"interspace",0,5,"POFE",7,4,8,1
"WYBas4-010",1,"interspace",0,5,"CORA5",NA,NA,5,1
"WYBas4-010",1,"interspace",0,5,"ELLA3",NA,NA,13,1
"WYBas4-010",1,"interspace",0,5,"ELLA3",NA,NA,13,1
"WYBas4-010",1,"interspace",0,5,"ELLA3",NA,NA,13,1
"WYBas4-010",1,"interspace",0,5,"ELLA3",NA,NA,13,1
"WYBas4-010",1,"canopy",0,10,"POFE",10,5,7,1
"WYBas4-010",1,"canopy",0,10,"CAFI",1,1,5,1
"WYBas4-010",1,"canopy",0,10,"CAFI",2,2,6,1
"WYBas4-010",1,"interspace",0,10,"CAFI",7,3,7,1
"WYBas4-010",1,"interspace",0,10,"CAFI",7,3,7,1
"WYBas4-010",1,"interspace",0,10,"CAFI",2,2,4,1
"WYBas4-010",1,"interspace",0,10,"CAFI",1,1,5,1
"WYBas4-010",1,"interspace",0,10,"POFE",3,2,5,1
"WYBas4-010",1,"interspace",0,10,"POFE",1,1,5,1
"WYBas4-010",1,"interspace",0,10,"POFE",13,7,8,1
"WYBas4-010",1,"interspace",0,10,"CAFI",1,1,6,1
"WYBas4-010",1,"interspace",0,10,"POSE",1,1,2,1
"WYBas4-010",1,"interspace",0,10,"CAFI",7,4,6,1
"WYBas4-010",1,"interspace",0,10,"POSE",2,1,3,1
"WYBas4-010",1,"canopy",1,15,"POSE",1,1,3,1
"WYBas4-010",1,"interspace",0,15,"ELLA3",NA,NA,15,1
"WYBas4-010",1,"interspace",0,15,"ARHO4",3,3,1,1
"WYBas4-010",1,"interspace",0,15,"CAFI",5,3,3,1
"WYBas4-010",1,"interspace",0,15,"CAFI",3,2,4,1
"WYBas4-010",1,"interspace",0,15,"HECO26",3,3,11,1
"WYBas4-010",1,"interspace",0,15,"CAFI",8,3,7,1
"WYBas4-010",1,"interspace",0,15,"CAFI",1,1,4,1
"WYBas4-010",1,"interspace",0,15,"CAFI",2,1,5,1
"WYBas4-010",1,"interspace",0,15,"ELLA3",NA,NA,15,1
"WYBas4-010",1,"interspace",0,15,"ELLA3",NA,NA,15,1
"WYBas4-010",1,"interspace",0,15,"ELLA3",NA,NA,15,1
"WYBas4-010",1,"interspace",0,15,"ELLA3",NA,NA,15,1
"WYBas4-010",1,"interspace",0,15,"ELLA3",NA,NA,15,1
"WYBas4-010",1,"canopy",0,20,"ELLA3",NA,NA,20,1
"WYBas4-010",1,"canopy",1,20,"ELLA3",NA,NA,17,1
"WYBas4-010",1,"canopy",0,20,"POSE",2,2,5,1
"WYBas4-010",1,"canopy",1,20,"POSE",4,2,4,1
"WYBas4-010",1,"interspace",0,20,"ELLA3",NA,NA,17,1
"WYBas4-010",1,"interspace",0,20,"ELLA3",NA,NA,25,1
"WYBas4-010",1,"interspace",0,20,"POFE",7,5,7,1
"WYBas4-010",1,"interspace",0,20,"ELLA3",NA,NA,17,1
"WYBas4-010",1,"interspace",0,20,"ELLA3",NA,NA,17,1
"WYBas4-010",1,"canopy",0,25,"CAFI",1,1,3,1
"WYBas4-010",1,"canopy",1,25,"POSE",2,2,3,1
"WYBas4-010",1,"canopy",0,25,"POFE",8,7,10,1
"WYBas4-010",1,"interspace",0,25,"POFE",14,6,10,1
"WYBas4-010",1,"interspace",0,25,"PHHO",3,2,1,1
"WYBas4-010",1,"interspace",0,25,"PHHO",8,4,1,1
"WYBas4-010",1,"interspace",0,25,"POSE",3,2,3,1
"WYBas4-010",1,"interspace",0,25,"POSE",2,1,3,1
"WYBas4-010",1,"interspace",0,25,"CAFI",2,1,8,1
"WYBas4-010",1,"interspace",0,25,"CAFI",1,1,6,1
"WYBas4-010",1,"interspace",0,25,"CAFI",1,1,6,1
"WYBas4-010",1,"interspace",0,25,"CAFI",2,2,7,1
"WYBas4-010",1,"interspace",0,25,"CAFI",3,2,8,1
"WYBas4-010",1,"interspace",0,25,"CAFI",6,3,7,1
"WYBas4-010",1,"interspace",0,25,"CAFI",2,1,7,1
"WYBas4-010",1,"interspace",0,25,"CAFI",1,1,6,1
"WYBas4-010",1,"interspace",0,25,"CAFI",1,1,6,1
"WYBas4-010",1,"interspace",0,25,"CAFI",1,1,4,1
"WYBas4-010",1,"interspace",0,25,"CAFI",1,1,4,1
"WYBas4-010",1,"interspace",0,25,"CAFI",1,1,4,1
"WYBas4-010",1,"interspace",0,25,"CAFI",1,1,5,1
"WYBas4-010",1,"interspace",0,25,"CAFI",2,1,3,1
"WYBas4-010",1,"interspace",0,25,"CAFI",2,1,3,1
"WYBas4-010",1,"interspace",0,25,"CAFI",2,1,6,1
"WYBas4-010",1,"interspace",0,25,"POSE",5,2,3,1
"WYBas4-010",1,"interspace",0,25,"HECO26",3,2,9,1
"WYBas4-010",1,"interspace",0,25,"PHHO",10,10,2,1
"WYBas4-010",2,"canopy",1,5,"ELLA3",NA,NA,16,1
"WYBas4-010",2,"canopy",1,5,"ELLA3",NA,NA,16,1
"WYBas4-010",2,"canopy",1,5,"ELLA3",NA,NA,16,1
"WYBas4-010",2,"canopy",1,5,"ELLA3",NA,NA,16,1
"WYBas4-010",2,"canopy",1,5,"ELLA3",NA,NA,16,1
"WYBas4-010",2,"canopy",1,5,"ELLA3",NA,NA,16,1
"WYBas4-010",2,"canopy",1,5,"ELLA3",NA,NA,16,1
"WYBas4-010",2,"interspace",0.5,5,"ELLA3",NA,NA,12,1
"WYBas4-010",2,"interspace",0.5,5,"ELLA3",NA,NA,12,1
"WYBas4-010",2,"interspace",0.5,5,"ELLA3",NA,NA,12,1
"WYBas4-010",2,"interspace",0.5,5,"ELLA3",NA,NA,12,1
"WYBas4-010",2,"interspace",0.5,5,"ELLA3",NA,NA,12,1
"WYBas4-010",2,"canopy",1,10,"CAFI",1,1,3,1
"WYBas4-010",2,"interspace",0,10,"CAFI",1,1,7,1
"WYBas4-010",2,"interspace",0,10,"CAFI",1,1,7,1
"WYBas4-010",2,"interspace",0,10,"POSE",2,1,3,1
"WYBas4-010",2,"interspace",0,10,"POSE",1,1,3,1
"WYBas4-010",2,"interspace",0,10,"POSE",4,2,2,1
"WYBas4-010",2,"interspace",0,10,"CAFI",2,1,3,1
"WYBas4-010",2,"interspace",0,10,"CAFI",4,2,3,1
"WYBas4-010",2,"interspace",0,10,"CAFI",2,1,6,1
"WYBas4-010",2,"interspace",0,10,"CAFI",2,2,6,1
"WYBas4-010",2,"interspace",0,10,"CAFI",1,1,2,1
"WYBas4-010",2,"interspace",0,10,"CAFI",1,1,4,1
"WYBas4-010",2,"interspace",0,10,"CAFI",1,1,4,1
"WYBas4-010",2,"interspace",0,10,"CAFI",1,1,7,1
"WYBas4-010",2,"canopy",1,15,"ELLA3",NA,NA,22,1
"WYBas4-010",2,"canopy",1,15,"POFE",6,5,8,1
"WYBas4-010",2,"canopy",1,15,"ELLA3",NA,NA,22,1
"WYBas4-010",2,"interspace",0,15,"ELLA3",NA,NA,14,1
"WYBas4-010",2,"interspace",0,15,"POFE",9,6,11,1
"WYBas4-010",2,"interspace",0,15,"CAFI",1,1,6,1
"WYBas4-010",2,"interspace",0,15,"ELLA3",NA,NA,14,1
"WYBas4-010",2,"interspace",0,15,"ELLA3",NA,NA,14,1
"WYBas4-010",2,"interspace",0,15,"ELLA3",NA,NA,14,1
"WYBas4-010",2,"interspace",0,15,"ELLA3",NA,NA,14,1
"WYBas4-010",2,"interspace",0,15,"ELLA3",NA,NA,14,1
"WYBas4-010",2,"interspace",0,15,"ELLA3",NA,NA,14,1
"WYBas4-010",2,"interspace",0,15,"ELLA3",NA,NA,14,1
"WYBas4-010",2,"interspace",0,15,"ELLA3",NA,NA,14,1
"WYBas4-010",2,"interspace",0,15,"ELLA3",NA,NA,14,1
"WYBas4-010",2,"interspace",0,15,"ELLA3",NA,NA,14,1
"WYBas4-010",2,"canopy",1,20,"PHHO",5,3,4,1
"WYBas4-010",2,"canopy",1,20,"PHHO",5,2,3,1
"WYBas4-010",2,"canopy",0,20,"CAFI",2,1,4,1
"WYBas4-010",2,"canopy",0,20,"CAFI",1,1,6,1
"WYBas4-010",2,"canopy",0,20,"CAFI",1,1,6,1
"WYBas4-010",2,"canopy",1,20,"POSE",6,3,2,1
"WYBas4-010",2,"interspace",0,20,"CAFI",1,1,4,1
"WYBas4-010",2,"interspace",0,20,"CAFI",1,1,3,1
"WYBas4-010",2,"interspace",0,20,"CAFI",1,1,3,1
"WYBas4-010",2,"interspace",0,20,"CAFI",1,1,3,1
"WYBas4-010",2,"interspace",0,20,"CAFI",2,1,4,1
"WYBas4-010",2,"interspace",0,20,"CAFI",1,1,4,1
"WYBas4-010",2,"interspace",0,20,"CAFI",1,1,3,1
"WYBas4-010",2,"interspace",0,20,"CAFI",1,1,4,1
"WYBas4-010",2,"interspace",0,20,"CAFI",1,1,3,1
"WYBas4-010",2,"interspace",0,20,"CAFI",1,1,5,1
"WYBas4-010",2,"interspace",0,20,"CAFI",1,1,3,1
"WYBas4-010",2,"interspace",0,20,"CAFI",1,1,5,1
"WYBas4-010",2,"interspace",0,20,"CAFI",1,1,6,1
"WYBas4-010",2,"interspace",0,20,"CAFI",1,1,5,1
"WYBas4-010",2,"interspace",0,20,"POSE",1,1,2,1
"WYBas4-010",2,"interspace",0,20,"CAFI",2,1,5,1
"WYBas4-010",2,"interspace",0,20,"CAFI",3,1,4,1
"WYBas4-010",2,"interspace",0,20,"CAFI",1,1,4,1
"WYBas4-010",2,"interspace",0,20,"CAFI",1,1,4,1
"WYBas4-010",2,"interspace",0,20,"CAFI",1,1,2,1
"WYBas4-010",2,"interspace",0,20,"CAFI",2,2,4,1
"WYBas4-010",2,"interspace",0,20,"CAFI",3,2,6,1
"WYBas4-010",2,"interspace",0,20,"CAFI",1,1,5,1
"WYBas4-010",2,"interspace",0,20,"CAFI",2,1,4,1
"WYBas4-010",2,"interspace",0,20,"CAFI",2,1,4,1
"WYBas4-010",2,"canopy",1,25,"ELLA3",NA,NA,20,1
"WYBas4-010",2,"canopy",1,25,"CAFI",2,1,8,1
"WYBas4-010",2,"canopy",0,25,"ELLA3",NA,NA,12,1
"WYBas4-010",2,"canopy",1,25,"POSE",2,1,3,1
"WYBas4-010",2,"canopy",0,25,"CAFI",1,1,8,1
"WYBas4-010",2,"canopy",0,25,"CAFI",1,1,6,1
"WYBas4-010",2,"canopy",1,25,"CAFI",1,1,8,1
"WYBas4-010",2,"canopy",1,25,"CAFI",1,1,7,1
"WYBas4-010",2,"canopy",0,25,"CAFI",1,1,6,1
"WYBas4-010",2,"canopy",0,25,"CAFI",2,2,8,1
"WYBas4-010",2,"canopy",0,25,"ELLA3",NA,NA,12,1
"WYBas4-010",2,"interspace",0,25,"CAFI",1,1,4,1
"WYBas4-010",2,"interspace",0,25,"CAFI",1,1,6,1
"WYBas4-010",2,"interspace",0,25,"CAFI",1,1,5,1
"WYBas4-010",2,"interspace",0,25,"CAFI",1,1,4,1
"WYBas4-010",2,"interspace",0,25,"CAFI",1,1,4,1
"WYBas4-010",2,"interspace",0,25,"CAFI",2,1,7,1
"WYBas4-010",2,"interspace",0,25,"CAFI",1,1,7,1
"WYBas4-010",2,"interspace",0,25,"CAFI",3,1,7,1
"WYBas4-010",2,"interspace",0,25,"CAFI",2,2,6,1
"WYBas4-010",2,"interspace",0,25,"CAFI",3,3,6,1
"WYBas4-010",2,"interspace",0,25,"CAFI",1,1,6,1
"WYBas4-010",2,"interspace",0,25,"CAFI",2,1,10,1
"WYBas4-010",2,"interspace",0,25,"CAFI",1,1,6,1
"WYBas4-010",2,"interspace",0,25,"CAFI",1,1,9,1
"WYBas4-010",2,"interspace",0,25,"CAFI",2,1,8,1
"WYBas4-010",2,"interspace",0,25,"CAFI",6,3,10,1
"WYBas4-010",2,"interspace",0,25,"PHHO",8,5,2,1
"WYBas4-010",3,"canopy",1,5,"CAFI",1,1,7,1
"WYBas4-010",3,"canopy",1,5,"CAFI",1,1,6,1
"WYBas4-010",3,"canopy",1,5,"CAFI",2,1,5,1
"WYBas4-010",3,"canopy",1,5,"POSE",2,2,5,1
"WYBas4-010",3,"canopy",1,5,"POSE",2,1,5,1
"WYBas4-010",3,"canopy",0,5,"CAFI",1,1,5,1
"WYBas4-010",3,"canopy",0,5,"CAFI",1,1,7,1
"WYBas4-010",3,"canopy",0,5,"CAFI",1,1,9,1
"WYBas4-010",3,"canopy",0,5,"CAFI",1,1,8,1
"WYBas4-010",3,"canopy",1,5,"CAFI",1,1,7,1
"WYBas4-010",3,"canopy",1,5,"CAFI",1,1,6,1
"WYBas4-010",3,"canopy",1,5,"CAFI",2,1,5,1
"WYBas4-010",3,"canopy",1,5,"CAFI",2,1,5,1
"WYBas4-010",3,"canopy",0,5,"CAFI",1,1,5,1
"WYBas4-010",3,"interspace",0,5,"PHHO",4,4,1,1
"WYBas4-010",3,"interspace",0,5,"CAFI",1,1,5,1
"WYBas4-010",3,"interspace",0,5,"CAFI",1,1,7,1
"WYBas4-010",3,"interspace",0,5,"CAFI",1,1,6,1
"WYBas4-010",3,"interspace",0,5,"CAFI",2,1,5,1
"WYBas4-010",3,"interspace",0,5,"CAFI",3,2,8,1
"WYBas4-010",3,"interspace",0,5,"CAFI",2,1,6,1
"WYBas4-010",3,"interspace",0,5,"CAFI",1,1,9,1
"WYBas4-010",3,"interspace",0,5,"CAFI",1,1,8,1
"WYBas4-010",3,"interspace",0,5,"POSE",9,3,3,1
"WYBas4-010",3,"interspace",0,5,"POSE",4,3,2,1
"WYBas4-010",3,"interspace",0,5,"POSE",5,4,2,1
"WYBas4-010",3,"interspace",0,5,"CAFI",1,1,5,1
"WYBas4-010",3,"interspace",0,5,"CAFI",1,1,5,1
"WYBas4-010",3,"interspace",0,5,"CAFI",1,1,5,1
"WYBas4-010",3,"interspace",0,5,"CAFI",1,1,5,1
"WYBas4-010",3,"interspace",0,5,"CAFI",1,1,5,1
"WYBas4-010",3,"interspace",0,5,"CAFI",1,1,5,1
"WYBas4-010",3,"interspace",0,5,"CAFI",1,1,5,1
"WYBas4-010",3,"interspace",0,5,"CAFI",1,1,5,1
"WYBas4-010",3,"interspace",0,5,"CAFI",1,1,5,1
"WYBas4-010",3,"interspace",0,5,"CAFI",1,1,5,1
"WYBas4-010",3,"interspace",0,5,"CAFI",1,1,5,1
"WYBas4-010",3,"interspace",0,5,"CAFI",1,1,5,1
"WYBas4-010",3,"interspace",0,5,"CAFI",1,1,5,1
"WYBas4-010",3,"interspace",0,5,"CAFI",1,1,7,1
"WYBas4-010",3,"interspace",0,5,"CAFI",1,1,8,1
"WYBas4-010",3,"canopy",0.5,10,"POFE",7,4,8,1
"WYBas4-010",3,"canopy",1,10,"ELEL5",1,1,8,1
"WYBas4-010",3,"interspace",0,10,"POFE",14,7,8,1
"WYBas4-010",3,"interspace",0,10,"PHHO",13,7,2,1
"WYBas4-010",3,"interspace",0,10,"POSE",5,2,2,1
"WYBas4-010",3,"interspace",0,10,"PHHO",1,1,1,1
"WYBas4-010",3,"interspace",0,10,"ELEL5",2,2,10,1
"WYBas4-010",3,"interspace",0,10,"POFE",2,1,5,1
"WYBas4-010",3,"interspace",0,10,"POFE",1,1,6,1
"WYBas4-010",3,"interspace",0,10,"POSE",1,1,2,1
"WYBas4-010",3,"canopy",1,15,"POSE",4,3,8,1
"WYBas4-010",3,"canopy",0,15,"PSSP6",10,7,17,1
"WYBas4-010",3,"interspace",0,15,"PHHO",5,3,2,1
"WYBas4-010",3,"interspace",0,15,"PSSP6",6,4,16,1
"WYBas4-010",3,"canopy",1,20,"ELEL5",3,2,9,1
"WYBas4-010",3,"canopy",1,20,"POSE",1,1,7,1
"WYBas4-010",3,"canopy",1,20,"ELLA3",NA,NA,5,1
"WYBas4-010",3,"canopy",0,20,"PSSP6",1,1,8,1
"WYBas4-010",3,"canopy",0,20,"PSSP6",1,1,9,1
"WYBas4-010",3,"canopy",1,20,"ELLA3",NA,NA,5,1
"WYBas4-010",3,"canopy",1,20,"ELLA3",NA,NA,5,1
"WYBas4-010",3,"canopy",1,20,"ELLA3",NA,NA,5,1
"WYBas4-010",3,"canopy",1,20,"ELLA3",NA,NA,5,1
"WYBas4-010",3,"canopy",1,20,"ELLA3",NA,NA,5,1
"WYBas4-010",3,"canopy",1,20,"ELLA3",NA,NA,5,1
"WYBas4-010",3,"canopy",1,20,"ELLA3",NA,NA,5,1
"WYBas4-010",3,"canopy",1,20,"ELLA3",NA,NA,5,1
"WYBas4-010",3,"canopy",1,20,"ELLA3",NA,NA,5,1
"WYBas4-010",3,"canopy",1,20,"ELLA3",NA,NA,5,1
"WYBas4-010",3,"canopy",1,20,"ELLA3",NA,NA,5,1
"WYBas4-010",3,"canopy",1,20,"ELLA3",NA,NA,5,1
"WYBas4-010",3,"interspace",0,20,"POFE",7,5,7,1
"WYBas4-010",3,"interspace",0,20,"POFE",2,2,7,1
"WYBas4-010",3,"interspace",0,20,"POFE",6,4,7,1
"WYBas4-010",3,"interspace",0,20,"ASTRAPF",5,2,4,1
"WYBas4-010",3,"interspace",0.5,20,"PHHO",5,3,2,1
"WYBas4-010",3,"interspace",0,20,"POFE",6,5,4,1
"WYBas4-010",3,"canopy",1,25,"NO PLANTS",NA,NA,NA,0
"WYBas4-010",3,"interspace",0,25,"CAFI",4,2,4,1
"WYBas4-010",3,"interspace",0,25,"CAFI",6,5,7,1
"WYBas4-010",3,"interspace",0,25,"CAFI",1,1,5,1
"WYBas4-010",3,"interspace",0,25,"CAFI",1,1,4,1
"WYBas4-010",3,"interspace",0,25,"CAFI",1,1,3,1
"WYBas4-010",3,"interspace",0,25,"CAFI",6,8,9,1
"WYBas4-010",3,"interspace",0,25,"CAFI",1,1,4,1
"WYBas4-019",1,"canopy",1,5,"PHLO2",3,3,5,1
"WYBas4-019",1,"canopy",1,5,"HECO26",1,1,18,1
"WYBas4-019",1,"canopy",1,5,"PHLO2",4,4,7,1
"WYBas4-019",1,"canopy",1,5,"PHLO2",2,2,3,1
"WYBas4-019",1,"canopy",1,5,"HECO26",1,1,20,1
"WYBas4-019",1,"canopy",1,5,"PHHO",6,5,6,1
"WYBas4-019",1,"canopy",1,5,"HECO26",1,1,12,1
"WYBas4-019",1,"canopy",1,5,"PHLO2",2,2,4,1
"WYBas4-019",1,"canopy",1,5,"PHLO2",6,6,9,1
"WYBas4-019",1,"canopy",1,5,"PHHO",11,7,9,1
"WYBas4-019",1,"interspace",0,5,"BRTE",NA,NA,25,1
"WYBas4-019",1,"interspace",0,5,"PHLO2",3,3,6,1
"WYBas4-019",1,"interspace",0,5,"BRTE",NA,NA,20,1
"WYBas4-019",1,"interspace",0.5,5,"PHHO",11,10,9,1
"WYBas4-019",1,"interspace",1,5,"HECO26",1,1,14,1
"WYBas4-019",1,"interspace",0,5,"BRTE",NA,NA,27,1
"WYBas4-019",1,"canopy",1,10,"ELEL5",2,1,15,1
"WYBas4-019",1,"canopy",1,10,"ELEL5",1,1,20,1
"WYBas4-019",1,"interspace",0,10,"ELEL5",2,2,11,1
"WYBas4-019",1,"interspace",0.5,10,"ELEL5",7,3,20,1
"WYBas4-019",1,"interspace",0,10,"ELEL5",2,2,10,1
"WYBas4-019",1,"interspace",0,10,"GADI2",NA,NA,12,1
"WYBas4-019",1,"interspace",0,10,"HECO26",5,4,17,1
"WYBas4-019",1,"canopy",1,15,"BRTE",NA,NA,27,1
"WYBas4-019",1,"canopy",1,15,"BRTE",NA,NA,37,1
"WYBas4-019",1,"canopy",1,15,"BRTE",NA,NA,23,1
"WYBas4-019",1,"canopy",1,15,"BRTE",NA,NA,40,1
"WYBas4-019",1,"canopy",1,15,"BRTE",NA,NA,28,1
"WYBas4-019",1,"canopy",1,15,"BRTE",NA,NA,12,1
"WYBas4-019",1,"canopy",1,15,"BRTE",NA,NA,30,1
"WYBas4-019",1,"canopy",1,15,"BRTE",NA,NA,27,1
"WYBas4-019",1,"canopy",1,15,"BRTE",NA,NA,37,1
"WYBas4-019",1,"canopy",1,15,"BRTE",NA,NA,30,1
"WYBas4-019",1,"interspace",1,15,"BRTE",NA,NA,40,1
"WYBas4-019",1,"interspace",0,15,"BRTE",NA,NA,40,1
"WYBas4-019",1,"interspace",0,15,"BRTE",NA,NA,26,1
"WYBas4-019",1,"interspace",1,15,"BRTE",NA,NA,35,1
"WYBas4-019",1,"interspace",1,15,"BRTE",NA,NA,38,1
"WYBas4-019",1,"interspace",1,15,"BRTE",NA,NA,28,1
"WYBas4-019",1,"interspace",1,15,"BRTE",NA,NA,45,1
"WYBas4-019",1,"interspace",1,15,"BRTE",NA,NA,40,1
"WYBas4-019",1,"interspace",1,15,"BRTE",NA,NA,45,1
"WYBas4-019",1,"canopy",1,20,"EROV",10,5,5,1
"WYBas4-019",1,"canopy",1,20,"MEAL6",NA,NA,7,1
"WYBas4-019",1,"canopy",1,20,"BRTE",NA,NA,20,1
"WYBas4-019",1,"interspace",1,20,"MEAL6",NA,NA,15,1
"WYBas4-019",1,"interspace",1,20,"MEAL6",NA,NA,10,1
"WYBas4-019",1,"interspace",1,20,"MEAL6",NA,NA,10,1
"WYBas4-019",1,"interspace",1,20,"MEAL6",NA,NA,6,1
"WYBas4-019",1,"interspace",1,20,"MEAL6",NA,NA,4,1
"WYBas4-019",1,"interspace",1,20,"MEAL6",NA,NA,18,1
"WYBas4-019",1,"interspace",1,20,"MEAL6",NA,NA,15,1
"WYBas4-019",1,"interspace",1,20,"MEAL6",NA,NA,15,1
"WYBas4-019",1,"interspace",1,20,"MEAL6",NA,NA,10,1
"WYBas4-019",1,"interspace",1,20,"MEAL6",NA,NA,10,1
"WYBas4-019",1,"interspace",1,20,"MEAL6",NA,NA,6,1
"WYBas4-019",1,"interspace",1,20,"MEAL6",NA,NA,6,1
"WYBas4-019",1,"canopy",1,25,"NO PLANTS",NA,NA,NA,NA
"WYBas4-019",1,"interspace",1,25,"PHLO2",5,3,12,1
"WYBas4-019",1,"interspace",1,25,"HECO26",1,1,20,1
"WYBas4-019",1,"interspace",1,25,"ELEL5",3,3,20,1
"WYBas4-019",1,"interspace",1,25,"HECO26",1,1,22,1
"WYBas4-019",1,"interspace",1,25,"HECO26",1,1,22,1
"WYBas4-019",1,"interspace",1,25,"HECO26",1,1,20,1
"WYBas4-019",2,"canopy",1,5,"ELEL5",1,1,15,1
"WYBas4-019",2,"canopy",1,5,"ACTH7",3,3,33,1
"WYBas4-019",2,"canopy",1,5,"PHHO",13,10,7,1
"WYBas4-019",2,"interspace",0.5,5,"ELEL5",2,1,13,1
"WYBas4-019",2,"interspace",0.5,5,"ACTH7",4,3,22,1
"WYBas4-019",2,"interspace",0,5,"PHHO",10,5,4,1
"WYBas4-019",2,"canopy",1,10,"HECO26",1,1,11,1
"WYBas4-019",2,"canopy",1,10,"PHHO",10,8,8,1
"WYBas4-019",2,"canopy",1,10,"ACTH7",2,1,16,1
"WYBas4-019",2,"canopy",1,10,"HECO26",1,1,7,1
"WYBas4-019",2,"canopy",1,10,"HECO26",1,1,15,1
"WYBas4-019",2,"interspace",0,10,"ACTH7",11,8,37,1
"WYBas4-019",2,"interspace",0,10,"LIPU11",5,1,7,1
"WYBas4-019",2,"interspace",0,10,"PHLO2",8,3,9,1
"WYBas4-019",2,"interspace",0,10,"ELEL5",1,1,15,1
"WYBas4-019",2,"canopy",1,15,"ELLA3",NA,NA,21,1
"WYBas4-019",2,"canopy",1,15,"CRWA2",NA,NA,10,1
"WYBas4-019",2,"interspace",0,15,"ACTH7",5,3,20,1
"WYBas4-019",2,"interspace",0,15,"ACTH7",1,1,20,1
"WYBas4-019",2,"interspace",0,15,"ACTH7",3,2,20,1
"WYBas4-019",2,"interspace",0,15,"ELLA3",NA,NA,15,1
"WYBas4-019",2,"interspace",0,15,"ACTH7",3,2,15,1
"WYBas4-019",2,"interspace",0,15,"AGGL",3,3,4,1
"WYBas4-019",2,"interspace",0,15,"ACTH7",6,5,26,1
"WYBas4-019",2,"canopy",1,20,"PHHO",12,11,9,1
"WYBas4-019",2,"canopy",1,20,"ELEL5",1,1,15,1
"WYBas4-019",2,"canopy",1,20,"ELEL5",1,1,25,1
"WYBas4-019",2,"canopy",1,20,"ELEL5",1,1,25,1
"WYBas4-019",2,"interspace",1,20,"EROV",15,8,21,1
"WYBas4-019",2,"interspace",1,20,"ELEL5",1,1,11,1
"WYBas4-019",2,"interspace",1,20,"ELEL5",2,1,12,1
"WYBas4-019",2,"interspace",1,20,"PHLO2",11,9,9,1
"WYBas4-019",2,"canopy",1,25,"AGGL",5,3,21,1
"WYBas4-019",2,"canopy",1,25,"AGGL",5,3,8,1
"WYBas4-019",2,"canopy",1,25,"AGGL",5,3,5,1
"WYBas4-019",2,"interspace",0,25,"HECO26",4,4,24,1
"WYBas4-019",2,"interspace",1,25,"ELEL5",1,1,17,1
"WYBas4-019",2,"interspace",0,25,"EROV",8,8,29,1
"WYBas4-019",2,"interspace",1,25,"ELEL5",1,1,7,1
"WYBas4-019",2,"interspace",1,25,"ELLA3",NA,NA,36,1
"WYBas4-019",2,"interspace",0.5,25,"AGGL",8,3,20,1
"WYBas4-019",3,"canopy",1,5,"ACTH7",2,1,15,1
"WYBas4-019",3,"interspace",0,5,"ERWI",NA,NA,11,1
"WYBas4-019",3,"interspace",0,5,"GADI2",NA,NA,16,1
"WYBas4-019",3,"canopy",0,10,"PHGL2",NA,NA,7,1
"WYBas4-019",3,"canopy",1,10,"ACHY",4,3,45,1
"WYBas4-019",3,"canopy",0,10,"CHDO",1,2,2,1
"WYBas4-019",3,"canopy",0,10,"ACTH7",2,1,11,1
"WYBas4-019",3,"canopy",0,10,"ACTH7",4,2,25,1
"WYBas4-019",3,"canopy",0,10,"PHLO2",3,3,9,1
"WYBas4-019",3,"canopy",1,10,"HECO26",3,2,30,1
"WYBas4-019",3,"canopy",0,10,"BRTE",NA,NA,37,1
"WYBas4-019",3,"interspace",1,10,"MEAL6",NA,NA,9,1
"WYBas4-019",3,"interspace",1,10,"ELEL5",2,1,20,1
"WYBas4-019",3,"interspace",1,10,"EROV",2,1,3,1
"WYBas4-019",3,"interspace",1,10,"EROV",6,4,4,1
"WYBas4-019",3,"interspace",1,10,"ELEL5",2,1,17,1
"WYBas4-019",3,"interspace",1,10,"POSE",4,4,14,1
"WYBas4-019",3,"canopy",1,15,"EROV",9,7,25,1
"WYBas4-019",3,"interspace",0,15,"CRWA2",NA,NA,17,1
"WYBas4-019",3,"canopy",0,20,"LAOC3",NA,NA,16,1
"WYBas4-019",3,"canopy",1,20,"ASFI",20,17,33,1
"WYBas4-019",3,"canopy",1,20,"CRWA2",NA,NA,7,1
"WYBas4-019",3,"canopy",1,20,"HECO26",1,1,15,1
"WYBas4-019",3,"canopy",1,20,"PHLO2",10,10,14,1
"WYBas4-019",3,"interspace",NA,20,"NO GAPS >60 cm",NA,NA,NA,NA
"WYBas4-019",3,"canopy",1,22.5,"PHLO2",2,2,3,1
"WYBas4-019",3,"canopy",1,22.5,"AGGL",5,5,13,1
"WYBas4-019",3,"canopy",1,22.5,"ELEL5",3,2,15,1
"WYBas4-019",3,"canopy",1,22.5,"ACTH7",1,1,11,1
"WYBas4-019",3,"interspace",0,22.5,"CAREXPG",NA,NA,10,1
"WYBas4-019",3,"interspace",0,22.5,"CAREXPG",NA,NA,10,1
"WYBas4-019",3,"interspace",0,22.5,"CAREXPG",NA,NA,10,1
"WYBas4-019",3,"interspace",0,22.5,"CAREXPG",NA,NA,10,1
"WYBas4-019",3,"interspace",0,22.5,"CAREXPG",NA,NA,10,1
"WYBas4-019",3,"interspace",0,22.5,"CAREXPG",NA,NA,10,1
"WYBas4-019",3,"interspace",0,22.5,"CAREXPG",NA,NA,10,1
"WYBas4-019",3,"canopy",1,25,"PHLO2",5,4,9,1
"WYBas4-019",3,"canopy",1,25,"MEAL6",NA,NA,6,1
"WYBas4-019",3,"canopy",1,25,"PSSP6",5,3,33,1
"WYBas4-019",3,"interspace",0,25,"ACTH7",7,5,23,1
"WYBas4-019",3,"interspace",0,25,"PHLO2",7,5,13,1
"WYBas4-019",3,"interspace",0,25,"PSSP6",6,6,36,1
"WYBas4-019",3,"interspace",0,25,"PHLO2",7,6,10,1
"WYBas4-019",3,"interspace",0,25,"ACTH7",6,6,35,1
"WYBas4-019",3,"interspace",0,25,"PSSP6",5,4,29,1
"WYBas4-019",3,"interspace",0,25,"PHLO2",5,3,9,1
"WYBas4-999",1,"canopy",1,5,"ELEL5",NA,NA,20,1
"WYBas4-999",1,"canopy",1,5,"ELEL5",NA,NA,20,1
"WYBas4-999",1,"canopy",1,5,"ELEL5",NA,NA,20,1
"WYBas4-999",1,"canopy",1,5,"ELEL5",NA,NA,20,1
"WYBas4-999",1,"canopy",1,5,"ELEL5",NA,NA,20,1
"WYBas4-999",1,"canopy",1,5,"ELEL5",NA,NA,20,1
"WYBas4-999",1,"interspace",1,5,"ELEL5",NA,NA,20,1
"WYBas4-999",1,"interspace",1,5,"ELEL5",NA,NA,20,1
"WYBas4-999",1,"interspace",1,5,"ELEL5",NA,NA,20,1
"WYBas4-999",1,"canopy",1,10,"NO PLANTS",NA,NA,NA,0
"WYBas4-999",1,"interspace",0,10,"NO PLANTS",NA,NA,NA,0
"WYBas4-999",1,"canopy",1,15,"NO PLANTS",NA,NA,NA,0
"WYBas4-999",1,"interspace",1,15,"ELEL5",NA,NA,14,1
"WYBas4-999",1,"interspace",1,15,"ELEL5",NA,NA,14,1
"WYBas4-999",1,"interspace",1,15,"ELEL5",NA,NA,14,1
"WYBas4-999",1,"canopy",1,20,"NO PLANTS",NA,NA,NA,0
"WYBas4-999",1,"interspace",0,20,"NO PLANTS",NA,NA,NA,0
"WYBas4-999",1,"canopy",1,25,"NO PLANTS",NA,NA,NA,0
"WYBas4-999",1,"interspace",1,25,"ELEL5",NA,NA,20,1
"WYBas4-999",1,"interspace",0,25,"ELEL5",NA,NA,15,1
"WYBas4-999",1,"interspace",1,25,"ELEL5",NA,NA,20,1
"WYBas4-999",1,"interspace",1,25,"ELEL5",NA,NA,20,1
"WYBas4-999",1,"interspace",1,25,"ELEL5",NA,NA,20,1
"WYBas4-999",1,"interspace",1,25,"ELEL5",NA,NA,20,1
"WYBas4-999",1,"interspace",1,25,"ELEL5",NA,NA,20,1
"WYBas4-999",1,"interspace",0,25,"ELEL5",NA,NA,15,1
"WYBas4-999",1,"interspace",0,25,"ELEL5",NA,NA,15,1
"WYBas4-999",1,"interspace",0,25,"ELEL5",NA,NA,15,1
"WYBas4-999",1,"interspace",0,25,"ELEL5",NA,NA,15,1
"WYBas4-999",2,"canopy",1,5,"ELEL5",NA,NA,16,1
"WYBas4-999",2,"canopy",1,5,"ERIGE2PF",5,3,6,1
"WYBas4-999",2,"canopy",1,5,"ELEL5",NA,NA,16,1
"WYBas4-999",2,"canopy",1,5,"ELEL5",NA,NA,16,1
"WYBas4-999",2,"interspace",0,5,"ELEL5",NA,NA,11,1
"WYBas4-999",2,"canopy",1,10,"ELEL5",NA,NA,20,1
"WYBas4-999",2,"canopy",1,10,"ELEL5",NA,NA,20,1
"WYBas4-999",2,"canopy",1,10,"ELEL5",NA,NA,20,1
"WYBas4-999",2,"canopy",1,10,"ELEL5",NA,NA,20,1
"WYBas4-999",2,"canopy",1,10,"ELEL5",NA,NA,20,1
"WYBas4-999",2,"interspace",0,10,"ELEL5",NA,NA,9,1
"WYBas4-999",2,"interspace",0,10,"ELEL5",NA,NA,9,1
"WYBas4-999",2,"interspace",0,10,"ELEL5",NA,NA,9,1
"WYBas4-999",2,"interspace",0,10,"ELEL5",NA,NA,9,1
"WYBas4-999",2,"interspace",0,10,"ELEL5",NA,NA,9,1
"WYBas4-999",2,"interspace",0,10,"ELEL5",NA,NA,9,1
"WYBas4-999",2,"interspace",0,10,"ELEL5",NA,NA,9,1
"WYBas4-999",2,"interspace",0,10,"ELEL5",NA,NA,9,1
"WYBas4-999",2,"interspace",0,10,"ELEL5",NA,NA,9,1
"WYBas4-999",2,"interspace",0,10,"ELEL5",NA,NA,9,1
"WYBas4-999",2,"interspace",0,10,"ELEL5",NA,NA,9,1
"WYBas4-999",2,"canopy",1,15,"ELEL5",NA,NA,10,1
"WYBas4-999",2,"canopy",1,15,"ELEL5",3,3,15,1
"WYBas4-999",2,"canopy",1,15,"ELEL5",NA,NA,10,1
"WYBas4-999",2,"interspace",0,15,"ELEL5",5,3,14,1
"WYBas4-999",2,"interspace",0,15,"ELEL5",NA,NA,6,1
"WYBas4-999",2,"interspace",0,15,"ELEL5",NA,NA,6,1
"WYBas4-999",2,"canopy",1,20,"NO PLANTS",NA,NA,NA,0
"WYBas4-999",2,"interspace",1,20,"PHHO",17,9,2,1
"WYBas4-999",2,"interspace",1,20,"PHHO",5,4,2,1
"WYBas4-999",2,"canopy",1,25,"NO PLANTS",NA,NA,NA,0
"WYBas4-999",2,"interspace",1,25,"NO PLANTS",NA,NA,NA,0
"WYBas4-999",3,"canopy",1,5,"ELEL5",1,1,10,1
"WYBas4-999",3,"interspace",0,5,"ELEL5",NA,NA,17,1
"WYBas4-999",3,"interspace",0,5,"ELEL5",NA,NA,17,1
"WYBas4-999",3,"interspace",0,5,"ELEL5",NA,NA,17,1
"WYBas4-999",3,"canopy",1,10,"ELEL5",2,1,16,1
"WYBas4-999",3,"interspace",0,10,"NO PLANTS",NA,NA,NA,0
"WYBas4-999",3,"canopy",1,15,"NO PLANTS",NA,NA,NA,0
"WYBas4-999",3,"interspace",0,15,"ELEL5",NA,NA,15,1
"WYBas4-999",3,"interspace",0,15,"ACHY",1,2,15,1
"WYBas4-999",3,"interspace",0,15,"ELEL5",NA,NA,15,1
"WYBas4-999",3,"canopy",1,20,"ELEL5",2,1,23,1
"WYBas4-999",3,"interspace",1,20,"NO PLANTS",NA,NA,NA,0
"WYBas4-999",3,"canopy",1,25,"ELEL5",1,1,16,1
"WYBas4-999",3,"canopy",1,25,"ELEL5",1,1,12,1
"WYBas4-999",3,"canopy",1,25,"ELEL5",3,3,15,1
"WYBas4-999",3,"interspace",1,25,"ELEL5",6,3,15,1
"WYBas5-020",1,"canopy",1,2.5,"ELLA3",NA,NA,20,1
"WYBas5-020",1,"canopy",0,2.5,"ELEL5",4,4,15,1
"WYBas5-020",1,"canopy",0,2.5,"ELEL5",3,2,14,1
"WYBas5-020",1,"canopy",0,2.5,"ELEL5",4,3,9,1
"WYBas5-020",1,"canopy",1,2.5,"POSE",5,2,4,1
"WYBas5-020",1,"canopy",1,2.5,"POSE",2,1,5,1
"WYBas5-020",1,"canopy",1,2.5,"ELLA3",NA,NA,20,1
"WYBas5-020",1,"canopy",1,2.5,"ELLA3",NA,NA,20,1
"WYBas5-020",1,"interspace",0,2.5,"POSE",2,1,2,1
"WYBas5-020",1,"interspace",0,2.5,"ELLA3",NA,NA,10,1
"WYBas5-020",1,"interspace",0,2.5,"ELLA3",NA,NA,10,1
"WYBas5-020",1,"interspace",0,2.5,"ELLA3",NA,NA,10,1
"WYBas5-020",1,"canopy",1,5,"POSE",1,1,3,1
"WYBas5-020",1,"canopy",0,5,"PHHO",6,5,2,1
"WYBas5-020",1,"canopy",1,5,"PHHO",8,6,2,1
"WYBas5-020",1,"canopy",1,5,"ELLA3",NA,NA,26,1
"WYBas5-020",1,"canopy",1,5,"STAC",2,1,2,1
"WYBas5-020",1,"canopy",0.5,5,"ELLA3",NA,NA,11,1
"WYBas5-020",1,"interspace",0,5,"ELLA3",NA,NA,8,1
"WYBas5-020",1,"interspace",0,5,"ELLA3",NA,NA,8,1
"WYBas5-020",1,"canopy",0,10,"ELEL5",5,3,5,1
"WYBas5-020",1,"canopy",1,10,"ELLA3",NA,NA,22,1
"WYBas5-020",1,"canopy",0.5,10,"ELLA3",NA,NA,15,1
"WYBas5-020",1,"canopy",1,10,"ELEL5",5,3,6,1
"WYBas5-020",1,"canopy",1,10,"ELLA3",NA,NA,22,1
"WYBas5-020",1,"canopy",1,10,"ELLA3",NA,NA,22,1
"WYBas5-020",1,"canopy",0.5,10,"ELLA3",NA,NA,15,1
"WYBas5-020",1,"interspace",0,10,"PHHO",7,5,3,1
"WYBas5-020",1,"interspace",0.5,10,"ELLA3",NA,NA,15,1
"WYBas5-020",1,"interspace",0.5,10,"ELLA3",NA,NA,15,1
"WYBas5-020",1,"canopy",1,15,"ELEL5",1,1,12,1
"WYBas5-020",1,"interspace",1,15,"NO GAPS >60 cm",NA,NA,NA,1
"WYBas5-020",1,"canopy",1,17.5,"ELEL5",2,1,8,1
"WYBas5-020",1,"canopy",1,17.5,"ELEL5",1,1,8,1
"WYBas5-020",1,"canopy",1,17.5,"ELEL5",1,1,8,1
"WYBas5-020",1,"interspace",0,17.5,"ELLA3",NA,NA,7,1
"WYBas5-020",1,"interspace",0,17.5,"PHHO",10,7,2,1
"WYBas5-020",1,"canopy",1,20,"NO PLANTS",NA,NA,NA,0
"WYBas5-020",1,"interspace",0,20,"PHHO",1,8,2,1
"WYBas5-020",1,"interspace",0,20,"STAC",4,3,2,1
"WYBas5-020",1,"interspace",0,20,"PHHO",7,4,2,1
"WYBas5-020",1,"interspace",0,20,"STAC",8,7,2,1
"WYBas5-020",1,"canopy",1,25,"ELEL5",4,2,10,1
"WYBas5-020",1,"canopy",1,25,"ELEL5",2,2,10,1
"WYBas5-020",1,"canopy",1,25,"ELEL5",1,1,9,1
"WYBas5-020",1,"canopy",1,25,"ELEL5",1,1,12,1
"WYBas5-020",1,"interspace",1,25,"NO GAPS >60 cm",NA,NA,NA,1
"WYBas5-020",2,"canopy",1,5,"EREN",3,2,4,1
"WYBas5-020",2,"canopy",1,5,"ELLA3",NA,NA,20,1
"WYBas5-020",2,"canopy",1,5,"ELLA3",NA,NA,20,1
"WYBas5-020",2,"canopy",1,5,"ELLA3",NA,NA,20,1
"WYBas5-020",2,"interspace",1,5,"NO GAPS >60 cm",NA,NA,NA,1
"WYBas5-020",2,"canopy",1,7.5,"ELLA3",NA,NA,18,1
"WYBas5-020",2,"canopy",1,7.5,"ELLA3",NA,NA,18,1
"WYBas5-020",2,"canopy",1,7.5,"ELLA3",NA,NA,18,1
"WYBas5-020",2,"interspace",0,7.5,"STAC",10,9,3,1
"WYBas5-020",2,"interspace",0,7.5,"ELLA3",NA,NA,10,1
"WYBas5-020",2,"interspace",0,7.5,"POSE",3,2,2,1
"WYBas5-020",2,"interspace",0,7.5,"POSE",3,2,3,1
"WYBas5-020",2,"interspace",0,7.5,"STAC",16,13,4,1
"WYBas5-020",2,"interspace",0,7.5,"ELEL5",2,1,4,1
"WYBas5-020",2,"interspace",0,7.5,"PHHO",11,5,4,1
"WYBas5-020",2,"interspace",0,7.5,"ELLA3",NA,NA,10,1
"WYBas5-020",2,"interspace",0,7.5,"ELLA3",NA,NA,10,1
"WYBas5-020",2,"interspace",0,7.5,"ELLA3",NA,NA,10,1
"WYBas5-020",2,"interspace",0,7.5,"ELLA3",NA,NA,10,1
"WYBas5-020",2,"canopy",1,10,"ELLA3",NA,NA,20,1
"WYBas5-020",2,"interspace",1,10,"NO GAPS >60 cm",NA,NA,NA,1
"WYBas5-020",2,"canopy",1,12.5,"ELLA3",NA,NA,12,1
"WYBas5-020",2,"canopy",1,12.5,"ELLA3",NA,NA,12,1
"WYBas5-020",2,"interspace",0,12.5,"POSE",5,2,3,1
"WYBas5-020",2,"canopy",1,15,"ELEL5",2,1,10,1
"WYBas5-020",2,"canopy",1,15,"POSE",1,1,4,1
"WYBas5-020",2,"interspace",1,15,"NO GAPS >60 cm",NA,NA,NA,1
"WYBas5-020",2,"canopy",1,17.5,"NO PLANTS",NA,NA,NA,0
"WYBas5-020",2,"interspace",0,17.5,"ELLA3",NA,NA,10,1
"WYBas5-020",2,"interspace",0,17.5,"STAC",11,7,4,1
"WYBas5-020",2,"interspace",0,17.5,"STAC",14,9,4,1
"WYBas5-020",2,"interspace",0,17.5,"ELLA3",NA,NA,10,1
"WYBas5-020",2,"canopy",1,20,"ELLA3",NA,NA,20,1
"WYBas5-020",2,"canopy",1,20,"ELLA3",NA,NA,20,1
"WYBas5-020",2,"canopy",1,20,"ELLA3",NA,NA,20,1
"WYBas5-020",2,"canopy",1,20,"ELLA3",NA,NA,20,1
"WYBas5-020",2,"canopy",1,20,"ELLA3",NA,NA,20,1
"WYBas5-020",2,"interspace",0,20,"ELLA3",NA,NA,13,1
"WYBas5-020",2,"canopy",1,25,"POSE",3,3,4,1
"WYBas5-020",2,"canopy",1,25,"ELEL5",3,3,12,1
"WYBas5-020",2,"canopy",1,25,"ELEL5",2,3,12,1
"WYBas5-020",2,"canopy",1,25,"ELEL5",1,1,5,1
"WYBas5-020",2,"interspace",0,25,"PHHO",14,13,3,1
"WYBas5-020",3,"canopy",0.5,5,"POSE",5,4,4,1
"WYBas5-020",3,"canopy",1,5,"PHHO",6,5,2,1
"WYBas5-020",3,"canopy",0.5,5,"POSE",8,4,4,1
"WYBas5-020",3,"interspace",0,5,"STAC",5,4,3,1
"WYBas5-020",3,"interspace",0,5,"PHHO",7,5,2,1
"WYBas5-020",3,"interspace",1,5,"ELLA3",NA,NA,18,1
"WYBas5-020",3,"interspace",0,5,"ELEL5",1,1,4,1
"WYBas5-020",3,"interspace",0,5,"ELLA3",NA,NA,12,1
"WYBas5-020",3,"interspace",0,5,"POSE",3,2,2,1
"WYBas5-020",3,"interspace",1,5,"ELLA3",NA,NA,18,1
"WYBas5-020",3,"interspace",1,5,"ELLA3",NA,NA,18,1
"WYBas5-020",3,"interspace",0,5,"ELLA3",NA,NA,12,1
"WYBas5-020",3,"interspace",0,5,"ELLA3",NA,NA,12,1
"WYBas5-020",3,"canopy",1,10,"ELLA3",NA,NA,10,1
"WYBas5-020",3,"canopy",0.5,10,"POSE",1,2,3,1
"WYBas5-020",3,"canopy",1,10,"ELLA3",NA,NA,10,1
"WYBas5-020",3,"canopy",1,10,"ELLA3",NA,NA,10,1
"WYBas5-020",3,"canopy",1,10,"ELLA3",NA,NA,10,1
"WYBas5-020",3,"interspace",0,10,"GUSA2",15,11,7,1
"WYBas5-020",3,"interspace",0,10,"POSE",2,1,3,1
"WYBas5-020",3,"interspace",0,10,"POSE",2,1,2,1
"WYBas5-020",3,"interspace",0,10,"POSE",5,2,3,1
"WYBas5-020",3,"interspace",0,10,"STAC",9,9,4,1
"WYBas5-020",3,"interspace",0,10,"STAC",7,5,3,1
"WYBas5-020",3,"interspace",0,10,"POSE",1,1,2,1
"WYBas5-020",3,"canopy",1,15,"NO PLANTS",NA,NA,NA,0
"WYBas5-020",3,"interspace",1,15,"NO GAPS >60 cm",NA,NA,NA,1
"WYBas5-020",3,"canopy",1,20,"NO PLANTS",NA,NA,NA,0
"WYBas5-020",3,"interspace",0,20,"STAC",12,12,5,1
"WYBas5-020",3,"interspace",0,20,"POSE",6,4,5,1
"WYBas5-020",3,"canopy",1,22.5,"NO PLANTS",NA,NA,NA,0
"WYBas5-020",3,"interspace",0,22.5,"ELEL5",4,2,6,1
"WYBas5-020",3,"interspace",0,22.5,"STAC",10,7,4,1
"WYBas5-020",3,"interspace",0,22.5,"STAC",10,6,3,1
"WYBas5-020",3,"canopy",1,25,"ELLA3",NA,NA,24,1
"WYBas5-020",3,"interspace",0,25,"ELEL5",1,1,5,1
"WYBas5-999",1,"canopy",1,5,"BRTE",NA,NA,15,1
"WYBas5-999",1,"canopy",1,5,"HECO26",1,1,15,1
"WYBas5-999",1,"interspace",1,5,"NO GAPS >60 cm",NA,NA,NA,1
"WYBas5-999",1,"canopy",1,7.5,"HECO26",8,5,30,1
"WYBas5-999",1,"canopy",1,7.5,"HECO26",8,4,25,1
"WYBas5-999",1,"canopy",1,7.5,"HECO26",10,6,34,1
"WYBas5-999",1,"interspace",0,7.5,"HECO26",3,2,10,1
"WYBas5-999",1,"interspace",0,7.5,"HECO26",8,4,10,1
"WYBas5-999",1,"interspace",0,7.5,"HECO26",6,5,12,1
"WYBas5-999",1,"interspace",0,7.5,"HECO26",3,2,9,1
"WYBas5-999",1,"interspace",0,7.5,"HECO26",7,4,12,1
"WYBas5-999",1,"canopy",1,10,"PHLO2",5,5,12,1
"WYBas5-999",1,"canopy",1,10,"PHLO2",1,1,5,1
"WYBas5-999",1,"canopy",1,10,"HECO26",1,1,10,1
"WYBas5-999",1,"canopy",1,10,"HECO26",1,1,20,1
"WYBas5-999",1,"canopy",1,10,"HECO26",1,1,20,1
"WYBas5-999",1,"canopy",1,10,"PHLO2",4,4,11,1
"WYBas5-999",1,"canopy",1,10,"PHLO2",3,3,7,1
"WYBas5-999",1,"interspace",1,10,"HECO26",5,4,30,1
"WYBas5-999",1,"interspace",1,10,"PHLO2",8,3,5,1
"WYBas5-999",1,"interspace",1,10,"HECO26",8,4,30,1
"WYBas5-999",1,"interspace",1,10,"HECO26",3,2,25,1
"WYBas5-999",1,"interspace",1,10,"HECO26",3,2,20,1
"WYBas5-999",1,"canopy",0,15,"HECO26",1,2,20,1
"WYBas5-999",1,"canopy",0,15,"HECO26",1,1,20,1
"WYBas5-999",1,"canopy",0,15,"HECO26",11,5,25,1
"WYBas5-999",1,"canopy",0,15,"POSE",5,3,4,1
"WYBas5-999",1,"canopy",0,15,"POSE",10,7,7,1
"WYBas5-999",1,"interspace",0,15,"HECO26",1,1,10,1
"WYBas5-999",1,"interspace",0,15,"HECO26",1,3,20,1
"WYBas5-999",1,"interspace",0,15,"HECO26",3,2,8,1
"WYBas5-999",1,"interspace",0,15,"POSE",3,3,2,1
"WYBas5-999",1,"interspace",0,15,"POSE",5,4,2,1
"WYBas5-999",1,"interspace",0,15,"POSE",1,1,2,1
"WYBas5-999",1,"canopy",1,20,"HECO26",1,1,15,1
"WYBas5-999",1,"interspace",0,20,"ALDE",NA,NA,4,1
"WYBas5-999",1,"interspace",0,20,"BRTE",NA,NA,10,1
"WYBas5-999",1,"interspace",0,20,"AF400",NA,NA,5,1
"WYBas5-999",1,"interspace",0,20,"PODO4",NA,NA,4,1
"WYBas5-999",1,"interspace",0,20,"HECO26",1,1,2,1
"WYBas5-999",1,"interspace",0,20,"HECO26",5,3,20,1
"WYBas5-999",1,"interspace",0,20,"ALDE",NA,NA,4,1
"WYBas5-999",1,"interspace",0,20,"ALDE",NA,NA,4,1
"WYBas5-999",1,"interspace",0,20,"ALDE",NA,NA,4,1
"WYBas5-999",1,"interspace",0,20,"BRTE",NA,NA,10,1
"WYBas5-999",1,"interspace",0,20,"BRTE",NA,NA,10,1
"WYBas5-999",1,"interspace",0,20,"BRTE",NA,NA,10,1
"WYBas5-999",1,"interspace",0,20,"BRTE",NA,NA,10,1
"WYBas5-999",1,"interspace",0,20,"AF400",NA,NA,5,1
"WYBas5-999",1,"interspace",0,20,"AF400",NA,NA,5,1
"WYBas5-999",1,"interspace",0,20,"AF400",NA,NA,5,1
"WYBas5-999",1,"interspace",0,20,"AF400",NA,NA,5,1
"WYBas5-999",1,"interspace",0,20,"AF400",NA,NA,5,1
"WYBas5-999",1,"interspace",0,20,"AF400",NA,NA,5,1
"WYBas5-999",1,"interspace",0,20,"AF400",NA,NA,5,1
"WYBas5-999",1,"interspace",0,20,"PODO4",NA,NA,4,1
"WYBas5-999",1,"canopy",1,25,"BRTE",NA,NA,12,1
"WYBas5-999",1,"canopy",1,25,"POSE",2,3,5,1
"WYBas5-999",1,"canopy",1,25,"POSE",8,6,5,1
"WYBas5-999",1,"canopy",1,25,"HECO26",3,3,25,1
"WYBas5-999",1,"interspace",0,25,"PODO4",NA,NA,6,1
"WYBas5-999",1,"interspace",0,25,"COPA3",NA,NA,9,1
"WYBas5-999",1,"interspace",0,25,"CRTO4",NA,NA,3,1
"WYBas5-999",1,"interspace",0,25,"MIGR",NA,NA,4,1
"WYBas5-999",1,"interspace",0,25,"BRTE",NA,NA,6,1
"WYBas5-999",1,"interspace",0,25,"POSE",6,3,4,1
"WYBas5-999",1,"interspace",0,25,"POSE",3,1,4,1
"WYBas5-999",1,"interspace",0,25,"POSE",3,3,5,1
"WYBas5-999",1,"interspace",0,25,"VUOC",NA,NA,5,1
"WYBas5-999",1,"interspace",0,25,"ALDE",NA,NA,4,1
"WYBas5-999",1,"interspace",0,25,"PODO4",NA,NA,6,1
"WYBas5-999",1,"interspace",0,25,"COPA3",NA,NA,9,1
"WYBas5-999",1,"interspace",0,25,"COPA3",NA,NA,9,1
"WYBas5-999",1,"interspace",0,25,"MIGR",NA,NA,4,1
"WYBas5-999",1,"interspace",0,25,"MIGR",NA,NA,4,1
"WYBas5-999",1,"interspace",0,25,"BRTE",NA,NA,6,1
"WYBas5-999",1,"interspace",0,25,"BRTE",NA,NA,6,1
"WYBas5-999",1,"interspace",0,25,"VUOC",NA,NA,5,1
"WYBas5-999",1,"interspace",0,25,"VUOC",NA,NA,5,1
"WYBas5-999",1,"interspace",0,25,"ALDE",NA,NA,4,1
"WYBas5-999",1,"interspace",0,25,"ALDE",NA,NA,4,1
"WYBas5-999",1,"interspace",0,25,"ALDE",NA,NA,4,1
"WYBas5-999",2,"canopy",1,5,"HECO26",3,1,22,1
"WYBas5-999",2,"canopy",1,5,"HECO26",1,1,18,1
"WYBas5-999",2,"canopy",1,5,"HECO26",1,1,25,1
"WYBas5-999",2,"canopy",1,5,"BRTE",NA,NA,8,1
"WYBas5-999",2,"canopy",1,5,"BRTE",NA,NA,8,1
"WYBas5-999",2,"interspace",1,5,"BRTE",NA,NA,9,1
"WYBas5-999",2,"interspace",1,5,"BRTE",NA,NA,9,1
"WYBas5-999",2,"interspace",1,5,"BRTE",NA,NA,9,1
"WYBas5-999",2,"canopy",1,10,"NO PLANTS",NA,NA,NA,0
"WYBas5-999",2,"interspace",1,10,"NO PLANTS",NA,NA,NA,0
"WYBas5-999",2,"canopy",0,15,"HECO26",4,3,22,1
"WYBas5-999",2,"canopy",0,15,"HECO26",3,2,20,1
"WYBas5-999",2,"interspace",1,15,"HECO26",5,3,27,1
"WYBas5-999",2,"interspace",1,15,"HECO26",6,3,25,1
"WYBas5-999",2,"interspace",1,15,"HECO26",1,1,28,1
"WYBas5-999",2,"interspace",1,15,"HECO26",2,2,32,1
"WYBas5-999",2,"interspace",1,15,"HECO26",4,2,28,1
"WYBas5-999",2,"canopy",1,20,"HECO26",15,5,40,1
"WYBas5-999",2,"canopy",1,20,"HECO26",12,5,40,1
"WYBas5-999",2,"canopy",1,20,"OPPO",2,2,9,1
"WYBas5-999",2,"canopy",1,20,"OPPO",1,1,2,1
"WYBas5-999",2,"canopy",1,20,"OPPO",1,1,9,1
"WYBas5-999",2,"canopy",1,20,"OPPO",12,3,13,1
"WYBas5-999",2,"canopy",1,20,"HECO26",3,2,35,1
"WYBas5-999",2,"canopy",1,20,"HECO26",7,5,35,1
"WYBas5-999",2,"interspace",1,20,"OPPO",2,2,4,1
"WYBas5-999",2,"interspace",1,20,"OPPO",1,1,4,1
"WYBas5-999",2,"interspace",1,20,"OPPO",2,2,3,1
"WYBas5-999",2,"interspace",1,20,"OPPO",1,1,2,1
"WYBas5-999",2,"interspace",1,20,"OPPO",2,3,6,1
"WYBas5-999",2,"interspace",1,20,"HECO26",5,3,28,1
"WYBas5-999",2,"interspace",1,20,"HECO26",5,4,40,1
"WYBas5-999",2,"interspace",1,20,"HECO26",3,3,35,1
"WYBas5-999",2,"interspace",1,20,"HECO26",5,3,25,1
"WYBas5-999",2,"canopy",1,25,"BRTE",NA,NA,12,1
"WYBas5-999",2,"canopy",1,25,"ALDE",NA,NA,10,1
"WYBas5-999",2,"canopy",1,25,"HECO26",3,1,25,1
"WYBas5-999",2,"canopy",1,25,"HECO26",2,2,20,1
"WYBas5-999",2,"canopy",1,25,"BRTE",NA,NA,12,1
"WYBas5-999",2,"canopy",1,25,"BRTE",NA,NA,12,1
"WYBas5-999",2,"canopy",1,25,"BRTE",NA,NA,12,1
"WYBas5-999",2,"canopy",1,25,"BRTE",NA,NA,12,1
"WYBas5-999",2,"canopy",1,25,"BRTE",NA,NA,12,1
"WYBas5-999",2,"canopy",1,25,"BRTE",NA,NA,12,1
"WYBas5-999",2,"canopy",1,25,"ALDE",NA,NA,10,1
"WYBas5-999",2,"canopy",1,25,"ALDE",NA,NA,10,1
"WYBas5-999",2,"interspace",1,25,"PSLA3",10,10,25,1
"WYBas5-999",2,"interspace",1,25,"BRTE",NA,NA,12,1
"WYBas5-999",2,"interspace",1,25,"BRTE",NA,NA,12,1
"WYBas5-999",2,"interspace",1,25,"BRTE",NA,NA,12,1
"WYBas5-999",3,"canopy",1,5,"BRTE",NA,NA,17,1
"WYBas5-999",3,"canopy",1,5,"HECO26",5,3,30,1
"WYBas5-999",3,"canopy",1,5,"BRTE",NA,NA,17,1
"WYBas5-999",3,"canopy",1,5,"BRTE",NA,NA,17,1
"WYBas5-999",3,"canopy",1,5,"BRTE",NA,NA,17,1
"WYBas5-999",3,"canopy",1,5,"BRTE",NA,NA,17,1
"WYBas5-999",3,"canopy",1,5,"BRTE",NA,NA,17,1
"WYBas5-999",3,"canopy",1,5,"BRTE",NA,NA,17,1
"WYBas5-999",3,"canopy",1,5,"BRTE",NA,NA,17,1
"WYBas5-999",3,"interspace",1,5,"HECO26",4,3,30,1
"WYBas5-999",3,"interspace",1,5,"BRTE",NA,NA,14,1
"WYBas5-999",3,"interspace",1,5,"BRTE",NA,NA,14,1
"WYBas5-999",3,"canopy",0,10,"POSE",5,3,4,1
"WYBas5-999",3,"canopy",0.5,10,"POSE",3,2,3,1
"WYBas5-999",3,"canopy",0,10,"POSE",8,3,4,1
"WYBas5-999",3,"canopy",1,10,"HECO26",5,3,14,1
"WYBas5-999",3,"canopy",0,10,"HECO26",6,3,25,1
"WYBas5-999",3,"canopy",0.5,10,"POSE",3,2,4,1
"WYBas5-999",3,"canopy",0.5,10,"POSE",1,2,4,1
"WYBas5-999",3,"canopy",0,10,"POSE",1,2,5,1
"WYBas5-999",3,"canopy",0,10,"POSE",9,7,5,1
"WYBas5-999",3,"interspace",0.5,10,"HECO26",6,5,20,1
"WYBas5-999",3,"interspace",1,10,"HECO26",9,5,30,1
"WYBas5-999",3,"interspace",1,10,"POSE",4,2,4,1
"WYBas5-999",3,"interspace",0,10,"COPA3",NA,NA,3,1
"WYBas5-999",3,"interspace",0,10,"COLI2",NA,NA,5,1
"WYBas5-999",3,"interspace",0,10,"HECO26",4,3,30,1
"WYBas5-999",3,"interspace",0,10,"HECO26",3,3,15,1
"WYBas5-999",3,"interspace",0,10,"COPA3",NA,NA,3,1
"WYBas5-999",3,"interspace",0,10,"COPA3",NA,NA,3,1
"WYBas5-999",3,"interspace",0,10,"COPA3",NA,NA,3,1
"WYBas5-999",3,"interspace",0,10,"COPA3",NA,NA,3,1
"WYBas5-999",3,"interspace",0,10,"COPA3",NA,NA,3,1
"WYBas5-999",3,"interspace",0,10,"COPA3",NA,NA,3,1
"WYBas5-999",3,"interspace",0,10,"COLI2",NA,NA,5,1
"WYBas5-999",3,"canopy",1,15,"CHENOAF",NA,NA,8,1
"WYBas5-999",3,"canopy",1,15,"ALDE",NA,NA,8,1
"WYBas5-999",3,"canopy",1,15,"BRTE",NA,NA,12,1
"WYBas5-999",3,"canopy",1,15,"COLI2",NA,NA,6,1
"WYBas5-999",3,"canopy",1,15,"CHENOAF",NA,NA,8,1
"WYBas5-999",3,"canopy",1,15,"ALDE",NA,NA,8,1
"WYBas5-999",3,"canopy",1,15,"ALDE",NA,NA,8,1
"WYBas5-999",3,"canopy",1,15,"ALDE",NA,NA,8,1
"WYBas5-999",3,"canopy",1,15,"ALDE",NA,NA,8,1
"WYBas5-999",3,"canopy",1,15,"ALDE",NA,NA,8,1
"WYBas5-999",3,"canopy",1,15,"ALDE",NA,NA,8,1
"WYBas5-999",3,"canopy",1,15,"ALDE",NA,NA,8,1
"WYBas5-999",3,"canopy",1,15,"BRTE",NA,NA,12,1
"WYBas5-999",3,"canopy",1,15,"BRTE",NA,NA,12,1
"WYBas5-999",3,"canopy",1,15,"BRTE",NA,NA,12,1
"WYBas5-999",3,"canopy",1,15,"BRTE",NA,NA,12,1
"WYBas5-999",3,"interspace",0,15,"CHENOAF",NA,NA,9,1
"WYBas5-999",3,"interspace",0,15,"HECO26",2,2,20,1
"WYBas5-999",3,"interspace",0,15,"HECO26",10,8,30,1
"WYBas5-999",3,"canopy",1,20,"HECO26",2,2,12,1
"WYBas5-999",3,"canopy",1,20,"POSE",6,3,3,1
"WYBas5-999",3,"canopy",1,20,"POSE",3,3,4,1
"WYBas5-999",3,"canopy",1,20,"HECO26",1,1,13,1
"WYBas5-999",3,"canopy",1,20,"PHLO2",1,1,6,1
"WYBas5-999",3,"interspace",0,20,"PODO4",NA,NA,12,1
"WYBas5-999",3,"interspace",0,20,"COPA3",NA,NA,2,1
"WYBas5-999",3,"interspace",0,20,"POSE",2,1,2,1
"WYBas5-999",3,"interspace",0,20,"POSE",2,1,4,1
"WYBas5-999",3,"interspace",0,20,"POSE",14,6,4,1
"WYBas5-999",3,"interspace",0,20,"MIGR",NA,NA,3,1
"WYBas5-999",3,"interspace",0,20,"DRABAAF",NA,NA,3,1
"WYBas5-999",3,"interspace",0,20,"PHLO2",3,3,5,1
"WYBas5-999",3,"interspace",0,20,"PODO4",NA,NA,12,1
"WYBas5-999",3,"interspace",0,20,"COPA3",NA,NA,2,1
"WYBas5-999",3,"interspace",0,20,"MIGR",NA,NA,3,1
"WYBas5-999",3,"interspace",0,20,"MIGR",NA,NA,3,1
"WYBas5-999",3,"canopy",1,25,"HECO26",3,4,24,1
"WYBas5-999",3,"canopy",1,25,"HECO26",1,2,12,1
"WYBas5-999",3,"canopy",1,25,"HECO26",2,1,19,1
"WYBas5-999",3,"canopy",1,25,"PHLO2",1,1,3,1
"WYBas5-999",3,"canopy",1,25,"PHLO2",2,1,6,1
"WYBas5-999",3,"canopy",1,25,"PHLO2",10,5,10,1
"WYBas5-999",3,"interspace",0.5,25,"HECO26",4,3,25,1
"WYBas5-999",3,"interspace",0.5,25,"HECO26",6,5,25,1
"WYBas5-999",3,"interspace",0.5,25,"HECO26",3,3,22,1
"WYBas5-999",3,"interspace",0.5,25,"HECO26",7,5,22,1
"WYBas5-999",3,"interspace",0.5,25,"HECO26",7,3,20,1
"WYBas5-999",3,"interspace",0.5,25,"PHLO2",1,1,5,1
"WYBas5-999",3,"interspace",0.5,25,"PHLO2",7,3,8,1
"WYBas5-999",3,"interspace",0.5,25,"PHLO2",3,2,4,1
"WYBas5-999",3,"interspace",0.5,25,"PHLO2",3,2,9,1
"WYBas5-999",3,"interspace",0.5,25,"PHLO2",1,1,6,1
"WYBas5-999",3,"interspace",0.5,25,"PHLO2",4,2,4,1
"WYBas6-007",1,"canopy",1,5,"PHLO2",4,3,8,1
"WYBas6-007",1,"canopy",1,5,"PHLO2",3,3,9,1
"WYBas6-007",1,"canopy",1,5,"PHLO2",15,3,9,1
"WYBas6-007",1,"canopy",1,5,"PODO4",NA,NA,12,1
"WYBas6-007",1,"canopy",1,5,"POPR",NA,NA,30,1
"WYBas6-007",1,"canopy",1,5,"POPR",NA,NA,30,1
"WYBas6-007",1,"canopy",1,5,"POPR",NA,NA,30,1
"WYBas6-007",1,"interspace",0.5,5,"TRDU",NA,NA,35,1
"WYBas6-007",1,"interspace",0.5,5,"ELLA3",NA,NA,18,1
"WYBas6-007",1,"interspace",0.5,5,"ELLA3",NA,NA,18,1
"WYBas6-007",1,"canopy",1,10,"POPR",NA,NA,45,1
"WYBas6-007",1,"canopy",1,10,"POPR",NA,NA,45,1
"WYBas6-007",1,"canopy",1,10,"POPR",NA,NA,45,1
"WYBas6-007",1,"canopy",1,10,"POPR",NA,NA,45,1
"WYBas6-007",1,"canopy",1,10,"POPR",NA,NA,45,1
"WYBas6-007",1,"canopy",1,10,"POPR",NA,NA,45,1
"WYBas6-007",1,"canopy",1,10,"POPR",NA,NA,45,1
"WYBas6-007",1,"canopy",1,10,"POPR",NA,NA,45,1
"WYBas6-007",1,"canopy",1,10,"POPR",NA,NA,45,1
"WYBas6-007",1,"canopy",1,10,"POPR",NA,NA,45,1
"WYBas6-007",1,"canopy",1,10,"POPR",NA,NA,45,1
"WYBas6-007",1,"canopy",1,10,"POPR",NA,NA,45,1
"WYBas6-007",1,"canopy",1,10,"POPR",NA,NA,45,1
"WYBas6-007",1,"canopy",1,10,"POPR",NA,NA,45,1
"WYBas6-007",1,"canopy",1,10,"POPR",NA,NA,45,1
"WYBas6-007",1,"canopy",1,10,"POPR",NA,NA,45,1
"WYBas6-007",1,"canopy",1,10,"POPR",NA,NA,45,1
"WYBas6-007",1,"canopy",1,10,"POPR",NA,NA,45,1
"WYBas6-007",1,"canopy",1,10,"POPR",NA,NA,45,1
"WYBas6-007",1,"canopy",1,10,"POPR",NA,NA,45,1
"WYBas6-007",1,"canopy",1,10,"POPR",NA,NA,45,1
"WYBas6-007",1,"canopy",1,10,"POPR",NA,NA,45,1
"WYBas6-007",1,"canopy",1,10,"POPR",NA,NA,45,1
"WYBas6-007",1,"canopy",1,10,"POPR",NA,NA,45,1
"WYBas6-007",1,"canopy",1,10,"POPR",NA,NA,45,1
"WYBas6-007",1,"interspace",1,10,"POPR",NA,NA,30,1
"WYBas6-007",1,"interspace",1,10,"MARE11",10,8,12,1
"WYBas6-007",1,"interspace",1,10,"ELLA3",NA,NA,25,1
"WYBas6-007",1,"interspace",1,10,"POPR",NA,NA,30,1
"WYBas6-007",1,"interspace",1,10,"POPR",NA,NA,30,1
"WYBas6-007",1,"interspace",1,10,"POPR",NA,NA,30,1
"WYBas6-007",1,"interspace",1,10,"POPR",NA,NA,30,1
"WYBas6-007",1,"interspace",1,10,"POPR",NA,NA,30,1
"WYBas6-007",1,"interspace",1,10,"POPR",NA,NA,30,1
"WYBas6-007",1,"interspace",1,10,"POPR",NA,NA,30,1
"WYBas6-007",1,"interspace",1,10,"POPR",NA,NA,30,1
"WYBas6-007",1,"interspace",1,10,"POPR",NA,NA,30,1
"WYBas6-007",1,"interspace",1,10,"POPR",NA,NA,30,1
"WYBas6-007",1,"interspace",1,10,"POPR",NA,NA,30,1
"WYBas6-007",1,"interspace",1,10,"POPR",NA,NA,30,1
"WYBas6-007",1,"interspace",1,10,"POPR",NA,NA,30,1
"WYBas6-007",1,"interspace",1,10,"POPR",NA,NA,30,1
"WYBas6-007",1,"interspace",1,10,"POPR",NA,NA,30,1
"WYBas6-007",1,"interspace",1,10,"POPR",NA,NA,30,1
"WYBas6-007",1,"interspace",1,10,"POPR",NA,NA,30,1
"WYBas6-007",1,"interspace",1,10,"POPR",NA,NA,30,1
"WYBas6-007",1,"interspace",1,10,"POPR",NA,NA,30,1
"WYBas6-007",1,"interspace",1,10,"POPR",NA,NA,30,1
"WYBas6-007",1,"interspace",1,10,"POPR",NA,NA,30,1
"WYBas6-007",1,"interspace",1,10,"POPR",NA,NA,30,1
"WYBas6-007",1,"interspace",1,10,"POPR",NA,NA,30,1
"WYBas6-007",1,"interspace",1,10,"POPR",NA,NA,30,1
"WYBas6-007",1,"interspace",1,10,"POPR",NA,NA,30,1
"WYBas6-007",1,"interspace",1,10,"POPR",NA,NA,30,1
"WYBas6-007",1,"interspace",1,10,"POPR",NA,NA,30,1
"WYBas6-007",1,"interspace",1,10,"POPR",NA,NA,30,1
"WYBas6-007",1,"interspace",1,10,"POPR",NA,NA,30,1
"WYBas6-007",1,"canopy",1,15,"MARE11",7,4,15,1
"WYBas6-007",1,"canopy",1,15,"ERHE2",25,13,23,1
"WYBas6-007",1,"canopy",1,15,"POPR",NA,NA,30,1
"WYBas6-007",1,"canopy",1,15,"POPR",NA,NA,30,1
"WYBas6-007",1,"canopy",1,15,"POPR",NA,NA,30,1
"WYBas6-007",1,"canopy",1,15,"POPR",NA,NA,30,1
"WYBas6-007",1,"canopy",1,15,"POPR",NA,NA,30,1
"WYBas6-007",1,"canopy",1,15,"POPR",NA,NA,30,1
"WYBas6-007",1,"canopy",1,15,"POPR",NA,NA,30,1
"WYBas6-007",1,"canopy",1,15,"POPR",NA,NA,30,1
"WYBas6-007",1,"canopy",1,15,"POPR",NA,NA,30,1
"WYBas6-007",1,"canopy",1,15,"POPR",NA,NA,30,1
"WYBas6-007",1,"interspace",0.5,15,"POPR",NA,NA,30,1
"WYBas6-007",1,"interspace",0.5,15,"ACMI2",NA,NA,10,1
"WYBas6-007",1,"interspace",0.5,15,"HECO26",1,1,15,1
"WYBas6-007",1,"interspace",0.5,15,"ERHE2",16,4,8,1
"WYBas6-007",1,"interspace",0.5,15,"POPR",NA,NA,30,1
"WYBas6-007",1,"interspace",0.5,15,"POPR",NA,NA,30,1
"WYBas6-007",1,"interspace",0.5,15,"POPR",NA,NA,30,1
"WYBas6-007",1,"interspace",0.5,15,"POPR",NA,NA,30,1
"WYBas6-007",1,"interspace",0.5,15,"POPR",NA,NA,30,1
"WYBas6-007",1,"interspace",0.5,15,"POPR",NA,NA,30,1
"WYBas6-007",1,"interspace",0.5,15,"POPR",NA,NA,30,1
"WYBas6-007",1,"interspace",0.5,15,"POPR",NA,NA,30,1
"WYBas6-007",1,"interspace",0.5,15,"POPR",NA,NA,30,1
"WYBas6-007",1,"interspace",0.5,15,"POPR",NA,NA,30,1
"WYBas6-007",1,"interspace",0.5,15,"POPR",NA,NA,30,1
"WYBas6-007",1,"interspace",0.5,15,"POPR",NA,NA,30,1
"WYBas6-007",1,"interspace",0.5,15,"POPR",NA,NA,30,1
"WYBas6-007",1,"interspace",0.5,15,"POPR",NA,NA,30,1
"WYBas6-007",1,"interspace",0.5,15,"POPR",NA,NA,30,1
"WYBas6-007",1,"interspace",0.5,15,"POPR",NA,NA,30,1
"WYBas6-007",1,"interspace",0.5,15,"POPR",NA,NA,30,1
"WYBas6-007",1,"interspace",0.5,15,"POPR",NA,NA,30,1
"WYBas6-007",1,"interspace",0.5,15,"POPR",NA,NA,30,1
"WYBas6-007",1,"interspace",0.5,15,"POPR",NA,NA,30,1
"WYBas6-007",1,"interspace",0.5,15,"POPR",NA,NA,30,1
"WYBas6-007",1,"interspace",0.5,15,"POPR",NA,NA,30,1
"WYBas6-007",1,"interspace",0.5,15,"POPR",NA,NA,30,1
"WYBas6-007",1,"interspace",0.5,15,"POPR",NA,NA,30,1
"WYBas6-007",1,"interspace",0.5,15,"POPR",NA,NA,30,1
"WYBas6-007",1,"interspace",0.5,15,"POPR",NA,NA,30,1
"WYBas6-007",1,"interspace",0.5,15,"POPR",NA,NA,30,1
"WYBas6-007",1,"interspace",0.5,15,"POPR",NA,NA,30,1
"WYBas6-007",1,"interspace",0.5,15,"POPR",NA,NA,30,1
"WYBas6-007",1,"interspace",0.5,15,"POPR",NA,NA,30,1
"WYBas6-007",1,"interspace",0.5,15,"POPR",NA,NA,30,1
"WYBas6-007",1,"interspace",0.5,15,"POPR",NA,NA,30,1
"WYBas6-007",1,"interspace",0.5,15,"POPR",NA,NA,30,1
"WYBas6-007",1,"interspace",0.5,15,"POPR",NA,NA,30,1
"WYBas6-007",1,"interspace",0.5,15,"POPR",NA,NA,30,1
"WYBas6-007",1,"interspace",0.5,15,"POPR",NA,NA,30,1
"WYBas6-007",1,"interspace",0.5,15,"POPR",NA,NA,30,1
"WYBas6-007",1,"interspace",0.5,15,"POPR",NA,NA,30,1
"WYBas6-007",1,"interspace",0.5,15,"POPR",NA,NA,30,1
"WYBas6-007",1,"interspace",0.5,15,"POPR",NA,NA,30,1
"WYBas6-007",1,"interspace",0.5,15,"POPR",NA,NA,30,1
"WYBas6-007",1,"interspace",0.5,15,"POPR",NA,NA,30,1
"WYBas6-007",1,"interspace",0.5,15,"POPR",NA,NA,30,1
"WYBas6-007",1,"interspace",0.5,15,"POPR",NA,NA,30,1
"WYBas6-007",1,"interspace",0.5,15,"POPR",NA,NA,30,1
"WYBas6-007",1,"interspace",0.5,15,"POPR",NA,NA,30,1
"WYBas6-007",1,"interspace",0.5,15,"POPR",NA,NA,30,1
"WYBas6-007",1,"interspace",0.5,15,"POPR",NA,NA,30,1
"WYBas6-007",1,"interspace",0.5,15,"POPR",NA,NA,30,1
"WYBas6-007",1,"interspace",0.5,15,"POPR",NA,NA,30,1
"WYBas6-007",1,"interspace",0.5,15,"POPR",NA,NA,30,1
"WYBas6-007",1,"interspace",0.5,15,"POPR",NA,NA,30,1
"WYBas6-007",1,"interspace",0.5,15,"POPR",NA,NA,30,1
"WYBas6-007",1,"interspace",0.5,15,"POPR",NA,NA,30,1
"WYBas6-007",1,"interspace",0.5,15,"POPR",NA,NA,30,1
"WYBas6-007",1,"interspace",0.5,15,"POPR",NA,NA,30,1
"WYBas6-007",1,"interspace",0.5,15,"POPR",NA,NA,30,1
"WYBas6-007",1,"interspace",0.5,15,"POPR",NA,NA,30,1
"WYBas6-007",1,"interspace",0.5,15,"POPR",NA,NA,30,1
"WYBas6-007",1,"interspace",0.5,15,"POPR",NA,NA,30,1
"WYBas6-007",1,"interspace",0.5,15,"POPR",NA,NA,30,1
"WYBas6-007",1,"interspace",0.5,15,"POPR",NA,NA,30,1
"WYBas6-007",1,"interspace",0.5,15,"POPR",NA,NA,30,1
"WYBas6-007",1,"interspace",0.5,15,"POPR",NA,NA,30,1
"WYBas6-007",1,"interspace",0.5,15,"POPR",NA,NA,30,1
"WYBas6-007",1,"interspace",0.5,15,"POPR",NA,NA,30,1
"WYBas6-007",1,"interspace",0.5,15,"POPR",NA,NA,30,1
"WYBas6-007",1,"interspace",0.5,15,"POPR",NA,NA,30,1
"WYBas6-007",1,"interspace",0.5,15,"POPR",NA,NA,30,1
"WYBas6-007",1,"interspace",0.5,15,"POPR",NA,NA,30,1
"WYBas6-007",1,"interspace",0.5,15,"POPR",NA,NA,30,1
"WYBas6-007",1,"interspace",0.5,15,"POPR",NA,NA,30,1
"WYBas6-007",1,"interspace",0.5,15,"POPR",NA,NA,30,1
"WYBas6-007",1,"interspace",0.5,15,"POPR",NA,NA,30,1
"WYBas6-007",1,"interspace",0.5,15,"POPR",NA,NA,30,1
"WYBas6-007",1,"interspace",0.5,15,"POPR",NA,NA,30,1
"WYBas6-007",1,"interspace",0.5,15,"POPR",NA,NA,30,1
"WYBas6-007",1,"interspace",0.5,15,"POPR",NA,NA,30,1
"WYBas6-007",1,"interspace",0.5,15,"POPR",NA,NA,30,1
"WYBas6-007",1,"interspace",0.5,15,"POPR",NA,NA,30,1
"WYBas6-007",1,"interspace",0.5,15,"POPR",NA,NA,30,1
"WYBas6-007",1,"interspace",0.5,15,"POPR",NA,NA,30,1
"WYBas6-007",1,"interspace",0.5,15,"POPR",NA,NA,30,1
"WYBas6-007",1,"interspace",0.5,15,"POPR",NA,NA,30,1
"WYBas6-007",1,"interspace",0.5,15,"POPR",NA,NA,30,1
"WYBas6-007",1,"interspace",0.5,15,"POPR",NA,NA,30,1
"WYBas6-007",1,"interspace",0.5,15,"POPR",NA,NA,30,1
"WYBas6-007",1,"interspace",0.5,15,"POPR",NA,NA,30,1
"WYBas6-007",1,"interspace",0.5,15,"POPR",NA,NA,30,1
"WYBas6-007",1,"interspace",0.5,15,"ACMI2",NA,NA,10,1
"WYBas6-007",1,"canopy",1,20,"POPR",NA,NA,25,1
"WYBas6-007",1,"canopy",1,20,"LIPU11",30,25,26,1
"WYBas6-007",1,"canopy",1,20,"POPR",NA,NA,25,1
"WYBas6-007",1,"canopy",1,20,"POPR",NA,NA,25,1
"WYBas6-007",1,"canopy",1,20,"POPR",NA,NA,25,1
"WYBas6-007",1,"canopy",1,20,"POPR",NA,NA,25,1
"WYBas6-007",1,"canopy",1,20,"POPR",NA,NA,25,1
"WYBas6-007",1,"interspace",1,20,"POPR",NA,NA,20,1
"WYBas6-007",1,"interspace",1,20,"SYMPH4PF",1,1,8,1
"WYBas6-007",1,"interspace",1,20,"POPR",NA,NA,20,1
"WYBas6-007",1,"interspace",1,20,"POPR",NA,NA,20,1
"WYBas6-007",1,"interspace",1,20,"POPR",NA,NA,20,1
"WYBas6-007",1,"interspace",1,20,"POPR",NA,NA,20,1
"WYBas6-007",1,"interspace",1,20,"POPR",NA,NA,20,1
"WYBas6-007",1,"interspace",1,20,"POPR",NA,NA,20,1
"WYBas6-007",1,"interspace",1,20,"POPR",NA,NA,20,1
"WYBas6-007",1,"interspace",1,20,"POPR",NA,NA,20,1
"WYBas6-007",1,"interspace",1,20,"POPR",NA,NA,20,1
"WYBas6-007",1,"canopy",0.5,25,"OPPO",8,5,8,1
"WYBas6-007",1,"canopy",0.5,25,"LIPU11",13,11,17,1
"WYBas6-007",1,"canopy",1,25,"OPPO",2,2,5,1
"WYBas6-007",1,"canopy",1,25,"MARE11",11,7,10,1
"WYBas6-007",1,"canopy",1,25,"HECO26",5,2,9,1
"WYBas6-007",1,"interspace",1,25,"MARE11",3,2,8,1
"WYBas6-007",1,"interspace",1,25,"COUM",11,3,15,1
"WYBas6-007",1,"interspace",1,25,"COUM",4,4,11,1
"WYBas6-007",1,"interspace",1,25,"HECO26",3,3,12,1
"WYBas6-007",2,"canopy",1,5,"POPR",NA,NA,35,1
"WYBas6-007",2,"canopy",0.5,5,"ERHE2",30,24,15,1
"WYBas6-007",2,"canopy",1,5,"POPR",NA,NA,35,1
"WYBas6-007",2,"canopy",1,5,"POPR",NA,NA,35,1
"WYBas6-007",2,"canopy",1,5,"POPR",NA,NA,35,1
"WYBas6-007",2,"canopy",1,5,"POPR",NA,NA,35,1
"WYBas6-007",2,"canopy",1,5,"POPR",NA,NA,35,1
"WYBas6-007",2,"canopy",1,5,"POPR",NA,NA,35,1
"WYBas6-007",2,"canopy",1,5,"POPR",NA,NA,35,1
"WYBas6-007",2,"canopy",1,5,"POPR",NA,NA,35,1
"WYBas6-007",2,"canopy",1,5,"POPR",NA,NA,35,1
"WYBas6-007",2,"canopy",1,5,"POPR",NA,NA,35,1
"WYBas6-007",2,"canopy",1,5,"POPR",NA,NA,35,1
"WYBas6-007",2,"canopy",1,5,"POPR",NA,NA,35,1
"WYBas6-007",2,"canopy",1,5,"POPR",NA,NA,35,1
"WYBas6-007",2,"canopy",1,5,"POPR",NA,NA,35,1
"WYBas6-007",2,"canopy",1,5,"POPR",NA,NA,35,1
"WYBas6-007",2,"canopy",1,5,"POPR",NA,NA,35,1
"WYBas6-007",2,"canopy",1,5,"POPR",NA,NA,35,1
"WYBas6-007",2,"canopy",1,5,"POPR",NA,NA,35,1
"WYBas6-007",2,"canopy",1,5,"POPR",NA,NA,35,1
"WYBas6-007",2,"canopy",1,5,"POPR",NA,NA,35,1
"WYBas6-007",2,"canopy",1,5,"POPR",NA,NA,35,1
"WYBas6-007",2,"canopy",1,5,"POPR",NA,NA,35,1
"WYBas6-007",2,"canopy",1,5,"POPR",NA,NA,35,1
"WYBas6-007",2,"canopy",1,5,"POPR",NA,NA,35,1
"WYBas6-007",2,"canopy",1,5,"POPR",NA,NA,35,1
"WYBas6-007",2,"canopy",1,5,"POPR",NA,NA,35,1
"WYBas6-007",2,"canopy",1,5,"POPR",NA,NA,35,1
"WYBas6-007",2,"canopy",1,5,"POPR",NA,NA,35,1
"WYBas6-007",2,"canopy",1,5,"POPR",NA,NA,35,1
"WYBas6-007",2,"canopy",1,5,"POPR",NA,NA,35,1
"WYBas6-007",2,"canopy",1,5,"POPR",NA,NA,35,1
"WYBas6-007",2,"canopy",1,5,"POPR",NA,NA,35,1
"WYBas6-007",2,"canopy",1,5,"POPR",NA,NA,35,1
"WYBas6-007",2,"canopy",1,5,"POPR",NA,NA,35,1
"WYBas6-007",2,"canopy",1,5,"POPR",NA,NA,35,1
"WYBas6-007",2,"canopy",1,5,"POPR",NA,NA,35,1
"WYBas6-007",2,"canopy",1,5,"POPR",NA,NA,35,1
"WYBas6-007",2,"canopy",1,5,"POPR",NA,NA,35,1
"WYBas6-007",2,"canopy",1,5,"POPR",NA,NA,35,1
"WYBas6-007",2,"canopy",1,5,"POPR",NA,NA,35,1
"WYBas6-007",2,"canopy",1,5,"POPR",NA,NA,35,1
"WYBas6-007",2,"canopy",1,5,"POPR",NA,NA,35,1
"WYBas6-007",2,"canopy",1,5,"POPR",NA,NA,35,1
"WYBas6-007",2,"canopy",1,5,"POPR",NA,NA,35,1
"WYBas6-007",2,"canopy",1,5,"POPR",NA,NA,35,1
"WYBas6-007",2,"canopy",1,5,"POPR",NA,NA,35,1
"WYBas6-007",2,"canopy",1,5,"POPR",NA,NA,35,1
"WYBas6-007",2,"canopy",1,5,"POPR",NA,NA,35,1
"WYBas6-007",2,"canopy",1,5,"POPR",NA,NA,35,1
"WYBas6-007",2,"canopy",1,5,"POPR",NA,NA,35,1
"WYBas6-007",2,"canopy",1,5,"POPR",NA,NA,35,1
"WYBas6-007",2,"canopy",1,5,"POPR",NA,NA,35,1
"WYBas6-007",2,"canopy",1,5,"POPR",NA,NA,35,1
"WYBas6-007",2,"canopy",1,5,"POPR",NA,NA,35,1
"WYBas6-007",2,"canopy",1,5,"POPR",NA,NA,35,1
"WYBas6-007",2,"canopy",1,5,"POPR",NA,NA,35,1
"WYBas6-007",2,"canopy",1,5,"POPR",NA,NA,35,1
"WYBas6-007",2,"canopy",1,5,"POPR",NA,NA,35,1
"WYBas6-007",2,"canopy",1,5,"POPR",NA,NA,35,1
"WYBas6-007",2,"canopy",1,5,"POPR",NA,NA,35,1
"WYBas6-007",2,"canopy",1,5,"POPR",NA,NA,35,1
"WYBas6-007",2,"canopy",1,5,"POPR",NA,NA,35,1
"WYBas6-007",2,"canopy",1,5,"POPR",NA,NA,35,1
"WYBas6-007",2,"canopy",1,5,"POPR",NA,NA,35,1
"WYBas6-007",2,"canopy",1,5,"POPR",NA,NA,35,1
"WYBas6-007",2,"canopy",1,5,"POPR",NA,NA,35,1
"WYBas6-007",2,"canopy",1,5,"POPR",NA,NA,35,1
"WYBas6-007",2,"canopy",1,5,"POPR",NA,NA,35,1
"WYBas6-007",2,"canopy",1,5,"POPR",NA,NA,35,1
"WYBas6-007",2,"canopy",1,5,"POPR",NA,NA,35,1
"WYBas6-007",2,"canopy",1,5,"POPR",NA,NA,35,1
"WYBas6-007",2,"canopy",1,5,"POPR",NA,NA,35,1
"WYBas6-007",2,"canopy",1,5,"POPR",NA,NA,35,1
"WYBas6-007",2,"canopy",1,5,"POPR",NA,NA,35,1
"WYBas6-007",2,"canopy",1,5,"POPR",NA,NA,35,1
"WYBas6-007",2,"canopy",1,5,"POPR",NA,NA,35,1
"WYBas6-007",2,"canopy",1,5,"POPR",NA,NA,35,1
"WYBas6-007",2,"canopy",1,5,"POPR",NA,NA,35,1
"WYBas6-007",2,"canopy",1,5,"POPR",NA,NA,35,1
"WYBas6-007",2,"interspace",1,5,"POPR",NA,NA,35,1
"WYBas6-007",2,"interspace",1,5,"ERHE2",32,40,15,1
"WYBas6-007",2,"interspace",1,5,"POPR",NA,NA,35,1
"WYBas6-007",2,"interspace",1,5,"POPR",NA,NA,35,1
"WYBas6-007",2,"interspace",1,5,"POPR",NA,NA,35,1
"WYBas6-007",2,"interspace",1,5,"POPR",NA,NA,35,1
"WYBas6-007",2,"interspace",1,5,"POPR",NA,NA,35,1
"WYBas6-007",2,"interspace",1,5,"POPR",NA,NA,35,1
"WYBas6-007",2,"interspace",1,5,"POPR",NA,NA,35,1
"WYBas6-007",2,"interspace",1,5,"POPR",NA,NA,35,1
"WYBas6-007",2,"interspace",1,5,"POPR",NA,NA,35,1
"WYBas6-007",2,"interspace",1,5,"POPR",NA,NA,35,1
"WYBas6-007",2,"interspace",1,5,"POPR",NA,NA,35,1
"WYBas6-007",2,"interspace",1,5,"POPR",NA,NA,35,1
"WYBas6-007",2,"interspace",1,5,"POPR",NA,NA,35,1
"WYBas6-007",2,"interspace",1,5,"POPR",NA,NA,35,1
"WYBas6-007",2,"interspace",1,5,"POPR",NA,NA,35,1
"WYBas6-007",2,"interspace",1,5,"POPR",NA,NA,35,1
"WYBas6-007",2,"interspace",1,5,"POPR",NA,NA,35,1
"WYBas6-007",2,"interspace",1,5,"POPR",NA,NA,35,1
"WYBas6-007",2,"interspace",1,5,"POPR",NA,NA,35,1
"WYBas6-007",2,"interspace",1,5,"POPR",NA,NA,35,1
"WYBas6-007",2,"interspace",1,5,"POPR",NA,NA,35,1
"WYBas6-007",2,"interspace",1,5,"POPR",NA,NA,35,1
"WYBas6-007",2,"interspace",1,5,"POPR",NA,NA,35,1
"WYBas6-007",2,"interspace",1,5,"POPR",NA,NA,35,1
"WYBas6-007",2,"interspace",1,5,"POPR",NA,NA,35,1
"WYBas6-007",2,"interspace",1,5,"POPR",NA,NA,35,1
"WYBas6-007",2,"interspace",1,5,"POPR",NA,NA,35,1
"WYBas6-007",2,"interspace",1,5,"POPR",NA,NA,35,1
"WYBas6-007",2,"interspace",1,5,"POPR",NA,NA,35,1
"WYBas6-007",2,"interspace",1,5,"POPR",NA,NA,35,1
"WYBas6-007",2,"interspace",1,5,"POPR",NA,NA,35,1
"WYBas6-007",2,"interspace",1,5,"POPR",NA,NA,35,1
"WYBas6-007",2,"interspace",1,5,"POPR",NA,NA,35,1
"WYBas6-007",2,"interspace",1,5,"POPR",NA,NA,35,1
"WYBas6-007",2,"interspace",1,5,"POPR",NA,NA,35,1
"WYBas6-007",2,"interspace",1,5,"POPR",NA,NA,35,1
"WYBas6-007",2,"interspace",1,5,"POPR",NA,NA,35,1
"WYBas6-007",2,"interspace",1,5,"POPR",NA,NA,35,1
"WYBas6-007",2,"interspace",1,5,"POPR",NA,NA,35,1
"WYBas6-007",2,"interspace",1,5,"POPR",NA,NA,35,1
"WYBas6-007",2,"interspace",1,5,"POPR",NA,NA,35,1
"WYBas6-007",2,"interspace",1,5,"POPR",NA,NA,35,1
"WYBas6-007",2,"interspace",1,5,"POPR",NA,NA,35,1
"WYBas6-007",2,"interspace",1,5,"POPR",NA,NA,35,1
"WYBas6-007",2,"interspace",1,5,"POPR",NA,NA,35,1
"WYBas6-007",2,"interspace",1,5,"POPR",NA,NA,35,1
"WYBas6-007",2,"interspace",1,5,"POPR",NA,NA,35,1
"WYBas6-007",2,"interspace",1,5,"POPR",NA,NA,35,1
"WYBas6-007",2,"interspace",1,5,"POPR",NA,NA,35,1
"WYBas6-007",2,"interspace",1,5,"POPR",NA,NA,35,1
"WYBas6-007",2,"interspace",1,5,"POPR",NA,NA,35,1
"WYBas6-007",2,"interspace",1,5,"POPR",NA,NA,35,1
"WYBas6-007",2,"interspace",1,5,"POPR",NA,NA,35,1
"WYBas6-007",2,"interspace",1,5,"POPR",NA,NA,35,1
"WYBas6-007",2,"interspace",1,5,"POPR",NA,NA,35,1
"WYBas6-007",2,"interspace",1,5,"POPR",NA,NA,35,1
"WYBas6-007",2,"interspace",1,5,"POPR",NA,NA,35,1
"WYBas6-007",2,"interspace",1,5,"POPR",NA,NA,35,1
"WYBas6-007",2,"interspace",1,5,"POPR",NA,NA,35,1
"WYBas6-007",2,"canopy",1,10,"POPR",NA,NA,15,1
"WYBas6-007",2,"canopy",0.5,10,"HECO26",3,2,12,1
"WYBas6-007",2,"canopy",1,10,"POPR",NA,NA,15,1
"WYBas6-007",2,"canopy",1,10,"POPR",NA,NA,15,1
"WYBas6-007",2,"canopy",1,10,"POPR",NA,NA,15,1
"WYBas6-007",2,"canopy",1,10,"POPR",NA,NA,15,1
"WYBas6-007",2,"interspace",1,10,"ERHE2",14,12,13,1
"WYBas6-007",2,"interspace",1,10,"ELLA3",NA,NA,15,1
"WYBas6-007",2,"interspace",1,10,"POPR",NA,NA,10,1
"WYBas6-007",2,"interspace",1,10,"ELLA3",NA,NA,15,1
"WYBas6-007",2,"interspace",1,10,"ELLA3",NA,NA,15,1
"WYBas6-007",2,"interspace",1,10,"ELLA3",NA,NA,15,1
"WYBas6-007",2,"interspace",1,10,"ELLA3",NA,NA,15,1
"WYBas6-007",2,"interspace",1,10,"ELLA3",NA,NA,15,1
"WYBas6-007",2,"interspace",1,10,"ELLA3",NA,NA,15,1
"WYBas6-007",2,"interspace",1,10,"POPR",NA,NA,10,1
"WYBas6-007",2,"interspace",1,10,"POPR",NA,NA,10,1
"WYBas6-007",2,"interspace",1,10,"POPR",NA,NA,10,1
"WYBas6-007",2,"interspace",1,10,"POPR",NA,NA,10,1
"WYBas6-007",2,"interspace",1,10,"POPR",NA,NA,10,1
"WYBas6-007",2,"interspace",1,10,"POPR",NA,NA,10,1
"WYBas6-007",2,"interspace",1,10,"POPR",NA,NA,10,1
"WYBas6-007",2,"interspace",1,10,"POPR",NA,NA,10,1
"WYBas6-007",2,"interspace",1,10,"POPR",NA,NA,10,1
"WYBas6-007",2,"canopy",1,15,"BRAR5",NA,NA,20,1
"WYBas6-007",2,"canopy",1,15,"HECO26",5,3,15,1
"WYBas6-007",2,"canopy",1,15,"BRAR5",NA,NA,20,1
"WYBas6-007",2,"canopy",1,15,"BRAR5",NA,NA,20,1
"WYBas6-007",2,"canopy",1,15,"BRAR5",NA,NA,20,1
"WYBas6-007",2,"canopy",1,15,"BRAR5",NA,NA,20,1
"WYBas6-007",2,"canopy",1,15,"BRAR5",NA,NA,20,1
"WYBas6-007",2,"canopy",1,15,"BRAR5",NA,NA,20,1
"WYBas6-007",2,"canopy",1,15,"BRAR5",NA,NA,20,1
"WYBas6-007",2,"interspace",1,15,"BRAR5",NA,NA,15,1
"WYBas6-007",2,"interspace",1,15,"BRAR5",NA,NA,15,1
"WYBas6-007",2,"interspace",1,15,"BRAR5",NA,NA,15,1
"WYBas6-007",2,"interspace",1,15,"BRAR5",NA,NA,15,1
"WYBas6-007",2,"interspace",1,15,"BRAR5",NA,NA,15,1
"WYBas6-007",2,"interspace",1,15,"BRAR5",NA,NA,15,1
"WYBas6-007",2,"canopy",1,20,"HECO26",6,4,15,1
"WYBas6-007",2,"canopy",1,20,"BRAR5",NA,NA,15,1
"WYBas6-007",2,"canopy",1,20,"COLI2",NA,NA,4,1
"WYBas6-007",2,"canopy",1,20,"MIGR",NA,NA,4,1
"WYBas6-007",2,"canopy",1,20,"BRAR5",NA,NA,15,1
"WYBas6-007",2,"canopy",1,20,"BRAR5",NA,NA,15,1
"WYBas6-007",2,"canopy",1,20,"BRAR5",NA,NA,15,1
"WYBas6-007",2,"canopy",1,20,"BRAR5",NA,NA,15,1
"WYBas6-007",2,"canopy",1,20,"BRAR5",NA,NA,15,1
"WYBas6-007",2,"canopy",1,20,"BRAR5",NA,NA,15,1
"WYBas6-007",2,"interspace",0.5,20,"ERHE2",35,17,20,1
"WYBas6-007",2,"interspace",0.5,20,"BRAR5",NA,NA,9,1
"WYBas6-007",2,"interspace",0.5,20,"BRAR5",NA,NA,9,1
"WYBas6-007",2,"interspace",0.5,20,"BRAR5",NA,NA,9,1
"WYBas6-007",2,"interspace",0.5,20,"BRAR5",NA,NA,9,1
"WYBas6-007",2,"interspace",0.5,20,"BRAR5",NA,NA,9,1
"WYBas6-007",2,"interspace",0.5,20,"BRAR5",NA,NA,9,1
"WYBas6-007",2,"interspace",0.5,20,"BRAR5",NA,NA,9,1
"WYBas6-007",2,"interspace",0.5,20,"BRAR5",NA,NA,9,1
"WYBas6-007",2,"interspace",0.5,20,"BRAR5",NA,NA,9,1
"WYBas6-007",2,"interspace",0.5,20,"BRAR5",NA,NA,9,1
"WYBas6-007",2,"canopy",1,25,"POPR",NA,NA,45,1
"WYBas6-007",2,"canopy",1,25,"POPR",NA,NA,45,1
"WYBas6-007",2,"canopy",1,25,"POPR",NA,NA,45,1
"WYBas6-007",2,"canopy",1,25,"POPR",NA,NA,45,1
"WYBas6-007",2,"canopy",1,25,"POPR",NA,NA,45,1
"WYBas6-007",2,"canopy",1,25,"POPR",NA,NA,45,1
"WYBas6-007",2,"canopy",1,25,"POPR",NA,NA,45,1
"WYBas6-007",2,"canopy",1,25,"POPR",NA,NA,45,1
"WYBas6-007",2,"canopy",1,25,"POPR",NA,NA,45,1
"WYBas6-007",2,"canopy",1,25,"POPR",NA,NA,45,1
"WYBas6-007",2,"canopy",1,25,"POPR",NA,NA,45,1
"WYBas6-007",2,"canopy",1,25,"POPR",NA,NA,45,1
"WYBas6-007",2,"canopy",1,25,"POPR",NA,NA,45,1
"WYBas6-007",2,"canopy",1,25,"POPR",NA,NA,45,1
"WYBas6-007",2,"canopy",1,25,"POPR",NA,NA,45,1
"WYBas6-007",2,"canopy",1,25,"POPR",NA,NA,45,1
"WYBas6-007",2,"canopy",1,25,"POPR",NA,NA,45,1
"WYBas6-007",2,"canopy",1,25,"POPR",NA,NA,45,1
"WYBas6-007",2,"canopy",1,25,"POPR",NA,NA,45,1
"WYBas6-007",2,"canopy",1,25,"POPR",NA,NA,45,1
"WYBas6-007",2,"canopy",1,25,"POPR",NA,NA,45,1
"WYBas6-007",2,"canopy",1,25,"POPR",NA,NA,45,1
"WYBas6-007",2,"canopy",1,25,"POPR",NA,NA,45,1
"WYBas6-007",2,"canopy",1,25,"POPR",NA,NA,45,1
"WYBas6-007",2,"canopy",1,25,"POPR",NA,NA,45,1
"WYBas6-007",2,"canopy",1,25,"POPR",NA,NA,45,1
"WYBas6-007",2,"canopy",1,25,"POPR",NA,NA,45,1
"WYBas6-007",2,"canopy",1,25,"POPR",NA,NA,45,1
"WYBas6-007",2,"canopy",1,25,"POPR",NA,NA,45,1
"WYBas6-007",2,"canopy",1,25,"POPR",NA,NA,45,1
"WYBas6-007",2,"canopy",1,25,"POPR",NA,NA,45,1
"WYBas6-007",2,"canopy",1,25,"POPR",NA,NA,45,1
"WYBas6-007",2,"canopy",1,25,"POPR",NA,NA,45,1
"WYBas6-007",2,"canopy",1,25,"POPR",NA,NA,45,1
"WYBas6-007",2,"canopy",1,25,"POPR",NA,NA,45,1
"WYBas6-007",2,"canopy",1,25,"POPR",NA,NA,45,1
"WYBas6-007",2,"canopy",1,25,"POPR",NA,NA,45,1
"WYBas6-007",2,"canopy",1,25,"POPR",NA,NA,45,1
"WYBas6-007",2,"canopy",1,25,"POPR",NA,NA,45,1
"WYBas6-007",2,"canopy",1,25,"POPR",NA,NA,45,1
"WYBas6-007",2,"canopy",1,25,"POPR",NA,NA,45,1
"WYBas6-007",2,"canopy",1,25,"POPR",NA,NA,45,1
"WYBas6-007",2,"canopy",1,25,"POPR",NA,NA,45,1
"WYBas6-007",2,"canopy",1,25,"POPR",NA,NA,45,1
"WYBas6-007",2,"canopy",1,25,"POPR",NA,NA,45,1
"WYBas6-007",2,"canopy",1,25,"POPR",NA,NA,45,1
"WYBas6-007",2,"canopy",1,25,"POPR",NA,NA,45,1
"WYBas6-007",2,"canopy",1,25,"POPR",NA,NA,45,1
"WYBas6-007",2,"canopy",1,25,"POPR",NA,NA,45,1
"WYBas6-007",2,"canopy",1,25,"POPR",NA,NA,45,1
"WYBas6-007",2,"canopy",1,25,"POPR",NA,NA,45,1
"WYBas6-007",2,"canopy",1,25,"POPR",NA,NA,45,1
"WYBas6-007",2,"canopy",1,25,"POPR",NA,NA,45,1
"WYBas6-007",2,"canopy",1,25,"POPR",NA,NA,45,1
"WYBas6-007",2,"canopy",1,25,"POPR",NA,NA,45,1
"WYBas6-007",2,"canopy",1,25,"POPR",NA,NA,45,1
"WYBas6-007",2,"canopy",1,25,"POPR",NA,NA,45,1
"WYBas6-007",2,"canopy",1,25,"POPR",NA,NA,45,1
"WYBas6-007",2,"canopy",1,25,"POPR",NA,NA,45,1
"WYBas6-007",2,"canopy",1,25,"POPR",NA,NA,45,1
"WYBas6-007",2,"interspace",1,25,"POPR",NA,NA,35,1
"WYBas6-007",2,"interspace",1,25,"ACMI2",NA,NA,14,1
"WYBas6-007",2,"interspace",1,25,"POPR",NA,NA,35,1
"WYBas6-007",2,"interspace",1,25,"POPR",NA,NA,35,1
"WYBas6-007",2,"interspace",1,25,"POPR",NA,NA,35,1
"WYBas6-007",2,"interspace",1,25,"POPR",NA,NA,35,1
"WYBas6-007",2,"interspace",1,25,"POPR",NA,NA,35,1
"WYBas6-007",2,"interspace",1,25,"ACMI2",NA,NA,14,1
"WYBas6-007",3,"canopy",1,5,"HECO26",10,5,35,1
"WYBas6-007",3,"canopy",1,5,"HECO26",5,4,35,1
"WYBas6-007",3,"canopy",1,5,"HECO26",3,3,30,1
"WYBas6-007",3,"canopy",1,5,"HECO26",3,3,7,1
"WYBas6-007",3,"canopy",1,5,"HECO26",1,3,4,1
"WYBas6-007",3,"canopy",1,5,"POPR",NA,NA,17,1
"WYBas6-007",3,"interspace",0,5,"POPR",NA,NA,22,1
"WYBas6-007",3,"interspace",0,5,"HECO26",10,4,30,1
"WYBas6-007",3,"interspace",0,5,"ANMI3",5,5,4,1
"WYBas6-007",3,"interspace",0,5,"ANMI3",3,2,5,1
"WYBas6-007",3,"interspace",0,5,"HECO26",8,3,30,1
"WYBas6-007",3,"interspace",0,5,"POPR",NA,NA,22,1
"WYBas6-007",3,"interspace",0,5,"POPR",NA,NA,22,1
"WYBas6-007",3,"interspace",0,5,"POPR",NA,NA,22,1
"WYBas6-007",3,"interspace",0,5,"POPR",NA,NA,22,1
"WYBas6-007",3,"interspace",0,5,"POPR",NA,NA,22,1
"WYBas6-007",3,"interspace",0,5,"POPR",NA,NA,22,1
"WYBas6-007",3,"interspace",0,5,"POPR",NA,NA,22,1
"WYBas6-007",3,"interspace",0,5,"POPR",NA,NA,22,1
"WYBas6-007",3,"interspace",0,5,"POPR",NA,NA,22,1
"WYBas6-007",3,"interspace",0,5,"POPR",NA,NA,22,1
"WYBas6-007",3,"interspace",0,5,"POPR",NA,NA,22,1
"WYBas6-007",3,"interspace",0,5,"POPR",NA,NA,22,1
"WYBas6-007",3,"interspace",0,5,"POPR",NA,NA,22,1
"WYBas6-007",3,"interspace",0,5,"POPR",NA,NA,22,1
"WYBas6-007",3,"interspace",0,5,"POPR",NA,NA,22,1
"WYBas6-007",3,"interspace",0,5,"POPR",NA,NA,22,1
"WYBas6-007",3,"interspace",0,5,"POPR",NA,NA,22,1
"WYBas6-007",3,"interspace",0,5,"POPR",NA,NA,22,1
"WYBas6-007",3,"interspace",0,5,"POPR",NA,NA,22,1
"WYBas6-007",3,"canopy",1,10,"ELLA3",NA,NA,35,1
"WYBas6-007",3,"canopy",1,10,"POPR",NA,NA,25,1
"WYBas6-007",3,"canopy",1,10,"PHLO2",3,3,7,1
"WYBas6-007",3,"canopy",1,10,"POPR",NA,NA,25,1
"WYBas6-007",3,"canopy",1,10,"POPR",NA,NA,25,1
"WYBas6-007",3,"interspace",1,10,"HECO26",8,4,30,1
"WYBas6-007",3,"interspace",1,10,"POPR",NA,NA,30,1
"WYBas6-007",3,"interspace",1,10,"POPR",NA,NA,30,1
"WYBas6-007",3,"interspace",1,10,"POPR",NA,NA,30,1
"WYBas6-007",3,"canopy",1,15,"VINU2",3,3,7,1
"WYBas6-007",3,"canopy",1,15,"ACMI2",NA,NA,12,1
"WYBas6-007",3,"interspace",1,15,"ELLA3",NA,NA,30,1
"WYBas6-007",3,"canopy",1,20,"POPR",NA,NA,25,1
"WYBas6-007",3,"interspace",0,20,"SYMPH4PF",NA,NA,10,1
"WYBas6-007",3,"interspace",0,20,"ARSO2",NA,NA,10,1
"WYBas6-007",3,"interspace",0,20,"ERHE2",18,6,14,1
"WYBas6-007",3,"interspace",0,20,"ERHE2",30,15,14,1
"WYBas6-007",3,"interspace",0,20,"ELLA3",NA,NA,30,1
"WYBas6-007",3,"interspace",0,20,"POPR",NA,NA,20,1
"WYBas6-007",3,"interspace",0,20,"SYMPH4PF",NA,NA,10,1
"WYBas6-007",3,"interspace",0,20,"SYMPH4PF",NA,NA,10,1
"WYBas6-007",3,"interspace",0,20,"SYMPH4PF",NA,NA,10,1
"WYBas6-007",3,"interspace",0,20,"ARSO2",NA,NA,10,1
"WYBas6-007",3,"interspace",0,20,"ARSO2",NA,NA,10,1
"WYBas6-007",3,"interspace",0,20,"ELLA3",NA,NA,30,1
"WYBas6-007",3,"interspace",0,20,"POPR",NA,NA,20,1
"WYBas6-007",3,"interspace",0,20,"POPR",NA,NA,20,1
"WYBas6-007",3,"interspace",0,20,"POPR",NA,NA,20,1
"WYBas6-007",3,"interspace",0,20,"POPR",NA,NA,20,1
"WYBas6-007",3,"interspace",0,20,"POPR",NA,NA,20,1
"WYBas6-007",3,"canopy",1,25,"ELLA3",NA,NA,18,1
"WYBas6-007",3,"canopy",1,25,"CAVA3",NA,NA,6,1
"WYBas6-007",3,"canopy",1,25,"PODO4",NA,NA,4,1
"WYBas6-007",3,"canopy",1,25,"MIGR",NA,NA,3,1
"WYBas6-007",3,"canopy",1,25,"ELLA3",NA,NA,18,1
"WYBas6-007",3,"canopy",1,25,"ELLA3",NA,NA,18,1
"WYBas6-007",3,"canopy",1,25,"ELLA3",NA,NA,18,1
"WYBas6-007",3,"canopy",1,25,"ELLA3",NA,NA,18,1
"WYBas6-007",3,"canopy",1,25,"ELLA3",NA,NA,18,1
"WYBas6-007",3,"canopy",1,25,"ELLA3",NA,NA,18,1
"WYBas6-007",3,"canopy",1,25,"ELLA3",NA,NA,18,1
"WYBas6-007",3,"canopy",1,25,"CAVA3",NA,NA,6,1
"WYBas6-007",3,"canopy",1,25,"PODO4",NA,NA,4,1
"WYBas6-007",3,"interspace",0.5,25,"ELLA3",NA,NA,25,1
"WYBas6-007",3,"interspace",0.5,25,"ELLA3",NA,NA,25,1
"WYBas6-007",3,"interspace",0.5,25,"ELLA3",NA,NA,25,1
"WYBas6-007",3,"interspace",0.5,25,"ELLA3",NA,NA,25,1
"WYBas6-007",3,"interspace",0.5,25,"ELLA3",NA,NA,25,1
"WYBas6-007",3,"interspace",0.5,25,"ELLA3",NA,NA,25,1
"WYBasX-001",1,"canopy",1,5,"ARLI",3,3,4,1
"WYBasX-001",1,"canopy",1,5,"ELEL5",2,1,22,1
"WYBasX-001",1,"canopy",1,5,"ELEL5",1,1,8,1
"WYBasX-001",1,"canopy",1,5,"ELEL5",1,1,10,1
"WYBasX-001",1,"canopy",1,5,"ELEL5",3,2,20,1
"WYBasX-001",1,"interspace",1,5,"HECO26",1,1,16,1
"WYBasX-001",1,"interspace",0.5,5,"BOGR2",5,3,7,1
"WYBasX-001",1,"interspace",0,5,"BOGR2",3,3,4,1
"WYBasX-001",1,"interspace",0,5,"BOGR2",9,3,4,1
"WYBasX-001",1,"interspace",0,5,"GARA2",NA,NA,5,1
"WYBasX-001",1,"interspace",0,5,"HECO26",11,6,16,1
"WYBasX-001",1,"interspace",0,5,"GARA2",NA,NA,5,1
"WYBasX-001",1,"canopy",0.5,10,"COUM",9,20,7,1
"WYBasX-001",1,"canopy",1,10,"ELEL5",9,6,30,1
"WYBasX-001",1,"canopy",0,10,"HECO26",6,3,16,1
"WYBasX-001",1,"canopy",1,10,"GARA2",NA,NA,11,1
"WYBasX-001",1,"canopy",1,10,"HECO26",2,2,15,1
"WYBasX-001",1,"canopy",1,10,"HECO26",1,1,7,1
"WYBasX-001",1,"canopy",1,10,"COUM",6,12,25,1
"WYBasX-001",1,"canopy",1,10,"GARA2",NA,NA,11,1
"WYBasX-001",1,"interspace",0,10,"ERMI4",14,9,14,1
"WYBasX-001",1,"interspace",0,10,"HECO26",3,2,8,1
"WYBasX-001",1,"interspace",0,10,"HECO26",7,4,18,1
"WYBasX-001",1,"canopy",0,15,"HECO26",4,3,16,1
"WYBasX-001",1,"canopy",0,15,"COUM",11,7,13,1
"WYBasX-001",1,"canopy",0,15,"HECO26",6,4,15,1
"WYBasX-001",1,"canopy",0,15,"GUSA2",9,7,19,1
"WYBasX-001",1,"canopy",0,15,"COUM",11,15,19,1
"WYBasX-001",1,"canopy",0,15,"COUM",11,5,13,1
"WYBasX-001",1,"interspace",0,15,"ASDR3",4,20,25,1
"WYBasX-001",1,"interspace",0,15,"BOGR2",3,3,4,1
"WYBasX-001",1,"interspace",0,15,"HECO26",5,5,17,1
"WYBasX-001",1,"interspace",0,15,"BOGR2",10,6,5,1
"WYBasX-001",1,"interspace",0,15,"COUM",14,10,18,1
"WYBasX-001",1,"interspace",0,15,"COUM",2,2,14,1
"WYBasX-001",1,"interspace",0,15,"COUM",8,2,12,1
"WYBasX-001",1,"interspace",0,15,"BOGR2",8,5,6,1
"WYBasX-001",1,"interspace",0,15,"HECO26",6,5,12,1
"WYBasX-001",1,"interspace",0,15,"ARLI",1,1,1,1
"WYBasX-001",1,"canopy",1,20,"ARFR4",18,14,25,1
"WYBasX-001",1,"canopy",1,20,"ELEL5",1,1,23,1
"WYBasX-001",1,"canopy",1,20,"ELEL5",1,1,30,1
"WYBasX-001",1,"interspace",0,20,"ELLA3",NA,NA,17,1
"WYBasX-001",1,"interspace",0,20,"COUM",7,4,12,1
"WYBasX-001",1,"interspace",0,20,"COUM",14,6,18,1
"WYBasX-001",1,"interspace",0,20,"BOGR2",3,2,3,1
"WYBasX-001",1,"interspace",0,20,"BOGR2",3,3,3,1
"WYBasX-001",1,"interspace",0,20,"ERPU2",4,2,4,1
"WYBasX-001",1,"interspace",0,20,"GARA2",NA,NA,7,1
"WYBasX-001",1,"interspace",0,20,"BOGR2",5,3,3,1
"WYBasX-001",1,"interspace",0,20,"BOGR2",6,3,5,1
"WYBasX-001",1,"interspace",0,20,"BOGR2",2,1,3,1
"WYBasX-001",1,"interspace",0,20,"ERPU2",2,2,5,1
"WYBasX-001",1,"interspace",0,20,"ELLA3",NA,NA,17,1
"WYBasX-001",1,"interspace",0,20,"ELLA3",NA,NA,17,1
"WYBasX-001",1,"interspace",0,20,"ELLA3",NA,NA,17,1
"WYBasX-001",1,"interspace",0,20,"ELLA3",NA,NA,17,1
"WYBasX-001",1,"interspace",0,20,"ELLA3",NA,NA,17,1
"WYBasX-001",1,"interspace",0,20,"ELLA3",NA,NA,17,1
"WYBasX-001",1,"interspace",0,20,"ELLA3",NA,NA,17,1
"WYBasX-001",1,"interspace",0,20,"ELLA3",NA,NA,17,1
"WYBasX-001",1,"interspace",0,20,"ELLA3",NA,NA,17,1
"WYBasX-001",1,"interspace",0,20,"ELLA3",NA,NA,17,1
"WYBasX-001",1,"interspace",0,20,"ELLA3",NA,NA,17,1
"WYBasX-001",1,"interspace",0,20,"ELLA3",NA,NA,17,1
"WYBasX-001",1,"interspace",0,20,"ELLA3",NA,NA,17,1
"WYBasX-001",1,"interspace",0,20,"ELLA3",NA,NA,17,1
"WYBasX-001",1,"interspace",0,20,"ELLA3",NA,NA,17,1
"WYBasX-001",1,"interspace",0,20,"ELLA3",NA,NA,17,1
"WYBasX-001",1,"canopy",1,25,"ELEL5",2,1,45,1
"WYBasX-001",1,"interspace",0.5,25,"PASM",NA,NA,25,1
"WYBasX-001",1,"interspace",0.5,25,"PASM",NA,NA,25,1
"WYBasX-001",1,"interspace",0.5,25,"PASM",NA,NA,25,1
"WYBasX-001",1,"interspace",0.5,25,"PASM",NA,NA,25,1
"WYBasX-001",1,"interspace",0.5,25,"PASM",NA,NA,25,1
"WYBasX-001",1,"interspace",0.5,25,"PASM",NA,NA,25,1
"WYBasX-001",1,"interspace",0.5,25,"PASM",NA,NA,25,1
"WYBasX-001",1,"interspace",0.5,25,"PASM",NA,NA,25,1
"WYBasX-001",1,"interspace",0.5,25,"PASM",NA,NA,25,1
"WYBasX-001",1,"interspace",0.5,25,"PASM",NA,NA,25,1
"WYBasX-001",1,"interspace",0.5,25,"PASM",NA,NA,25,1
"WYBasX-001",1,"interspace",0.5,25,"PASM",NA,NA,25,1
"WYBasX-001",1,"interspace",0.5,25,"PASM",NA,NA,25,1
"WYBasX-001",1,"interspace",0.5,25,"PASM",NA,NA,25,1
"WYBasX-001",1,"interspace",0.5,25,"PASM",NA,NA,25,1
"WYBasX-001",1,"interspace",0.5,25,"PASM",NA,NA,25,1
"WYBasX-001",1,"interspace",0.5,25,"PASM",NA,NA,25,1
"WYBasX-001",2,"canopy",1,5,"HECO26",3,3,16,1
"WYBasX-001",2,"interspace",0,5,"ARLI",1,1,1,1
"WYBasX-001",2,"interspace",0,5,"HECO26",3,3,17,1
"WYBasX-001",2,"canopy",1,10,"ERPU2",5,4,6,1
"WYBasX-001",2,"canopy",1,10,"HECO26",2,2,15,1
"WYBasX-001",2,"canopy",1,10,"ELEL5",3,3,35,1
"WYBasX-001",2,"interspace",1,10,"HECO26",4,4,20,1
"WYBasX-001",2,"interspace",0,10,"COUM",3,3,16,1
"WYBasX-001",2,"canopy",0.5,15,"HECO26",4,4,20,1
"WYBasX-001",2,"canopy",1,15,"HECO26",1,1,20,1
"WYBasX-001",2,"canopy",1,15,"ERPU2",5,5,16,1
"WYBasX-001",2,"canopy",1,15,"HYRI",4,4,6,1
"WYBasX-001",2,"canopy",1,15,"ARLI",1,1,1,1
"WYBasX-001",2,"canopy",1,15,"ERPU2",2,2,5,1
"WYBasX-001",2,"canopy",1,15,"COUM",3,3,16,1
"WYBasX-001",2,"interspace",0,15,"PASM",NA,NA,21,1
"WYBasX-001",2,"interspace",0,15,"GARA2",NA,NA,5,1
"WYBasX-001",2,"canopy",1,20,"HECO26",2,2,16,1
"WYBasX-001",2,"canopy",1,20,"HECO26",4,3,14,1
"WYBasX-001",2,"canopy",1,20,"HECO26",2,3,18,1
"WYBasX-001",2,"interspace",0,20,"BOGR2",4,3,3,1
"WYBasX-001",2,"interspace",0,20,"HECO26",4,3,12,1
"WYBasX-001",2,"canopy",0.5,25,"BOGR2",20,10,7,1
"WYBasX-001",2,"interspace",0,25,"NO PLANTS",NA,NA,NA,0
"WYBasX-001",3,"canopy",0,5,"COUM",18,5,12,1
"WYBasX-001",3,"canopy",0,5,"COUM",14,14,13,1
"WYBasX-001",3,"canopy",0,5,"ARFR4",20,13,11,1
"WYBasX-001",3,"canopy",0,5,"HECO26",1,1,3,1
"WYBasX-001",3,"canopy",0,5,"HECO26",1,1,11,1
"WYBasX-001",3,"interspace",0,5,"HECO26",8,6,21,1
"WYBasX-001",3,"interspace",0,5,"HECO26",4,3,15,1
"WYBasX-001",3,"interspace",0,5,"HECO26",1,1,6,1
"WYBasX-001",3,"canopy",0,10,"HECO26",1,1,17,1
"WYBasX-001",3,"canopy",0,10,"HECO26",3,2,16,1
"WYBasX-001",3,"canopy",1,10,"ELEL5",2,1,28,1
"WYBasX-001",3,"interspace",0,10,"HECO26",6,5,16,1
"WYBasX-001",3,"interspace",0,10,"BOGR2",9,3,5,1
"WYBasX-001",3,"interspace",0,10,"BOGR2",1,2,5,1
"WYBasX-001",3,"interspace",0,10,"PEAU2",11,10,8,1
"WYBasX-001",3,"interspace",0,10,"BOGR2",2,2,5,1
"WYBasX-001",3,"interspace",0,10,"BOGR2",3,2,5,1
"WYBasX-001",3,"interspace",0,10,"ERPU2",3,3,7,1
"WYBasX-001",3,"interspace",0,10,"BOGR2",10,5,5,1
"WYBasX-001",3,"interspace",0,10,"BOGR2",2,1,3,1
"WYBasX-001",3,"interspace",0,10,"BOGR2",3,3,6,1
"WYBasX-001",3,"interspace",0,10,"BOGR2",8,7,5,1
"WYBasX-001",3,"interspace",0,10,"BOGR2",2,2,5,1
"WYBasX-001",3,"interspace",0,10,"BOGR2",9,6,9,1
"WYBasX-001",3,"interspace",0,10,"BOGR2",2,2,3,1
"WYBasX-001",3,"canopy",1,15,"HECO26",2,3,19,1
"WYBasX-001",3,"canopy",1,15,"HECO26",1,1,19,1
"WYBasX-001",3,"canopy",1,15,"ASTRAPF",75,50,24,1
"WYBasX-001",3,"canopy",1,15,"HECO26",4,3,16,1
"WYBasX-001",3,"interspace",1,15,"NO GAPS >60 cm",NA,NA,NA,1
"WYBasX-001",3,"canopy",0,17.5,"LIPU11",1,1,4,1
"WYBasX-001",3,"canopy",0.5,17.5,"GUSA2",5,4,12,1
"WYBasX-001",3,"canopy",1,17.5,"HECO26",3,3,20,1
"WYBasX-001",3,"canopy",1,17.5,"HECO26",1,1,15,1
"WYBasX-001",3,"canopy",0,17.5,"HECO26",1,1,9,1
"WYBasX-001",3,"interspace",0,17.5,"HECO26",3,3,11,1
"WYBasX-001",3,"canopy",0,20,"BOGR2",1,2,4,1
"WYBasX-001",3,"canopy",1,20,"GUSA2",3,3,7,1
"WYBasX-001",3,"canopy",1,20,"ARLI",2,2,2,1
"WYBasX-001",3,"interspace",0,20,"HECO26",7,5,15,1
"WYBasX-001",3,"interspace",0,20,"BOGR2",13,5,3,1
"WYBasX-001",3,"interspace",0,20,"BOGR2",11,8,4,1
"WYBasX-001",3,"canopy",0,25,"HECO26",1,1,15,1
"WYBasX-001",3,"canopy",0,25,"HECO26",1,1,7,1
"WYBasX-001",3,"canopy",0,25,"BOGR2",4,4,5,1
"WYBasX-001",3,"interspace",0,25,"HECO26",5,4,15,1
