"plot","transect","point","toplayer","layer1","layer2","layer3","layer4","soilsurface","toplayer_dead","layer1_dead","layer2_dead","layer3_dead","layer4_dead","soilsurface_dead"
"CP3-012",1,0.5,"N","HL","","","","S",0,0,0,0,0,0
"CP3-012",1,1,"ARNO4","HL","","","","GR",0,0,0,0,0,0
"CP3-012",1,1.5,"POSE","HL","","","","S",1,0,0,0,0,0
"CP3-012",1,2,"N","","","","","CB",0,0,0,0,0,0
"CP3-012",1,2.5,"N","","","","","GR",0,0,0,0,0,0
"CP3-012",1,3,"N","","","","","GR",0,0,0,0,0,0
"CP3-012",1,3.5,"N","","","","","GR",0,0,0,0,0,0
"CP3-012",1,4,"N","","","","","GR",0,0,0,0,0,0
"CP3-012",1,4.5,"N","","","","","CB",0,0,0,0,0,0
"CP3-012",1,5,"N","","","","","S",0,0,0,0,0,0
"CP3-012",1,5.5,"N","","","","","GR",0,0,0,0,0,0
"CP3-012",1,6,"ARNO4","ACHY","HL","","","S",0,0,0,0,0,0
"CP3-012",1,6.5,"ARNO4","ACHY","HL","","","S",0,0,0,0,0,0
"CP3-012",1,7,"N","","","","","GR",0,0,0,0,0,0
"CP3-012",1,7.5,"N","","","","","GR",0,0,0,0,0,0
"CP3-012",1,8,"N","","","","","GR",0,0,0,0,0,0
"CP3-012",1,8.5,"ARNO4","","","","","GR",0,0,0,0,0,0
"CP3-012",1,9,"N","","","","","GR",0,0,0,0,0,0
"CP3-012",1,9.5,"N","HL","","","","S",0,0,0,0,0,0
"CP3-012",1,10,"N","","","","","GR",0,0,0,0,0,0
"CP3-012",1,10.5,"N","","","","","S",0,0,0,0,0,0
"CP3-012",1,11,"N","","","","","GR",0,0,0,0,0,0
"CP3-012",1,11.5,"N","","","","","GR",0,0,0,0,0,0
"CP3-012",1,12,"N","","","","","GR",0,0,0,0,0,0
"CP3-012",1,12.5,"N","","","","","ST",0,0,0,0,0,0
"CP3-012",1,13,"N","","","","","GR",0,0,0,0,0,0
"CP3-012",1,13.5,"PLJA","","","","","S",0,0,0,0,0,0
"CP3-012",1,14,"N","HL","","","","S",0,0,0,0,0,0
"CP3-012",1,14.5,"N","","","","","S",0,0,0,0,0,0
"CP3-012",1,15,"PG000","ARNO4","HL","","","S",1,1,0,0,0,0
"CP3-012",1,15.5,"CHVI8","HL","","","","S",0,0,0,0,0,0
"CP3-012",1,16,"N","","","","","GR",0,0,0,0,0,0
"CP3-012",1,16.5,"N","","","","","S",0,0,0,0,0,0
"CP3-012",1,17,"N","","","","","S",0,0,0,0,0,0
"CP3-012",1,17.5,"N","","","","","GR",0,0,0,0,0,0
"CP3-012",1,18,"ARNO4","","","","","S",1,0,0,0,0,0
"CP3-012",1,18.5,"N","","","","","S",0,0,0,0,0,0
"CP3-012",1,19,"N","","","","","GR",0,0,0,0,0,0
"CP3-012",1,19.5,"N","","","","","GR",0,0,0,0,0,0
"CP3-012",1,20,"ARNO4","HL","","","","S",1,0,0,0,0,0
"CP3-012",1,20.5,"N","","","","","S",0,0,0,0,0,0
"CP3-012",1,21,"N","","","","","GR",0,0,0,0,0,0
"CP3-012",1,21.5,"N","","","","","S",0,0,0,0,0,0
"CP3-012",1,22,"N","","","","","S",0,0,0,0,0,0
"CP3-012",1,22.5,"N","","","","","GR",0,0,0,0,0,0
"CP3-012",1,23,"N","","","","","GR",0,0,0,0,0,0
"CP3-012",1,23.5,"N","","","","","GR",0,0,0,0,0,0
"CP3-012",1,24,"N","","","","","S",0,0,0,0,0,0
"CP3-012",1,24.5,"N","","","","","GR",0,0,0,0,0,0
"CP3-012",1,25,"ARNO4","","","","","S",0,0,0,0,0,0
"CP3-012",2,0.5,"ARNO4","HL","","","","S",0,0,0,0,0,0
"CP3-012",2,1,"N","HL","","","","S",0,0,0,0,0,0
"CP3-012",2,1.5,"N","","","","","S",0,0,0,0,0,0
"CP3-012",2,2,"ARNO4","HL","","","","S",0,0,0,0,0,0
"CP3-012",2,2.5,"N","","","","","S",0,0,0,0,0,0
"CP3-012",2,3,"ARNO4","PG000","HL","","","S",0,1,0,0,0,0
"CP3-012",2,3.5,"N","","","","","GR",0,0,0,0,0,0
"CP3-012",2,4,"BOGR2","","","","","BOGR2",0,0,0,0,0,0
"CP3-012",2,4.5,"ARNO4","","","","","S",1,0,0,0,0,0
"CP3-012",2,5,"N","HL","","","","S",0,0,0,0,0,0
"CP3-012",2,5.5,"ARNO4","BRTE","HL","","","S",0,1,0,0,0,0
"CP3-012",2,6,"N","","","","","S",0,0,0,0,0,0
"CP3-012",2,6.5,"PLJA","HL","","","","S",0,0,0,0,0,0
"CP3-012",2,7,"N","HL","","","","S",0,0,0,0,0,0
"CP3-012",2,7.5,"TENU2","HL","","","","S",0,0,0,0,0,0
"CP3-012",2,8,"N","HL","","","","S",0,0,0,0,0,0
"CP3-012",2,8.5,"ARNO4","ELEL5","HL","","","S",0,0,0,0,0,0
"CP3-012",2,9,"ARNO4","HL","","","","S",0,0,0,0,0,0
"CP3-012",2,9.5,"N","HL","","","","S",0,0,0,0,0,0
"CP3-012",2,10,"N","HL","","","","S",0,0,0,0,0,0
"CP3-012",2,10.5,"N","","","","","S",0,0,0,0,0,0
"CP3-012",2,11,"BOGR2","HL","","","","S",1,0,0,0,0,0
"CP3-012",2,11.5,"PLJA","HL","","","","S",0,0,0,0,0,0
"CP3-012",2,12,"N","","","","","GR",0,0,0,0,0,0
"CP3-012",2,12.5,"N","","","","","S",0,0,0,0,0,0
"CP3-012",2,13,"N","","","","","GR",0,0,0,0,0,0
"CP3-012",2,13.5,"N","","","","","S",0,0,0,0,0,0
"CP3-012",2,14,"N","","","","","S",0,0,0,0,0,0
"CP3-012",2,14.5,"N","","","","","S",0,0,0,0,0,0
"CP3-012",2,15,"N","HL","","","","S",0,0,0,0,0,0
"CP3-012",2,15.5,"N","","","","","S",0,0,0,0,0,0
"CP3-012",2,16,"ARNO4","HL","","","","S",1,0,0,0,0,0
"CP3-012",2,16.5,"N","","","","","S",0,0,0,0,0,0
"CP3-012",2,17,"N","HL","","","","S",0,0,0,0,0,0
"CP3-012",2,17.5,"N","","","","","S",0,0,0,0,0,0
"CP3-012",2,18,"BOGR2","HL","","","","S",0,0,0,0,0,0
"CP3-012",2,18.5,"N","","","","","S",0,0,0,0,0,0
"CP3-012",2,19,"N","","","","","S",0,0,0,0,0,0
"CP3-012",2,19.5,"N","","","","","S",0,0,0,0,0,0
"CP3-012",2,20,"N","","","","","S",0,0,0,0,0,0
"CP3-012",2,20.5,"N","HL","","","","S",0,0,0,0,0,0
"CP3-012",2,21,"N","HL","","","","S",0,0,0,0,0,0
"CP3-012",2,21.5,"N","","","","","GR",0,0,0,0,0,0
"CP3-012",2,22,"N","","","","","S",0,0,0,0,0,0
"CP3-012",2,22.5,"BRTE","HL","","","","S",0,0,0,0,0,0
"CP3-012",2,23,"BOGR2","","","","","S",1,0,0,0,0,0
"CP3-012",2,23.5,"N","","","","","S",0,0,0,0,0,0
"CP3-012",2,24,"N","HL","","","","S",0,0,0,0,0,0
"CP3-012",2,24.5,"N","HL","","","","S",0,0,0,0,0,0
"CP3-012",2,25,"N","","","","","S",0,0,0,0,0,0
"CP3-012",3,0.5,"BOGR2","","","","","BOGR2",0,0,0,0,0,0
"CP3-012",3,1,"N","","","","","GR",0,0,0,0,0,0
"CP3-012",3,1.5,"N","","","","","GR",0,0,0,0,0,0
"CP3-012",3,2,"N","","","","","S",0,0,0,0,0,0
"CP3-012",3,2.5,"N","","","","","GR",0,0,0,0,0,0
"CP3-012",3,3,"N","HL","","","","S",0,0,0,0,0,0
"CP3-012",3,3.5,"N","","","","","GR",0,0,0,0,0,0
"CP3-012",3,4,"ARNO4","HL","","","","ARNO4",0,0,0,0,0,0
"CP3-012",3,4.5,"N","","","","","GR",0,0,0,0,0,0
"CP3-012",3,5,"ARNO4","HL","","","","S",0,0,0,0,0,0
"CP3-012",3,5.5,"N","HL","","","","GR",0,0,0,0,0,0
"CP3-012",3,6,"ARNO4","","","","","S",0,0,0,0,0,0
"CP3-012",3,6.5,"N","","","","","S",0,0,0,0,0,0
"CP3-012",3,7,"ARNO4","","","","","S",0,0,0,0,0,0
"CP3-012",3,7.5,"N","","","","","CB",0,0,0,0,0,0
"CP3-012",3,8,"N","","","","","S",0,0,0,0,0,0
"CP3-012",3,8.5,"N","","","","","GR",0,0,0,0,0,0
"CP3-012",3,9,"N","HL","","","","S",0,0,0,0,0,0
"CP3-012",3,9.5,"N","","","","","GR",0,0,0,0,0,0
"CP3-012",3,10,"N","","","","","S",0,0,0,0,0,0
"CP3-012",3,10.5,"ARNO4","","","","","S",0,0,0,0,0,0
"CP3-012",3,11,"N","","","","","GR",0,0,0,0,0,0
"CP3-012",3,11.5,"N","","","","","S",0,0,0,0,0,0
"CP3-012",3,12,"ARNO4","","","","","S",0,0,0,0,0,0
"CP3-012",3,12.5,"ARNO4","","","","","S",1,0,0,0,0,0
"CP3-012",3,13,"BOGR2","HL","","","","S",0,0,0,0,0,0
"CP3-012",3,13.5,"N","","","","","S",0,0,0,0,0,0
"CP3-012",3,14,"N","","","","","GR",0,0,0,0,0,0
"CP3-012",3,14.5,"N","","","","","S",0,0,0,0,0,0
"CP3-012",3,15,"N","","","","","S",0,0,0,0,0,0
"CP3-012",3,15.5,"N","","","","","GR",0,0,0,0,0,0
"CP3-012",3,16,"N","","","","","S",0,0,0,0,0,0
"CP3-012",3,16.5,"ARNO4","","","","","S",0,0,0,0,0,0
"CP3-012",3,17,"N","","","","","S",0,0,0,0,0,0
"CP3-012",3,17.5,"N","","","","","S",0,0,0,0,0,0
"CP3-012",3,18,"N","HL","","","","S",0,0,0,0,0,0
"CP3-012",3,18.5,"N","HL","","","","GR",0,0,0,0,0,0
"CP3-012",3,19,"N","","","","","GR",0,0,0,0,0,0
"CP3-012",3,19.5,"N","","","","","S",0,0,0,0,0,0
"CP3-012",3,20,"N","","","","","S",0,0,0,0,0,0
"CP3-012",3,20.5,"N","HL","","","","S",0,0,0,0,0,0
"CP3-012",3,21,"ARNO4","HL","","","","S",0,0,0,0,0,0
"CP3-012",3,21.5,"ARNO4","","","","","S",0,0,0,0,0,0
"CP3-012",3,22,"BOGR2","","","","","BOGR2",1,0,0,0,0,1
"CP3-012",3,22.5,"ARNO4","HL","","","","S",0,0,0,0,0,0
"CP3-012",3,23,"N","HL","","","","S",0,0,0,0,0,0
"CP3-012",3,23.5,"N","","","","","S",0,0,0,0,0,0
"CP3-012",3,24,"N","","","","","S",0,0,0,0,0,0
"CP3-012",3,24.5,"N","","","","","S",0,0,0,0,0,0
"CP3-012",3,25,"N","","","","","GR",0,0,0,0,0,0
"CP3-014",1,0.5,"ACHY","HL","","","","S",0,0,0,0,0,0
"CP3-014",1,1,"N","","","","","GR",0,0,0,0,0,0
"CP3-014",1,1.5,"ACHY","HL","","","","S",0,0,0,0,0,0
"CP3-014",1,2,"N","","","","","GR",0,0,0,0,0,0
"CP3-014",1,2.5,"N","HL","","","","S",0,0,0,0,0,0
"CP3-014",1,3,"N","","","","","GR",0,0,0,0,0,0
"CP3-014",1,3.5,"N","HL","","","","S",0,0,0,0,0,0
"CP3-014",1,4,"N","HL","","","","S",0,0,0,0,0,0
"CP3-014",1,4.5,"N","HL","","","","S",0,0,0,0,0,0
"CP3-014",1,5,"N","","","","","S",0,0,0,0,0,0
"CP3-014",1,5.5,"N","","","","","S",0,0,0,0,0,0
"CP3-014",1,6,"N","VL","","","","S",0,0,0,0,0,0
"CP3-014",1,6.5,"N","","","","","GR",0,0,0,0,0,0
"CP3-014",1,7,"N","","","","","S",0,0,0,0,0,0
"CP3-014",1,7.5,"N","","","","","GR",0,0,0,0,0,0
"CP3-014",1,8,"N","","","","","S",0,0,0,0,0,0
"CP3-014",1,8.5,"N","","","","","S",0,0,0,0,0,0
"CP3-014",1,9,"ARARA","","","","","S",0,0,0,0,0,0
"CP3-014",1,9.5,"N","","","","","S",0,0,0,0,0,0
"CP3-014",1,10,"N","","","","","S",0,0,0,0,0,0
"CP3-014",1,10.5,"BRTE","","","","","S",0,0,0,0,0,0
"CP3-014",1,11,"BRTE","HL","","","","S",0,0,0,0,0,0
"CP3-014",1,11.5,"N","HL","","","","S",0,0,0,0,0,0
"CP3-014",1,12,"ACHY","HL","","","","S",0,0,0,0,0,0
"CP3-014",1,12.5,"N","","","","","S",0,0,0,0,0,0
"CP3-014",1,13,"N","","","","","S",0,0,0,0,0,0
"CP3-014",1,13.5,"N","HL","","","","S",0,0,0,0,0,0
"CP3-014",1,14,"N","","","","","S",0,0,0,0,0,0
"CP3-014",1,14.5,"N","","","","","GR",0,0,0,0,0,0
"CP3-014",1,15,"HECO26","","","","","S",0,0,0,0,0,0
"CP3-014",1,15.5,"N","","","","","S",0,0,0,0,0,0
"CP3-014",1,16,"N","","","","","S",0,0,0,0,0,0
"CP3-014",1,16.5,"N","","","","","S",0,0,0,0,0,0
"CP3-014",1,17,"N","","","","","S",0,0,0,0,0,0
"CP3-014",1,17.5,"N","","","","","S",0,0,0,0,0,0
"CP3-014",1,18,"N","","","","","S",0,0,0,0,0,0
"CP3-014",1,18.5,"ARARA","","","","","S",1,0,0,0,0,0
"CP3-014",1,19,"N","","","","","S",0,0,0,0,0,0
"CP3-014",1,19.5,"ACHY","CHVI8","HL","","","S",0,0,0,0,0,0
"CP3-014",1,20,"ACHY","","","","","S",0,0,0,0,0,0
"CP3-014",1,20.5,"ARARA","","","","","S",1,0,0,0,0,0
"CP3-014",1,21,"N","HL","","","","S",0,0,0,0,0,0
"CP3-014",1,21.5,"N","","","","","GR",0,0,0,0,0,0
"CP3-014",1,22,"N","","","","","S",0,0,0,0,0,0
"CP3-014",1,22.5,"N","","","","","GR",0,0,0,0,0,0
"CP3-014",1,23,"N","","","","","S",0,0,0,0,0,0
"CP3-014",1,23.5,"N","HL","","","","GR",0,0,0,0,0,0
"CP3-014",1,24,"ARARA","HL","","","","S",1,0,0,0,0,0
"CP3-014",1,24.5,"ARARA","HL","","","","S",0,0,0,0,0,0
"CP3-014",1,25,"ARARA","","","","","S",1,0,0,0,0,0
"CP3-014",2,0.5,"ARARA","HL","","","","S",1,0,0,0,0,0
"CP3-014",2,1,"N","HL","","","","S",0,0,0,0,0,0
"CP3-014",2,1.5,"N","","","","","S",0,0,0,0,0,0
"CP3-014",2,2,"N","","","","","GR",0,0,0,0,0,0
"CP3-014",2,2.5,"N","","","","","S",0,0,0,0,0,0
"CP3-014",2,3,"N","","","","","GR",0,0,0,0,0,0
"CP3-014",2,3.5,"N","","","","","S",0,0,0,0,0,0
"CP3-014",2,4,"N","","","","","S",0,0,0,0,0,0
"CP3-014",2,4.5,"N","HL","","","","S",0,0,0,0,0,0
"CP3-014",2,5,"N","","","","","S",0,0,0,0,0,0
"CP3-014",2,5.5,"CHVI8","HL","","","","S",0,0,0,0,0,0
"CP3-014",2,6,"N","","","","","GR",0,0,0,0,0,0
"CP3-014",2,6.5,"N","","","","","S",0,0,0,0,0,0
"CP3-014",2,7,"N","HL","","","","S",0,0,0,0,0,0
"CP3-014",2,7.5,"N","","","","","S",0,0,0,0,0,0
"CP3-014",2,8,"HECO26","","","","","S",0,0,0,0,0,0
"CP3-014",2,8.5,"N","","","","","S",0,0,0,0,0,0
"CP3-014",2,9,"N","","","","","S",0,0,0,0,0,0
"CP3-014",2,9.5,"HECO26","HL","","","","S",0,0,0,0,0,0
"CP3-014",2,10,"PG000","","","","","PG000",1,0,0,0,0,1
"CP3-014",2,10.5,"N","","","","","S",0,0,0,0,0,0
"CP3-014",2,11,"N","","","","","S",0,0,0,0,0,0
"CP3-014",2,11.5,"N","","","","","S",0,0,0,0,0,0
"CP3-014",2,12,"N","","","","","GR",0,0,0,0,0,0
"CP3-014",2,12.5,"N","","","","","S",0,0,0,0,0,0
"CP3-014",2,13,"N","","","","","S",0,0,0,0,0,0
"CP3-014",2,13.5,"ACHY","","","","","S",0,0,0,0,0,0
"CP3-014",2,14,"N","","","","","S",0,0,0,0,0,0
"CP3-014",2,14.5,"CHVI8","HL","","","","S",1,0,0,0,0,0
"CP3-014",2,15,"HECO26","","","","","S",0,0,0,0,0,0
"CP3-014",2,15.5,"N","","","","","S",0,0,0,0,0,0
"CP3-014",2,16,"N","","","","","S",0,0,0,0,0,0
"CP3-014",2,16.5,"N","","","","","S",0,0,0,0,0,0
"CP3-014",2,17,"N","","","","","S",0,0,0,0,0,0
"CP3-014",2,17.5,"N","","","","","S",0,0,0,0,0,0
"CP3-014",2,18,"N","","","","","S",0,0,0,0,0,0
"CP3-014",2,18.5,"N","HL","","","","GR",0,0,0,0,0,0
"CP3-014",2,19,"N","","","","","S",0,0,0,0,0,0
"CP3-014",2,19.5,"N","HL","","","","S",0,0,0,0,0,0
"CP3-014",2,20,"N","","","","","S",0,0,0,0,0,0
"CP3-014",2,20.5,"SH000","","","","","SH000",1,0,0,0,0,1
"CP3-014",2,21,"N","","","","","S",0,0,0,0,0,0
"CP3-014",2,21.5,"N","","","","","S",0,0,0,0,0,0
"CP3-014",2,22,"N","","","","","S",0,0,0,0,0,0
"CP3-014",2,22.5,"N","","","","","GR",0,0,0,0,0,0
"CP3-014",2,23,"N","HL","","","","GR",0,0,0,0,0,0
"CP3-014",2,23.5,"N","HL","","","","S",0,0,0,0,0,0
"CP3-014",2,24,"N","HL","","","","S",0,0,0,0,0,0
"CP3-014",2,24.5,"N","","","","","GR",0,0,0,0,0,0
"CP3-014",2,25,"N","","","","","GR",0,0,0,0,0,0
"CP3-014",3,0.5,"ARARA","HL","","","","S",0,0,0,0,0,0
"CP3-014",3,1,"N","","","","","S",0,0,0,0,0,0
"CP3-014",3,1.5,"HECO26","","","","","S",1,0,0,0,0,0
"CP3-014",3,2,"ARARA","ELEL5","HL","","","S",1,0,0,0,0,0
"CP3-014",3,2.5,"N","VL","","","","S",0,0,0,0,0,0
"CP3-014",3,3,"N","","","","","S",0,0,0,0,0,0
"CP3-014",3,3.5,"N","","","","","S",0,0,0,0,0,0
"CP3-014",3,4,"ARARA","HL","","","","S",1,0,0,0,0,0
"CP3-014",3,4.5,"N","","","","","S",0,0,0,0,0,0
"CP3-014",3,5,"ARARA","HECO26","HL","","","S",0,0,0,0,0,0
"CP3-014",3,5.5,"N","HL","","","","S",0,0,0,0,0,0
"CP3-014",3,6,"N","HL","","","","S",0,0,0,0,0,0
"CP3-014",3,6.5,"ASLE8","HL","","","","S",0,0,0,0,0,0
"CP3-014",3,7,"N","HL","","","","S",0,0,0,0,0,0
"CP3-014",3,7.5,"N","","","","","S",0,0,0,0,0,0
"CP3-014",3,8,"N","HL","","","","S",0,0,0,0,0,0
"CP3-014",3,8.5,"N","","","","","S",0,0,0,0,0,0
"CP3-014",3,9,"HECO26","","","","","S",0,0,0,0,0,0
"CP3-014",3,9.5,"ARARA","","","","","S",0,0,0,0,0,0
"CP3-014",3,10,"ARARA","","","","","S",0,0,0,0,0,0
"CP3-014",3,10.5,"N","HL","","","","S",0,0,0,0,0,0
"CP3-014",3,11,"N","","","","","S",0,0,0,0,0,0
"CP3-014",3,11.5,"ARARA","HL","","","","S",1,0,0,0,0,0
"CP3-014",3,12,"ACHY","","","","","ACHY",0,0,0,0,0,0
"CP3-014",3,12.5,"N","","","","","S",0,0,0,0,0,0
"CP3-014",3,13,"N","","","","","S",0,0,0,0,0,0
"CP3-014",3,13.5,"N","","","","","S",0,0,0,0,0,0
"CP3-014",3,14,"N","VL","HL","","","S",0,0,0,0,0,0
"CP3-014",3,14.5,"N","","","","","GR",0,0,0,0,0,0
"CP3-014",3,15,"ELEL5","","","","","S",0,0,0,0,0,0
"CP3-014",3,15.5,"ARARA","","","","","S",1,0,0,0,0,0
"CP3-014",3,16,"N","","","","","S",0,0,0,0,0,0
"CP3-014",3,16.5,"N","HL","","","","S",0,0,0,0,0,0
"CP3-014",3,17,"N","","","","","S",0,0,0,0,0,0
"CP3-014",3,17.5,"N","","","","","S",0,0,0,0,0,0
"CP3-014",3,18,"N","","","","","S",0,0,0,0,0,0
"CP3-014",3,18.5,"N","","","","","S",0,0,0,0,0,0
"CP3-014",3,19,"N","HL","","","","S",0,0,0,0,0,0
"CP3-014",3,19.5,"N","","","","","S",0,0,0,0,0,0
"CP3-014",3,20,"N","","","","","S",0,0,0,0,0,0
"CP3-014",3,20.5,"N","","","","","S",0,0,0,0,0,0
"CP3-014",3,21,"N","","","","","S",0,0,0,0,0,0
"CP3-014",3,21.5,"N","","","","","S",0,0,0,0,0,0
"CP3-014",3,22,"N","","","","","S",0,0,0,0,0,0
"CP3-014",3,22.5,"N","","","","","S",0,0,0,0,0,0
"CP3-014",3,23,"N","","","","","GR",0,0,0,0,0,0
"CP3-014",3,23.5,"N","","","","","S",0,0,0,0,0,0
"CP3-014",3,24,"KRLA2","HL","","","","S",0,0,0,0,0,0
"CP3-014",3,24.5,"N","","","","","S",0,0,0,0,0,0
"CP3-014",3,25,"N","","","","","GR",0,0,0,0,0,0
"CP3-2023-01",1,0.5,"HECO26","ARTRW8","WL","HL","","S",0,0,0,0,0,0
"CP3-2023-01",1,1,"ARTRW8","HL","","","","S",0,0,0,0,0,0
"CP3-2023-01",1,1.5,"ARTRW8","ACHY","BRTE","HL","","S",1,0,0,0,0,0
"CP3-2023-01",1,2,"ARTRW8","HL","","","","S",1,0,0,0,0,0
"CP3-2023-01",1,2.5,"N","HL","","","","S",0,0,0,0,0,0
"CP3-2023-01",1,3,"N","HL","","","","S",0,0,0,0,0,0
"CP3-2023-01",1,3.5,"N","","","","","S",0,0,0,0,0,0
"CP3-2023-01",1,4,"ACHY","HL","","","","S",0,0,0,0,0,0
"CP3-2023-01",1,4.5,"ARTRW8","","","","","ARTRW8",1,0,0,0,0,1
"CP3-2023-01",1,5,"N","WL","","","","S",0,0,0,0,0,0
"CP3-2023-01",1,5.5,"BRTE","HL","","","","S",0,0,0,0,0,0
"CP3-2023-01",1,6,"ARTRW8","BRTE","HL","","","S",0,0,0,0,0,0
"CP3-2023-01",1,6.5,"BRTE","ACHY","HL","","","S",0,1,0,0,0,0
"CP3-2023-01",1,7,"BRTE","HL","","","","S",0,0,0,0,0,0
"CP3-2023-01",1,7.5,"N","HL","","","","S",0,0,0,0,0,0
"CP3-2023-01",1,8,"N","HL","","","","S",0,0,0,0,0,0
"CP3-2023-01",1,8.5,"N","","","","","S",0,0,0,0,0,0
"CP3-2023-01",1,9,"N","","","","","S",0,0,0,0,0,0
"CP3-2023-01",1,9.5,"N","HL","","","","S",0,0,0,0,0,0
"CP3-2023-01",1,10,"N","","","","","GR",0,0,0,0,0,0
"CP3-2023-01",1,10.5,"N","HL","","","","S",0,0,0,0,0,0
"CP3-2023-01",1,11,"N","HL","","","","S",0,0,0,0,0,0
"CP3-2023-01",1,11.5,"ACHY","HL","","","","S",0,0,0,0,0,0
"CP3-2023-01",1,12,"N","","","","","S",0,0,0,0,0,0
"CP3-2023-01",1,12.5,"N","HL","","","","S",0,0,0,0,0,0
"CP3-2023-01",1,13,"CHVI8","HL","","","","M",0,0,0,0,0,0
"CP3-2023-01",1,13.5,"ARTRW8","HL","","","","S",0,0,0,0,0,0
"CP3-2023-01",1,14,"N","HL","","","","S",0,0,0,0,0,0
"CP3-2023-01",1,14.5,"ACHY","BRTE","HL","","","S",0,0,0,0,0,0
"CP3-2023-01",1,15,"HECO26","ARTRW8","","","","S",0,1,0,0,0,0
"CP3-2023-01",1,15.5,"ELEL5","HL","","","","S",0,0,0,0,0,0
"CP3-2023-01",1,16,"N","WL","","","","S",0,0,0,0,0,0
"CP3-2023-01",1,16.5,"ARTRW8","HL","","","","S",0,0,0,0,0,0
"CP3-2023-01",1,17,"ARTRW8","","","","","S",1,0,0,0,0,0
"CP3-2023-01",1,17.5,"N","","","","","M",0,0,0,0,0,0
"CP3-2023-01",1,18,"N","","","","","S",0,0,0,0,0,0
"CP3-2023-01",1,18.5,"ARTRW8","HL","","","","S",0,0,0,0,0,0
"CP3-2023-01",1,19,"N","","","","","GR",0,0,0,0,0,0
"CP3-2023-01",1,19.5,"HECO26","","","","","S",0,0,0,0,0,0
"CP3-2023-01",1,20,"N","HL","","","","S",0,0,0,0,0,0
"CP3-2023-01",1,20.5,"HECO26","","","","","S",0,0,0,0,0,0
"CP3-2023-01",1,21,"ARTRW8","HL","","","","M",1,0,0,0,0,0
"CP3-2023-01",1,21.5,"N","HL","","","","M",0,0,0,0,0,0
"CP3-2023-01",1,22,"ARTRW8","HL","","","","S",0,0,0,0,0,0
"CP3-2023-01",1,22.5,"ARTRW8","HL","","","","S",0,0,0,0,0,0
"CP3-2023-01",1,23,"N","","","","","GR",0,0,0,0,0,0
"CP3-2023-01",1,23.5,"N","","","","","S",0,0,0,0,0,0
"CP3-2023-01",1,24,"ARTRW8","HL","","","","S",0,0,0,0,0,0
"CP3-2023-01",1,24.5,"N","HL","","","","S",0,0,0,0,0,0
"CP3-2023-01",1,25,"ARTRW8","BRTE","HL","","","S",1,0,0,0,0,0
"CP3-2023-01",2,0.5,"N","HL","","","","S",0,0,0,0,0,0
"CP3-2023-01",2,1,"N","HL","","","","S",0,0,0,0,0,0
"CP3-2023-01",2,1.5,"N","","","","","S",0,0,0,0,0,0
"CP3-2023-01",2,2,"ARTRW8","","","","","S",0,0,0,0,0,0
"CP3-2023-01",2,2.5,"HECO26","","","","","S",1,0,0,0,0,0
"CP3-2023-01",2,3,"N","","","","","GR",0,0,0,0,0,0
"CP3-2023-01",2,3.5,"ARNO4","EROV","HL","","","S",1,1,0,0,0,0
"CP3-2023-01",2,4,"ARNO4","HL","","","","S",1,0,0,0,0,0
"CP3-2023-01",2,4.5,"HECO26","HL","","","","GR",0,0,0,0,0,0
"CP3-2023-01",2,5,"ARNO4","ELEL5","HL","","","S",1,0,0,0,0,0
"CP3-2023-01",2,5.5,"N","","","","","S",0,0,0,0,0,0
"CP3-2023-01",2,6,"HECO26","","","","","S",0,0,0,0,0,0
"CP3-2023-01",2,6.5,"HECO26","","","","","GR",0,0,0,0,0,0
"CP3-2023-01",2,7,"N","","","","","GR",0,0,0,0,0,0
"CP3-2023-01",2,7.5,"CHVI8","HL","","","","S",0,0,0,0,0,0
"CP3-2023-01",2,8,"N","","","","","S",0,0,0,0,0,0
"CP3-2023-01",2,8.5,"N","","","","","S",0,0,0,0,0,0
"CP3-2023-01",2,9,"N","HL","","","","S",0,0,0,0,0,0
"CP3-2023-01",2,9.5,"N","HL","","","","M",0,0,0,0,0,0
"CP3-2023-01",2,10,"N","HL","","","","S",0,0,0,0,0,0
"CP3-2023-01",2,10.5,"N","","","","","S",0,0,0,0,0,0
"CP3-2023-01",2,11,"ACHY","HL","","","","S",0,0,0,0,0,0
"CP3-2023-01",2,11.5,"N","HL","","","","S",0,0,0,0,0,0
"CP3-2023-01",2,12,"N","WL","","","","S",0,0,0,0,0,0
"CP3-2023-01",2,12.5,"ARTRW8","HL","","","","S",0,0,0,0,0,0
"CP3-2023-01",2,13,"N","","","","","S",0,0,0,0,0,0
"CP3-2023-01",2,13.5,"N","","","","","GR",0,0,0,0,0,0
"CP3-2023-01",2,14,"ARTRW8","HL","","","","S",0,0,0,0,0,0
"CP3-2023-01",2,14.5,"N","","","","","GR",0,0,0,0,0,0
"CP3-2023-01",2,15,"N","","","","","S",0,0,0,0,0,0
"CP3-2023-01",2,15.5,"HECO26","HL","","","","S",0,0,0,0,0,0
"CP3-2023-01",2,16,"N","HL","","","","S",0,0,0,0,0,0
"CP3-2023-01",2,16.5,"N","","","","","GR",0,0,0,0,0,0
"CP3-2023-01",2,17,"HECO26","","","","","S",0,0,0,0,0,0
"CP3-2023-01",2,17.5,"N","HL","","","","S",0,0,0,0,0,0
"CP3-2023-01",2,18,"N","HL","","","","GR",0,0,0,0,0,0
"CP3-2023-01",2,18.5,"HECO26","HL","","","","S",0,0,0,0,0,0
"CP3-2023-01",2,19,"N","HL","","","","S",0,0,0,0,0,0
"CP3-2023-01",2,19.5,"N","HL","","","","S",0,0,0,0,0,0
"CP3-2023-01",2,20,"N","HL","","","","S",0,0,0,0,0,0
"CP3-2023-01",2,20.5,"ARTRW8","HL","","","","S",1,0,0,0,0,0
"CP3-2023-01",2,21,"ARTRW8","","","","","S",0,0,0,0,0,0
"CP3-2023-01",2,21.5,"N","HL","","","","S",0,0,0,0,0,0
"CP3-2023-01",2,22,"N","","","","","S",0,0,0,0,0,0
"CP3-2023-01",2,22.5,"ACHY","","","","","ACHY",0,0,0,0,0,0
"CP3-2023-01",2,23,"N","","","","","S",0,0,0,0,0,0
"CP3-2023-01",2,23.5,"BRTE","","","","","GR",0,0,0,0,0,0
"CP3-2023-01",2,24,"CHVI8","HL","","","","S",1,0,0,0,0,0
"CP3-2023-01",2,24.5,"N","HL","","","","S",0,0,0,0,0,0
"CP3-2023-01",2,25,"N","","","","","S",0,0,0,0,0,0
"CP3-2023-01",3,0.5,"HECO26","HL","","","","S",0,0,0,0,0,0
"CP3-2023-01",3,1,"N","HL","","","","S",0,0,0,0,0,0
"CP3-2023-01",3,1.5,"N","HL","","","","S",0,0,0,0,0,0
"CP3-2023-01",3,2,"N","","","","","GR",0,0,0,0,0,0
"CP3-2023-01",3,2.5,"N","","","","","S",0,0,0,0,0,0
"CP3-2023-01",3,3,"N","HL","","","","GR",0,0,0,0,0,0
"CP3-2023-01",3,3.5,"ARTRW8","","","","","S",0,0,0,0,0,0
"CP3-2023-01",3,4,"N","HL","","","","S",0,0,0,0,0,0
"CP3-2023-01",3,4.5,"N","HL","","","","S",0,0,0,0,0,0
"CP3-2023-01",3,5,"HECO26","HL","","","","S",0,0,0,0,0,0
"CP3-2023-01",3,5.5,"HECO26","","","","","HECO26",0,0,0,0,0,0
"CP3-2023-01",3,6,"N","","","","","S",0,0,0,0,0,0
"CP3-2023-01",3,6.5,"HECO26","HL","","","","S",0,0,0,0,0,0
"CP3-2023-01",3,7,"N","","","","","S",0,0,0,0,0,0
"CP3-2023-01",3,7.5,"N","","","","","GR",0,0,0,0,0,0
"CP3-2023-01",3,8,"ARTRW8","HL","","","","S",1,0,0,0,0,0
"CP3-2023-01",3,8.5,"ARTRW8","ELEL5","HL","","","S",1,0,0,0,0,0
"CP3-2023-01",3,9,"BRTE","HL","","","","S",0,0,0,0,0,0
"CP3-2023-01",3,9.5,"HECO26","HL","","","","S",0,0,0,0,0,0
"CP3-2023-01",3,10,"N","","","","","GR",0,0,0,0,0,0
"CP3-2023-01",3,10.5,"N","","","","","S",0,0,0,0,0,0
"CP3-2023-01",3,11,"N","","","","","GR",0,0,0,0,0,0
"CP3-2023-01",3,11.5,"HECO26","HL","","","","S",0,0,0,0,0,0
"CP3-2023-01",3,12,"N","","","","","GR",0,0,0,0,0,0
"CP3-2023-01",3,12.5,"HECO26","HL","","","","S",0,0,0,0,0,0
"CP3-2023-01",3,13,"ARTRW8","HL","","","","S",0,0,0,0,0,0
"CP3-2023-01",3,13.5,"ARTRW8","HL","","","","S",0,0,0,0,0,0
"CP3-2023-01",3,14,"ARTRW8","HECO26","HL","","","HECO26",1,0,0,0,0,0
"CP3-2023-01",3,14.5,"ARTRW8","HL","","","","S",0,0,0,0,0,0
"CP3-2023-01",3,15,"PG000","ARTRW8","HL","","","S",1,1,0,0,0,0
"CP3-2023-01",3,15.5,"N","HL","","","","S",0,0,0,0,0,0
"CP3-2023-01",3,16,"HECO26","","","","","S",0,0,0,0,0,0
"CP3-2023-01",3,16.5,"N","HL","","","","S",0,0,0,0,0,0
"CP3-2023-01",3,17,"N","","","","","S",0,0,0,0,0,0
"CP3-2023-01",3,17.5,"HECO26","","","","","S",0,0,0,0,0,0
"CP3-2023-01",3,18,"N","","","","","S",0,0,0,0,0,0
"CP3-2023-01",3,18.5,"ARTRW8","BRTE","HL","","","S",0,0,0,0,0,0
"CP3-2023-01",3,19,"HECO26","","","","","S",0,0,0,0,0,0
"CP3-2023-01",3,19.5,"HECO26","HL","","","","S",0,0,0,0,0,0
"CP3-2023-01",3,20,"N","","","","","S",0,0,0,0,0,0
"CP3-2023-01",3,20.5,"ARTRW8","HL","","","","S",0,0,0,0,0,0
"CP3-2023-01",3,21,"ARTRW8","HL","","","","S",0,0,0,0,0,0
"CP3-2023-01",3,21.5,"ARTRW8","HL","","","","S",0,0,0,0,0,0
"CP3-2023-01",3,22,"ARTRW8","HL","","","","S",1,0,0,0,0,0
"CP3-2023-01",3,22.5,"HECO26","","","","","S",0,0,0,0,0,0
"CP3-2023-01",3,23,"N","","","","","S",0,0,0,0,0,0
"CP3-2023-01",3,23.5,"HECO26","HL","","","","S",0,0,0,0,0,0
"CP3-2023-01",3,24,"N","HL","","","","S",0,0,0,0,0,0
"CP3-2023-01",3,24.5,"HECO26","","","","","S",0,0,0,0,0,0
"CP3-2023-01",3,25,"N","HL","","","","S",0,0,0,0,0,0
"CP3-998",1,0.5,"N","","","","","GR",0,0,0,0,0,0
"CP3-998",1,1,"N","","","","","GR",0,0,0,0,0,0
"CP3-998",1,1.5,"OPPO","HL","","","","S",0,0,0,0,0,0
"CP3-998",1,2,"N","HL","","","","S",0,0,0,0,0,0
"CP3-998",1,2.5,"CHPA28","","","","","S",0,0,0,0,0,0
"CP3-998",1,3,"ARTRW8","HL","","","","GR",1,0,0,0,0,0
"CP3-998",1,3.5,"N","","","","","ST",0,0,0,0,0,0
"CP3-998",1,4,"N","","","","","GR",0,0,0,0,0,0
"CP3-998",1,4.5,"N","","","","","CB",0,0,0,0,0,0
"CP3-998",1,5,"N","","","","","GR",0,0,0,0,0,0
"CP3-998",1,5.5,"ARTRW8","HL","","","","GR",0,0,0,0,0,0
"CP3-998",1,6,"N","","","","","CB",0,0,0,0,0,0
"CP3-998",1,6.5,"N","HL","","","","S",0,0,0,0,0,0
"CP3-998",1,7,"N","","","","","CB",0,0,0,0,0,0
"CP3-998",1,7.5,"N","","","","","GR",0,0,0,0,0,0
"CP3-998",1,8,"N","","","","","S",0,0,0,0,0,0
"CP3-998",1,8.5,"N","","","","","CB",0,0,0,0,0,0
"CP3-998",1,9,"N","","","","","GR",0,0,0,0,0,0
"CP3-998",1,9.5,"N","","","","","GR",0,0,0,0,0,0
"CP3-998",1,10,"N","","","","","GR",0,0,0,0,0,0
"CP3-998",1,10.5,"N","","","","","GR",0,0,0,0,0,0
"CP3-998",1,11,"N","","","","","CB",0,0,0,0,0,0
"CP3-998",1,11.5,"N","","","","","CB",0,0,0,0,0,0
"CP3-998",1,12,"AF024","HL","","","","GR",1,0,0,0,0,0
"CP3-998",1,12.5,"N","","","","","ST",0,0,0,0,0,0
"CP3-998",1,13,"N","","","","","GR",0,0,0,0,0,0
"CP3-998",1,13.5,"N","HL","","","","S",0,0,0,0,0,0
"CP3-998",1,14,"N","","","","","GR",0,0,0,0,0,0
"CP3-998",1,14.5,"ARTRW8","GUSA2","HL","","","S",1,0,0,0,0,0
"CP3-998",1,15,"N","","","","","S",0,0,0,0,0,0
"CP3-998",1,15.5,"N","","","","","S",0,0,0,0,0,0
"CP3-998",1,16,"N","","","","","ST",0,0,0,0,0,0
"CP3-998",1,16.5,"N","","","","","GR",0,0,0,0,0,0
"CP3-998",1,17,"N","HL","","","","S",0,0,0,0,0,0
"CP3-998",1,17.5,"N","","","","","CB",0,0,0,0,0,0
"CP3-998",1,18,"N","","","","","GR",0,0,0,0,0,0
"CP3-998",1,18.5,"N","","","","","CB",0,0,0,0,0,0
"CP3-998",1,19,"N","","","","","GR",0,0,0,0,0,0
"CP3-998",1,19.5,"ARTRW8","","","","","S",0,0,0,0,0,0
"CP3-998",1,20,"N","HL","","","","S",0,0,0,0,0,0
"CP3-998",1,20.5,"OPPO","HL","","","","S",0,0,0,0,0,0
"CP3-998",1,21,"ARTRW8","HL","","","","S",0,0,0,0,0,0
"CP3-998",1,21.5,"N","HL","","","","S",0,0,0,0,0,0
"CP3-998",1,22,"N","","","","","S",0,0,0,0,0,0
"CP3-998",1,22.5,"N","HL","","","","S",0,0,0,0,0,0
"CP3-998",1,23,"AF024","","","","","S",0,0,0,0,0,0
"CP3-998",1,23.5,"N","","","","","S",0,0,0,0,0,0
"CP3-998",1,24,"N","","","","","ST",0,0,0,0,0,0
"CP3-998",1,24.5,"N","","","","","S",0,0,0,0,0,0
"CP3-998",1,25,"ARTRW8","HL","","","","S",0,0,0,0,0,0
"CP3-998",2,0.5,"N","HL","","","","S",0,0,0,0,0,0
"CP3-998",2,1,"ARTRW8","HL","","","","S",0,0,0,0,0,0
"CP3-998",2,1.5,"ARTRW8","HL","","","","S",0,0,0,0,0,0
"CP3-998",2,2,"N","HL","","","","GR",0,0,0,0,0,0
"CP3-998",2,2.5,"N","","","","","GR",0,0,0,0,0,0
"CP3-998",2,3,"N","HL","","","","S",0,0,0,0,0,0
"CP3-998",2,3.5,"ARTRW8","HL","","","","S",1,0,0,0,0,0
"CP3-998",2,4,"N","","","","","S",0,0,0,0,0,0
"CP3-998",2,4.5,"N","","","","","S",0,0,0,0,0,0
"CP3-998",2,5,"N","","","","","ST",0,0,0,0,0,0
"CP3-998",2,5.5,"N","","","","","CB",0,0,0,0,0,0
"CP3-998",2,6,"N","","","","","GR",0,0,0,0,0,0
"CP3-998",2,6.5,"ARTRW8","","","","","S",0,0,0,0,0,0
"CP3-998",2,7,"ARTRW8","","","","","S",0,0,0,0,0,0
"CP3-998",2,7.5,"N","","","","","S",0,0,0,0,0,0
"CP3-998",2,8,"N","","","","","GR",0,0,0,0,0,0
"CP3-998",2,8.5,"ARTRW8","","","","","CB",0,0,0,0,0,0
"CP3-998",2,9,"N","","","","","CB",0,0,0,0,0,0
"CP3-998",2,9.5,"N","","","","","GR",0,0,0,0,0,0
"CP3-998",2,10,"N","","","","","S",0,0,0,0,0,0
"CP3-998",2,10.5,"N","","","","","CB",0,0,0,0,0,0
"CP3-998",2,11,"N","","","","","CB",0,0,0,0,0,0
"CP3-998",2,11.5,"N","","","","","ST",0,0,0,0,0,0
"CP3-998",2,12,"ARTRW8","","","","","S",1,0,0,0,0,0
"CP3-998",2,12.5,"N","VL","","","","S",0,0,0,0,0,0
"CP3-998",2,13,"N","","","","","S",0,0,0,0,0,0
"CP3-998",2,13.5,"ARTRW8","HL","","","","S",1,0,0,0,0,0
"CP3-998",2,14,"N","","","","","S",0,0,0,0,0,0
"CP3-998",2,14.5,"N","","","","","GR",0,0,0,0,0,0
"CP3-998",2,15,"N","","","","","S",0,0,0,0,0,0
"CP3-998",2,15.5,"ARTRW8","","","","","ST",0,0,0,0,0,0
"CP3-998",2,16,"ARTRW8","HL","","","","S",0,0,0,0,0,0
"CP3-998",2,16.5,"N","HL","","","","S",0,0,0,0,0,0
"CP3-998",2,17,"N","HL","","","","S",0,0,0,0,0,0
"CP3-998",2,17.5,"N","","","","","CB",0,0,0,0,0,0
"CP3-998",2,18,"N","HL","","","","S",0,0,0,0,0,0
"CP3-998",2,18.5,"N","","","","","S",0,0,0,0,0,0
"CP3-998",2,19,"N","HL","","","","S",0,0,0,0,0,0
"CP3-998",2,19.5,"N","HL","","","","S",0,0,0,0,0,0
"CP3-998",2,20,"N","","","","","ST",0,0,0,0,0,0
"CP3-998",2,20.5,"N","","","","","GR",0,0,0,0,0,0
"CP3-998",2,21,"ARTRW8","","","","","S",0,0,0,0,0,0
"CP3-998",2,21.5,"N","","","","","GR",0,0,0,0,0,0
"CP3-998",2,22,"N","","","","","ST",0,0,0,0,0,0
"CP3-998",2,22.5,"N","","","","","CB",0,0,0,0,0,0
"CP3-998",2,23,"N","HL","","","","CB",0,0,0,0,0,0
"CP3-998",2,23.5,"ARTRW8","HL","","","","S",1,0,0,0,0,0
"CP3-998",2,24,"ARTRW8","HL","","","","S",0,0,0,0,0,0
"CP3-998",2,24.5,"N","","","","","ST",0,0,0,0,0,0
"CP3-998",2,25,"ARTRW8","HL","","","","ST",0,0,0,0,0,0
"CP3-998",3,0.5,"N","","","","","GR",0,0,0,0,0,0
"CP3-998",3,1,"N","","","","","GR",0,0,0,0,0,0
"CP3-998",3,1.5,"N","","","","","CB",0,0,0,0,0,0
"CP3-998",3,2,"N","","","","","S",0,0,0,0,0,0
"CP3-998",3,2.5,"N","","","","","S",0,0,0,0,0,0
"CP3-998",3,3,"N","","","","","GR",0,0,0,0,0,0
"CP3-998",3,3.5,"N","HL","","","","S",0,0,0,0,0,0
"CP3-998",3,4,"N","","","","","GR",0,0,0,0,0,0
"CP3-998",3,4.5,"N","","","","","S",0,0,0,0,0,0
"CP3-998",3,5,"N","","","","","CB",0,0,0,0,0,0
"CP3-998",3,5.5,"N","","","","","GR",0,0,0,0,0,0
"CP3-998",3,6,"CHPA28","","","","","CB",0,0,0,0,0,0
"CP3-998",3,6.5,"N","HL","","","","S",0,0,0,0,0,0
"CP3-998",3,7,"CHPA28","","","","","S",0,0,0,0,0,0
"CP3-998",3,7.5,"ARTRW8","HL","","","","S",0,0,0,0,0,0
"CP3-998",3,8,"N","","","","","ST",0,0,0,0,0,0
"CP3-998",3,8.5,"N","","","","","CB",0,0,0,0,0,0
"CP3-998",3,9,"N","","","","","CB",0,0,0,0,0,0
"CP3-998",3,9.5,"N","HL","","","","S",0,0,0,0,0,0
"CP3-998",3,10,"N","HL","","","","GR",0,0,0,0,0,0
"CP3-998",3,10.5,"N","HL","","","","S",0,0,0,0,0,0
"CP3-998",3,11,"N","HL","","","","GR",0,0,0,0,0,0
"CP3-998",3,11.5,"ARTRW8","HL","","","","S",0,0,0,0,0,0
"CP3-998",3,12,"N","","","","","GR",0,0,0,0,0,0
"CP3-998",3,12.5,"N","","","","","S",0,0,0,0,0,0
"CP3-998",3,13,"N","","","","","GR",0,0,0,0,0,0
"CP3-998",3,13.5,"N","","","","","GR",0,0,0,0,0,0
"CP3-998",3,14,"N","","","","","GR",0,0,0,0,0,0
"CP3-998",3,14.5,"N","","","","","CB",0,0,0,0,0,0
"CP3-998",3,15,"N","HL","","","","S",0,0,0,0,0,0
"CP3-998",3,15.5,"ARTRW8","HL","","","","ARTRW8",0,0,0,0,0,0
"CP3-998",3,16,"ARTRW8","HL","","","","BY",0,0,0,0,0,0
"CP3-998",3,16.5,"N","","","","","BY",0,0,0,0,0,0
"CP3-998",3,17,"N","HL","","","","S",0,0,0,0,0,0
"CP3-998",3,17.5,"N","HL","","","","GR",0,0,0,0,0,0
"CP3-998",3,18,"ARTRW8","","","","","CB",0,0,0,0,0,0
"CP3-998",3,18.5,"N","HL","","","","S",0,0,0,0,0,0
"CP3-998",3,19,"N","HL","","","","S",0,0,0,0,0,0
"CP3-998",3,19.5,"N","","","","","ST",0,0,0,0,0,0
"CP3-998",3,20,"N","","","","","ST",0,0,0,0,0,0
"CP3-998",3,20.5,"N","HL","","","","S",0,0,0,0,0,0
"CP3-998",3,21,"BOGR2","","","","","S",0,0,0,0,0,0
"CP3-998",3,21.5,"N","","","","","GR",0,0,0,0,0,0
"CP3-998",3,22,"N","","","","","GR",0,0,0,0,0,0
"CP3-998",3,22.5,"N","","","","","GR",0,0,0,0,0,0
"CP3-998",3,23,"ARTRW8","HL","","","","S",0,0,0,0,0,0
"CP3-998",3,23.5,"N","HL","","","","S",0,0,0,0,0,0
"CP3-998",3,24,"ARTRW8","HL","","","","S",0,0,0,0,0,0
"CP3-998",3,24.5,"ARTRW8","","","","","ST",0,0,0,0,0,0
"CP3-998",3,25,"ARTRW8","","","","","S",0,0,0,0,0,0
"CP5-002",1,0.5,"ARTRW8","AF000","HL","","","S",0,1,0,0,0,0
"CP5-002",1,1,"N","HL","","","","S",0,0,0,0,0,0
"CP5-002",1,1.5,"PLJA","","","","","S",1,0,0,0,0,0
"CP5-002",1,2,"N","","","","","S",0,0,0,0,0,0
"CP5-002",1,2.5,"N","","","","","S",0,0,0,0,0,0
"CP5-002",1,3,"ARTRW8","BOGR2","","","","S",0,0,0,0,0,0
"CP5-002",1,3.5,"ARTRW8","","","","","S",0,0,0,0,0,0
"CP5-002",1,4,"N","HL","","","","S",0,0,0,0,0,0
"CP5-002",1,4.5,"N","","","","","S",0,0,0,0,0,0
"CP5-002",1,5,"ARTRW8","","","","","ARTRW8",0,0,0,0,0,0
"CP5-002",1,5.5,"N","","","","","M",0,0,0,0,0,0
"CP5-002",1,6,"N","HL","","","","S",0,0,0,0,0,0
"CP5-002",1,6.5,"ARTRW8","","","","","S",1,0,0,0,0,0
"CP5-002",1,7,"ARTRW8","HL","","","","S",0,0,0,0,0,0
"CP5-002",1,7.5,"ARTRW8","AG000","VL","HL","","S",0,1,0,0,0,0
"CP5-002",1,8,"N","HL","","","","M",0,0,0,0,0,0
"CP5-002",1,8.5,"N","WL","","","","S",0,0,0,0,0,0
"CP5-002",1,9,"N","","","","","S",0,0,0,0,0,0
"CP5-002",1,9.5,"N","","","","","S",0,0,0,0,0,0
"CP5-002",1,10,"N","","","","","S",0,0,0,0,0,0
"CP5-002",1,10.5,"ARTRW8","AG000","HL","","","S",1,1,0,0,0,0
"CP5-002",1,11,"N","HL","","","","S",0,0,0,0,0,0
"CP5-002",1,11.5,"N","","","","","S",0,0,0,0,0,0
"CP5-002",1,12,"N","","","","","S",0,0,0,0,0,0
"CP5-002",1,12.5,"N","HL","","","","S",0,0,0,0,0,0
"CP5-002",1,13,"N","HL","","","","S",0,0,0,0,0,0
"CP5-002",1,13.5,"N","","","","","S",0,0,0,0,0,0
"CP5-002",1,14,"PLJA","","","","","S",1,0,0,0,0,0
"CP5-002",1,14.5,"N","HL","","","","S",0,0,0,0,0,0
"CP5-002",1,15,"N","","","","","S",0,0,0,0,0,0
"CP5-002",1,15.5,"N","","","","","S",0,0,0,0,0,0
"CP5-002",1,16,"N","","","","","S",0,0,0,0,0,0
"CP5-002",1,16.5,"N","","","","","S",0,0,0,0,0,0
"CP5-002",1,17,"AF000","HL","","","","S",1,0,0,0,0,0
"CP5-002",1,17.5,"N","HL","","","","M",0,0,0,0,0,0
"CP5-002",1,18,"N","HL","","","","S",0,0,0,0,0,0
"CP5-002",1,18.5,"N","","","","","S",0,0,0,0,0,0
"CP5-002",1,19,"ARTRW8","HL","","","","S",1,0,0,0,0,0
"CP5-002",1,19.5,"ARTRW8","HL","","","","S",1,0,0,0,0,0
"CP5-002",1,20,"N","HL","","","","S",0,0,0,0,0,0
"CP5-002",1,20.5,"ARTRW8","HL","","","","S",0,0,0,0,0,0
"CP5-002",1,21,"ARTRW8","","","","","ARTRW8",0,0,0,0,0,0
"CP5-002",1,21.5,"ARTRW8","WL","HL","","","S",1,0,0,0,0,0
"CP5-002",1,22,"N","HL","","","","S",0,0,0,0,0,0
"CP5-002",1,22.5,"ARTRW8","HL","","","","S",1,0,0,0,0,0
"CP5-002",1,23,"N","","","","","S",0,0,0,0,0,0
"CP5-002",1,23.5,"N","","","","","S",0,0,0,0,0,0
"CP5-002",1,24,"N","","","","","S",0,0,0,0,0,0
"CP5-002",1,24.5,"ARTRW8","HL","","","","S",0,0,0,0,0,0
"CP5-002",1,25,"ARTRW8","HL","","","","S",1,0,0,0,0,0
"CP5-002",2,0.5,"N","","","","","S",0,0,0,0,0,0
"CP5-002",2,1,"N","","","","","S",0,0,0,0,0,0
"CP5-002",2,1.5,"ARTRW8","HL","","","","S",1,0,0,0,0,0
"CP5-002",2,2,"ARTRW8","AF000","HL","","","S",0,1,0,0,0,0
"CP5-002",2,2.5,"ARTRW8","HL","","","","S",1,0,0,0,0,0
"CP5-002",2,3,"N","","","","","S",0,0,0,0,0,0
"CP5-002",2,3.5,"N","","","","","S",0,0,0,0,0,0
"CP5-002",2,4,"ARTRW8","PF000","","","","S",0,1,0,0,0,0
"CP5-002",2,4.5,"N","","","","","S",0,0,0,0,0,0
"CP5-002",2,5,"N","VL","","","","S",0,0,0,0,0,0
"CP5-002",2,5.5,"ARTRW8","HL","","","","S",0,0,0,0,0,0
"CP5-002",2,6,"N","HL","","","","S",0,0,0,0,0,0
"CP5-002",2,6.5,"N","HL","","","","S",0,0,0,0,0,0
"CP5-002",2,7,"N","","","","","S",0,0,0,0,0,0
"CP5-002",2,7.5,"N","","","","","S",0,0,0,0,0,0
"CP5-002",2,8,"N","HL","","","","S",0,0,0,0,0,0
"CP5-002",2,8.5,"N","","","","","S",0,0,0,0,0,0
"CP5-002",2,9,"OPPO","","","","","OPPO",0,0,0,0,0,0
"CP5-002",2,9.5,"BOGR2","","","","","BOGR2",1,0,0,0,0,1
"CP5-002",2,10,"N","","","","","S",0,0,0,0,0,0
"CP5-002",2,10.5,"N","","","","","S",0,0,0,0,0,0
"CP5-002",2,11,"N","","","","","S",0,0,0,0,0,0
"CP5-002",2,11.5,"N","","","","","S",0,0,0,0,0,0
"CP5-002",2,12,"N","","","","","S",0,0,0,0,0,0
"CP5-002",2,12.5,"N","HL","","","","S",0,0,0,0,0,0
"CP5-002",2,13,"N","WL","","","","S",0,0,0,0,0,0
"CP5-002",2,13.5,"N","HL","","","","S",0,0,0,0,0,0
"CP5-002",2,14,"N","","","","","S",0,0,0,0,0,0
"CP5-002",2,14.5,"N","","","","","S",0,0,0,0,0,0
"CP5-002",2,15,"PLJA","VUOC","HL","","","S",0,0,0,0,0,0
"CP5-002",2,15.5,"N","","","","","S",0,0,0,0,0,0
"CP5-002",2,16,"N","","","","","S",0,0,0,0,0,0
"CP5-002",2,16.5,"BOGR2","","","","","S",1,0,0,0,0,0
"CP5-002",2,17,"N","","","","","S",0,0,0,0,0,0
"CP5-002",2,17.5,"N","","","","","S",0,0,0,0,0,0
"CP5-002",2,18,"N","HL","","","","S",0,0,0,0,0,0
"CP5-002",2,18.5,"BOGR2","","","","","S",0,0,0,0,0,0
"CP5-002",2,19,"N","HL","","","","S",0,0,0,0,0,0
"CP5-002",2,19.5,"N","","","","","S",0,0,0,0,0,0
"CP5-002",2,20,"N","","","","","S",0,0,0,0,0,0
"CP5-002",2,20.5,"N","HL","","","","S",0,0,0,0,0,0
"CP5-002",2,21,"N","HL","","","","S",0,0,0,0,0,0
"CP5-002",2,21.5,"ARTRW8","ERPU2","HL","","","M",0,0,0,0,0,0
"CP5-002",2,22,"ARTRW8","HL","","","","S",1,0,0,0,0,0
"CP5-002",2,22.5,"N","","","","","S",0,0,0,0,0,0
"CP5-002",2,23,"BOGR2","","","","","S",1,0,0,0,0,0
"CP5-002",2,23.5,"N","","","","","S",0,0,0,0,0,0
"CP5-002",2,24,"N","HL","","","","S",0,0,0,0,0,0
"CP5-002",2,24.5,"N","HL","","","","S",0,0,0,0,0,0
"CP5-002",2,25,"AF000","HL","","","","S",1,0,0,0,0,0
"CP5-002",3,0.5,"BOGR2","","","","","S",1,0,0,0,0,0
"CP5-002",3,1,"N","","","","","S",0,0,0,0,0,0
"CP5-002",3,1.5,"N","HL","","","","S",0,0,0,0,0,0
"CP5-002",3,2,"N","","","","","S",0,0,0,0,0,0
"CP5-002",3,2.5,"N","","","","","S",0,0,0,0,0,0
"CP5-002",3,3,"N","","","","","S",0,0,0,0,0,0
"CP5-002",3,3.5,"N","","","","","S",0,0,0,0,0,0
"CP5-002",3,4,"N","","","","","S",0,0,0,0,0,0
"CP5-002",3,4.5,"N","","","","","LC",0,0,0,0,0,0
"CP5-002",3,5,"N","HL","","","","S",0,0,0,0,0,0
"CP5-002",3,5.5,"ARTRW8","HL","","","","S",0,0,0,0,0,0
"CP5-002",3,6,"N","HL","","","","S",0,0,0,0,0,0
"CP5-002",3,6.5,"N","","","","","S",0,0,0,0,0,0
"CP5-002",3,7,"AF000","","","","","S",1,0,0,0,0,0
"CP5-002",3,7.5,"N","","","","","S",0,0,0,0,0,0
"CP5-002",3,8,"N","","","","","S",0,0,0,0,0,0
"CP5-002",3,8.5,"ARTRW8","","","","","S",1,0,0,0,0,0
"CP5-002",3,9,"N","HL","","","","S",0,0,0,0,0,0
"CP5-002",3,9.5,"N","","","","","S",0,0,0,0,0,0
"CP5-002",3,10,"N","","","","","S",0,0,0,0,0,0
"CP5-002",3,10.5,"N","VL","HL","","","S",0,0,0,0,0,0
"CP5-002",3,11,"N","","","","","S",0,0,0,0,0,0
"CP5-002",3,11.5,"N","HL","","","","S",0,0,0,0,0,0
"CP5-002",3,12,"ARTRW8","HL","","","","S",1,0,0,0,0,0
"CP5-002",3,12.5,"N","WL","","","","S",0,0,0,0,0,0
"CP5-002",3,13,"N","HL","","","","S",0,0,0,0,0,0
"CP5-002",3,13.5,"ARTRW8","HL","","","","S",1,0,0,0,0,0
"CP5-002",3,14,"N","HL","","","","S",0,0,0,0,0,0
"CP5-002",3,14.5,"ARTRW8","","","","","M",0,0,0,0,0,0
"CP5-002",3,15,"PLJA","","","","","S",1,0,0,0,0,0
"CP5-002",3,15.5,"PLJA","","","","","S",1,0,0,0,0,0
"CP5-002",3,16,"N","VL","","","","S",0,0,0,0,0,0
"CP5-002",3,16.5,"N","HL","","","","S",0,0,0,0,0,0
"CP5-002",3,17,"ARTRW8","","","","","S",0,0,0,0,0,0
"CP5-002",3,17.5,"ARTRW8","HL","","","","S",0,0,0,0,0,0
"CP5-002",3,18,"ARTRW8","HL","","","","S",0,0,0,0,0,0
"CP5-002",3,18.5,"ARTRW8","HL","","","","S",0,0,0,0,0,0
"CP5-002",3,19,"N","","","","","S",0,0,0,0,0,0
"CP5-002",3,19.5,"N","","","","","S",0,0,0,0,0,0
"CP5-002",3,20,"N","","","","","S",0,0,0,0,0,0
"CP5-002",3,20.5,"N","","","","","S",0,0,0,0,0,0
"CP5-002",3,21,"N","HL","","","","S",0,0,0,0,0,0
"CP5-002",3,21.5,"N","","","","","S",0,0,0,0,0,0
"CP5-002",3,22,"N","","","","","S",0,0,0,0,0,0
"CP5-002",3,22.5,"ARTRW8","HL","","","","S",0,0,0,0,0,0
"CP5-002",3,23,"N","","","","","S",0,0,0,0,0,0
"CP5-002",3,23.5,"N","HL","","","","S",0,0,0,0,0,0
"CP5-002",3,24,"N","","","","","M",0,0,0,0,0,0
"CP5-002",3,24.5,"N","WL","HL","","","S",0,0,0,0,0,0
"CP5-002",3,25,"BOGR2","VL","","","","BOGR2",1,0,0,0,0,1
"DryGB2-006",1,0.5,"N","","","","","GR",0,0,0,0,0,0
"DryGB2-006",1,1,"ARNO4","HL","","","","S",0,0,0,0,0,0
"DryGB2-006",1,1.5,"N","","","","","S",0,0,0,0,0,0
"DryGB2-006",1,2,"N","","","","","GR",0,0,0,0,0,0
"DryGB2-006",1,2.5,"ARNO4","HL","","","","S",0,0,0,0,0,0
"DryGB2-006",1,3,"N","","","","","GR",0,0,0,0,0,0
"DryGB2-006",1,3.5,"N","","","","","S",0,0,0,0,0,0
"DryGB2-006",1,4,"ARNO4","","","","","S",1,0,0,0,0,0
"DryGB2-006",1,4.5,"ARNO4","","","","","S",1,0,0,0,0,0
"DryGB2-006",1,5,"N","","","","","GR",0,0,0,0,0,0
"DryGB2-006",1,5.5,"N","","","","","GR",0,0,0,0,0,0
"DryGB2-006",1,6,"ARNO4","HL","","","","S",1,0,0,0,0,0
"DryGB2-006",1,6.5,"N","","","","","GR",0,0,0,0,0,0
"DryGB2-006",1,7,"N","","","","","GR",0,0,0,0,0,0
"DryGB2-006",1,7.5,"N","","","","","S",0,0,0,0,0,0
"DryGB2-006",1,8,"N","","","","","GR",0,0,0,0,0,0
"DryGB2-006",1,8.5,"N","","","","","S",0,0,0,0,0,0
"DryGB2-006",1,9,"N","","","","","CB",0,0,0,0,0,0
"DryGB2-006",1,9.5,"N","","","","","S",0,0,0,0,0,0
"DryGB2-006",1,10,"N","","","","","GR",0,0,0,0,0,0
"DryGB2-006",1,10.5,"N","","","","","GR",0,0,0,0,0,0
"DryGB2-006",1,11,"N","HL","","","","GR",0,0,0,0,0,0
"DryGB2-006",1,11.5,"N","","","","","GR",0,0,0,0,0,0
"DryGB2-006",1,12,"N","","","","","CB",0,0,0,0,0,0
"DryGB2-006",1,12.5,"N","","","","","GR",0,0,0,0,0,0
"DryGB2-006",1,13,"N","","","","","CB",0,0,0,0,0,0
"DryGB2-006",1,13.5,"N","","","","","S",0,0,0,0,0,0
"DryGB2-006",1,14,"ARNO4","HL","","","","S",0,0,0,0,0,0
"DryGB2-006",1,14.5,"N","WL","HL","","","S",0,0,0,0,0,0
"DryGB2-006",1,15,"N","","","","","GR",0,0,0,0,0,0
"DryGB2-006",1,15.5,"N","","","","","GR",0,0,0,0,0,0
"DryGB2-006",1,16,"N","HL","","","","S",0,0,0,0,0,0
"DryGB2-006",1,16.5,"N","","","","","S",0,0,0,0,0,0
"DryGB2-006",1,17,"N","","","","","GR",0,0,0,0,0,0
"DryGB2-006",1,17.5,"N","","","","","GR",0,0,0,0,0,0
"DryGB2-006",1,18,"N","HL","","","","S",0,0,0,0,0,0
"DryGB2-006",1,18.5,"N","HL","","","","S",0,0,0,0,0,0
"DryGB2-006",1,19,"N","","","","","GR",0,0,0,0,0,0
"DryGB2-006",1,19.5,"N","","","","","S",0,0,0,0,0,0
"DryGB2-006",1,20,"N","","","","","S",0,0,0,0,0,0
"DryGB2-006",1,20.5,"N","HL","","","","S",0,0,0,0,0,0
"DryGB2-006",1,21,"N","","","","","S",0,0,0,0,0,0
"DryGB2-006",1,21.5,"N","","","","","GR",0,0,0,0,0,0
"DryGB2-006",1,22,"N","","","","","GR",0,0,0,0,0,0
"DryGB2-006",1,22.5,"N","","","","","GR",0,0,0,0,0,0
"DryGB2-006",1,23,"N","","","","","GR",0,0,0,0,0,0
"DryGB2-006",1,23.5,"N","","","","","GR",0,0,0,0,0,0
"DryGB2-006",1,24,"N","","","","","GR",0,0,0,0,0,0
"DryGB2-006",1,24.5,"N","","","","","GR",0,0,0,0,0,0
"DryGB2-006",1,25,"N","","","","","GR",0,0,0,0,0,0
"DryGB2-006",2,0.5,"N","","","","","GR",0,0,0,0,0,0
"DryGB2-006",2,1,"N","","","","","GR",0,0,0,0,0,0
"DryGB2-006",2,1.5,"N","","","","","GR",0,0,0,0,0,0
"DryGB2-006",2,2,"N","","","","","GR",0,0,0,0,0,0
"DryGB2-006",2,2.5,"N","","","","","GR",0,0,0,0,0,0
"DryGB2-006",2,3,"N","HL","","","","S",0,0,0,0,0,0
"DryGB2-006",2,3.5,"ARNO4","WL","HL","","","S",1,0,0,0,0,0
"DryGB2-006",2,4,"N","","","","","S",0,0,0,0,0,0
"DryGB2-006",2,4.5,"N","","","","","GR",0,0,0,0,0,0
"DryGB2-006",2,5,"N","","","","","GR",0,0,0,0,0,0
"DryGB2-006",2,5.5,"N","HL","","","","S",0,0,0,0,0,0
"DryGB2-006",2,6,"N","","","","","S",0,0,0,0,0,0
"DryGB2-006",2,6.5,"N","HL","","","","S",0,0,0,0,0,0
"DryGB2-006",2,7,"ARNO4","","","","","S",0,0,0,0,0,0
"DryGB2-006",2,7.5,"N","","","","","S",0,0,0,0,0,0
"DryGB2-006",2,8,"N","","","","","GR",0,0,0,0,0,0
"DryGB2-006",2,8.5,"N","","","","","GR",0,0,0,0,0,0
"DryGB2-006",2,9,"N","","","","","GR",0,0,0,0,0,0
"DryGB2-006",2,9.5,"ARNO4","HL","","","","S",0,0,0,0,0,0
"DryGB2-006",2,10,"ARNO4","HL","","","","S",0,0,0,0,0,0
"DryGB2-006",2,10.5,"N","","","","","GR",0,0,0,0,0,0
"DryGB2-006",2,11,"ARNO4","HL","","","","S",0,0,0,0,0,0
"DryGB2-006",2,11.5,"N","","","","","S",0,0,0,0,0,0
"DryGB2-006",2,12,"N","","","","","S",0,0,0,0,0,0
"DryGB2-006",2,12.5,"N","","","","","GR",0,0,0,0,0,0
"DryGB2-006",2,13,"N","","","","","S",0,0,0,0,0,0
"DryGB2-006",2,13.5,"N","","","","","S",0,0,0,0,0,0
"DryGB2-006",2,14,"ARNO4","HL","","","","S",1,0,0,0,0,0
"DryGB2-006",2,14.5,"ARNO4","HL","","","","S",0,0,0,0,0,0
"DryGB2-006",2,15,"N","HL","","","","S",0,0,0,0,0,0
"DryGB2-006",2,15.5,"N","","","","","GR",0,0,0,0,0,0
"DryGB2-006",2,16,"ARNO4","HL","","","","S",0,0,0,0,0,0
"DryGB2-006",2,16.5,"N","HL","","","","S",0,0,0,0,0,0
"DryGB2-006",2,17,"N","","","","","S",0,0,0,0,0,0
"DryGB2-006",2,17.5,"N","","","","","GR",0,0,0,0,0,0
"DryGB2-006",2,18,"N","","","","","GR",0,0,0,0,0,0
"DryGB2-006",2,18.5,"N","","","","","GR",0,0,0,0,0,0
"DryGB2-006",2,19,"N","","","","","GR",0,0,0,0,0,0
"DryGB2-006",2,19.5,"N","","","","","GR",0,0,0,0,0,0
"DryGB2-006",2,20,"N","","","","","GR",0,0,0,0,0,0
"DryGB2-006",2,20.5,"ARNO4","","","","","S",0,0,0,0,0,0
"DryGB2-006",2,21,"N","","","","","GR",0,0,0,0,0,0
"DryGB2-006",2,21.5,"N","","","","","GR",0,0,0,0,0,0
"DryGB2-006",2,22,"N","","","","","GR",0,0,0,0,0,0
"DryGB2-006",2,22.5,"N","","","","","GR",0,0,0,0,0,0
"DryGB2-006",2,23,"N","","","","","CB",0,0,0,0,0,0
"DryGB2-006",2,23.5,"N","","","","","S",0,0,0,0,0,0
"DryGB2-006",2,24,"N","","","","","S",0,0,0,0,0,0
"DryGB2-006",2,24.5,"N","","","","","S",0,0,0,0,0,0
"DryGB2-006",2,25,"N","","","","","S",0,0,0,0,0,0
"DryGB2-006",3,0.5,"N","","","","","GR",0,0,0,0,0,0
"DryGB2-006",3,1,"N","","","","","S",0,0,0,0,0,0
"DryGB2-006",3,1.5,"N","","","","","S",0,0,0,0,0,0
"DryGB2-006",3,2,"N","","","","","S",0,0,0,0,0,0
"DryGB2-006",3,2.5,"N","","","","","GR",0,0,0,0,0,0
"DryGB2-006",3,3,"N","","","","","GR",0,0,0,0,0,0
"DryGB2-006",3,3.5,"ARNO4","","","","","S",0,0,0,0,0,0
"DryGB2-006",3,4,"N","","","","","GR",0,0,0,0,0,0
"DryGB2-006",3,4.5,"N","","","","","GR",0,0,0,0,0,0
"DryGB2-006",3,5,"ARNO4","","","","","S",0,0,0,0,0,0
"DryGB2-006",3,5.5,"N","","","","","GR",0,0,0,0,0,0
"DryGB2-006",3,6,"N","","","","","GR",0,0,0,0,0,0
"DryGB2-006",3,6.5,"N","","","","","GR",0,0,0,0,0,0
"DryGB2-006",3,7,"N","","","","","S",0,0,0,0,0,0
"DryGB2-006",3,7.5,"N","","","","","S",0,0,0,0,0,0
"DryGB2-006",3,8,"N","","","","","S",0,0,0,0,0,0
"DryGB2-006",3,8.5,"ARNO4","HL","","","","S",1,0,0,0,0,0
"DryGB2-006",3,9,"N","HL","","","","GR",0,0,0,0,0,0
"DryGB2-006",3,9.5,"ARNO4","HL","","","","S",0,0,0,0,0,0
"DryGB2-006",3,10,"N","","","","","GR",0,0,0,0,0,0
"DryGB2-006",3,10.5,"N","","","","","GR",0,0,0,0,0,0
"DryGB2-006",3,11,"N","","","","","GR",0,0,0,0,0,0
"DryGB2-006",3,11.5,"N","","","","","CB",0,0,0,0,0,0
"DryGB2-006",3,12,"N","","","","","GR",0,0,0,0,0,0
"DryGB2-006",3,12.5,"ARNO4","","","","","S",1,0,0,0,0,0
"DryGB2-006",3,13,"N","HL","","","","S",0,0,0,0,0,0
"DryGB2-006",3,13.5,"N","","","","","S",0,0,0,0,0,0
"DryGB2-006",3,14,"N","","","","","GR",0,0,0,0,0,0
"DryGB2-006",3,14.5,"ARNO4","","","","","S",0,0,0,0,0,0
"DryGB2-006",3,15,"N","","","","","GR",0,0,0,0,0,0
"DryGB2-006",3,15.5,"N","","","","","GR",0,0,0,0,0,0
"DryGB2-006",3,16,"N","","","","","GR",0,0,0,0,0,0
"DryGB2-006",3,16.5,"N","","","","","GR",0,0,0,0,0,0
"DryGB2-006",3,17,"N","","","","","GR",0,0,0,0,0,0
"DryGB2-006",3,17.5,"N","","","","","GR",0,0,0,0,0,0
"DryGB2-006",3,18,"N","","","","","S",0,0,0,0,0,0
"DryGB2-006",3,18.5,"N","","","","","GR",0,0,0,0,0,0
"DryGB2-006",3,19,"ARNO4","HL","","","","S",1,0,0,0,0,0
"DryGB2-006",3,19.5,"N","","","","","GR",0,0,0,0,0,0
"DryGB2-006",3,20,"N","","","","","GR",0,0,0,0,0,0
"DryGB2-006",3,20.5,"N","HL","","","","S",0,0,0,0,0,0
"DryGB2-006",3,21,"N","HL","","","","S",0,0,0,0,0,0
"DryGB2-006",3,21.5,"N","HL","","","","GR",0,0,0,0,0,0
"DryGB2-006",3,22,"N","HL","","","","S",0,0,0,0,0,0
"DryGB2-006",3,22.5,"N","HL","","","","S",0,0,0,0,0,0
"DryGB2-006",3,23,"N","HL","","","","S",0,0,0,0,0,0
"DryGB2-006",3,23.5,"N","","","","","GR",0,0,0,0,0,0
"DryGB2-006",3,24,"N","","","","","S",0,0,0,0,0,0
"DryGB2-006",3,24.5,"N","","","","","GR",0,0,0,0,0,0
"DryGB2-006",3,25,"ARNO4","HL","","","","S",0,0,0,0,0,0
"DryGB2-019",1,0.5,"N","","","","","S",0,0,0,0,0,0
"DryGB2-019",1,1,"N","","","","","GR",0,0,0,0,0,0
"DryGB2-019",1,1.5,"N","","","","","GR",0,0,0,0,0,0
"DryGB2-019",1,2,"N","","","","","S",0,0,0,0,0,0
"DryGB2-019",1,2.5,"N","","","","","GR",0,0,0,0,0,0
"DryGB2-019",1,3,"N","","","","","GR",0,0,0,0,0,0
"DryGB2-019",1,3.5,"N","","","","","S",0,0,0,0,0,0
"DryGB2-019",1,4,"N","","","","","S",0,0,0,0,0,0
"DryGB2-019",1,4.5,"N","","","","","S",0,0,0,0,0,0
"DryGB2-019",1,5,"N","","","","","GR",0,0,0,0,0,0
"DryGB2-019",1,5.5,"N","","","","","GR",0,0,0,0,0,0
"DryGB2-019",1,6,"N","","","","","GR",0,0,0,0,0,0
"DryGB2-019",1,6.5,"N","","","","","S",0,0,0,0,0,0
"DryGB2-019",1,7,"N","WL","HL","","","S",0,0,0,0,0,0
"DryGB2-019",1,7.5,"N","HL","","","","S",0,0,0,0,0,0
"DryGB2-019",1,8,"ARTRW8","HL","","","","S",1,0,0,0,0,0
"DryGB2-019",1,8.5,"ARTRW8","HL","","","","M",0,0,0,0,0,0
"DryGB2-019",1,9,"N","","","","","GR",0,0,0,0,0,0
"DryGB2-019",1,9.5,"N","","","","","GR",0,0,0,0,0,0
"DryGB2-019",1,10,"N","HL","","","","S",0,0,0,0,0,0
"DryGB2-019",1,10.5,"N","HL","","","","S",0,0,0,0,0,0
"DryGB2-019",1,11,"N","HL","","","","S",0,0,0,0,0,0
"DryGB2-019",1,11.5,"ARTRW8","HL","","","","S",0,0,0,0,0,0
"DryGB2-019",1,12,"N","","","","","S",0,0,0,0,0,0
"DryGB2-019",1,12.5,"N","","","","","GR",0,0,0,0,0,0
"DryGB2-019",1,13,"N","","","","","GR",0,0,0,0,0,0
"DryGB2-019",1,13.5,"N","","","","","GR",0,0,0,0,0,0
"DryGB2-019",1,14,"N","","","","","S",0,0,0,0,0,0
"DryGB2-019",1,14.5,"N","HL","","","","S",0,0,0,0,0,0
"DryGB2-019",1,15,"N","","","","","GR",0,0,0,0,0,0
"DryGB2-019",1,15.5,"N","","","","","S",0,0,0,0,0,0
"DryGB2-019",1,16,"N","","","","","S",0,0,0,0,0,0
"DryGB2-019",1,16.5,"N","HL","","","","S",0,0,0,0,0,0
"DryGB2-019",1,17,"N","HL","","","","S",0,0,0,0,0,0
"DryGB2-019",1,17.5,"N","","","","","S",0,0,0,0,0,0
"DryGB2-019",1,18,"N","","","","","S",0,0,0,0,0,0
"DryGB2-019",1,18.5,"ELEL5","","","","","S",0,0,0,0,0,0
"DryGB2-019",1,19,"N","","","","","S",0,0,0,0,0,0
"DryGB2-019",1,19.5,"N","HL","","","","S",0,0,0,0,0,0
"DryGB2-019",1,20,"N","","","","","GR",0,0,0,0,0,0
"DryGB2-019",1,20.5,"N","","","","","GR",0,0,0,0,0,0
"DryGB2-019",1,21,"N","","","","","S",0,0,0,0,0,0
"DryGB2-019",1,21.5,"N","","","","","S",0,0,0,0,0,0
"DryGB2-019",1,22,"N","HL","","","","S",0,0,0,0,0,0
"DryGB2-019",1,22.5,"GRSP","HL","","","","S",0,0,0,0,0,0
"DryGB2-019",1,23,"N","","","","","GR",0,0,0,0,0,0
"DryGB2-019",1,23.5,"N","","","","","GR",0,0,0,0,0,0
"DryGB2-019",1,24,"N","","","","","GR",0,0,0,0,0,0
"DryGB2-019",1,24.5,"N","","","","","GR",0,0,0,0,0,0
"DryGB2-019",1,25,"N","","","","","GR",0,0,0,0,0,0
"DryGB2-019",2,0.5,"N","","","","","S",0,0,0,0,0,0
"DryGB2-019",2,1,"N","","","","","CB",0,0,0,0,0,0
"DryGB2-019",2,1.5,"N","","","","","S",0,0,0,0,0,0
"DryGB2-019",2,2,"N","","","","","GR",0,0,0,0,0,0
"DryGB2-019",2,2.5,"N","","","","","GR",0,0,0,0,0,0
"DryGB2-019",2,3,"GRSP","HL","","","","S",0,0,0,0,0,0
"DryGB2-019",2,3.5,"N","WL","","","","S",0,0,0,0,0,0
"DryGB2-019",2,4,"N","","","","","S",0,0,0,0,0,0
"DryGB2-019",2,4.5,"N","","","","","GR",0,0,0,0,0,0
"DryGB2-019",2,5,"N","","","","","GR",0,0,0,0,0,0
"DryGB2-019",2,5.5,"N","","","","","S",0,0,0,0,0,0
"DryGB2-019",2,6,"N","","","","","GR",0,0,0,0,0,0
"DryGB2-019",2,6.5,"N","","","","","S",0,0,0,0,0,0
"DryGB2-019",2,7,"N","","","","","S",0,0,0,0,0,0
"DryGB2-019",2,7.5,"N","WL","HL","","","S",0,0,0,0,0,0
"DryGB2-019",2,8,"ARTRW8","HL","","","","S",1,0,0,0,0,0
"DryGB2-019",2,8.5,"N","","","","","S",0,0,0,0,0,0
"DryGB2-019",2,9,"N","","","","","S",0,0,0,0,0,0
"DryGB2-019",2,9.5,"N","HL","","","","S",0,0,0,0,0,0
"DryGB2-019",2,10,"N","WL","","","","S",0,0,0,0,0,0
"DryGB2-019",2,10.5,"N","HL","","","","S",0,0,0,0,0,0
"DryGB2-019",2,11,"N","","","","","S",0,0,0,0,0,0
"DryGB2-019",2,11.5,"N","","","","","S",0,0,0,0,0,0
"DryGB2-019",2,12,"N","","","","","GR",0,0,0,0,0,0
"DryGB2-019",2,12.5,"N","","","","","GR",0,0,0,0,0,0
"DryGB2-019",2,13,"N","HL","","","","GR",0,0,0,0,0,0
"DryGB2-019",2,13.5,"N","","","","","S",0,0,0,0,0,0
"DryGB2-019",2,14,"N","","","","","S",0,0,0,0,0,0
"DryGB2-019",2,14.5,"N","","","","","GR",0,0,0,0,0,0
"DryGB2-019",2,15,"N","HL","","","","GR",0,0,0,0,0,0
"DryGB2-019",2,15.5,"N","","","","","GR",0,0,0,0,0,0
"DryGB2-019",2,16,"GRSP","HL","","","","S",0,0,0,0,0,0
"DryGB2-019",2,16.5,"N","","","","","GR",0,0,0,0,0,0
"DryGB2-019",2,17,"ARTRW8","","","","","S",0,0,0,0,0,0
"DryGB2-019",2,17.5,"ARTRW8","","","","","S",1,0,0,0,0,0
"DryGB2-019",2,18,"N","HL","","","","S",0,0,0,0,0,0
"DryGB2-019",2,18.5,"ARTRW8","HL","","","","S",1,0,0,0,0,0
"DryGB2-019",2,19,"ARTRW8","HL","","","","S",0,0,0,0,0,0
"DryGB2-019",2,19.5,"N","","","","","GR",0,0,0,0,0,0
"DryGB2-019",2,20,"N","","","","","CB",0,0,0,0,0,0
"DryGB2-019",2,20.5,"N","","","","","GR",0,0,0,0,0,0
"DryGB2-019",2,21,"ARTRW8","HL","","","","S",0,0,0,0,0,0
"DryGB2-019",2,21.5,"N","","","","","GR",0,0,0,0,0,0
"DryGB2-019",2,22,"N","","","","","S",0,0,0,0,0,0
"DryGB2-019",2,22.5,"ARTRW8","","","","","S",0,0,0,0,0,0
"DryGB2-019",2,23,"N","","","","","S",0,0,0,0,0,0
"DryGB2-019",2,23.5,"ARTRW8","HL","","","","S",0,0,0,0,0,0
"DryGB2-019",2,24,"ARTRW8","HL","","","","S",1,0,0,0,0,0
"DryGB2-019",2,24.5,"N","","","","","GR",0,0,0,0,0,0
"DryGB2-019",2,25,"N","","","","","GR",0,0,0,0,0,0
"DryGB2-019",3,0.5,"N","","","","","S",0,0,0,0,0,0
"DryGB2-019",3,1,"N","","","","","GR",0,0,0,0,0,0
"DryGB2-019",3,1.5,"N","","","","","GR",0,0,0,0,0,0
"DryGB2-019",3,2,"N","","","","","GR",0,0,0,0,0,0
"DryGB2-019",3,2.5,"N","","","","","GR",0,0,0,0,0,0
"DryGB2-019",3,3,"ELEL5","ARTRW8","HL","","","S",1,1,0,0,0,0
"DryGB2-019",3,3.5,"N","","","","","GR",0,0,0,0,0,0
"DryGB2-019",3,4,"N","","","","","GR",0,0,0,0,0,0
"DryGB2-019",3,4.5,"N","","","","","GR",0,0,0,0,0,0
"DryGB2-019",3,5,"N","","","","","S",0,0,0,0,0,0
"DryGB2-019",3,5.5,"N","","","","","CB",0,0,0,0,0,0
"DryGB2-019",3,6,"N","HL","","","","S",0,0,0,0,0,0
"DryGB2-019",3,6.5,"ARTRW8","HL","","","","S",1,0,0,0,0,0
"DryGB2-019",3,7,"N","","","","","GR",0,0,0,0,0,0
"DryGB2-019",3,7.5,"N","","","","","GR",0,0,0,0,0,0
"DryGB2-019",3,8,"N","","","","","GR",0,0,0,0,0,0
"DryGB2-019",3,8.5,"ARTRW8","","","","","S",0,0,0,0,0,0
"DryGB2-019",3,9,"ARTRW8","","","","","S",0,0,0,0,0,0
"DryGB2-019",3,9.5,"N","HL","","","","S",0,0,0,0,0,0
"DryGB2-019",3,10,"N","HL","","","","GR",0,0,0,0,0,0
"DryGB2-019",3,10.5,"N","","","","","GR",0,0,0,0,0,0
"DryGB2-019",3,11,"ARTRW8","","","","","S",0,0,0,0,0,0
"DryGB2-019",3,11.5,"N","","","","","S",0,0,0,0,0,0
"DryGB2-019",3,12,"ARTRW8","","","","","S",0,0,0,0,0,0
"DryGB2-019",3,12.5,"N","","","","","S",0,0,0,0,0,0
"DryGB2-019",3,13,"N","HL","","","","S",0,0,0,0,0,0
"DryGB2-019",3,13.5,"ARTRW8","","","","","S",0,0,0,0,0,0
"DryGB2-019",3,14,"ARTRW8","HL","","","","S",1,0,0,0,0,0
"DryGB2-019",3,14.5,"N","","","","","GR",0,0,0,0,0,0
"DryGB2-019",3,15,"N","","","","","S",0,0,0,0,0,0
"DryGB2-019",3,15.5,"N","","","","","S",0,0,0,0,0,0
"DryGB2-019",3,16,"N","","","","","GR",0,0,0,0,0,0
"DryGB2-019",3,16.5,"N","","","","","S",0,0,0,0,0,0
"DryGB2-019",3,17,"N","","","","","CB",0,0,0,0,0,0
"DryGB2-019",3,17.5,"N","","","","","GR",0,0,0,0,0,0
"DryGB2-019",3,18,"N","HL","","","","S",0,0,0,0,0,0
"DryGB2-019",3,18.5,"N","","","","","S",0,0,0,0,0,0
"DryGB2-019",3,19,"ARTRW8","HL","","","","S",0,0,0,0,0,0
"DryGB2-019",3,19.5,"N","HL","","","","S",0,0,0,0,0,0
"DryGB2-019",3,20,"ARTRW8","","","","","S",0,0,0,0,0,0
"DryGB2-019",3,20.5,"N","HL","","","","S",0,0,0,0,0,0
"DryGB2-019",3,21,"N","","","","","S",0,0,0,0,0,0
"DryGB2-019",3,21.5,"N","","","","","GR",0,0,0,0,0,0
"DryGB2-019",3,22,"N","","","","","GR",0,0,0,0,0,0
"DryGB2-019",3,22.5,"N","","","","","S",0,0,0,0,0,0
"DryGB2-019",3,23,"ARTRW8","","","","","S",1,0,0,0,0,0
"DryGB2-019",3,23.5,"N","","","","","GR",0,0,0,0,0,0
"DryGB2-019",3,24,"ARTRW8","HL","","","","S",0,0,0,0,0,0
"DryGB2-019",3,24.5,"N","","","","","GR",0,0,0,0,0,0
"DryGB2-019",3,25,"N","","","","","GR",0,0,0,0,0,0
"DryGB3-996",1,0.5,"POSE","HL","","","","S",0,0,0,0,0,0
"DryGB3-996",1,1,"BRAR5","POSE","","","","BY",0,0,0,0,0,0
"DryGB3-996",1,1.5,"N","","","","","S",0,0,0,0,0,0
"DryGB3-996",1,2,"POSE","HL","","","","S",0,0,0,0,0,0
"DryGB3-996",1,2.5,"VUMI","","","","","M",0,0,0,0,0,0
"DryGB3-996",1,3,"POSE","HL","","","","M",0,0,0,0,0,0
"DryGB3-996",1,3.5,"N","HL","","","","S",0,0,0,0,0,0
"DryGB3-996",1,4,"N","HL","","","","S",0,0,0,0,0,0
"DryGB3-996",1,4.5,"BRTE","POSE","HL","","","S",0,0,0,0,0,0
"DryGB3-996",1,5,"BRTE","HECO26","HL","","","S",0,0,0,0,0,0
"DryGB3-996",1,5.5,"ARTRT","BRTE","HL","","","S",0,0,0,0,0,0
"DryGB3-996",1,6,"ARTRT","HL","","","","S",0,0,0,0,0,0
"DryGB3-996",1,6.5,"POSE","HL","","","","S",0,0,0,0,0,0
"DryGB3-996",1,7,"ARTRT","HL","","","","S",0,0,0,0,0,0
"DryGB3-996",1,7.5,"ARTRT","PLMA4","HL","","","S",0,0,0,0,0,0
"DryGB3-996",1,8,"POSE","","","","","POSE",0,0,0,0,0,0
"DryGB3-996",1,8.5,"LOMA3","HL","","","","S",0,0,0,0,0,0
"DryGB3-996",1,9,"VUMI","HL","","","","S",0,0,0,0,0,0
"DryGB3-996",1,9.5,"BRTE","BRAR5","HL","","","M",0,0,0,0,0,0
"DryGB3-996",1,10,"BRTE","HL","","","","S",0,0,0,0,0,0
"DryGB3-996",1,10.5,"BRTE","HL","","","","S",0,0,0,0,0,0
"DryGB3-996",1,11,"BRTE","HL","","","","LC",0,0,0,0,0,0
"DryGB3-996",1,11.5,"N","","","","","S",0,0,0,0,0,0
"DryGB3-996",1,12,"ERNA10","BRTE","HL","","","S",0,0,0,0,0,0
"DryGB3-996",1,12.5,"VUMI","HL","","","","S",0,0,0,0,0,0
"DryGB3-996",1,13,"ARTRT","BRTE","HOUM","POSE","HL","LC",0,0,0,0,0,0
"DryGB3-996",1,13.5,"BRTE","POSE","HL","","","S",0,0,0,0,0,0
"DryGB3-996",1,14,"BRTE","POSE","HL","","","M",0,0,0,0,0,0
"DryGB3-996",1,14.5,"POSE","","","","","LC",0,0,0,0,0,0
"DryGB3-996",1,15,"VUMI","HL","","","","S",0,0,0,0,0,0
"DryGB3-996",1,15.5,"POSE","BRTE","","","","M",0,0,0,0,0,0
"DryGB3-996",1,16,"N","","","","","S",0,0,0,0,0,0
"DryGB3-996",1,16.5,"VUMI","","","","","LC",0,0,0,0,0,0
"DryGB3-996",1,17,"BRTE","HL","","","","S",0,0,0,0,0,0
"DryGB3-996",1,17.5,"ARTRT","POSE","HL","","","S",1,0,0,0,0,0
"DryGB3-996",1,18,"ARTRT","VUMI","BRTE","","","S",0,0,0,0,0,0
"DryGB3-996",1,18.5,"BRTE","","","","","S",0,0,0,0,0,0
"DryGB3-996",1,19,"POSE","BRTE","HL","","","S",0,0,0,0,0,0
"DryGB3-996",1,19.5,"POSE","HL","","","","M",0,0,0,0,0,0
"DryGB3-996",1,20,"POSE","","","","","LC",1,0,0,0,0,0
"DryGB3-996",1,20.5,"BRTE","HL","","","","S",0,0,0,0,0,0
"DryGB3-996",1,21,"ARTRT","BRTE","HL","","","S",0,0,0,0,0,0
"DryGB3-996",1,21.5,"N","HL","","","","M",0,0,0,0,0,0
"DryGB3-996",1,22,"ARTRT","ACTH7","HL","","","S",0,0,0,0,0,0
"DryGB3-996",1,22.5,"ARTRT","POSE","HL","","","S",0,0,0,0,0,0
"DryGB3-996",1,23,"POSE","HL","","","","S",0,0,0,0,0,0
"DryGB3-996",1,23.5,"ARTRT","POSE","","","","M",0,0,0,0,0,0
"DryGB3-996",1,24,"ARTRT","","","","","LC",0,0,0,0,0,0
"DryGB3-996",1,24.5,"POSE","HL","","","","S",0,0,0,0,0,0
"DryGB3-996",1,25,"ARTRT","POSE","BRAR5","HL","","S",0,0,0,0,0,0
"DryGB3-996",2,0.5,"ARTRT","HL","","","","M",0,0,0,0,0,0
"DryGB3-996",2,1,"ARTRT","BRTE","HL","","","S",0,0,0,0,0,0
"DryGB3-996",2,1.5,"BRTE","VUOC","HL","","","S",0,0,0,0,0,0
"DryGB3-996",2,2,"ARTRT","BRTE","HL","","","S",1,0,0,0,0,0
"DryGB3-996",2,2.5,"BRTE","POSE","HL","","","M",0,0,0,0,0,0
"DryGB3-996",2,3,"ARTRT","POSE","HL","","","M",1,0,0,0,0,0
"DryGB3-996",2,3.5,"ARTRT","HL","","","","S",0,0,0,0,0,0
"DryGB3-996",2,4,"ARTRT","POSE","VUMI","HL","","M",0,0,0,0,0,0
"DryGB3-996",2,4.5,"ARTRT","VUMI","HL","","","M",0,0,0,0,0,0
"DryGB3-996",2,5,"N","HL","","","","S",0,0,0,0,0,0
"DryGB3-996",2,5.5,"BRTE","HL","","","","S",0,0,0,0,0,0
"DryGB3-996",2,6,"ARTRT","BRTE","HL","","","LC",0,0,0,0,0,0
"DryGB3-996",2,6.5,"ACTH7","","","","","S",0,0,0,0,0,0
"DryGB3-996",2,7,"BRTE","POSE","HL","","","S",0,0,0,0,0,0
"DryGB3-996",2,7.5,"BRTE","HL","","","","M",0,0,0,0,0,0
"DryGB3-996",2,8,"BRAR5","MIGR","HL","","","M",0,0,0,0,0,0
"DryGB3-996",2,8.5,"POSE","ARTRT","HL","","","M",0,0,0,0,0,0
"DryGB3-996",2,9,"ARTRT","POSE","HL","","","S",0,0,0,0,0,0
"DryGB3-996",2,9.5,"ARTRT","BRTE","HL","","","S",0,1,0,0,0,0
"DryGB3-996",2,10,"N","HL","","","","S",0,0,0,0,0,0
"DryGB3-996",2,10.5,"BRTE","HL","","","","M",0,0,0,0,0,0
"DryGB3-996",2,11,"ARTRT","HL","","","","S",0,0,0,0,0,0
"DryGB3-996",2,11.5,"ARTRT","HL","","","","S",1,0,0,0,0,0
"DryGB3-996",2,12,"POSE","HL","","","","S",0,0,0,0,0,0
"DryGB3-996",2,12.5,"HOUM","POSE","HL","","","S",0,0,0,0,0,0
"DryGB3-996",2,13,"BRTE","POSE","HL","","","S",0,0,0,0,0,0
"DryGB3-996",2,13.5,"POSE","","","","","POSE",0,0,0,0,0,0
"DryGB3-996",2,14,"POSE","HL","","","","S",0,0,0,0,0,0
"DryGB3-996",2,14.5,"POSE","","","","","S",0,0,0,0,0,0
"DryGB3-996",2,15,"POSE","HL","","","","S",0,0,0,0,0,0
"DryGB3-996",2,15.5,"BRTE","ARTRT","HL","","","S",0,0,0,0,0,0
"DryGB3-996",2,16,"ARTRT","HL","","","","S",0,0,0,0,0,0
"DryGB3-996",2,16.5,"BRTE","ARTRT","HL","","","S",0,1,0,0,0,0
"DryGB3-996",2,17,"BRTE","","","","","S",0,0,0,0,0,0
"DryGB3-996",2,17.5,"ERNA10","HL","","","","M",1,0,0,0,0,0
"DryGB3-996",2,18,"MIGR","HL","","","","M",0,0,0,0,0,0
"DryGB3-996",2,18.5,"N","","","","","S",0,0,0,0,0,0
"DryGB3-996",2,19,"BRTE","HL","","","","S",0,0,0,0,0,0
"DryGB3-996",2,19.5,"TECA2","HL","","","","S",1,0,0,0,0,0
"DryGB3-996",2,20,"BRTE","HL","","","","S",0,0,0,0,0,0
"DryGB3-996",2,20.5,"BRTE","HL","","","","S",0,0,0,0,0,0
"DryGB3-996",2,21,"N","HL","","","","S",0,0,0,0,0,0
"DryGB3-996",2,21.5,"POSE","BRTE","HL","","","S",0,0,0,0,0,0
"DryGB3-996",2,22,"BRTE","HL","","","","S",1,0,0,0,0,0
"DryGB3-996",2,22.5,"BRTE","HL","","","","S",0,0,0,0,0,0
"DryGB3-996",2,23,"BRAR5","","","","","LC",0,0,0,0,0,0
"DryGB3-996",2,23.5,"ARTRT","BRTE","HL","","","S",0,0,0,0,0,0
"DryGB3-996",2,24,"ARTRT","MIGR","BRTE","HL","","S",0,0,0,0,0,0
"DryGB3-996",2,24.5,"ARTRT","PSSP6","BRTE","HL","","S",0,0,0,0,0,0
"DryGB3-996",2,25,"ARTRT","BRTE","HL","","","S",0,0,0,0,0,0
"DryGB3-996",3,0.5,"LOSI2","HL","","","","M",0,0,0,0,0,0
"DryGB3-996",3,1,"ARTRT","BRAR5","HL","","","M",0,0,0,0,0,0
"DryGB3-996",3,1.5,"ARTRT","BRTE","HL","","","S",0,0,0,0,0,0
"DryGB3-996",3,2,"ARTRT","BRTE","HL","","","S",0,0,0,0,0,0
"DryGB3-996",3,2.5,"LOMA3","POSE","","","","POSE",0,0,0,0,0,0
"DryGB3-996",3,3,"HECO26","","","","","HECO26",0,0,0,0,0,0
"DryGB3-996",3,3.5,"N","HL","","","","S",0,0,0,0,0,0
"DryGB3-996",3,4,"N","HL","","","","M",0,0,0,0,0,0
"DryGB3-996",3,4.5,"VUOC","HL","","","","S",0,0,0,0,0,0
"DryGB3-996",3,5,"N","","","","","S",0,0,0,0,0,0
"DryGB3-996",3,5.5,"N","HL","","","","S",0,0,0,0,0,0
"DryGB3-996",3,6,"ARTRT","HL","","","","S",1,0,0,0,0,0
"DryGB3-996",3,6.5,"VUMI","","","","","LC",0,0,0,0,0,0
"DryGB3-996",3,7,"ARTRT","HL","","","","M",0,0,0,0,0,0
"DryGB3-996",3,7.5,"N","HL","","","","S",0,0,0,0,0,0
"DryGB3-996",3,8,"LOMA3","","","","","M",0,0,0,0,0,0
"DryGB3-996",3,8.5,"ARTRT","LOMA3","HL","","","S",0,0,0,0,0,0
"DryGB3-996",3,9,"ARTRT","POSE","","","","POSE",0,0,0,0,0,0
"DryGB3-996",3,9.5,"BRTE","POSE","ARTRT","HL","","S",0,0,1,0,0,0
"DryGB3-996",3,10,"ARTRT","HL","","","","S",1,0,0,0,0,0
"DryGB3-996",3,10.5,"ARTRT","POSE","HL","","","S",0,0,0,0,0,0
"DryGB3-996",3,11,"POSE","HL","","","","S",0,0,0,0,0,0
"DryGB3-996",3,11.5,"VUMI","POSE","HL","","","S",0,0,0,0,0,0
"DryGB3-996",3,12,"ARTRT","BRTE","HL","","","M",0,0,0,0,0,0
"DryGB3-996",3,12.5,"ARTRT","BRTE","HL","","","M",0,0,0,0,0,0
"DryGB3-996",3,13,"POSE","","","","","POSE",0,0,0,0,0,0
"DryGB3-996",3,13.5,"POSE","HL","","","","S",0,0,0,0,0,0
"DryGB3-996",3,14,"ARTRT","BACA3","HL","","","S",0,0,0,0,0,0
"DryGB3-996",3,14.5,"ARTRT","POSE","HL","","","S",0,0,0,0,0,0
"DryGB3-996",3,15,"N","HL","","","","S",0,0,0,0,0,0
"DryGB3-996",3,15.5,"ARTRT","HL","","","","S",1,0,0,0,0,0
"DryGB3-996",3,16,"BRTE","HL","","","","S",0,0,0,0,0,0
"DryGB3-996",3,16.5,"ARTRT","HL","","","","S",0,0,0,0,0,0
"DryGB3-996",3,17,"BRTE","HL","","","","S",0,0,0,0,0,0
"DryGB3-996",3,17.5,"N","HL","","","","M",0,0,0,0,0,0
"DryGB3-996",3,18,"N","HL","","","","S",0,0,0,0,0,0
"DryGB3-996",3,18.5,"POSE","HL","","","","S",0,0,0,0,0,0
"DryGB3-996",3,19,"POSE","HL","","","","M",0,0,0,0,0,0
"DryGB3-996",3,19.5,"POSE","","","","","M",0,0,0,0,0,0
"DryGB3-996",3,20,"N","HL","","","","M",0,0,0,0,0,0
"DryGB3-996",3,20.5,"N","","","","","LC",0,0,0,0,0,0
"DryGB3-996",3,21,"N","","","","","LC",0,0,0,0,0,0
"DryGB3-996",3,21.5,"POSE","HL","","","","M",0,0,0,0,0,0
"DryGB3-996",3,22,"POSE","HL","","","","M",0,0,0,0,0,0
"DryGB3-996",3,22.5,"POSE","HL","","","","M",0,0,0,0,0,0
"DryGB3-996",3,23,"ACTH7","LOMA3","HL","","","M",0,0,0,0,0,0
"DryGB3-996",3,23.5,"VUMI","ACTH7","HL","","","GR",0,0,0,0,0,0
"DryGB3-996",3,24,"POSE","","","","","POSE",0,0,0,0,0,0
"DryGB3-996",3,24.5,"POSE","HL","","","","S",0,0,0,0,0,0
"DryGB3-996",3,25,"POSE","HL","","","","S",0,0,0,0,0,0
"DryGB3-997",1,0.5,"N","","","","","S",0,0,0,0,0,0
"DryGB3-997",1,1,"N","","","","","LC",0,0,0,0,0,0
"DryGB3-997",1,1.5,"N","","","","","S",0,0,0,0,0,0
"DryGB3-997",1,2,"N","","","","","S",0,0,0,0,0,0
"DryGB3-997",1,2.5,"N","","","","","GR",0,0,0,0,0,0
"DryGB3-997",1,3,"ARTRT","PG000","","","","PG000",1,1,0,0,0,1
"DryGB3-997",1,3.5,"ARTRT","HL","","","","S",0,0,0,0,0,0
"DryGB3-997",1,4,"BRTE","","","","","S",0,0,0,0,0,0
"DryGB3-997",1,4.5,"N","","","","","S",0,0,0,0,0,0
"DryGB3-997",1,5,"N","","","","","S",0,0,0,0,0,0
"DryGB3-997",1,5.5,"N","HL","","","","S",0,0,0,0,0,0
"DryGB3-997",1,6,"N","","","","","S",0,0,0,0,0,0
"DryGB3-997",1,6.5,"ARTRT","HL","","","","S",0,0,0,0,0,0
"DryGB3-997",1,7,"N","HL","","","","S",0,0,0,0,0,0
"DryGB3-997",1,7.5,"N","HL","","","","S",0,0,0,0,0,0
"DryGB3-997",1,8,"BRTE","HL","","","","S",0,0,0,0,0,0
"DryGB3-997",1,8.5,"N","","","","","S",0,0,0,0,0,0
"DryGB3-997",1,9,"BRTE","HL","","","","S",0,0,0,0,0,0
"DryGB3-997",1,9.5,"DEPI","ARTRT","HL","","","S",0,1,0,0,0,0
"DryGB3-997",1,10,"BRTE","","","","","S",0,0,0,0,0,0
"DryGB3-997",1,10.5,"N","","","","","GR",0,0,0,0,0,0
"DryGB3-997",1,11,"N","","","","","S",0,0,0,0,0,0
"DryGB3-997",1,11.5,"N","","","","","GR",0,0,0,0,0,0
"DryGB3-997",1,12,"N","","","","","S",0,0,0,0,0,0
"DryGB3-997",1,12.5,"BRTE","","","","","S",0,0,0,0,0,0
"DryGB3-997",1,13,"N","WL","HL","","","S",0,0,0,0,0,0
"DryGB3-997",1,13.5,"N","","","","","S",0,0,0,0,0,0
"DryGB3-997",1,14,"BRTE","","","","","S",0,0,0,0,0,0
"DryGB3-997",1,14.5,"N","HL","","","","S",0,0,0,0,0,0
"DryGB3-997",1,15,"N","HL","","","","S",0,0,0,0,0,0
"DryGB3-997",1,15.5,"ARTRT","DEPI","BRTE","HL","","S",0,0,0,0,0,0
"DryGB3-997",1,16,"N","","","","","GR",0,0,0,0,0,0
"DryGB3-997",1,16.5,"ARTRT","HL","","","","S",0,0,0,0,0,0
"DryGB3-997",1,17,"ARTRT","HL","","","","S",0,0,0,0,0,0
"DryGB3-997",1,17.5,"N","","","","","S",0,0,0,0,0,0
"DryGB3-997",1,18,"N","","","","","GR",0,0,0,0,0,0
"DryGB3-997",1,18.5,"N","","","","","S",0,0,0,0,0,0
"DryGB3-997",1,19,"N","","","","","S",0,0,0,0,0,0
"DryGB3-997",1,19.5,"BRTE","HL","","","","S",0,0,0,0,0,0
"DryGB3-997",1,20,"ARTRT","","","","","ARTRT",0,0,0,0,0,0
"DryGB3-997",1,20.5,"N","HL","WL","","","S",0,0,0,0,0,0
"DryGB3-997",1,21,"ARTRT","HL","","","","S",1,0,0,0,0,0
"DryGB3-997",1,21.5,"ARTRT","HL","","","","S",0,0,0,0,0,0
"DryGB3-997",1,22,"N","","","","","GR",0,0,0,0,0,0
"DryGB3-997",1,22.5,"ARTRT","","","","","S",0,0,0,0,0,0
"DryGB3-997",1,23,"ARTRT","HL","","","","S",1,0,0,0,0,0
"DryGB3-997",1,23.5,"BRTE","","","","","S",0,0,0,0,0,0
"DryGB3-997",1,24,"N","","","","","GR",0,0,0,0,0,0
"DryGB3-997",1,24.5,"N","","","","","S",0,0,0,0,0,0
"DryGB3-997",1,25,"BRTE","HL","","","","S",0,0,0,0,0,0
"DryGB3-997",2,0.5,"BRTE","HL","","","","S",0,0,0,0,0,0
"DryGB3-997",2,1,"DEPI","BRTE","HL","","","S",0,0,0,0,0,0
"DryGB3-997",2,1.5,"BRTE","HL","","","","S",0,0,0,0,0,0
"DryGB3-997",2,2,"N","","","","","GR",0,0,0,0,0,0
"DryGB3-997",2,2.5,"ELEL5","","","","","ELEL5",1,0,0,0,0,1
"DryGB3-997",2,3,"ARTRT","BRTE","HL","","","S",1,0,0,0,0,0
"DryGB3-997",2,3.5,"N","HL","","","","S",0,0,0,0,0,0
"DryGB3-997",2,4,"ARTRT","HL","","","","S",0,0,0,0,0,0
"DryGB3-997",2,4.5,"ARTRT","HL","","","","S",1,0,0,0,0,0
"DryGB3-997",2,5,"ARTRT","HL","","","","GR",0,0,0,0,0,0
"DryGB3-997",2,5.5,"N","","","","","S",0,0,0,0,0,0
"DryGB3-997",2,6,"N","","","","","S",0,0,0,0,0,0
"DryGB3-997",2,6.5,"N","","","","","GR",0,0,0,0,0,0
"DryGB3-997",2,7,"N","HL","","","","S",0,0,0,0,0,0
"DryGB3-997",2,7.5,"N","","","","","S",0,0,0,0,0,0
"DryGB3-997",2,8,"N","","","","","S",0,0,0,0,0,0
"DryGB3-997",2,8.5,"N","","","","","S",0,0,0,0,0,0
"DryGB3-997",2,9,"ARTRT","","","","","S",0,0,0,0,0,0
"DryGB3-997",2,9.5,"N","","","","","S",0,0,0,0,0,0
"DryGB3-997",2,10,"N","","","","","S",0,0,0,0,0,0
"DryGB3-997",2,10.5,"N","","","","","S",0,0,0,0,0,0
"DryGB3-997",2,11,"N","HL","","","","S",0,0,0,0,0,0
"DryGB3-997",2,11.5,"N","HL","","","","S",0,0,0,0,0,0
"DryGB3-997",2,12,"ARTRT","HL","","","","S",0,0,0,0,0,0
"DryGB3-997",2,12.5,"N","","","","","S",0,0,0,0,0,0
"DryGB3-997",2,13,"N","","","","","S",0,0,0,0,0,0
"DryGB3-997",2,13.5,"N","","","","","S",0,0,0,0,0,0
"DryGB3-997",2,14,"N","","","","","S",0,0,0,0,0,0
"DryGB3-997",2,14.5,"TEGL","HL","","","","S",0,0,0,0,0,0
"DryGB3-997",2,15,"TEGL","HL","","","","S",0,0,0,0,0,0
"DryGB3-997",2,15.5,"ARTRT","HL","","","","S",1,0,0,0,0,0
"DryGB3-997",2,16,"ARTRT","HL","","","","S",1,0,0,0,0,0
"DryGB3-997",2,16.5,"N","WL","HL","","","S",0,0,0,0,0,0
"DryGB3-997",2,17,"ARTRT","HL","","","","S",1,0,0,0,0,0
"DryGB3-997",2,17.5,"BRTE","HL","","","","S",0,0,0,0,0,0
"DryGB3-997",2,18,"BRTE","","","","","S",0,0,0,0,0,0
"DryGB3-997",2,18.5,"BRTE","HL","","","","S",0,0,0,0,0,0
"DryGB3-997",2,19,"BRTE","DEPI","HL","","","GR",0,0,0,0,0,0
"DryGB3-997",2,19.5,"BRTE","HL","","","","S",0,0,0,0,0,0
"DryGB3-997",2,20,"N","","","","","S",0,0,0,0,0,0
"DryGB3-997",2,20.5,"ARTRT","HL","","","","S",1,0,0,0,0,0
"DryGB3-997",2,21,"ARTRT","","","","","S",1,0,0,0,0,0
"DryGB3-997",2,21.5,"N","HL","","","","S",0,0,0,0,0,0
"DryGB3-997",2,22,"N","HL","","","","S",0,0,0,0,0,0
"DryGB3-997",2,22.5,"ARTRT","","","","","S",0,0,0,0,0,0
"DryGB3-997",2,23,"N","HL","","","","S",0,0,0,0,0,0
"DryGB3-997",2,23.5,"N","","","","","S",0,0,0,0,0,0
"DryGB3-997",2,24,"N","","","","","GR",0,0,0,0,0,0
"DryGB3-997",2,24.5,"N","","","","","S",0,0,0,0,0,0
"DryGB3-997",2,25,"N","HL","","","","S",0,0,0,0,0,0
"DryGB3-997",3,0.5,"N","","","","","S",0,0,0,0,0,0
"DryGB3-997",3,1,"N","","","","","S",0,0,0,0,0,0
"DryGB3-997",3,1.5,"ARTRT","BRTE","","","","S",0,0,0,0,0,0
"DryGB3-997",3,2,"ARTRT","","","","","S",0,0,0,0,0,0
"DryGB3-997",3,2.5,"N","HL","","","","GR",0,0,0,0,0,0
"DryGB3-997",3,3,"N","","","","","M",0,0,0,0,0,0
"DryGB3-997",3,3.5,"ARTRT","HL","","","","S",1,0,0,0,0,0
"DryGB3-997",3,4,"BRTE","","","","","S",0,0,0,0,0,0
"DryGB3-997",3,4.5,"ARTRT","BRTE","HL","","","S",0,0,0,0,0,0
"DryGB3-997",3,5,"ARTRT","HL","","","","S",0,0,0,0,0,0
"DryGB3-997",3,5.5,"ARTRT","","","","","S",0,0,0,0,0,0
"DryGB3-997",3,6,"N","","","","","S",0,0,0,0,0,0
"DryGB3-997",3,6.5,"N","","","","","S",0,0,0,0,0,0
"DryGB3-997",3,7,"BRTE","","","","","S",0,0,0,0,0,0
"DryGB3-997",3,7.5,"N","","","","","GR",0,0,0,0,0,0
"DryGB3-997",3,8,"N","","","","","S",0,0,0,0,0,0
"DryGB3-997",3,8.5,"N","","","","","S",0,0,0,0,0,0
"DryGB3-997",3,9,"BRTE","HL","","","","S",0,0,0,0,0,0
"DryGB3-997",3,9.5,"N","HL","","","","S",0,0,0,0,0,0
"DryGB3-997",3,10,"ARTRT","HL","","","","S",0,0,0,0,0,0
"DryGB3-997",3,10.5,"N","","","","","S",0,0,0,0,0,0
"DryGB3-997",3,11,"ARTRT","HL","","","","S",0,0,0,0,0,0
"DryGB3-997",3,11.5,"N","HL","","","","S",0,0,0,0,0,0
"DryGB3-997",3,12,"N","","","","","S",0,0,0,0,0,0
"DryGB3-997",3,12.5,"N","","","","","S",0,0,0,0,0,0
"DryGB3-997",3,13,"N","","","","","S",0,0,0,0,0,0
"DryGB3-997",3,13.5,"N","","","","","S",0,0,0,0,0,0
"DryGB3-997",3,14,"BRTE","HL","","","","S",0,0,0,0,0,0
"DryGB3-997",3,14.5,"N","","","","","S",0,0,0,0,0,0
"DryGB3-997",3,15,"N","","","","","S",0,0,0,0,0,0
"DryGB3-997",3,15.5,"ELEL5","HL","","","","S",0,0,0,0,0,0
"DryGB3-997",3,16,"ARTRT","BRTE","HL","","","S",0,0,0,0,0,0
"DryGB3-997",3,16.5,"ARTRT","HL","","","","S",1,0,0,0,0,0
"DryGB3-997",3,17,"ARTRT","HL","","","","S",0,0,0,0,0,0
"DryGB3-997",3,17.5,"N","","","","","S",0,0,0,0,0,0
"DryGB3-997",3,18,"N","","","","","S",0,0,0,0,0,0
"DryGB3-997",3,18.5,"N","HL","","","","S",0,0,0,0,0,0
"DryGB3-997",3,19,"N","","","","","S",0,0,0,0,0,0
"DryGB3-997",3,19.5,"N","HL","","","","S",0,0,0,0,0,0
"DryGB3-997",3,20,"BRTE","HL","","","","S",0,0,0,0,0,0
"DryGB3-997",3,20.5,"BRTE","HL","","","","S",0,0,0,0,0,0
"DryGB3-997",3,21,"ARTRT","BRTE","HL","","","S",1,0,0,0,0,0
"DryGB3-997",3,21.5,"PG000","HL","","","","PG000",1,0,0,0,0,1
"DryGB3-997",3,22,"BRTE","HL","","","","S",0,0,0,0,0,0
"DryGB3-997",3,22.5,"ARTRT","HL","","","","S",0,0,0,0,0,0
"DryGB3-997",3,23,"BRTE","","","","","S",0,0,0,0,0,0
"DryGB3-997",3,23.5,"N","WL","","","","S",0,0,0,0,0,0
"DryGB3-997",3,24,"N","","","","","S",0,0,0,0,0,0
"DryGB3-997",3,24.5,"N","HL","","","","GR",0,0,0,0,0,0
"DryGB3-997",3,25,"N","","","","","GR",0,0,0,0,0,0
"DryGB3-998",1,0.5,"N","","","","","S",0,0,0,0,0,0
"DryGB3-998",1,1,"N","","","","","S",0,0,0,0,0,0
"DryGB3-998",1,1.5,"N","","","","","GR",0,0,0,0,0,0
"DryGB3-998",1,2,"N","","","","","S",0,0,0,0,0,0
"DryGB3-998",1,2.5,"N","","","","","S",0,0,0,0,0,0
"DryGB3-998",1,3,"ELEL5","HL","","","","M",0,0,0,0,0,0
"DryGB3-998",1,3.5,"N","","","","","S",0,0,0,0,0,0
"DryGB3-998",1,4,"N","WL","HL","","","M",0,0,0,0,0,0
"DryGB3-998",1,4.5,"N","HL","","","","S",0,0,0,0,0,0
"DryGB3-998",1,5,"N","","","","","S",0,0,0,0,0,0
"DryGB3-998",1,5.5,"ARTRW8","ELEL5","HL","","","S",1,0,0,0,0,0
"DryGB3-998",1,6,"ARTRW8","HL","","","","S",0,0,0,0,0,0
"DryGB3-998",1,6.5,"ARTRW8","HL","","","","S",0,0,0,0,0,0
"DryGB3-998",1,7,"N","","","","","S",0,0,0,0,0,0
"DryGB3-998",1,7.5,"N","HL","","","","S",0,0,0,0,0,0
"DryGB3-998",1,8,"N","","","","","S",0,0,0,0,0,0
"DryGB3-998",1,8.5,"N","","","","","S",0,0,0,0,0,0
"DryGB3-998",1,9,"N","","","","","S",0,0,0,0,0,0
"DryGB3-998",1,9.5,"N","HL","","","","S",0,0,0,0,0,0
"DryGB3-998",1,10,"BRTE","CHVI8","HL","","","M",0,0,0,0,0,0
"DryGB3-998",1,10.5,"N","HL","","","","S",0,0,0,0,0,0
"DryGB3-998",1,11,"N","HL","","","","S",0,0,0,0,0,0
"DryGB3-998",1,11.5,"BRTE","CHVI8","HL","","","S",0,1,0,0,0,0
"DryGB3-998",1,12,"BRTE","MIGR","CHVI8","HL","","S",0,0,1,0,0,0
"DryGB3-998",1,12.5,"CRCI2","","","","","S",0,0,0,0,0,0
"DryGB3-998",1,13,"N","","","","","S",0,0,0,0,0,0
"DryGB3-998",1,13.5,"N","","","","","S",0,0,0,0,0,0
"DryGB3-998",1,14,"N","","","","","S",0,0,0,0,0,0
"DryGB3-998",1,14.5,"LIPU11","HL","","","","S",0,0,0,0,0,0
"DryGB3-998",1,15,"GISI","","","","","S",0,0,0,0,0,0
"DryGB3-998",1,15.5,"N","","","","","S",0,0,0,0,0,0
"DryGB3-998",1,16,"N","","","","","S",0,0,0,0,0,0
"DryGB3-998",1,16.5,"N","","","","","S",0,0,0,0,0,0
"DryGB3-998",1,17,"N","WL","","","","S",0,0,0,0,0,0
"DryGB3-998",1,17.5,"ARTRW8","HL","","","","S",1,0,0,0,0,0
"DryGB3-998",1,18,"BRTE","HL","","","","M",0,0,0,0,0,0
"DryGB3-998",1,18.5,"BRTE","HL","","","","S",0,0,0,0,0,0
"DryGB3-998",1,19,"N","","","","","S",0,0,0,0,0,0
"DryGB3-998",1,19.5,"BRTE","HL","","","","S",0,0,0,0,0,0
"DryGB3-998",1,20,"N","","","","","S",0,0,0,0,0,0
"DryGB3-998",1,20.5,"N","","","","","S",0,0,0,0,0,0
"DryGB3-998",1,21,"N","","","","","S",0,0,0,0,0,0
"DryGB3-998",1,21.5,"HECO26","","","","","S",0,0,0,0,0,0
"DryGB3-998",1,22,"N","","","","","S",0,0,0,0,0,0
"DryGB3-998",1,22.5,"N","","","","","S",0,0,0,0,0,0
"DryGB3-998",1,23,"N","","","","","S",0,0,0,0,0,0
"DryGB3-998",1,23.5,"ARTRW8","HL","","","","S",0,0,0,0,0,0
"DryGB3-998",1,24,"ARTRW8","HL","","","","M",0,0,0,0,0,0
"DryGB3-998",1,24.5,"N","HL","","","","S",0,0,0,0,0,0
"DryGB3-998",1,25,"N","","","","","S",0,0,0,0,0,0
"DryGB3-998",2,0.5,"N","","","","","S",0,0,0,0,0,0
"DryGB3-998",2,1,"N","","","","","S",0,0,0,0,0,0
"DryGB3-998",2,1.5,"N","","","","","S",0,0,0,0,0,0
"DryGB3-998",2,2,"N","","","","","GR",0,0,0,0,0,0
"DryGB3-998",2,2.5,"ARTRW8","HL","","","","S",1,0,0,0,0,0
"DryGB3-998",2,3,"N","HL","","","","S",0,0,0,0,0,0
"DryGB3-998",2,3.5,"ELEL5","","","","","S",0,0,0,0,0,0
"DryGB3-998",2,4,"N","","","","","S",0,0,0,0,0,0
"DryGB3-998",2,4.5,"BRTE","","","","","S",0,0,0,0,0,0
"DryGB3-998",2,5,"BRTE","","","","","S",0,0,0,0,0,0
"DryGB3-998",2,5.5,"N","","","","","S",0,0,0,0,0,0
"DryGB3-998",2,6,"N","","","","","S",0,0,0,0,0,0
"DryGB3-998",2,6.5,"N","","","","","S",0,0,0,0,0,0
"DryGB3-998",2,7,"N","","","","","GR",0,0,0,0,0,0
"DryGB3-998",2,7.5,"N","","","","","S",0,0,0,0,0,0
"DryGB3-998",2,8,"N","","","","","S",0,0,0,0,0,0
"DryGB3-998",2,8.5,"N","","","","","S",0,0,0,0,0,0
"DryGB3-998",2,9,"N","","","","","GR",0,0,0,0,0,0
"DryGB3-998",2,9.5,"BRTE","HL","","","","S",0,0,0,0,0,0
"DryGB3-998",2,10,"ARTRW8","HL","","","","M",0,0,0,0,0,0
"DryGB3-998",2,10.5,"ARTRW8","ELEL5","HL","","","M",0,0,0,0,0,0
"DryGB3-998",2,11,"N","","","","","S",0,0,0,0,0,0
"DryGB3-998",2,11.5,"N","","","","","GR",0,0,0,0,0,0
"DryGB3-998",2,12,"N","","","","","S",0,0,0,0,0,0
"DryGB3-998",2,12.5,"N","","","","","S",0,0,0,0,0,0
"DryGB3-998",2,13,"N","","","","","S",0,0,0,0,0,0
"DryGB3-998",2,13.5,"BRTE","CHVI8","HL","","","S",0,0,0,0,0,0
"DryGB3-998",2,14,"N","HL","","","","S",0,0,0,0,0,0
"DryGB3-998",2,14.5,"N","","","","","S",0,0,0,0,0,0
"DryGB3-998",2,15,"N","","","","","S",0,0,0,0,0,0
"DryGB3-998",2,15.5,"ARTRW8","HL","","","","M",1,0,0,0,0,0
"DryGB3-998",2,16,"N","","","","","S",0,0,0,0,0,0
"DryGB3-998",2,16.5,"N","","","","","S",0,0,0,0,0,0
"DryGB3-998",2,17,"GISI","","","","","S",0,0,0,0,0,0
"DryGB3-998",2,17.5,"N","","","","","GR",0,0,0,0,0,0
"DryGB3-998",2,18,"N","","","","","M",0,0,0,0,0,0
"DryGB3-998",2,18.5,"N","HL","","","","S",0,0,0,0,0,0
"DryGB3-998",2,19,"BRTE","","","","","S",0,0,0,0,0,0
"DryGB3-998",2,19.5,"N","HL","","","","S",0,0,0,0,0,0
"DryGB3-998",2,20,"BRTE","HL","","","","S",0,0,0,0,0,0
"DryGB3-998",2,20.5,"N","","","","","S",0,0,0,0,0,0
"DryGB3-998",2,21,"ARTRW8","ELEL5","HL","","","S",0,0,0,0,0,0
"DryGB3-998",2,21.5,"ARTRW8","","","","","S",0,0,0,0,0,0
"DryGB3-998",2,22,"ARTRW8","HL","","","","S",1,0,0,0,0,0
"DryGB3-998",2,22.5,"GARA2","HL","","","","GR",0,0,0,0,0,0
"DryGB3-998",2,23,"ARTRW8","LIPU11","HL","","","M",1,0,0,0,0,0
"DryGB3-998",2,23.5,"ARTRW8","HL","","","","S",1,0,0,0,0,0
"DryGB3-998",2,24,"ARTRW8","BRTE","HL","","","S",0,0,0,0,0,0
"DryGB3-998",2,24.5,"ARTRW8","HL","","","","M",1,0,0,0,0,0
"DryGB3-998",2,25,"N","HL","","","","S",0,0,0,0,0,0
"DryGB3-998",3,0.5,"N","","","","","S",0,0,0,0,0,0
"DryGB3-998",3,1,"N","","","","","S",0,0,0,0,0,0
"DryGB3-998",3,1.5,"N","HL","","","","S",0,0,0,0,0,0
"DryGB3-998",3,2,"BRTE","HL","","","","S",0,0,0,0,0,0
"DryGB3-998",3,2.5,"BRTE","ARTRW8","HL","","","M",0,1,0,0,0,0
"DryGB3-998",3,3,"ACHY","","","","","S",0,0,0,0,0,0
"DryGB3-998",3,3.5,"N","","","","","GR",0,0,0,0,0,0
"DryGB3-998",3,4,"N","","","","","S",0,0,0,0,0,0
"DryGB3-998",3,4.5,"N","","","","","S",0,0,0,0,0,0
"DryGB3-998",3,5,"N","HL","","","","S",0,0,0,0,0,0
"DryGB3-998",3,5.5,"BRTE","","","","","S",0,0,0,0,0,0
"DryGB3-998",3,6,"N","","","","","S",0,0,0,0,0,0
"DryGB3-998",3,6.5,"N","","","","","S",0,0,0,0,0,0
"DryGB3-998",3,7,"N","","","","","GR",0,0,0,0,0,0
"DryGB3-998",3,7.5,"N","HL","","","","S",0,0,0,0,0,0
"DryGB3-998",3,8,"ARTRW8","ELEL5","HL","","","S",0,1,0,0,0,0
"DryGB3-998",3,8.5,"ARTRW8","HL","","","","S",0,0,0,0,0,0
"DryGB3-998",3,9,"N","","","","","S",0,0,0,0,0,0
"DryGB3-998",3,9.5,"N","","","","","S",0,0,0,0,0,0
"DryGB3-998",3,10,"N","","","","","S",0,0,0,0,0,0
"DryGB3-998",3,10.5,"N","","","","","S",0,0,0,0,0,0
"DryGB3-998",3,11,"N","","","","","S",0,0,0,0,0,0
"DryGB3-998",3,11.5,"N","","","","","S",0,0,0,0,0,0
"DryGB3-998",3,12,"N","","","","","S",0,0,0,0,0,0
"DryGB3-998",3,12.5,"N","","","","","S",0,0,0,0,0,0
"DryGB3-998",3,13,"N","","","","","S",0,0,0,0,0,0
"DryGB3-998",3,13.5,"N","HL","","","","S",0,0,0,0,0,0
"DryGB3-998",3,14,"N","","","","","S",0,0,0,0,0,0
"DryGB3-998",3,14.5,"N","","","","","S",0,0,0,0,0,0
"DryGB3-998",3,15,"N","","","","","S",0,0,0,0,0,0
"DryGB3-998",3,15.5,"N","","","","","S",0,0,0,0,0,0
"DryGB3-998",3,16,"BRTE","HL","","","","M",0,0,0,0,0,0
"DryGB3-998",3,16.5,"N","","","","","M",0,0,0,0,0,0
"DryGB3-998",3,17,"MIGR","","","","","S",0,0,0,0,0,0
"DryGB3-998",3,17.5,"N","HL","","","","S",0,0,0,0,0,0
"DryGB3-998",3,18,"ARTRW8","CHVI8","ELEL5","HL","","S",0,0,1,0,0,0
"DryGB3-998",3,18.5,"ARTRW8","HL","","","","S",1,0,0,0,0,0
"DryGB3-998",3,19,"N","","","","","S",0,0,0,0,0,0
"DryGB3-998",3,19.5,"N","","","","","S",0,0,0,0,0,0
"DryGB3-998",3,20,"N","","","","","S",0,0,0,0,0,0
"DryGB3-998",3,20.5,"N","","","","","GR",0,0,0,0,0,0
"DryGB3-998",3,21,"N","","","","","S",0,0,0,0,0,0
"DryGB3-998",3,21.5,"N","","","","","S",0,0,0,0,0,0
"DryGB3-998",3,22,"N","","","","","S",0,0,0,0,0,0
"DryGB3-998",3,22.5,"ELEL5","BRTE","CHVI8","","","M",0,0,1,0,0,0
"DryGB3-998",3,23,"N","","","","","M",0,0,0,0,0,0
"DryGB3-998",3,23.5,"LIPU11","HL","","","","M",0,0,0,0,0,0
"DryGB3-998",3,24,"LIPU11","","","","","S",1,0,0,0,0,0
"DryGB3-998",3,24.5,"N","","","","","S",0,0,0,0,0,0
"DryGB3-998",3,25,"GARA2","","","","","S",0,0,0,0,0,0
"DryGB3-999",1,0.5,"N","HL","","","","S",0,0,0,0,0,0
"DryGB3-999",1,1,"N","","","","","S",0,0,0,0,0,0
"DryGB3-999",1,1.5,"N","","","","","GR",0,0,0,0,0,0
"DryGB3-999",1,2,"ARNO4","","","","","S",1,0,0,0,0,0
"DryGB3-999",1,2.5,"N","","","","","GR",0,0,0,0,0,0
"DryGB3-999",1,3,"N","","","","","GR",0,0,0,0,0,0
"DryGB3-999",1,3.5,"ACHY","","","","","S",0,0,0,0,0,0
"DryGB3-999",1,4,"ARNO4","","","","","S",1,0,0,0,0,0
"DryGB3-999",1,4.5,"N","","","","","S",0,0,0,0,0,0
"DryGB3-999",1,5,"N","","","","","GR",0,0,0,0,0,0
"DryGB3-999",1,5.5,"N","","","","","GR",0,0,0,0,0,0
"DryGB3-999",1,6,"PLJA","","","","","GR",1,0,0,0,0,0
"DryGB3-999",1,6.5,"N","","","","","S",0,0,0,0,0,0
"DryGB3-999",1,7,"N","","","","","GR",0,0,0,0,0,0
"DryGB3-999",1,7.5,"PLJA","","","","","S",1,0,0,0,0,0
"DryGB3-999",1,8,"N","","","","","GR",0,0,0,0,0,0
"DryGB3-999",1,8.5,"N","","","","","S",0,0,0,0,0,0
"DryGB3-999",1,9,"N","HL","","","","S",0,0,0,0,0,0
"DryGB3-999",1,9.5,"N","","","","","GR",0,0,0,0,0,0
"DryGB3-999",1,10,"N","","","","","GR",0,0,0,0,0,0
"DryGB3-999",1,10.5,"N","HL","","","","S",0,0,0,0,0,0
"DryGB3-999",1,11,"N","","","","","S",0,0,0,0,0,0
"DryGB3-999",1,11.5,"N","HL","","","","S",0,0,0,0,0,0
"DryGB3-999",1,12,"ARNO4","","","","","S",0,0,0,0,0,0
"DryGB3-999",1,12.5,"N","","","","","S",0,0,0,0,0,0
"DryGB3-999",1,13,"N","","","","","S",0,0,0,0,0,0
"DryGB3-999",1,13.5,"N","","","","","GR",0,0,0,0,0,0
"DryGB3-999",1,14,"N","HL","","","","S",0,0,0,0,0,0
"DryGB3-999",1,14.5,"N","","","","","S",0,0,0,0,0,0
"DryGB3-999",1,15,"N","","","","","GR",0,0,0,0,0,0
"DryGB3-999",1,15.5,"N","","","","","GR",0,0,0,0,0,0
"DryGB3-999",1,16,"N","","","","","S",0,0,0,0,0,0
"DryGB3-999",1,16.5,"ARNO4","HL","","","","S",1,0,0,0,0,0
"DryGB3-999",1,17,"N","","","","","S",0,0,0,0,0,0
"DryGB3-999",1,17.5,"N","","","","","GR",0,0,0,0,0,0
"DryGB3-999",1,18,"N","","","","","GR",0,0,0,0,0,0
"DryGB3-999",1,18.5,"N","","","","","GR",0,0,0,0,0,0
"DryGB3-999",1,19,"N","","","","","GR",0,0,0,0,0,0
"DryGB3-999",1,19.5,"N","","","","","S",0,0,0,0,0,0
"DryGB3-999",1,20,"N","","","","","GR",0,0,0,0,0,0
"DryGB3-999",1,20.5,"N","","","","","S",0,0,0,0,0,0
"DryGB3-999",1,21,"N","","","","","GR",0,0,0,0,0,0
"DryGB3-999",1,21.5,"N","","","","","GR",0,0,0,0,0,0
"DryGB3-999",1,22,"N","","","","","S",0,0,0,0,0,0
"DryGB3-999",1,22.5,"N","","","","","GR",0,0,0,0,0,0
"DryGB3-999",1,23,"N","","","","","GR",0,0,0,0,0,0
"DryGB3-999",1,23.5,"N","","","","","S",0,0,0,0,0,0
"DryGB3-999",1,24,"ARNO4","","","","","S",1,0,0,0,0,0
"DryGB3-999",1,24.5,"N","","","","","S",0,0,0,0,0,0
"DryGB3-999",1,25,"N","","","","","GR",0,0,0,0,0,0
"DryGB3-999",2,0.5,"N","","","","","S",0,0,0,0,0,0
"DryGB3-999",2,1,"N","","","","","S",0,0,0,0,0,0
"DryGB3-999",2,1.5,"N","","","","","GR",0,0,0,0,0,0
"DryGB3-999",2,2,"N","","","","","GR",0,0,0,0,0,0
"DryGB3-999",2,2.5,"EPNE","HL","","","","S",0,0,0,0,0,0
"DryGB3-999",2,3,"ACHY","HL","","","","S",0,0,0,0,0,0
"DryGB3-999",2,3.5,"N","","","","","S",0,0,0,0,0,0
"DryGB3-999",2,4,"PLJA","HL","","","","S",1,0,0,0,0,0
"DryGB3-999",2,4.5,"N","","","","","S",0,0,0,0,0,0
"DryGB3-999",2,5,"N","","","","","GR",0,0,0,0,0,0
"DryGB3-999",2,5.5,"ARNO4","","","","","S",1,0,0,0,0,0
"DryGB3-999",2,6,"N","","","","","S",0,0,0,0,0,0
"DryGB3-999",2,6.5,"N","","","","","GR",0,0,0,0,0,0
"DryGB3-999",2,7,"ARNO4","","","","","GR",1,0,0,0,0,0
"DryGB3-999",2,7.5,"N","","","","","GR",0,0,0,0,0,0
"DryGB3-999",2,8,"N","","","","","GR",0,0,0,0,0,0
"DryGB3-999",2,8.5,"N","","","","","S",0,0,0,0,0,0
"DryGB3-999",2,9,"N","","","","","S",0,0,0,0,0,0
"DryGB3-999",2,9.5,"N","","","","","GR",0,0,0,0,0,0
"DryGB3-999",2,10,"ARNO4","","","","","S",0,0,0,0,0,0
"DryGB3-999",2,10.5,"N","","","","","S",0,0,0,0,0,0
"DryGB3-999",2,11,"N","","","","","S",0,0,0,0,0,0
"DryGB3-999",2,11.5,"N","","","","","S",0,0,0,0,0,0
"DryGB3-999",2,12,"N","","","","","GR",0,0,0,0,0,0
"DryGB3-999",2,12.5,"N","","","","","GR",0,0,0,0,0,0
"DryGB3-999",2,13,"N","","","","","S",0,0,0,0,0,0
"DryGB3-999",2,13.5,"N","","","","","S",0,0,0,0,0,0
"DryGB3-999",2,14,"ARNO4","","","","","S",1,0,0,0,0,0
"DryGB3-999",2,14.5,"N","","","","","GR",0,0,0,0,0,0
"DryGB3-999",2,15,"N","","","","","GR",0,0,0,0,0,0
"DryGB3-999",2,15.5,"N","","","","","GR",0,0,0,0,0,0
"DryGB3-999",2,16,"N","","","","","GR",0,0,0,0,0,0
"DryGB3-999",2,16.5,"ARNO4","","","","","S",1,0,0,0,0,0
"DryGB3-999",2,17,"N","","","","","S",0,0,0,0,0,0
"DryGB3-999",2,17.5,"N","","","","","GR",0,0,0,0,0,0
"DryGB3-999",2,18,"N","","","","","GR",0,0,0,0,0,0
"DryGB3-999",2,18.5,"N","","","","","GR",0,0,0,0,0,0
"DryGB3-999",2,19,"N","","","","","S",0,0,0,0,0,0
"DryGB3-999",2,19.5,"N","","","","","S",0,0,0,0,0,0
"DryGB3-999",2,20,"N","","","","","GR",0,0,0,0,0,0
"DryGB3-999",2,20.5,"ARNO4","","","","","S",1,0,0,0,0,0
"DryGB3-999",2,21,"N","","","","","GR",0,0,0,0,0,0
"DryGB3-999",2,21.5,"N","","","","","S",0,0,0,0,0,0
"DryGB3-999",2,22,"ARNO4","HL","","","","S",1,0,0,0,0,0
"DryGB3-999",2,22.5,"N","","","","","S",0,0,0,0,0,0
"DryGB3-999",2,23,"N","HL","","","","S",0,0,0,0,0,0
"DryGB3-999",2,23.5,"N","","","","","S",0,0,0,0,0,0
"DryGB3-999",2,24,"N","","","","","GR",0,0,0,0,0,0
"DryGB3-999",2,24.5,"ARNO4","HL","","","","S",1,0,0,0,0,0
"DryGB3-999",2,25,"N","HL","","","","S",0,0,0,0,0,0
"DryGB3-999",3,0.5,"ARNO4","","","","","S",0,0,0,0,0,0
"DryGB3-999",3,1,"N","","","","","GR",0,0,0,0,0,0
"DryGB3-999",3,1.5,"N","","","","","GR",0,0,0,0,0,0
"DryGB3-999",3,2,"N","","","","","GR",0,0,0,0,0,0
"DryGB3-999",3,2.5,"ARNO4","HL","","","","S",1,0,0,0,0,0
"DryGB3-999",3,3,"N","","","","","S",0,0,0,0,0,0
"DryGB3-999",3,3.5,"ARNO4","HL","","","","S",1,0,0,0,0,0
"DryGB3-999",3,4,"N","HL","","","","S",0,0,0,0,0,0
"DryGB3-999",3,4.5,"CHVI8","","","","","M",1,0,0,0,0,0
"DryGB3-999",3,5,"CHVI8","HL","","","","S",1,0,0,0,0,0
"DryGB3-999",3,5.5,"N","","","","","S",0,0,0,0,0,0
"DryGB3-999",3,6,"N","","","","","GR",0,0,0,0,0,0
"DryGB3-999",3,6.5,"N","","","","","GR",0,0,0,0,0,0
"DryGB3-999",3,7,"N","","","","","S",0,0,0,0,0,0
"DryGB3-999",3,7.5,"N","","","","","S",0,0,0,0,0,0
"DryGB3-999",3,8,"N","","","","","S",0,0,0,0,0,0
"DryGB3-999",3,8.5,"N","","","","","S",0,0,0,0,0,0
"DryGB3-999",3,9,"ACHY","","","","","ACHY",1,0,0,0,0,1
"DryGB3-999",3,9.5,"N","","","","","GR",0,0,0,0,0,0
"DryGB3-999",3,10,"N","","","","","GR",0,0,0,0,0,0
"DryGB3-999",3,10.5,"N","","","","","S",0,0,0,0,0,0
"DryGB3-999",3,11,"ARNO4","HL","","","","S",1,0,0,0,0,0
"DryGB3-999",3,11.5,"N","HL","","","","S",0,0,0,0,0,0
"DryGB3-999",3,12,"N","","","","","GR",0,0,0,0,0,0
"DryGB3-999",3,12.5,"ARNO4","","","","","S",1,0,0,0,0,0
"DryGB3-999",3,13,"N","","","","","GR",0,0,0,0,0,0
"DryGB3-999",3,13.5,"N","","","","","GR",0,0,0,0,0,0
"DryGB3-999",3,14,"PLJA","HL","","","","S",1,0,0,0,0,0
"DryGB3-999",3,14.5,"CHVI8","HL","","","","S",1,0,0,0,0,0
"DryGB3-999",3,15,"ARNO4","HL","","","","S",1,0,0,0,0,0
"DryGB3-999",3,15.5,"N","","","","","GR",0,0,0,0,0,0
"DryGB3-999",3,16,"N","","","","","GR",0,0,0,0,0,0
"DryGB3-999",3,16.5,"ARNO4","HL","","","","S",0,0,0,0,0,0
"DryGB3-999",3,17,"N","","","","","GR",0,0,0,0,0,0
"DryGB3-999",3,17.5,"N","","","","","GR",0,0,0,0,0,0
"DryGB3-999",3,18,"N","","","","","GR",0,0,0,0,0,0
"DryGB3-999",3,18.5,"ARNO4","","","","","S",0,0,0,0,0,0
"DryGB3-999",3,19,"N","","","","","S",0,0,0,0,0,0
"DryGB3-999",3,19.5,"N","","","","","GR",0,0,0,0,0,0
"DryGB3-999",3,20,"N","","","","","GR",0,0,0,0,0,0
"DryGB3-999",3,20.5,"N","HL","","","","S",0,0,0,0,0,0
"DryGB3-999",3,21,"N","","","","","S",0,0,0,0,0,0
"DryGB3-999",3,21.5,"N","","","","","S",0,0,0,0,0,0
"DryGB3-999",3,22,"N","","","","","S",0,0,0,0,0,0
"DryGB3-999",3,22.5,"N","","","","","S",0,0,0,0,0,0
"DryGB3-999",3,23,"N","","","","","S",0,0,0,0,0,0
"DryGB3-999",3,23.5,"ARNO4","HL","","","","S",0,0,0,0,0,0
"DryGB3-999",3,24,"N","HL","","","","S",0,0,0,0,0,0
"DryGB3-999",3,24.5,"N","","","","","S",0,0,0,0,0,0
"DryGB3-999",3,25,"N","","","","","S",0,0,0,0,0,0
"DryGB4-009",1,0.5,"N","","","","","S",0,0,0,0,0,0
"DryGB4-009",1,1,"N","","","","","S",0,0,0,0,0,0
"DryGB4-009",1,1.5,"ARTRW8","HL","","","","S",0,0,0,0,0,0
"DryGB4-009",1,2,"CETE5","HL","","","","S",1,0,0,0,0,0
"DryGB4-009",1,2.5,"N","","","","","S",0,0,0,0,0,0
"DryGB4-009",1,3,"ARTRW8","ALDE","HL","","","S",1,1,0,0,0,0
"DryGB4-009",1,3.5,"N","HL","","","","S",0,0,0,0,0,0
"DryGB4-009",1,4,"ARTRW8","","","","","S",1,0,0,0,0,0
"DryGB4-009",1,4.5,"N","HL","","","","S",0,0,0,0,0,0
"DryGB4-009",1,5,"N","","","","","GR",0,0,0,0,0,0
"DryGB4-009",1,5.5,"N","HL","","","","S",0,0,0,0,0,0
"DryGB4-009",1,6,"ARTRW8","BRTE","HL","","","S",1,0,0,0,0,0
"DryGB4-009",1,6.5,"BRTE","HL","","","","S",0,0,0,0,0,0
"DryGB4-009",1,7,"ARTRW8","BRTE","HL","","","S",1,0,0,0,0,0
"DryGB4-009",1,7.5,"BRTE","HL","","","","S",1,0,0,0,0,0
"DryGB4-009",1,8,"N","HL","","","","S",0,0,0,0,0,0
"DryGB4-009",1,8.5,"N","","","","","S",0,0,0,0,0,0
"DryGB4-009",1,9,"BRTE","","","","","S",1,0,0,0,0,0
"DryGB4-009",1,9.5,"N","","","","","S",0,0,0,0,0,0
"DryGB4-009",1,10,"ARTRW8","HL","","","","S",1,0,0,0,0,0
"DryGB4-009",1,10.5,"ARTRW8","HL","","","","S",0,0,0,0,0,0
"DryGB4-009",1,11,"N","","","","","S",0,0,0,0,0,0
"DryGB4-009",1,11.5,"ARTRW8","HL","","","","S",0,0,0,0,0,0
"DryGB4-009",1,12,"ARTRW8","BRTE","HL","","","S",0,0,0,0,0,0
"DryGB4-009",1,12.5,"N","","","","","S",0,0,0,0,0,0
"DryGB4-009",1,13,"ARTRW8","","","","","S",1,0,0,0,0,0
"DryGB4-009",1,13.5,"BRTE","HL","","","","S",0,0,0,0,0,0
"DryGB4-009",1,14,"ARTRW8","HL","","","","S",0,0,0,0,0,0
"DryGB4-009",1,14.5,"N","","","","","S",0,0,0,0,0,0
"DryGB4-009",1,15,"BRTE","HL","","","","S",1,0,0,0,0,0
"DryGB4-009",1,15.5,"BRTE","HL","","","","S",0,0,0,0,0,0
"DryGB4-009",1,16,"BRTE","HL","","","","S",1,0,0,0,0,0
"DryGB4-009",1,16.5,"BRTE","HL","","","","S",1,0,0,0,0,0
"DryGB4-009",1,17,"ARTRW8","HL","","","","S",1,0,0,0,0,0
"DryGB4-009",1,17.5,"BRTE","HL","","","","S",0,0,0,0,0,0
"DryGB4-009",1,18,"N","","","","","GR",0,0,0,0,0,0
"DryGB4-009",1,18.5,"N","","","","","GR",0,0,0,0,0,0
"DryGB4-009",1,19,"N","","","","","GR",0,0,0,0,0,0
"DryGB4-009",1,19.5,"PLJA","HL","","","","S",0,0,0,0,0,0
"DryGB4-009",1,20,"ALDE","","","","","S",1,0,0,0,0,0
"DryGB4-009",1,20.5,"ARTRW8","PLJA","BRTE","HL","","S",1,0,1,0,0,0
"DryGB4-009",1,21,"N","HL","","","","S",0,0,0,0,0,0
"DryGB4-009",1,21.5,"N","HL","","","","S",0,0,0,0,0,0
"DryGB4-009",1,22,"BRTE","WL","HL","","","S",1,0,0,0,0,0
"DryGB4-009",1,22.5,"BRTE","HL","","","","S",1,0,0,0,0,0
"DryGB4-009",1,23,"N","HL","","","","S",0,0,0,0,0,0
"DryGB4-009",1,23.5,"ACHY","HL","","","","S",1,0,0,0,0,0
"DryGB4-009",1,24,"N","HL","","","","S",0,0,0,0,0,0
"DryGB4-009",1,24.5,"ARTRW8","BRTE","ACHY","HL","","S",0,1,0,0,0,0
"DryGB4-009",1,25,"ARTRW8","BRTE","HL","","","S",0,1,0,0,0,0
"DryGB4-009",2,0.5,"N","","","","","S",0,0,0,0,0,0
"DryGB4-009",2,1,"ARTRW8","HL","","","","S",1,0,0,0,0,0
"DryGB4-009",2,1.5,"ARTRW8","ELEL5","HL","","","S",0,0,0,0,0,0
"DryGB4-009",2,2,"ARTRW8","AF000","HL","","","S",0,1,0,0,0,0
"DryGB4-009",2,2.5,"ARTRW8","","","","","S",0,0,0,0,0,0
"DryGB4-009",2,3,"N","","","","","S",0,0,0,0,0,0
"DryGB4-009",2,3.5,"N","","","","","S",0,0,0,0,0,0
"DryGB4-009",2,4,"ARTRW8","","","","","S",1,0,0,0,0,0
"DryGB4-009",2,4.5,"N","HL","","","","S",0,0,0,0,0,0
"DryGB4-009",2,5,"N","","","","","CB",0,0,0,0,0,0
"DryGB4-009",2,5.5,"N","HL","","","","S",0,0,0,0,0,0
"DryGB4-009",2,6,"N","","","","","GR",0,0,0,0,0,0
"DryGB4-009",2,6.5,"N","","","","","S",0,0,0,0,0,0
"DryGB4-009",2,7,"N","HL","","","","S",0,0,0,0,0,0
"DryGB4-009",2,7.5,"ACHY","HL","","","","S",0,0,0,0,0,0
"DryGB4-009",2,8,"ALDE","HL","","","","S",1,0,0,0,0,0
"DryGB4-009",2,8.5,"ALDE","HL","","","","S",1,0,0,0,0,0
"DryGB4-009",2,9,"N","HL","","","","S",0,0,0,0,0,0
"DryGB4-009",2,9.5,"ARTRW8","HL","","","","ARTRW8",0,0,0,0,0,0
"DryGB4-009",2,10,"N","","","","","S",0,0,0,0,0,0
"DryGB4-009",2,10.5,"N","HL","","","","S",0,0,0,0,0,0
"DryGB4-009",2,11,"POSE","HL","","","","S",1,0,0,0,0,0
"DryGB4-009",2,11.5,"N","HL","","","","S",0,0,0,0,0,0
"DryGB4-009",2,12,"N","","","","","S",0,0,0,0,0,0
"DryGB4-009",2,12.5,"BRTE","HL","","","","S",1,0,0,0,0,0
"DryGB4-009",2,13,"N","","","","","CB",0,0,0,0,0,0
"DryGB4-009",2,13.5,"N","HL","","","","S",0,0,0,0,0,0
"DryGB4-009",2,14,"ARTRW8","HL","","","","S",0,0,0,0,0,0
"DryGB4-009",2,14.5,"N","HL","","","","S",0,0,0,0,0,0
"DryGB4-009",2,15,"ACHY","HL","","","","S",0,0,0,0,0,0
"DryGB4-009",2,15.5,"BRTE","HL","","","","S",1,0,0,0,0,0
"DryGB4-009",2,16,"BRTE","HL","","","","S",1,0,0,0,0,0
"DryGB4-009",2,16.5,"N","HL","","","","S",0,0,0,0,0,0
"DryGB4-009",2,17,"N","","","","","S",0,0,0,0,0,0
"DryGB4-009",2,17.5,"N","HL","","","","CB",0,0,0,0,0,0
"DryGB4-009",2,18,"N","HL","","","","S",0,0,0,0,0,0
"DryGB4-009",2,18.5,"N","HL","","","","S",0,0,0,0,0,0
"DryGB4-009",2,19,"GUSA2","HL","","","","S",0,0,0,0,0,0
"DryGB4-009",2,19.5,"N","","","","","S",0,0,0,0,0,0
"DryGB4-009",2,20,"N","HL","","","","S",0,0,0,0,0,0
"DryGB4-009",2,20.5,"N","","","","","S",0,0,0,0,0,0
"DryGB4-009",2,21,"N","","","","","S",0,0,0,0,0,0
"DryGB4-009",2,21.5,"N","HL","","","","S",0,0,0,0,0,0
"DryGB4-009",2,22,"ARTRW8","HL","","","","S",0,0,0,0,0,0
"DryGB4-009",2,22.5,"N","HL","","","","S",0,0,0,0,0,0
"DryGB4-009",2,23,"N","HL","","","","S",0,0,0,0,0,0
"DryGB4-009",2,23.5,"N","","","","","S",0,0,0,0,0,0
"DryGB4-009",2,24,"N","","","","","S",0,0,0,0,0,0
"DryGB4-009",2,24.5,"N","","","","","S",0,0,0,0,0,0
"DryGB4-009",2,25,"BRTE","","","","","S",1,0,0,0,0,0
"DryGB4-009",3,0.5,"N","","","","","GR",0,0,0,0,0,0
"DryGB4-009",3,1,"N","","","","","GR",0,0,0,0,0,0
"DryGB4-009",3,1.5,"N","HL","","","","S",0,0,0,0,0,0
"DryGB4-009",3,2,"N","ALDE","","","","S",0,1,0,0,0,0
"DryGB4-009",3,2.5,"ARTRW8","HL","","","","S",1,0,0,0,0,0
"DryGB4-009",3,3,"ARTRW8","HL","","","","S",0,0,0,0,0,0
"DryGB4-009",3,3.5,"N","HL","","","","S",0,0,0,0,0,0
"DryGB4-009",3,4,"N","","","","","GR",0,0,0,0,0,0
"DryGB4-009",3,4.5,"BRTE","HL","","","","S",0,0,0,0,0,0
"DryGB4-009",3,5,"BRTE","HL","","","","S",1,0,0,0,0,0
"DryGB4-009",3,5.5,"BRTE","HL","","","","S",0,0,0,0,0,0
"DryGB4-009",3,6,"N","","","","","S",0,0,0,0,0,0
"DryGB4-009",3,6.5,"BRTE","","","","","S",1,0,0,0,0,0
"DryGB4-009",3,7,"BRTE","HL","","","","S",1,0,0,0,0,0
"DryGB4-009",3,7.5,"ARTRW8","BRTE","HL","","","S",1,1,0,0,0,0
"DryGB4-009",3,8,"ARTRW8","BRTE","HL","","","S",0,0,0,0,0,0
"DryGB4-009",3,8.5,"N","","","","","GR",0,0,0,0,0,0
"DryGB4-009",3,9,"N","","","","","GR",0,0,0,0,0,0
"DryGB4-009",3,9.5,"N","","","","","S",0,0,0,0,0,0
"DryGB4-009",3,10,"N","HL","","","","S",0,0,0,0,0,0
"DryGB4-009",3,10.5,"N","HL","","","","S",0,0,0,0,0,0
"DryGB4-009",3,11,"ARTRW8","POSE","HL","","","S",1,0,0,0,0,0
"DryGB4-009",3,11.5,"N","","","","","S",0,0,0,0,0,0
"DryGB4-009",3,12,"N","","","","","GR",0,0,0,0,0,0
"DryGB4-009",3,12.5,"ARTRW8","HL","","","","S",0,0,0,0,0,0
"DryGB4-009",3,13,"N","","","","","S",0,0,0,0,0,0
"DryGB4-009",3,13.5,"N","HL","","","","S",0,0,0,0,0,0
"DryGB4-009",3,14,"ARTRW8","","","","","M",0,0,0,0,0,0
"DryGB4-009",3,14.5,"N","HL","","","","S",0,0,0,0,0,0
"DryGB4-009",3,15,"N","HL","","","","GR",0,0,0,0,0,0
"DryGB4-009",3,15.5,"N","","","","","S",0,0,0,0,0,0
"DryGB4-009",3,16,"N","HL","","","","S",0,0,0,0,0,0
"DryGB4-009",3,16.5,"N","","","","","S",0,0,0,0,0,0
"DryGB4-009",3,17,"N","","","","","S",0,0,0,0,0,0
"DryGB4-009",3,17.5,"N","","","","","S",0,0,0,0,0,0
"DryGB4-009",3,18,"N","","","","","S",0,0,0,0,0,0
"DryGB4-009",3,18.5,"ARTRW8","ELEL5","HL","","","S",0,0,0,0,0,0
"DryGB4-009",3,19,"ARTRW8","BRTE","HL","","","S",1,1,0,0,0,0
"DryGB4-009",3,19.5,"N","HL","","","","S",0,0,0,0,0,0
"DryGB4-009",3,20,"POSE","HL","","","","S",0,0,0,0,0,0
"DryGB4-009",3,20.5,"ARTRW8","BRTE","HL","","","S",0,1,0,0,0,0
"DryGB4-009",3,21,"N","","","","","S",0,0,0,0,0,0
"DryGB4-009",3,21.5,"N","HL","","","","S",0,0,0,0,0,0
"DryGB4-009",3,22,"N","HL","","","","S",0,0,0,0,0,0
"DryGB4-009",3,22.5,"N","","","","","S",0,0,0,0,0,0
"DryGB4-009",3,23,"BRTE","HL","","","","S",1,0,0,0,0,0
"DryGB4-009",3,23.5,"ARTRW8","BRTE","HL","","","S",1,1,0,0,0,0
"DryGB4-009",3,24,"N","HL","","","","S",0,0,0,0,0,0
"DryGB4-009",3,24.5,"N","HL","","","","S",0,0,0,0,0,0
"DryGB4-009",3,25,"BRTE","","","","","S",0,0,0,0,0,0
"DryGB5-019",1,0.5,"ARTRW8","HL","","","","S",0,0,0,0,0,0
"DryGB5-019",1,1,"N","","","","","S",0,0,0,0,0,0
"DryGB5-019",1,1.5,"N","HL","","","","S",0,0,0,0,0,0
"DryGB5-019",1,2,"N","","","","","GR",0,0,0,0,0,0
"DryGB5-019",1,2.5,"N","","","","","S",0,0,0,0,0,0
"DryGB5-019",1,3,"N","HL","","","","S",0,0,0,0,0,0
"DryGB5-019",1,3.5,"ARTRW8","","","","","LC",0,0,0,0,0,0
"DryGB5-019",1,4,"N","","","","","S",0,0,0,0,0,0
"DryGB5-019",1,4.5,"N","","","","","S",0,0,0,0,0,0
"DryGB5-019",1,5,"ARTRW8","HL","","","","S",0,0,0,0,0,0
"DryGB5-019",1,5.5,"N","","","","","S",0,0,0,0,0,0
"DryGB5-019",1,6,"N","","","","","GR",0,0,0,0,0,0
"DryGB5-019",1,6.5,"N","","","","","GR",0,0,0,0,0,0
"DryGB5-019",1,7,"ARTRW8","CHVI8","HL","","","S",0,0,0,0,0,0
"DryGB5-019",1,7.5,"N","","","","","S",0,0,0,0,0,0
"DryGB5-019",1,8,"N","HL","","","","S",0,0,0,0,0,0
"DryGB5-019",1,8.5,"CHVI8","HL","","","","S",0,0,0,0,0,0
"DryGB5-019",1,9,"N","","","","","S",0,0,0,0,0,0
"DryGB5-019",1,9.5,"N","","","","","LC",0,0,0,0,0,0
"DryGB5-019",1,10,"CHVI8","","","","","M",0,0,0,0,0,0
"DryGB5-019",1,10.5,"N","","","","","S",0,0,0,0,0,0
"DryGB5-019",1,11,"N","","","","","GR",0,0,0,0,0,0
"DryGB5-019",1,11.5,"N","","","","","S",0,0,0,0,0,0
"DryGB5-019",1,12,"N","","","","","LC",0,0,0,0,0,0
"DryGB5-019",1,12.5,"ARTRW8","HL","","","","S",0,0,0,0,0,0
"DryGB5-019",1,13,"N","","","","","S",0,0,0,0,0,0
"DryGB5-019",1,13.5,"N","HL","","","","S",0,0,0,0,0,0
"DryGB5-019",1,14,"N","","","","","S",0,0,0,0,0,0
"DryGB5-019",1,14.5,"N","","","","","S",0,0,0,0,0,0
"DryGB5-019",1,15,"N","","","","","S",0,0,0,0,0,0
"DryGB5-019",1,15.5,"N","HL","","","","S",0,0,0,0,0,0
"DryGB5-019",1,16,"N","HL","","","","S",0,0,0,0,0,0
"DryGB5-019",1,16.5,"N","HL","","","","S",0,0,0,0,0,0
"DryGB5-019",1,17,"N","HL","","","","S",0,0,0,0,0,0
"DryGB5-019",1,17.5,"N","","","","","GR",0,0,0,0,0,0
"DryGB5-019",1,18,"CHVI8","","","","","S",1,0,0,0,0,0
"DryGB5-019",1,18.5,"ARTRW8","","","","","GR",0,0,0,0,0,0
"DryGB5-019",1,19,"N","","","","","S",0,0,0,0,0,0
"DryGB5-019",1,19.5,"CHVI8","HL","","","","S",0,0,0,0,0,0
"DryGB5-019",1,20,"N","","","","","LC",0,0,0,0,0,0
"DryGB5-019",1,20.5,"ARTRW8","HL","","","","S",0,0,0,0,0,0
"DryGB5-019",1,21,"ARTRW8","HL","","","","S",1,0,0,0,0,0
"DryGB5-019",1,21.5,"ELEL5","HL","","","","S",0,0,0,0,0,0
"DryGB5-019",1,22,"N","","","","","GR",0,0,0,0,0,0
"DryGB5-019",1,22.5,"N","","","","","S",0,0,0,0,0,0
"DryGB5-019",1,23,"N","","","","","S",0,0,0,0,0,0
"DryGB5-019",1,23.5,"N","HL","","","","M",0,0,0,0,0,0
"DryGB5-019",1,24,"N","HL","","","","S",0,0,0,0,0,0
"DryGB5-019",1,24.5,"N","","","","","CB",0,0,0,0,0,0
"DryGB5-019",1,25,"ARTRW8","","","","","S",1,0,0,0,0,0
"DryGB5-019",2,0.5,"N","","","","","GR",0,0,0,0,0,0
"DryGB5-019",2,1,"N","HL","","","","S",0,0,0,0,0,0
"DryGB5-019",2,1.5,"ARTRW8","","","","","S",1,0,0,0,0,0
"DryGB5-019",2,2,"N","","","","","GR",0,0,0,0,0,0
"DryGB5-019",2,2.5,"N","","","","","GR",0,0,0,0,0,0
"DryGB5-019",2,3,"ARTRW8","CHVI8","HL","","","S",0,0,0,0,0,0
"DryGB5-019",2,3.5,"ARTRW8","HL","","","","S",0,0,0,0,0,0
"DryGB5-019",2,4,"ARTRW8","HL","","","","S",0,0,0,0,0,0
"DryGB5-019",2,4.5,"ARTRW8","HL","","","","S",0,0,0,0,0,0
"DryGB5-019",2,5,"ARTRW8","HL","","","","GR",0,0,0,0,0,0
"DryGB5-019",2,5.5,"N","","","","","S",0,0,0,0,0,0
"DryGB5-019",2,6,"ARTRW8","PHHO","HL","","","S",1,0,0,0,0,0
"DryGB5-019",2,6.5,"ARTRW8","HL","","","","S",1,0,0,0,0,0
"DryGB5-019",2,7,"ARTRW8","HL","","","","S",0,0,0,0,0,0
"DryGB5-019",2,7.5,"ARTRW8","HL","","","","GR",0,0,0,0,0,0
"DryGB5-019",2,8,"ARTRW8","HL","","","","S",0,0,0,0,0,0
"DryGB5-019",2,8.5,"ARTRW8","HL","","","","S",0,0,0,0,0,0
"DryGB5-019",2,9,"N","","","","","GR",0,0,0,0,0,0
"DryGB5-019",2,9.5,"N","","","","","S",0,0,0,0,0,0
"DryGB5-019",2,10,"N","HL","","","","GR",0,0,0,0,0,0
"DryGB5-019",2,10.5,"N","HL","","","","GR",0,0,0,0,0,0
"DryGB5-019",2,11,"ARTRW8","","","","","S",0,0,0,0,0,0
"DryGB5-019",2,11.5,"N","","","","","GR",0,0,0,0,0,0
"DryGB5-019",2,12,"N","","","","","S",0,0,0,0,0,0
"DryGB5-019",2,12.5,"N","","","","","LC",0,0,0,0,0,0
"DryGB5-019",2,13,"N","","","","","S",0,0,0,0,0,0
"DryGB5-019",2,13.5,"N","HL","","","","S",0,0,0,0,0,0
"DryGB5-019",2,14,"N","","","","","S",0,0,0,0,0,0
"DryGB5-019",2,14.5,"N","","","","","S",0,0,0,0,0,0
"DryGB5-019",2,15,"N","","","","","GR",0,0,0,0,0,0
"DryGB5-019",2,15.5,"ARTRW8","HL","","","","S",0,0,0,0,0,0
"DryGB5-019",2,16,"N","HL","","","","S",0,0,0,0,0,0
"DryGB5-019",2,16.5,"N","","","","","S",0,0,0,0,0,0
"DryGB5-019",2,17,"N","","","","","GR",0,0,0,0,0,0
"DryGB5-019",2,17.5,"N","","","","","S",0,0,0,0,0,0
"DryGB5-019",2,18,"N","","","","","GR",0,0,0,0,0,0
"DryGB5-019",2,18.5,"ALDE","","","","","S",1,0,0,0,0,0
"DryGB5-019",2,19,"ARTRW8","HL","","","","S",1,0,0,0,0,0
"DryGB5-019",2,19.5,"N","","","","","S",0,0,0,0,0,0
"DryGB5-019",2,20,"N","","","","","S",0,0,0,0,0,0
"DryGB5-019",2,20.5,"N","","","","","S",0,0,0,0,0,0
"DryGB5-019",2,21,"N","","","","","S",0,0,0,0,0,0
"DryGB5-019",2,21.5,"N","","","","","S",0,0,0,0,0,0
"DryGB5-019",2,22,"N","","","","","GR",0,0,0,0,0,0
"DryGB5-019",2,22.5,"N","","","","","S",0,0,0,0,0,0
"DryGB5-019",2,23,"N","","","","","S",0,0,0,0,0,0
"DryGB5-019",2,23.5,"ARTRW8","ELEL5","HL","","","S",1,0,0,0,0,0
"DryGB5-019",2,24,"CHVI8","HL","","","","S",0,0,0,0,0,0
"DryGB5-019",2,24.5,"N","HL","","","","S",0,0,0,0,0,0
"DryGB5-019",2,25,"BRTE","HL","","","","S",1,0,0,0,0,0
"DryGB5-019",3,0.5,"N","","","","","S",0,0,0,0,0,0
"DryGB5-019",3,1,"N","","","","","S",0,0,0,0,0,0
"DryGB5-019",3,1.5,"GRSP","HL","","","","S",0,0,0,0,0,0
"DryGB5-019",3,2,"N","HL","","","","S",0,0,0,0,0,0
"DryGB5-019",3,2.5,"N","HL","","","","S",0,0,0,0,0,0
"DryGB5-019",3,3,"N","","","","","S",0,0,0,0,0,0
"DryGB5-019",3,3.5,"N","","","","","S",0,0,0,0,0,0
"DryGB5-019",3,4,"N","","","","","S",0,0,0,0,0,0
"DryGB5-019",3,4.5,"N","","","","","GR",0,0,0,0,0,0
"DryGB5-019",3,5,"ARTRW8","HL","","","","S",0,0,0,0,0,0
"DryGB5-019",3,5.5,"N","","","","","GR",0,0,0,0,0,0
"DryGB5-019",3,6,"N","","","","","CB",0,0,0,0,0,0
"DryGB5-019",3,6.5,"N","HL","","","","S",0,0,0,0,0,0
"DryGB5-019",3,7,"N","","","","","S",0,0,0,0,0,0
"DryGB5-019",3,7.5,"N","","","","","S",0,0,0,0,0,0
"DryGB5-019",3,8,"N","","","","","GR",0,0,0,0,0,0
"DryGB5-019",3,8.5,"ARTRW8","PHHO","HL","","","S",0,0,0,0,0,0
"DryGB5-019",3,9,"N","HL","","","","S",0,0,0,0,0,0
"DryGB5-019",3,9.5,"N","","","","","GR",0,0,0,0,0,0
"DryGB5-019",3,10,"N","","","","","S",0,0,0,0,0,0
"DryGB5-019",3,10.5,"N","","","","","S",0,0,0,0,0,0
"DryGB5-019",3,11,"N","","","","","LC",0,0,0,0,0,0
"DryGB5-019",3,11.5,"ARTRW8","","","","","S",0,0,0,0,0,0
"DryGB5-019",3,12,"N","","","","","GR",0,0,0,0,0,0
"DryGB5-019",3,12.5,"N","","","","","S",0,0,0,0,0,0
"DryGB5-019",3,13,"N","","","","","GR",0,0,0,0,0,0
"DryGB5-019",3,13.5,"N","HL","","","","M",0,0,0,0,0,0
"DryGB5-019",3,14,"PHLO2","HL","","","","S",0,0,0,0,0,0
"DryGB5-019",3,14.5,"N","","","","","GR",0,0,0,0,0,0
"DryGB5-019",3,15,"ARTRW8","HL","","","","S",0,0,0,0,0,0
"DryGB5-019",3,15.5,"ARTRW8","HL","","","","S",0,0,0,0,0,0
"DryGB5-019",3,16,"N","","","","","GR",0,0,0,0,0,0
"DryGB5-019",3,16.5,"N","","","","","S",0,0,0,0,0,0
"DryGB5-019",3,17,"N","HL","","","","S",0,0,0,0,0,0
"DryGB5-019",3,17.5,"N","HL","","","","S",0,0,0,0,0,0
"DryGB5-019",3,18,"N","HL","","","","S",0,0,0,0,0,0
"DryGB5-019",3,18.5,"N","","","","","S",0,0,0,0,0,0
"DryGB5-019",3,19,"N","","","","","S",0,0,0,0,0,0
"DryGB5-019",3,19.5,"N","","","","","S",0,0,0,0,0,0
"DryGB5-019",3,20,"ARTRW8","HL","","","","S",0,0,0,0,0,0
"DryGB5-019",3,20.5,"N","","","","","GR",0,0,0,0,0,0
"DryGB5-019",3,21,"N","HL","","","","S",0,0,0,0,0,0
"DryGB5-019",3,21.5,"ARTRW8","","","","","S",0,0,0,0,0,0
"DryGB5-019",3,22,"N","","","","","S",0,0,0,0,0,0
"DryGB5-019",3,22.5,"ARTRW8","POSE","HL","","","S",0,0,0,0,0,0
"DryGB5-019",3,23,"ARTRW8","HL","","","","S",0,0,0,0,0,0
"DryGB5-019",3,23.5,"ARTRW8","HL","","","","S",1,0,0,0,0,0
"DryGB5-019",3,24,"N","","","","","S",0,0,0,0,0,0
"DryGB5-019",3,24.5,"N","","","","","GR",0,0,0,0,0,0
"DryGB5-019",3,25,"N","HL","","","","S",0,0,0,0,0,0
"GB3-003",1,0.5,"N","","","","","GR",0,0,0,0,0,0
"GB3-003",1,1,"N","HL","","","","S",0,0,0,0,0,0
"GB3-003",1,1.5,"N","","","","","S",0,0,0,0,0,0
"GB3-003",1,2,"N","","","","","S",0,0,0,0,0,0
"GB3-003",1,2.5,"ARTRW8","","","","","S",0,0,0,0,0,0
"GB3-003",1,3,"ARTRW8","HL","","","","S",0,0,0,0,0,0
"GB3-003",1,3.5,"ARTRW8","HL","","","","S",0,0,0,0,0,0
"GB3-003",1,4,"N","HL","","","","S",0,0,0,0,0,0
"GB3-003",1,4.5,"ARTRW8","HL","","","","S",0,0,0,0,0,0
"GB3-003",1,5,"N","","","","","S",0,0,0,0,0,0
"GB3-003",1,5.5,"N","","","","","CB",0,0,0,0,0,0
"GB3-003",1,6,"N","HL","","","","S",0,0,0,0,0,0
"GB3-003",1,6.5,"ARTRW8","HL","","","","S",0,0,0,0,0,0
"GB3-003",1,7,"N","HL","","","","S",0,0,0,0,0,0
"GB3-003",1,7.5,"N","","","","","S",0,0,0,0,0,0
"GB3-003",1,8,"N","","","","","S",0,0,0,0,0,0
"GB3-003",1,8.5,"N","","","","","S",0,0,0,0,0,0
"GB3-003",1,9,"N","","","","","S",0,0,0,0,0,0
"GB3-003",1,9.5,"ARTRW8","","","","","S",1,0,0,0,0,0
"GB3-003",1,10,"ARTRW8","","","","","S",0,0,0,0,0,0
"GB3-003",1,10.5,"ARTRW8","ELEL5","","","","S",1,1,0,0,0,0
"GB3-003",1,11,"N","","","","","S",0,0,0,0,0,0
"GB3-003",1,11.5,"N","","","","","S",0,0,0,0,0,0
"GB3-003",1,12,"N","","","","","GR",0,0,0,0,0,0
"GB3-003",1,12.5,"N","","","","","GR",0,0,0,0,0,0
"GB3-003",1,13,"ARTRW8","HL","","","","S",1,0,0,0,0,0
"GB3-003",1,13.5,"ELEL5","HL","","","","S",0,0,0,0,0,0
"GB3-003",1,14,"N","","","","","S",0,0,0,0,0,0
"GB3-003",1,14.5,"N","","","","","S",0,0,0,0,0,0
"GB3-003",1,15,"N","","","","","GR",0,0,0,0,0,0
"GB3-003",1,15.5,"N","HL","","","","S",0,0,0,0,0,0
"GB3-003",1,16,"ARTRW8","HL","","","","S",0,0,0,0,0,0
"GB3-003",1,16.5,"ARTRW8","","","","","S",1,0,0,0,0,0
"GB3-003",1,17,"ARTRW8","","","","","S",0,0,0,0,0,0
"GB3-003",1,17.5,"ARTRW8","HL","","","","S",0,0,0,0,0,0
"GB3-003",1,18,"ARTRW8","","","","","S",1,0,0,0,0,0
"GB3-003",1,18.5,"N","","","","","S",0,0,0,0,0,0
"GB3-003",1,19,"N","","","","","S",0,0,0,0,0,0
"GB3-003",1,19.5,"N","","","","","GR",0,0,0,0,0,0
"GB3-003",1,20,"ARTRW8","BRTE","HL","","","S",0,0,0,0,0,0
"GB3-003",1,20.5,"N","","","","","S",0,0,0,0,0,0
"GB3-003",1,21,"N","","","","","GR",0,0,0,0,0,0
"GB3-003",1,21.5,"N","","","","","GR",0,0,0,0,0,0
"GB3-003",1,22,"N","HL","","","","S",0,0,0,0,0,0
"GB3-003",1,22.5,"N","","","","","CB",0,0,0,0,0,0
"GB3-003",1,23,"ARTRW8","HL","","","","S",1,0,0,0,0,0
"GB3-003",1,23.5,"N","HL","","","","S",0,0,0,0,0,0
"GB3-003",1,24,"N","HL","","","","S",0,0,0,0,0,0
"GB3-003",1,24.5,"N","HL","","","","S",0,0,0,0,0,0
"GB3-003",1,25,"N","HL","","","","S",0,0,0,0,0,0
"GB3-003",2,0.5,"ARTRW8","HL","","","","S",0,0,0,0,0,0
"GB3-003",2,1,"N","","","","","S",0,0,0,0,0,0
"GB3-003",2,1.5,"N","","","","","GR",0,0,0,0,0,0
"GB3-003",2,2,"N","","","","","GR",0,0,0,0,0,0
"GB3-003",2,2.5,"N","","","","","CB",0,0,0,0,0,0
"GB3-003",2,3,"N","","","","","S",0,0,0,0,0,0
"GB3-003",2,3.5,"N","","","","","S",0,0,0,0,0,0
"GB3-003",2,4,"N","","","","","GR",0,0,0,0,0,0
"GB3-003",2,4.5,"CHVI8","HL","","","","CB",0,0,0,0,0,0
"GB3-003",2,5,"ATCO","HL","","","","GR",0,0,0,0,0,0
"GB3-003",2,5.5,"N","HL","","","","CB",0,0,0,0,0,0
"GB3-003",2,6,"N","","","","","GR",0,0,0,0,0,0
"GB3-003",2,6.5,"N","","","","","GR",0,0,0,0,0,0
"GB3-003",2,7,"ARTRW8","HL","","","","S",0,0,0,0,0,0
"GB3-003",2,7.5,"ARTRW8","HL","","","","S",1,0,0,0,0,0
"GB3-003",2,8,"BRTE","HL","","","","S",0,0,0,0,0,0
"GB3-003",2,8.5,"ARTRW8","HL","","","","S",1,0,0,0,0,0
"GB3-003",2,9,"N","","","","","S",0,0,0,0,0,0
"GB3-003",2,9.5,"N","","","","","GR",0,0,0,0,0,0
"GB3-003",2,10,"ELEL5","","","","","ELEL5",0,0,0,0,0,0
"GB3-003",2,10.5,"N","HL","","","","S",0,0,0,0,0,0
"GB3-003",2,11,"N","","","","","GR",0,0,0,0,0,0
"GB3-003",2,11.5,"N","","","","","S",0,0,0,0,0,0
"GB3-003",2,12,"ELEL5","HL","","","","S",1,0,0,0,0,0
"GB3-003",2,12.5,"ARTRW8","HL","","","","S",1,0,0,0,0,0
"GB3-003",2,13,"ARTRW8","HL","","","","S",1,0,0,0,0,0
"GB3-003",2,13.5,"ARTRW8","HL","","","","S",0,0,0,0,0,0
"GB3-003",2,14,"N","","","","","CB",0,0,0,0,0,0
"GB3-003",2,14.5,"N","","","","","GR",0,0,0,0,0,0
"GB3-003",2,15,"N","","","","","S",0,0,0,0,0,0
"GB3-003",2,15.5,"N","HL","","","","S",0,0,0,0,0,0
"GB3-003",2,16,"PIDE4","HL","","","","S",1,0,0,0,0,0
"GB3-003",2,16.5,"N","","","","","CB",0,0,0,0,0,0
"GB3-003",2,17,"N","","","","","S",0,0,0,0,0,0
"GB3-003",2,17.5,"N","","","","","S",0,0,0,0,0,0
"GB3-003",2,18,"N","","","","","GR",0,0,0,0,0,0
"GB3-003",2,18.5,"ARTRW8","HL","","","","ARTRW8",0,0,0,0,0,0
"GB3-003",2,19,"N","HL","","","","CB",0,0,0,0,0,0
"GB3-003",2,19.5,"N","","","","","GR",0,0,0,0,0,0
"GB3-003",2,20,"N","","","","","GR",0,0,0,0,0,0
"GB3-003",2,20.5,"N","","","","","S",0,0,0,0,0,0
"GB3-003",2,21,"N","HL","","","","S",0,0,0,0,0,0
"GB3-003",2,21.5,"N","","","","","GR",0,0,0,0,0,0
"GB3-003",2,22,"N","","","","","CB",0,0,0,0,0,0
"GB3-003",2,22.5,"N","","","","","S",0,0,0,0,0,0
"GB3-003",2,23,"N","","","","","CB",0,0,0,0,0,0
"GB3-003",2,23.5,"N","","","","","CB",0,0,0,0,0,0
"GB3-003",2,24,"N","","","","","GR",0,0,0,0,0,0
"GB3-003",2,24.5,"N","HL","","","","S",0,0,0,0,0,0
"GB3-003",2,25,"N","","","","","S",0,0,0,0,0,0
"GB3-003",3,0.5,"N","","","","","CB",0,0,0,0,0,0
"GB3-003",3,1,"BRTE","","","","","CB",1,0,0,0,0,0
"GB3-003",3,1.5,"N","","","","","S",0,0,0,0,0,0
"GB3-003",3,2,"N","","","","","S",0,0,0,0,0,0
"GB3-003",3,2.5,"N","HL","","","","ST",0,0,0,0,0,0
"GB3-003",3,3,"N","","","","","GR",0,0,0,0,0,0
"GB3-003",3,3.5,"N","","","","","GR",0,0,0,0,0,0
"GB3-003",3,4,"N","","","","","CB",0,0,0,0,0,0
"GB3-003",3,4.5,"N","","","","","CB",0,0,0,0,0,0
"GB3-003",3,5,"N","HL","","","","GR",0,0,0,0,0,0
"GB3-003",3,5.5,"N","","","","","CB",0,0,0,0,0,0
"GB3-003",3,6,"N","","","","","S",0,0,0,0,0,0
"GB3-003",3,6.5,"N","","","","","CB",0,0,0,0,0,0
"GB3-003",3,7,"N","HL","","","","S",0,0,0,0,0,0
"GB3-003",3,7.5,"ARTRW8","","","","","S",0,0,0,0,0,0
"GB3-003",3,8,"N","","","","","CB",0,0,0,0,0,0
"GB3-003",3,8.5,"N","","","","","GR",0,0,0,0,0,0
"GB3-003",3,9,"N","","","","","S",0,0,0,0,0,0
"GB3-003",3,9.5,"N","","","","","GR",0,0,0,0,0,0
"GB3-003",3,10,"N","","","","","S",0,0,0,0,0,0
"GB3-003",3,10.5,"N","HL","","","","S",0,0,0,0,0,0
"GB3-003",3,11,"N","","","","","S",0,0,0,0,0,0
"GB3-003",3,11.5,"N","","","","","LC",0,0,0,0,0,0
"GB3-003",3,12,"ARTRW8","HL","","","","S",0,0,0,0,0,0
"GB3-003",3,12.5,"ARTRW8","","","","","S",0,0,0,0,0,0
"GB3-003",3,13,"N","","","","","GR",0,0,0,0,0,0
"GB3-003",3,13.5,"N","","","","","S",0,0,0,0,0,0
"GB3-003",3,14,"ELEL5","HL","","","","S",0,0,0,0,0,0
"GB3-003",3,14.5,"ELEL5","HL","","","","S",0,0,0,0,0,0
"GB3-003",3,15,"N","","","","","S",0,0,0,0,0,0
"GB3-003",3,15.5,"ELEL5","","","","","ELEL5",1,0,0,0,0,1
"GB3-003",3,16,"N","","","","","S",0,0,0,0,0,0
"GB3-003",3,16.5,"N","","","","","GR",0,0,0,0,0,0
"GB3-003",3,17,"N","","","","","GR",0,0,0,0,0,0
"GB3-003",3,17.5,"N","","","","","S",0,0,0,0,0,0
"GB3-003",3,18,"N","","","","","GR",0,0,0,0,0,0
"GB3-003",3,18.5,"N","","","","","GR",0,0,0,0,0,0
"GB3-003",3,19,"N","","","","","GR",0,0,0,0,0,0
"GB3-003",3,19.5,"PLJA","HL","","","","S",0,0,0,0,0,0
"GB3-003",3,20,"N","","","","","GR",0,0,0,0,0,0
"GB3-003",3,20.5,"N","","","","","GR",0,0,0,0,0,0
"GB3-003",3,21,"N","HL","","","","S",0,0,0,0,0,0
"GB3-003",3,21.5,"N","","","","","GR",0,0,0,0,0,0
"GB3-003",3,22,"N","","","","","S",0,0,0,0,0,0
"GB3-003",3,22.5,"ARTRW8","","","","","S",0,0,0,0,0,0
"GB3-003",3,23,"ARTRW8","HL","","","","S",0,0,0,0,0,0
"GB3-003",3,23.5,"N","","","","","S",0,0,0,0,0,0
"GB3-003",3,24,"N","","","","","GR",0,0,0,0,0,0
"GB3-003",3,24.5,"N","","","","","S",0,0,0,0,0,0
"GB3-003",3,25,"CHVI8","HL","","","","S",0,0,0,0,0,0
"GB3-014",1,0.5,"N","","","","","S",0,0,0,0,0,0
"GB3-014",1,1,"N","WL","","","","M",0,0,0,0,0,0
"GB3-014",1,1.5,"N","","","","","S",0,0,0,0,0,0
"GB3-014",1,2,"ARTRW8","HL","","","","S",0,0,0,0,0,0
"GB3-014",1,2.5,"ARTRW8","HL","","","","M",0,0,0,0,0,0
"GB3-014",1,3,"N","","","","","S",0,0,0,0,0,0
"GB3-014",1,3.5,"N","","","","","S",0,0,0,0,0,0
"GB3-014",1,4,"ARTRW8","HL","","","","M",1,0,0,0,0,0
"GB3-014",1,4.5,"ARTRW8","","","","","S",1,0,0,0,0,0
"GB3-014",1,5,"N","","","","","S",0,0,0,0,0,0
"GB3-014",1,5.5,"ARTRW8","POSE","HL","","","M",0,0,0,0,0,0
"GB3-014",1,6,"BRTE","HL","","","","M",0,0,0,0,0,0
"GB3-014",1,6.5,"CHVI8","","","","","M",1,0,0,0,0,0
"GB3-014",1,7,"N","","","","","M",0,0,0,0,0,0
"GB3-014",1,7.5,"N","HL","","","","S",0,0,0,0,0,0
"GB3-014",1,8,"ARTRW8","BRTE","HL","","","S",0,1,0,0,0,0
"GB3-014",1,8.5,"N","","","","","M",0,0,0,0,0,0
"GB3-014",1,9,"N","","","","","S",0,0,0,0,0,0
"GB3-014",1,9.5,"ARTRW8","HL","","","","S",0,0,0,0,0,0
"GB3-014",1,10,"N","HL","","","","S",0,0,0,0,0,0
"GB3-014",1,10.5,"N","HL","","","","S",0,0,0,0,0,0
"GB3-014",1,11,"N","","","","","S",0,0,0,0,0,0
"GB3-014",1,11.5,"ARTRW8","","","","","S",1,0,0,0,0,0
"GB3-014",1,12,"ARTRW8","HL","","","","S",0,0,0,0,0,0
"GB3-014",1,12.5,"N","HL","","","","S",0,0,0,0,0,0
"GB3-014",1,13,"N","HL","","","","M",0,0,0,0,0,0
"GB3-014",1,13.5,"N","","","","","M",0,0,0,0,0,0
"GB3-014",1,14,"N","","","","","S",0,0,0,0,0,0
"GB3-014",1,14.5,"N","HL","","","","S",0,0,0,0,0,0
"GB3-014",1,15,"BRTE","","","","","M",0,0,0,0,0,0
"GB3-014",1,15.5,"N","HL","","","","S",0,0,0,0,0,0
"GB3-014",1,16,"ARTRW8","WL","","","","S",1,0,0,0,0,0
"GB3-014",1,16.5,"ARTRW8","HL","","","","M",1,0,0,0,0,0
"GB3-014",1,17,"N","HL","","","","M",0,0,0,0,0,0
"GB3-014",1,17.5,"N","HL","","","","S",0,0,0,0,0,0
"GB3-014",1,18,"N","HL","","","","S",0,0,0,0,0,0
"GB3-014",1,18.5,"N","HL","","","","S",0,0,0,0,0,0
"GB3-014",1,19,"N","","","","","S",0,0,0,0,0,0
"GB3-014",1,19.5,"N","","","","","S",0,0,0,0,0,0
"GB3-014",1,20,"ARTRW8","HL","","","","S",0,0,0,0,0,0
"GB3-014",1,20.5,"ARTRW8","HL","","","","S",1,0,0,0,0,0
"GB3-014",1,21,"N","HL","","","","S",0,0,0,0,0,0
"GB3-014",1,21.5,"N","HL","","","","M",0,0,0,0,0,0
"GB3-014",1,22,"N","","","","","S",0,0,0,0,0,0
"GB3-014",1,22.5,"N","","","","","S",0,0,0,0,0,0
"GB3-014",1,23,"N","","","","","ST",0,0,0,0,0,0
"GB3-014",1,23.5,"N","HL","","","","S",0,0,0,0,0,0
"GB3-014",1,24,"N","","","","","S",0,0,0,0,0,0
"GB3-014",1,24.5,"N","","","","","S",0,0,0,0,0,0
"GB3-014",1,25,"ARTRW8","HL","","","","M",0,0,0,0,0,0
"GB3-014",2,0.5,"N","","","","","S",0,0,0,0,0,0
"GB3-014",2,1,"N","","","","","LC",0,0,0,0,0,0
"GB3-014",2,1.5,"N","","","","","S",0,0,0,0,0,0
"GB3-014",2,2,"N","HL","","","","S",0,0,0,0,0,0
"GB3-014",2,2.5,"N","","","","","ST",0,0,0,0,0,0
"GB3-014",2,3,"N","","","","","S",0,0,0,0,0,0
"GB3-014",2,3.5,"N","","","","","S",0,0,0,0,0,0
"GB3-014",2,4,"N","","","","","S",0,0,0,0,0,0
"GB3-014",2,4.5,"N","HL","","","","S",0,0,0,0,0,0
"GB3-014",2,5,"BRTE","HL","","","","M",1,0,0,0,0,0
"GB3-014",2,5.5,"N","HL","","","","M",0,0,0,0,0,0
"GB3-014",2,6,"N","","","","","S",0,0,0,0,0,0
"GB3-014",2,6.5,"N","","","","","M",0,0,0,0,0,0
"GB3-014",2,7,"ARTRW8","HL","","","","M",0,0,0,0,0,0
"GB3-014",2,7.5,"ARTRW8","HL","","","","M",0,0,0,0,0,0
"GB3-014",2,8,"ARTRW8","","","","","S",0,0,0,0,0,0
"GB3-014",2,8.5,"N","","","","","S",0,0,0,0,0,0
"GB3-014",2,9,"N","","","","","S",0,0,0,0,0,0
"GB3-014",2,9.5,"N","","","","","S",0,0,0,0,0,0
"GB3-014",2,10,"N","","","","","ST",0,0,0,0,0,0
"GB3-014",2,10.5,"N","HL","","","","S",0,0,0,0,0,0
"GB3-014",2,11,"ARTRW8","HL","","","","M",1,0,0,0,0,0
"GB3-014",2,11.5,"ARTRW8","HL","","","","S",0,0,0,0,0,0
"GB3-014",2,12,"N","HL","","","","S",0,0,0,0,0,0
"GB3-014",2,12.5,"N","","","","","S",0,0,0,0,0,0
"GB3-014",2,13,"N","","","","","S",0,0,0,0,0,0
"GB3-014",2,13.5,"N","","","","","S",0,0,0,0,0,0
"GB3-014",2,14,"N","","","","","S",0,0,0,0,0,0
"GB3-014",2,14.5,"N","","","","","S",0,0,0,0,0,0
"GB3-014",2,15,"N","","","","","S",0,0,0,0,0,0
"GB3-014",2,15.5,"N","","","","","S",0,0,0,0,0,0
"GB3-014",2,16,"N","HL","","","","CB",0,0,0,0,0,0
"GB3-014",2,16.5,"ARTRW8","HL","","","","S",0,0,0,0,0,0
"GB3-014",2,17,"N","","","","","S",0,0,0,0,0,0
"GB3-014",2,17.5,"POSE","HL","","","","S",0,0,0,0,0,0
"GB3-014",2,18,"ARTRW8","","","","","M",0,0,0,0,0,0
"GB3-014",2,18.5,"ARTRW8","HL","","","","S",0,0,0,0,0,0
"GB3-014",2,19,"N","","","","","S",0,0,0,0,0,0
"GB3-014",2,19.5,"ARTRW8","BRTE","HL","","","S",0,1,0,0,0,0
"GB3-014",2,20,"ARTRW8","HL","","","","S",0,0,0,0,0,0
"GB3-014",2,20.5,"N","","","","","S",0,0,0,0,0,0
"GB3-014",2,21,"N","HL","","","","M",0,0,0,0,0,0
"GB3-014",2,21.5,"N","HL","","","","S",0,0,0,0,0,0
"GB3-014",2,22,"N","","","","","S",0,0,0,0,0,0
"GB3-014",2,22.5,"N","HL","","","","S",0,0,0,0,0,0
"GB3-014",2,23,"N","","","","","S",0,0,0,0,0,0
"GB3-014",2,23.5,"N","","","","","S",0,0,0,0,0,0
"GB3-014",2,24,"N","","","","","S",0,0,0,0,0,0
"GB3-014",2,24.5,"N","","","","","S",0,0,0,0,0,0
"GB3-014",2,25,"ARTRW8","HL","","","","M",1,0,0,0,0,0
"GB3-014",3,0.5,"N","HL","","","","M",0,0,0,0,0,0
"GB3-014",3,1,"N","HL","","","","S",0,0,0,0,0,0
"GB3-014",3,1.5,"N","","","","","S",0,0,0,0,0,0
"GB3-014",3,2,"N","HL","","","","S",0,0,0,0,0,0
"GB3-014",3,2.5,"N","","","","","S",0,0,0,0,0,0
"GB3-014",3,3,"N","HL","","","","S",0,0,0,0,0,0
"GB3-014",3,3.5,"N","","","","","S",0,0,0,0,0,0
"GB3-014",3,4,"N","","","","","S",0,0,0,0,0,0
"GB3-014",3,4.5,"CHVI8","HL","","","","S",0,0,0,0,0,0
"GB3-014",3,5,"N","","","","","S",0,0,0,0,0,0
"GB3-014",3,5.5,"N","","","","","S",0,0,0,0,0,0
"GB3-014",3,6,"N","","","","","S",0,0,0,0,0,0
"GB3-014",3,6.5,"N","HL","","","","S",0,0,0,0,0,0
"GB3-014",3,7,"N","","","","","S",0,0,0,0,0,0
"GB3-014",3,7.5,"N","","","","","S",0,0,0,0,0,0
"GB3-014",3,8,"CHVI8","","","","","M",1,0,0,0,0,0
"GB3-014",3,8.5,"CHVI8","HL","","","","M",0,0,0,0,0,0
"GB3-014",3,9,"N","HL","","","","S",0,0,0,0,0,0
"GB3-014",3,9.5,"AF000","","","","","M",1,0,0,0,0,0
"GB3-014",3,10,"N","","","","","S",0,0,0,0,0,0
"GB3-014",3,10.5,"N","HL","","","","S",0,0,0,0,0,0
"GB3-014",3,11,"ARTRW8","","","","","S",1,0,0,0,0,0
"GB3-014",3,11.5,"N","","","","","ST",0,0,0,0,0,0
"GB3-014",3,12,"N","","","","","S",0,0,0,0,0,0
"GB3-014",3,12.5,"N","HL","","","","S",0,0,0,0,0,0
"GB3-014",3,13,"N","","","","","S",0,0,0,0,0,0
"GB3-014",3,13.5,"N","","","","","S",0,0,0,0,0,0
"GB3-014",3,14,"N","","","","","S",0,0,0,0,0,0
"GB3-014",3,14.5,"N","","","","","S",0,0,0,0,0,0
"GB3-014",3,15,"N","","","","","S",0,0,0,0,0,0
"GB3-014",3,15.5,"N","","","","","S",0,0,0,0,0,0
"GB3-014",3,16,"N","","","","","S",0,0,0,0,0,0
"GB3-014",3,16.5,"N","WL","HL","","","S",0,0,0,0,0,0
"GB3-014",3,17,"ARTRW8","WL","","","","M",0,0,0,0,0,0
"GB3-014",3,17.5,"N","HL","","","","M",0,0,0,0,0,0
"GB3-014",3,18,"N","HL","","","","M",0,0,0,0,0,0
"GB3-014",3,18.5,"N","","","","","BY",0,0,0,0,0,0
"GB3-014",3,19,"N","WL","HL","","","S",0,0,0,0,0,0
"GB3-014",3,19.5,"ARTRW8","HL","","","","S",1,0,0,0,0,0
"GB3-014",3,20,"ARTRW8","HL","","","","S",0,0,0,0,0,0
"GB3-014",3,20.5,"ARTRW8","HL","","","","S",0,0,0,0,0,0
"GB3-014",3,21,"N","","","","","S",0,0,0,0,0,0
"GB3-014",3,21.5,"ARTRW8","","","","","S",0,0,0,0,0,0
"GB3-014",3,22,"N","HL","","","","M",0,0,0,0,0,0
"GB3-014",3,22.5,"N","HL","","","","M",0,0,0,0,0,0
"GB3-014",3,23,"N","","","","","S",0,0,0,0,0,0
"GB3-014",3,23.5,"N","HL","","","","S",0,0,0,0,0,0
"GB3-014",3,24,"N","HL","","","","S",0,0,0,0,0,0
"GB3-014",3,24.5,"N","","","","","S",0,0,0,0,0,0
"GB3-014",3,25,"N","","","","","S",0,0,0,0,0,0
"GB4-007",1,0.5,"N","","","","","GR",0,0,0,0,0,0
"GB4-007",1,1,"N","HL","","","","S",0,0,0,0,0,0
"GB4-007",1,1.5,"N","","","","","S",0,0,0,0,0,0
"GB4-007",1,2,"N","HL","","","","GR",0,0,0,0,0,0
"GB4-007",1,2.5,"N","","","","","GR",0,0,0,0,0,0
"GB4-007",1,3,"N","HL","","","","GR",0,0,0,0,0,0
"GB4-007",1,3.5,"N","","","","","GR",0,0,0,0,0,0
"GB4-007",1,4,"N","","","","","GR",0,0,0,0,0,0
"GB4-007",1,4.5,"N","","","","","S",0,0,0,0,0,0
"GB4-007",1,5,"N","","","","","GR",0,0,0,0,0,0
"GB4-007",1,5.5,"N","","","","","GR",0,0,0,0,0,0
"GB4-007",1,6,"N","HL","","","","GR",0,0,0,0,0,0
"GB4-007",1,6.5,"ARTRW8","HL","","","","GR",1,0,0,0,0,0
"GB4-007",1,7,"ARTRW8","","","","","S",0,0,0,0,0,0
"GB4-007",1,7.5,"N","","","","","GR",0,0,0,0,0,0
"GB4-007",1,8,"ELEL5","HL","","","","S",0,0,0,0,0,0
"GB4-007",1,8.5,"N","","","","","GR",0,0,0,0,0,0
"GB4-007",1,9,"N","","","","","GR",0,0,0,0,0,0
"GB4-007",1,9.5,"N","HL","","","","S",0,0,0,0,0,0
"GB4-007",1,10,"N","","","","","GR",0,0,0,0,0,0
"GB4-007",1,10.5,"ARTRW8","","","","","S",0,0,0,0,0,0
"GB4-007",1,11,"N","","","","","GR",0,0,0,0,0,0
"GB4-007",1,11.5,"N","HL","","","","S",0,0,0,0,0,0
"GB4-007",1,12,"ARTRW8","HL","","","","S",0,0,0,0,0,0
"GB4-007",1,12.5,"N","","","","","S",0,0,0,0,0,0
"GB4-007",1,13,"ARTRW8","","","","","S",0,0,0,0,0,0
"GB4-007",1,13.5,"N","","","","","S",0,0,0,0,0,0
"GB4-007",1,14,"CHVI8","","","","","GR",1,0,0,0,0,0
"GB4-007",1,14.5,"N","WL","","","","S",0,0,0,0,0,0
"GB4-007",1,15,"CHVI8","","","","","S",0,0,0,0,0,0
"GB4-007",1,15.5,"N","HL","","","","S",0,0,0,0,0,0
"GB4-007",1,16,"N","","","","","GR",0,0,0,0,0,0
"GB4-007",1,16.5,"CHVI8","","","","","GR",0,0,0,0,0,0
"GB4-007",1,17,"PHHO","HL","","","","S",0,0,0,0,0,0
"GB4-007",1,17.5,"N","","","","","GR",0,0,0,0,0,0
"GB4-007",1,18,"N","","","","","GR",0,0,0,0,0,0
"GB4-007",1,18.5,"N","","","","","GR",0,0,0,0,0,0
"GB4-007",1,19,"N","","","","","S",0,0,0,0,0,0
"GB4-007",1,19.5,"N","","","","","S",0,0,0,0,0,0
"GB4-007",1,20,"N","","","","","GR",0,0,0,0,0,0
"GB4-007",1,20.5,"N","HL","","","","S",0,0,0,0,0,0
"GB4-007",1,21,"N","","","","","GR",0,0,0,0,0,0
"GB4-007",1,21.5,"ARTRW8","","","","","GR",0,0,0,0,0,0
"GB4-007",1,22,"N","","","","","S",0,0,0,0,0,0
"GB4-007",1,22.5,"N","","","","","GR",0,0,0,0,0,0
"GB4-007",1,23,"ARTRW8","HL","","","","S",0,0,0,0,0,0
"GB4-007",1,23.5,"ARTRW8","","","","","S",0,0,0,0,0,0
"GB4-007",1,24,"N","","","","","GR",0,0,0,0,0,0
"GB4-007",1,24.5,"ARTRW8","HL","","","","S",0,0,0,0,0,0
"GB4-007",1,25,"N","HL","","","","S",0,0,0,0,0,0
"GB4-007",2,0.5,"N","","","","","GR",0,0,0,0,0,0
"GB4-007",2,1,"N","","","","","GR",0,0,0,0,0,0
"GB4-007",2,1.5,"ARTRW8","HL","","","","S",0,0,0,0,0,0
"GB4-007",2,2,"N","","","","","GR",0,0,0,0,0,0
"GB4-007",2,2.5,"CHVI8","","","","","S",0,0,0,0,0,0
"GB4-007",2,3,"N","","","","","GR",0,0,0,0,0,0
"GB4-007",2,3.5,"AF000","ARTRW8","","","","S",1,1,0,0,0,0
"GB4-007",2,4,"N","HL","","","","S",0,0,0,0,0,0
"GB4-007",2,4.5,"N","HL","","","","S",0,0,0,0,0,0
"GB4-007",2,5,"CHVI8","HL","","","","S",0,0,0,0,0,0
"GB4-007",2,5.5,"N","","","","","GR",0,0,0,0,0,0
"GB4-007",2,6,"N","","","","","GR",0,0,0,0,0,0
"GB4-007",2,6.5,"CHVI8","","","","","S",1,0,0,0,0,0
"GB4-007",2,7,"N","","","","","GR",0,0,0,0,0,0
"GB4-007",2,7.5,"N","","","","","S",0,0,0,0,0,0
"GB4-007",2,8,"CHVI8","HL","","","","S",1,0,0,0,0,0
"GB4-007",2,8.5,"N","","","","","GR",0,0,0,0,0,0
"GB4-007",2,9,"N","","","","","GR",0,0,0,0,0,0
"GB4-007",2,9.5,"ARTRW8","","","","","S",0,0,0,0,0,0
"GB4-007",2,10,"N","","","","","S",0,0,0,0,0,0
"GB4-007",2,10.5,"ARTRW8","","","","","S",0,0,0,0,0,0
"GB4-007",2,11,"N","","","","","GR",0,0,0,0,0,0
"GB4-007",2,11.5,"N","","","","","GR",0,0,0,0,0,0
"GB4-007",2,12,"ARTRW8","HL","","","","S",1,0,0,0,0,0
"GB4-007",2,12.5,"N","","","","","GR",0,0,0,0,0,0
"GB4-007",2,13,"N","","","","","S",0,0,0,0,0,0
"GB4-007",2,13.5,"CHVI8","HL","","","","S",0,0,0,0,0,0
"GB4-007",2,14,"CHVI8","HL","","","","S",0,0,0,0,0,0
"GB4-007",2,14.5,"N","","","","","GR",0,0,0,0,0,0
"GB4-007",2,15,"N","","","","","GR",0,0,0,0,0,0
"GB4-007",2,15.5,"N","","","","","S",0,0,0,0,0,0
"GB4-007",2,16,"N","HL","","","","S",0,0,0,0,0,0
"GB4-007",2,16.5,"N","","","","","S",0,0,0,0,0,0
"GB4-007",2,17,"N","","","","","GR",0,0,0,0,0,0
"GB4-007",2,17.5,"N","HL","","","","S",0,0,0,0,0,0
"GB4-007",2,18,"N","","","","","GR",0,0,0,0,0,0
"GB4-007",2,18.5,"N","","","","","GR",0,0,0,0,0,0
"GB4-007",2,19,"N","","","","","GR",0,0,0,0,0,0
"GB4-007",2,19.5,"N","","","","","GR",0,0,0,0,0,0
"GB4-007",2,20,"N","","","","","CB",0,0,0,0,0,0
"GB4-007",2,20.5,"N","","","","","GR",0,0,0,0,0,0
"GB4-007",2,21,"N","HL","","","","S",0,0,0,0,0,0
"GB4-007",2,21.5,"N","","","","","GR",0,0,0,0,0,0
"GB4-007",2,22,"N","","","","","GR",0,0,0,0,0,0
"GB4-007",2,22.5,"N","","","","","S",0,0,0,0,0,0
"GB4-007",2,23,"N","","","","","GR",0,0,0,0,0,0
"GB4-007",2,23.5,"ARTRW8","","","","","ARTRW8",0,0,0,0,0,0
"GB4-007",2,24,"N","","","","","S",0,0,0,0,0,0
"GB4-007",2,24.5,"N","","","","","GR",0,0,0,0,0,0
"GB4-007",2,25,"N","","","","","S",0,0,0,0,0,0
"GB4-007",3,0.5,"ARTRW8","HL","","","","S",1,0,0,0,0,0
"GB4-007",3,1,"N","","","","","S",0,0,0,0,0,0
"GB4-007",3,1.5,"N","","","","","GR",0,0,0,0,0,0
"GB4-007",3,2,"ARTRW8","HL","","","","S",0,0,0,0,0,0
"GB4-007",3,2.5,"N","WL","","","","S",0,0,0,0,0,0
"GB4-007",3,3,"N","","","","","GR",0,0,0,0,0,0
"GB4-007",3,3.5,"N","","","","","GR",0,0,0,0,0,0
"GB4-007",3,4,"N","WL","","","","S",0,0,0,0,0,0
"GB4-007",3,4.5,"ARTRW8","HL","","","","S",0,0,0,0,0,0
"GB4-007",3,5,"N","","","","","GR",0,0,0,0,0,0
"GB4-007",3,5.5,"N","","","","","GR",0,0,0,0,0,0
"GB4-007",3,6,"ARTRW8","HL","","","","S",0,0,0,0,0,0
"GB4-007",3,6.5,"ARTRW8","","","","","S",0,0,0,0,0,0
"GB4-007",3,7,"N","HL","","","","GR",0,0,0,0,0,0
"GB4-007",3,7.5,"N","","","","","GR",0,0,0,0,0,0
"GB4-007",3,8,"N","","","","","S",0,0,0,0,0,0
"GB4-007",3,8.5,"N","","","","","GR",0,0,0,0,0,0
"GB4-007",3,9,"N","","","","","GR",0,0,0,0,0,0
"GB4-007",3,9.5,"ARTRW8","HL","","","","S",0,0,0,0,0,0
"GB4-007",3,10,"N","WL","HL","","","S",0,0,0,0,0,0
"GB4-007",3,10.5,"N","","","","","GR",0,0,0,0,0,0
"GB4-007",3,11,"N","HL","","","","S",0,0,0,0,0,0
"GB4-007",3,11.5,"N","","","","","GR",0,0,0,0,0,0
"GB4-007",3,12,"N","","","","","GR",0,0,0,0,0,0
"GB4-007",3,12.5,"N","","","","","GR",0,0,0,0,0,0
"GB4-007",3,13,"ARTRW8","CHVI8","HL","","","S",0,0,0,0,0,0
"GB4-007",3,13.5,"N","HL","","","","S",0,0,0,0,0,0
"GB4-007",3,14,"CHVI8","","","","","S",1,0,0,0,0,0
"GB4-007",3,14.5,"N","HL","","","","S",0,0,0,0,0,0
"GB4-007",3,15,"CHVI8","","","","","S",1,0,0,0,0,0
"GB4-007",3,15.5,"ARTRW8","","","","","S",1,0,0,0,0,0
"GB4-007",3,16,"N","","","","","S",0,0,0,0,0,0
"GB4-007",3,16.5,"N","","","","","GR",0,0,0,0,0,0
"GB4-007",3,17,"N","","","","","GR",0,0,0,0,0,0
"GB4-007",3,17.5,"N","","","","","GR",0,0,0,0,0,0
"GB4-007",3,18,"N","HL","","","","S",0,0,0,0,0,0
"GB4-007",3,18.5,"N","HL","","","","GR",0,0,0,0,0,0
"GB4-007",3,19,"N","","","","","S",0,0,0,0,0,0
"GB4-007",3,19.5,"ARTRW8","","","","","S",0,0,0,0,0,0
"GB4-007",3,20,"N","","","","","S",0,0,0,0,0,0
"GB4-007",3,20.5,"N","","","","","S",0,0,0,0,0,0
"GB4-007",3,21,"N","","","","","GR",0,0,0,0,0,0
"GB4-007",3,21.5,"CHVI8","HL","","","","S",0,0,0,0,0,0
"GB4-007",3,22,"ARTRW8","","","","","S",1,0,0,0,0,0
"GB4-007",3,22.5,"N","","","","","S",0,0,0,0,0,0
"GB4-007",3,23,"N","","","","","GR",0,0,0,0,0,0
"GB4-007",3,23.5,"N","","","","","GR",0,0,0,0,0,0
"GB4-007",3,24,"N","","","","","S",0,0,0,0,0,0
"GB4-007",3,24.5,"N","","","","","S",0,0,0,0,0,0
"GB4-007",3,25,"ARTRW8","","","","","GR",1,0,0,0,0,0
"GB4-018",1,0.5,"N","","","","","GR",0,0,0,0,0,0
"GB4-018",1,1,"N","","","","","S",0,0,0,0,0,0
"GB4-018",1,1.5,"ARTRW8","BRTE","HL","","","S",0,0,0,0,0,0
"GB4-018",1,2,"N","","","","","S",0,0,0,0,0,0
"GB4-018",1,2.5,"N","HL","","","","S",0,0,0,0,0,0
"GB4-018",1,3,"ARTRW8","HL","","","","S",0,0,0,0,0,0
"GB4-018",1,3.5,"ARTRW8","HL","","","","S",0,0,0,0,0,0
"GB4-018",1,4,"N","","","","","GR",0,0,0,0,0,0
"GB4-018",1,4.5,"N","WL","HL","","","S",0,0,0,0,0,0
"GB4-018",1,5,"ALAL3","","","","","GR",0,0,0,0,0,0
"GB4-018",1,5.5,"N","","","","","S",0,0,0,0,0,0
"GB4-018",1,6,"N","HL","","","","S",0,0,0,0,0,0
"GB4-018",1,6.5,"ARTRW8","HL","","","","S",0,0,0,0,0,0
"GB4-018",1,7,"ARTRW8","HL","","","","S",0,0,0,0,0,0
"GB4-018",1,7.5,"BRTE","HL","","","","S",0,0,0,0,0,0
"GB4-018",1,8,"N","HL","","","","S",0,0,0,0,0,0
"GB4-018",1,8.5,"N","HL","","","","S",0,0,0,0,0,0
"GB4-018",1,9,"N","","","","","S",0,0,0,0,0,0
"GB4-018",1,9.5,"ARTRW8","","","","","S",1,0,0,0,0,0
"GB4-018",1,10,"N","HL","","","","S",0,0,0,0,0,0
"GB4-018",1,10.5,"N","HL","","","","S",0,0,0,0,0,0
"GB4-018",1,11,"N","","","","","GR",0,0,0,0,0,0
"GB4-018",1,11.5,"ARTRW8","HL","","","","S",0,0,0,0,0,0
"GB4-018",1,12,"N","","","","","S",0,0,0,0,0,0
"GB4-018",1,12.5,"N","","","","","S",0,0,0,0,0,0
"GB4-018",1,13,"N","","","","","GR",0,0,0,0,0,0
"GB4-018",1,13.5,"N","HL","","","","S",0,0,0,0,0,0
"GB4-018",1,14,"N","","","","","GR",0,0,0,0,0,0
"GB4-018",1,14.5,"N","","","","","GR",0,0,0,0,0,0
"GB4-018",1,15,"N","","","","","S",0,0,0,0,0,0
"GB4-018",1,15.5,"N","","","","","GR",0,0,0,0,0,0
"GB4-018",1,16,"ARTRW8","HL","","","","S",0,0,0,0,0,0
"GB4-018",1,16.5,"ARTRW8","HL","","","","S",0,0,0,0,0,0
"GB4-018",1,17,"N","HL","","","","S",0,0,0,0,0,0
"GB4-018",1,17.5,"ARTRW8","HL","","","","S",1,0,0,0,0,0
"GB4-018",1,18,"ARTRW8","HL","","","","S",1,0,0,0,0,0
"GB4-018",1,18.5,"N","","","","","S",0,0,0,0,0,0
"GB4-018",1,19,"N","","","","","GR",0,0,0,0,0,0
"GB4-018",1,19.5,"ARTRW8","HL","","","","S",1,0,0,0,0,0
"GB4-018",1,20,"N","","","","","S",0,0,0,0,0,0
"GB4-018",1,20.5,"N","","","","","S",0,0,0,0,0,0
"GB4-018",1,21,"N","","","","","S",0,0,0,0,0,0
"GB4-018",1,21.5,"ARTRW8","PG000","","","","PG000",0,1,0,0,0,1
"GB4-018",1,22,"ARTRW8","HL","","","","S",0,0,0,0,0,0
"GB4-018",1,22.5,"ARTRW8","HL","","","","S",0,0,0,0,0,0
"GB4-018",1,23,"ARTRW8","HL","","","","S",0,0,0,0,0,0
"GB4-018",1,23.5,"ARTRW8","HL","","","","S",0,0,0,0,0,0
"GB4-018",1,24,"ARTRW8","HL","","","","M",1,0,0,0,0,0
"GB4-018",1,24.5,"N","HL","","","","M",0,0,0,0,0,0
"GB4-018",1,25,"ARTRW8","","","","","S",1,0,0,0,0,0
"GB4-018",2,0.5,"N","","","","","GR",0,0,0,0,0,0
"GB4-018",2,1,"N","HL","","","","S",0,0,0,0,0,0
"GB4-018",2,1.5,"ARTRW8","ELEL5","HL","","","S",0,1,0,0,0,0
"GB4-018",2,2,"ARTRW8","HL","","","","S",0,0,0,0,0,0
"GB4-018",2,2.5,"N","HL","","","","S",0,0,0,0,0,0
"GB4-018",2,3,"ARTRW8","HL","","","","S",1,0,0,0,0,0
"GB4-018",2,3.5,"N","","","","","S",0,0,0,0,0,0
"GB4-018",2,4,"N","HL","","","","S",0,0,0,0,0,0
"GB4-018",2,4.5,"N","","","","","GR",0,0,0,0,0,0
"GB4-018",2,5,"ARTRW8","HL","","","","S",1,0,0,0,0,0
"GB4-018",2,5.5,"N","WL","","","","S",0,0,0,0,0,0
"GB4-018",2,6,"ARTRW8","WL","HL","","","S",0,0,0,0,0,0
"GB4-018",2,6.5,"ARTRW8","HL","","","","S",1,0,0,0,0,0
"GB4-018",2,7,"ARTRW8","HL","","","","S",0,0,0,0,0,0
"GB4-018",2,7.5,"N","","","","","GR",0,0,0,0,0,0
"GB4-018",2,8,"N","HL","","","","M",0,0,0,0,0,0
"GB4-018",2,8.5,"BRTE","HL","","","","M",0,0,0,0,0,0
"GB4-018",2,9,"N","HL","","","","S",0,0,0,0,0,0
"GB4-018",2,9.5,"N","HL","","","","S",0,0,0,0,0,0
"GB4-018",2,10,"N","","","","","S",0,0,0,0,0,0
"GB4-018",2,10.5,"N","","","","","S",0,0,0,0,0,0
"GB4-018",2,11,"N","","","","","S",0,0,0,0,0,0
"GB4-018",2,11.5,"ATCO","HL","","","","S",0,0,0,0,0,0
"GB4-018",2,12,"ATCO","HL","","","","S",1,0,0,0,0,0
"GB4-018",2,12.5,"BRTE","HL","","","","S",0,0,0,0,0,0
"GB4-018",2,13,"BRTE","HL","","","","S",0,0,0,0,0,0
"GB4-018",2,13.5,"N","","","","","GR",0,0,0,0,0,0
"GB4-018",2,14,"TESP2","BRTE","ALAL3","HL","","S",1,0,0,0,0,0
"GB4-018",2,14.5,"TESP2","HL","","","","S",1,0,0,0,0,0
"GB4-018",2,15,"N","","","","","S",0,0,0,0,0,0
"GB4-018",2,15.5,"N","","","","","GR",0,0,0,0,0,0
"GB4-018",2,16,"ARTRW8","HL","","","","S",0,0,0,0,0,0
"GB4-018",2,16.5,"N","WL","","","","S",0,0,0,0,0,0
"GB4-018",2,17,"ARTRW8","HL","","","","S",0,0,0,0,0,0
"GB4-018",2,17.5,"ARTRW8","HL","","","","S",0,0,0,0,0,0
"GB4-018",2,18,"ARTRW8","HL","","","","S",0,0,0,0,0,0
"GB4-018",2,18.5,"N","HL","","","","S",0,0,0,0,0,0
"GB4-018",2,19,"N","HL","","","","S",0,0,0,0,0,0
"GB4-018",2,19.5,"ARTRW8","BRTE","HL","","","S",1,1,0,0,0,0
"GB4-018",2,20,"N","","","","","S",0,0,0,0,0,0
"GB4-018",2,20.5,"N","","","","","GR",0,0,0,0,0,0
"GB4-018",2,21,"ARTRW8","WL","","","","S",1,0,0,0,0,0
"GB4-018",2,21.5,"ARTRW8","HL","","","","S",0,0,0,0,0,0
"GB4-018",2,22,"ARTRW8","BRTE","ALAL3","HL","","S",1,0,0,0,0,0
"GB4-018",2,22.5,"ARTRW8","","","","","GR",0,0,0,0,0,0
"GB4-018",2,23,"N","HL","","","","S",0,0,0,0,0,0
"GB4-018",2,23.5,"ARTRW8","HL","","","","S",0,0,0,0,0,0
"GB4-018",2,24,"ARTRW8","BRTE","HL","","","S",0,0,0,0,0,0
"GB4-018",2,24.5,"N","","","","","GR",0,0,0,0,0,0
"GB4-018",2,25,"POSE","HL","","","","S",0,0,0,0,0,0
"GB4-018",3,0.5,"N","","","","","GR",0,0,0,0,0,0
"GB4-018",3,1,"N","","","","","S",0,0,0,0,0,0
"GB4-018",3,1.5,"ARTRW8","","","","","S",1,0,0,0,0,0
"GB4-018",3,2,"N","WL","","","","S",0,0,0,0,0,0
"GB4-018",3,2.5,"N","HL","","","","S",0,0,0,0,0,0
"GB4-018",3,3,"N","","","","","S",0,0,0,0,0,0
"GB4-018",3,3.5,"ARTRW8","HL","","","","S",0,0,0,0,0,0
"GB4-018",3,4,"N","WL","","","","S",0,0,0,0,0,0
"GB4-018",3,4.5,"CHVI8","HL","","","","S",1,0,0,0,0,0
"GB4-018",3,5,"ARTRW8","HL","","","","S",0,0,0,0,0,0
"GB4-018",3,5.5,"N","HL","","","","S",0,0,0,0,0,0
"GB4-018",3,6,"N","","","","","S",0,0,0,0,0,0
"GB4-018",3,6.5,"ELEL5","HL","","","","M",1,0,0,0,0,0
"GB4-018",3,7,"CHVI8","WL","HL","","","S",0,0,0,0,0,0
"GB4-018",3,7.5,"ARTRW8","HL","","","","S",0,0,0,0,0,0
"GB4-018",3,8,"N","","","","","GR",0,0,0,0,0,0
"GB4-018",3,8.5,"N","","","","","S",0,0,0,0,0,0
"GB4-018",3,9,"CHVI8","ACHY","HL","","","S",1,1,0,0,0,0
"GB4-018",3,9.5,"N","","","","","S",0,0,0,0,0,0
"GB4-018",3,10,"ARTRW8","","","","","ARTRW8",0,0,0,0,0,0
"GB4-018",3,10.5,"BRTE","ATCO","HL","","","S",1,0,0,0,0,0
"GB4-018",3,11,"ARTRW8","HL","","","","S",1,0,0,0,0,0
"GB4-018",3,11.5,"N","","","","","S",0,0,0,0,0,0
"GB4-018",3,12,"N","","","","","S",0,0,0,0,0,0
"GB4-018",3,12.5,"N","HL","","","","S",0,0,0,0,0,0
"GB4-018",3,13,"ARTRW8","","","","","GR",0,0,0,0,0,0
"GB4-018",3,13.5,"ARTRW8","ELEL5","HL","","","S",0,0,0,0,0,0
"GB4-018",3,14,"ARTRW8","ACHY","HL","","","S",0,0,0,0,0,0
"GB4-018",3,14.5,"N","","","","","GR",0,0,0,0,0,0
"GB4-018",3,15,"N","","","","","GR",0,0,0,0,0,0
"GB4-018",3,15.5,"N","","","","","S",0,0,0,0,0,0
"GB4-018",3,16,"N","HL","","","","S",0,0,0,0,0,0
"GB4-018",3,16.5,"N","HL","","","","GR",0,0,0,0,0,0
"GB4-018",3,17,"CETE5","","","","","S",0,0,0,0,0,0
"GB4-018",3,17.5,"N","","","","","LC",0,0,0,0,0,0
"GB4-018",3,18,"BRTE","HL","","","","S",0,0,0,0,0,0
"GB4-018",3,18.5,"BRTE","HL","","","","S",0,0,0,0,0,0
"GB4-018",3,19,"N","","","","","S",0,0,0,0,0,0
"GB4-018",3,19.5,"N","","","","","LC",0,0,0,0,0,0
"GB4-018",3,20,"N","","","","","GR",0,0,0,0,0,0
"GB4-018",3,20.5,"POSE","HL","","","","S",0,0,0,0,0,0
"GB4-018",3,21,"N","HL","","","","S",0,0,0,0,0,0
"GB4-018",3,21.5,"N","","","","","S",0,0,0,0,0,0
"GB4-018",3,22,"ARTRW8","HL","","","","S",0,0,0,0,0,0
"GB4-018",3,22.5,"N","","","","","S",0,0,0,0,0,0
"GB4-018",3,23,"N","","","","","S",0,0,0,0,0,0
"GB4-018",3,23.5,"N","HL","","","","S",0,0,0,0,0,0
"GB4-018",3,24,"ARTRW8","POSE","HL","","","S",0,1,0,0,0,0
"GB4-018",3,24.5,"ARTRW8","POSE","HL","","","S",0,0,0,0,0,0
"GB4-018",3,25,"ARTRW8","BRTE","HL","","","S",0,0,0,0,0,0
"GB4-020",1,0.5,"N","","","","","S",0,0,0,0,0,0
"GB4-020",1,1,"N","","","","","S",0,0,0,0,0,0
"GB4-020",1,1.5,"N","","","","","S",0,0,0,0,0,0
"GB4-020",1,2,"BRTE","HL","","","","S",0,0,0,0,0,0
"GB4-020",1,2.5,"ARTRW8","BRTE","HL","","","S",0,0,0,0,0,0
"GB4-020",1,3,"BRTE","HL","","","","S",0,0,0,0,0,0
"GB4-020",1,3.5,"N","HL","","","","S",0,0,0,0,0,0
"GB4-020",1,4,"N","","","","","S",0,0,0,0,0,0
"GB4-020",1,4.5,"N","","","","","GR",0,0,0,0,0,0
"GB4-020",1,5,"N","","","","","S",0,0,0,0,0,0
"GB4-020",1,5.5,"N","","","","","S",0,0,0,0,0,0
"GB4-020",1,6,"N","","","","","S",0,0,0,0,0,0
"GB4-020",1,6.5,"N","","","","","S",0,0,0,0,0,0
"GB4-020",1,7,"N","","","","","S",0,0,0,0,0,0
"GB4-020",1,7.5,"N","WL","HL","","","S",0,0,0,0,0,0
"GB4-020",1,8,"N","","","","","S",0,0,0,0,0,0
"GB4-020",1,8.5,"N","","","","","S",0,0,0,0,0,0
"GB4-020",1,9,"N","HL","","","","S",0,0,0,0,0,0
"GB4-020",1,9.5,"N","HL","","","","S",0,0,0,0,0,0
"GB4-020",1,10,"ARTRW8","HL","","","","S",1,0,0,0,0,0
"GB4-020",1,10.5,"DEPI","HL","","","","S",0,0,0,0,0,0
"GB4-020",1,11,"DEPI","","","","","S",0,0,0,0,0,0
"GB4-020",1,11.5,"N","","","","","S",0,0,0,0,0,0
"GB4-020",1,12,"N","","","","","S",0,0,0,0,0,0
"GB4-020",1,12.5,"N","","","","","S",0,0,0,0,0,0
"GB4-020",1,13,"N","","","","","S",0,0,0,0,0,0
"GB4-020",1,13.5,"N","","","","","S",0,0,0,0,0,0
"GB4-020",1,14,"N","","","","","S",0,0,0,0,0,0
"GB4-020",1,14.5,"N","","","","","GR",0,0,0,0,0,0
"GB4-020",1,15,"N","","","","","S",0,0,0,0,0,0
"GB4-020",1,15.5,"N","","","","","S",0,0,0,0,0,0
"GB4-020",1,16,"N","","","","","S",0,0,0,0,0,0
"GB4-020",1,16.5,"N","","","","","S",0,0,0,0,0,0
"GB4-020",1,17,"N","","","","","S",0,0,0,0,0,0
"GB4-020",1,17.5,"N","","","","","S",0,0,0,0,0,0
"GB4-020",1,18,"N","","","","","S",0,0,0,0,0,0
"GB4-020",1,18.5,"ARTRW8","HL","","","","S",0,0,0,0,0,0
"GB4-020",1,19,"ARTRW8","BRTE","HL","","","S",0,0,0,0,0,0
"GB4-020",1,19.5,"ARTRW8","HL","","","","M",0,0,0,0,0,0
"GB4-020",1,20,"N","","","","","S",0,0,0,0,0,0
"GB4-020",1,20.5,"N","","","","","S",0,0,0,0,0,0
"GB4-020",1,21,"N","","","","","S",0,0,0,0,0,0
"GB4-020",1,21.5,"N","HL","","","","S",0,0,0,0,0,0
"GB4-020",1,22,"BRTE","ARTRW8","HL","","","S",0,1,0,0,0,0
"GB4-020",1,22.5,"ARTRW8","ELEL5","HL","","","S",1,0,0,0,0,0
"GB4-020",1,23,"N","HL","","","","M",0,0,0,0,0,0
"GB4-020",1,23.5,"N","","","","","S",0,0,0,0,0,0
"GB4-020",1,24,"BRTE","","","","","S",0,0,0,0,0,0
"GB4-020",1,24.5,"N","","","","","S",0,0,0,0,0,0
"GB4-020",1,25,"BRTE","HL","","","","CB",0,0,0,0,0,0
"GB4-020",2,0.5,"N","","","","","S",0,0,0,0,0,0
"GB4-020",2,1,"N","","","","","S",0,0,0,0,0,0
"GB4-020",2,1.5,"N","WL","HL","","","S",0,0,0,0,0,0
"GB4-020",2,2,"ARTRW8","HL","","","","S",0,0,0,0,0,0
"GB4-020",2,2.5,"ARTRW8","HL","","","","S",0,0,0,0,0,0
"GB4-020",2,3,"N","","","","","S",0,0,0,0,0,0
"GB4-020",2,3.5,"N","","","","","S",0,0,0,0,0,0
"GB4-020",2,4,"N","","","","","S",0,0,0,0,0,0
"GB4-020",2,4.5,"ACHY","","","","","S",0,0,0,0,0,0
"GB4-020",2,5,"N","","","","","S",0,0,0,0,0,0
"GB4-020",2,5.5,"N","","","","","S",0,0,0,0,0,0
"GB4-020",2,6,"BRTE","HL","","","","S",0,0,0,0,0,0
"GB4-020",2,6.5,"ARTRW8","BRTE","HL","","","S",0,0,0,0,0,0
"GB4-020",2,7,"ARTRW8","HL","","","","S",0,0,0,0,0,0
"GB4-020",2,7.5,"N","HL","","","","S",0,0,0,0,0,0
"GB4-020",2,8,"N","HL","","","","S",0,0,0,0,0,0
"GB4-020",2,8.5,"N","","","","","GR",0,0,0,0,0,0
"GB4-020",2,9,"BRTE","ARTRW8","HL","","","S",0,1,0,0,0,0
"GB4-020",2,9.5,"N","","","","","S",0,0,0,0,0,0
"GB4-020",2,10,"N","","","","","S",0,0,0,0,0,0
"GB4-020",2,10.5,"N","","","","","S",0,0,0,0,0,0
"GB4-020",2,11,"N","","","","","GR",0,0,0,0,0,0
"GB4-020",2,11.5,"N","","","","","S",0,0,0,0,0,0
"GB4-020",2,12,"N","","","","","S",0,0,0,0,0,0
"GB4-020",2,12.5,"N","","","","","S",0,0,0,0,0,0
"GB4-020",2,13,"N","","","","","S",0,0,0,0,0,0
"GB4-020",2,13.5,"N","","","","","S",0,0,0,0,0,0
"GB4-020",2,14,"N","","","","","S",0,0,0,0,0,0
"GB4-020",2,14.5,"N","","","","","S",0,0,0,0,0,0
"GB4-020",2,15,"BRTE","HL","","","","S",0,0,0,0,0,0
"GB4-020",2,15.5,"N","","","","","S",0,0,0,0,0,0
"GB4-020",2,16,"N","","","","","S",0,0,0,0,0,0
"GB4-020",2,16.5,"N","","","","","S",0,0,0,0,0,0
"GB4-020",2,17,"N","","","","","S",0,0,0,0,0,0
"GB4-020",2,17.5,"N","","","","","S",0,0,0,0,0,0
"GB4-020",2,18,"N","","","","","S",0,0,0,0,0,0
"GB4-020",2,18.5,"N","","","","","S",0,0,0,0,0,0
"GB4-020",2,19,"N","","","","","S",0,0,0,0,0,0
"GB4-020",2,19.5,"N","","","","","S",0,0,0,0,0,0
"GB4-020",2,20,"N","","","","","S",0,0,0,0,0,0
"GB4-020",2,20.5,"N","","","","","S",0,0,0,0,0,0
"GB4-020",2,21,"N","","","","","S",0,0,0,0,0,0
"GB4-020",2,21.5,"N","HL","","","","S",0,0,0,0,0,0
"GB4-020",2,22,"N","HL","","","","GR",0,0,0,0,0,0
"GB4-020",2,22.5,"N","","","","","GR",0,0,0,0,0,0
"GB4-020",2,23,"N","","","","","S",0,0,0,0,0,0
"GB4-020",2,23.5,"N","","","","","S",0,0,0,0,0,0
"GB4-020",2,24,"N","","","","","S",0,0,0,0,0,0
"GB4-020",2,24.5,"N","","","","","S",0,0,0,0,0,0
"GB4-020",2,25,"BRTE","","","","","S",0,0,0,0,0,0
"GB4-020",3,0.5,"N","","","","","S",0,0,0,0,0,0
"GB4-020",3,1,"N","","","","","GR",0,0,0,0,0,0
"GB4-020",3,1.5,"N","HL","","","","S",0,0,0,0,0,0
"GB4-020",3,2,"ARTRW8","BRTE","HL","","","S",0,0,0,0,0,0
"GB4-020",3,2.5,"N","","","","","S",0,0,0,0,0,0
"GB4-020",3,3,"N","","","","","S",0,0,0,0,0,0
"GB4-020",3,3.5,"N","","","","","S",0,0,0,0,0,0
"GB4-020",3,4,"N","","","","","S",0,0,0,0,0,0
"GB4-020",3,4.5,"N","","","","","GR",0,0,0,0,0,0
"GB4-020",3,5,"N","","","","","S",0,0,0,0,0,0
"GB4-020",3,5.5,"N","","","","","S",0,0,0,0,0,0
"GB4-020",3,6,"N","","","","","S",0,0,0,0,0,0
"GB4-020",3,6.5,"N","","","","","S",0,0,0,0,0,0
"GB4-020",3,7,"N","HL","","","","S",0,0,0,0,0,0
"GB4-020",3,7.5,"BRTE","HL","","","","S",0,0,0,0,0,0
"GB4-020",3,8,"N","WL","HL","","","S",0,0,0,0,0,0
"GB4-020",3,8.5,"N","HL","","","","S",0,0,0,0,0,0
"GB4-020",3,9,"N","","","","","S",0,0,0,0,0,0
"GB4-020",3,9.5,"N","","","","","S",0,0,0,0,0,0
"GB4-020",3,10,"N","","","","","S",0,0,0,0,0,0
"GB4-020",3,10.5,"N","","","","","GR",0,0,0,0,0,0
"GB4-020",3,11,"N","","","","","S",0,0,0,0,0,0
"GB4-020",3,11.5,"ERNA10","HL","","","","S",0,0,0,0,0,0
"GB4-020",3,12,"N","","","","","BR",0,0,0,0,0,0
"GB4-020",3,12.5,"N","","","","","S",0,0,0,0,0,0
"GB4-020",3,13,"ERNA10","HL","","","","S",0,0,0,0,0,0
"GB4-020",3,13.5,"ERNA10","BRTE","HL","","","S",0,0,0,0,0,0
"GB4-020",3,14,"N","","","","","BR",0,0,0,0,0,0
"GB4-020",3,14.5,"N","","","","","GR",0,0,0,0,0,0
"GB4-020",3,15,"N","","","","","BR",0,0,0,0,0,0
"GB4-020",3,15.5,"N","","","","","S",0,0,0,0,0,0
"GB4-020",3,16,"N","","","","","S",0,0,0,0,0,0
"GB4-020",3,16.5,"N","","","","","S",0,0,0,0,0,0
"GB4-020",3,17,"N","","","","","GR",0,0,0,0,0,0
"GB4-020",3,17.5,"N","","","","","S",0,0,0,0,0,0
"GB4-020",3,18,"N","","","","","S",0,0,0,0,0,0
"GB4-020",3,18.5,"N","HL","","","","S",0,0,0,0,0,0
"GB4-020",3,19,"ARTRW8","HL","","","","S",1,0,0,0,0,0
"GB4-020",3,19.5,"BRTE","","","","","GR",0,0,0,0,0,0
"GB4-020",3,20,"N","","","","","S",0,0,0,0,0,0
"GB4-020",3,20.5,"N","","","","","S",0,0,0,0,0,0
"GB4-020",3,21,"ARTRW8","","","","","GR",1,0,0,0,0,0
"GB4-020",3,21.5,"N","","","","","GR",0,0,0,0,0,0
"GB4-020",3,22,"ARTRW8","HL","","","","M",0,0,0,0,0,0
"GB4-020",3,22.5,"ARTRW8","BRTE","HL","","","S",1,0,0,0,0,0
"GB4-020",3,23,"N","","","","","S",0,0,0,0,0,0
"GB4-020",3,23.5,"N","","","","","S",0,0,0,0,0,0
"GB4-020",3,24,"N","","","","","S",0,0,0,0,0,0
"GB4-020",3,24.5,"N","HL","","","","S",0,0,0,0,0,0
"GB4-020",3,25,"BRTE","","","","","S",0,0,0,0,0,0
"GB4-997",1,0.5,"BRTE","ARNO4","HL","","","S",0,1,0,0,0,0
"GB4-997",1,1,"N","HL","","","","S",0,0,0,0,0,0
"GB4-997",1,1.5,"ARNO4","HL","","","","S",0,0,0,0,0,0
"GB4-997",1,2,"N","","","","","S",0,0,0,0,0,0
"GB4-997",1,2.5,"N","","","","","GR",0,0,0,0,0,0
"GB4-997",1,3,"N","","","","","GR",0,0,0,0,0,0
"GB4-997",1,3.5,"CACH7","HL","","","","GR",0,0,0,0,0,0
"GB4-997",1,4,"N","","","","","GR",0,0,0,0,0,0
"GB4-997",1,4.5,"ARNO4","","","","","S",1,0,0,0,0,0
"GB4-997",1,5,"N","","","","","GR",0,0,0,0,0,0
"GB4-997",1,5.5,"N","","","","","S",0,0,0,0,0,0
"GB4-997",1,6,"N","","","","","S",0,0,0,0,0,0
"GB4-997",1,6.5,"ARNO4","","","","","S",1,0,0,0,0,0
"GB4-997",1,7,"ARNO4","","","","","S",1,0,0,0,0,0
"GB4-997",1,7.5,"N","","","","","GR",0,0,0,0,0,0
"GB4-997",1,8,"ARNO4","","","","","GR",0,0,0,0,0,0
"GB4-997",1,8.5,"N","","","","","GR",0,0,0,0,0,0
"GB4-997",1,9,"ARNO4","HL","","","","S",0,0,0,0,0,0
"GB4-997",1,9.5,"ARNO4","","","","","S",1,0,0,0,0,0
"GB4-997",1,10,"N","","","","","S",0,0,0,0,0,0
"GB4-997",1,10.5,"N","","","","","S",0,0,0,0,0,0
"GB4-997",1,11,"N","","","","","S",0,0,0,0,0,0
"GB4-997",1,11.5,"N","","","","","GR",0,0,0,0,0,0
"GB4-997",1,12,"ARNO4","HL","","","","S",1,0,0,0,0,0
"GB4-997",1,12.5,"BRTE","ARNO4","HL","","","S",0,1,0,0,0,0
"GB4-997",1,13,"N","HL","","","","S",0,0,0,0,0,0
"GB4-997",1,13.5,"ARNO4","HL","","","","S",1,0,0,0,0,0
"GB4-997",1,14,"POSE","","","","","POSE",0,0,0,0,0,0
"GB4-997",1,14.5,"N","","","","","GR",0,0,0,0,0,0
"GB4-997",1,15,"ARNO4","HL","","","","S",1,0,0,0,0,0
"GB4-997",1,15.5,"N","HL","","","","S",0,0,0,0,0,0
"GB4-997",1,16,"N","","","","","S",0,0,0,0,0,0
"GB4-997",1,16.5,"N","","","","","GR",0,0,0,0,0,0
"GB4-997",1,17,"N","","","","","GR",0,0,0,0,0,0
"GB4-997",1,17.5,"N","","","","","GR",0,0,0,0,0,0
"GB4-997",1,18,"BRTE","HL","","","","S",0,0,0,0,0,0
"GB4-997",1,18.5,"N","","","","","S",0,0,0,0,0,0
"GB4-997",1,19,"BRTE","HL","","","","S",0,0,0,0,0,0
"GB4-997",1,19.5,"N","","","","","S",0,0,0,0,0,0
"GB4-997",1,20,"N","","","","","GR",0,0,0,0,0,0
"GB4-997",1,20.5,"BRTE","ARNO4","HL","","","S",0,0,0,0,0,0
"GB4-997",1,21,"ARNO4","HL","","","","S",0,0,0,0,0,0
"GB4-997",1,21.5,"N","","","","","S",0,0,0,0,0,0
"GB4-997",1,22,"N","","","","","GR",0,0,0,0,0,0
"GB4-997",1,22.5,"ARNO4","HL","","","","S",0,0,0,0,0,0
"GB4-997",1,23,"BRTE","ARNO4","HL","","","S",0,1,0,0,0,0
"GB4-997",1,23.5,"BRTE","HL","","","","S",0,0,0,0,0,0
"GB4-997",1,24,"ARNO4","BRTE","HL","","","S",0,0,0,0,0,0
"GB4-997",1,24.5,"N","","","","","GR",0,0,0,0,0,0
"GB4-997",1,25,"N","","","","","GR",0,0,0,0,0,0
"GB4-997",2,0.5,"ARNO4","HL","","","","GR",1,0,0,0,0,0
"GB4-997",2,1,"N","HL","","","","S",0,0,0,0,0,0
"GB4-997",2,1.5,"N","","","","","CB",0,0,0,0,0,0
"GB4-997",2,2,"N","HL","","","","S",0,0,0,0,0,0
"GB4-997",2,2.5,"N","","","","","GR",0,0,0,0,0,0
"GB4-997",2,3,"N","","","","","GR",0,0,0,0,0,0
"GB4-997",2,3.5,"N","HL","","","","GR",0,0,0,0,0,0
"GB4-997",2,4,"ACHY","HL","","","","GR",0,0,0,0,0,0
"GB4-997",2,4.5,"ARNO4","HL","","","","GR",0,0,0,0,0,0
"GB4-997",2,5,"ARNO4","PG000","HL","","","S",0,1,0,0,0,0
"GB4-997",2,5.5,"BRTE","HL","","","","S",0,0,0,0,0,0
"GB4-997",2,6,"CHVI8","HL","","","","S",0,0,0,0,0,0
"GB4-997",2,6.5,"ARNO4","HL","","","","S",1,0,0,0,0,0
"GB4-997",2,7,"N","","","","","GR",0,0,0,0,0,0
"GB4-997",2,7.5,"N","","","","","GR",0,0,0,0,0,0
"GB4-997",2,8,"POSE","HL","","","","GR",0,0,0,0,0,0
"GB4-997",2,8.5,"ARNO4","HL","","","","S",0,0,0,0,0,0
"GB4-997",2,9,"N","HL","","","","GR",0,0,0,0,0,0
"GB4-997",2,9.5,"POSE","WL","","","","S",1,0,0,0,0,0
"GB4-997",2,10,"ARNO4","HL","","","","S",1,0,0,0,0,0
"GB4-997",2,10.5,"N","","","","","GR",0,0,0,0,0,0
"GB4-997",2,11,"CHVI8","PHHO","HL","","","S",0,1,0,0,0,0
"GB4-997",2,11.5,"N","","","","","GR",0,0,0,0,0,0
"GB4-997",2,12,"N","HL","","","","GR",0,0,0,0,0,0
"GB4-997",2,12.5,"ARNO4","PHHO","","","","S",0,0,0,0,0,0
"GB4-997",2,13,"N","","","","","S",0,0,0,0,0,0
"GB4-997",2,13.5,"BRTE","HL","","","","S",0,0,0,0,0,0
"GB4-997",2,14,"CHVI8","ARNO4","HL","","","S",0,0,0,0,0,0
"GB4-997",2,14.5,"ARNO4","POSE","HL","","","S",1,0,0,0,0,0
"GB4-997",2,15,"ARNO4","BRTE","HL","","","S",0,0,0,0,0,0
"GB4-997",2,15.5,"ARNO4","ASPU9","HL","","","S",0,0,0,0,0,0
"GB4-997",2,16,"N","","","","","S",0,0,0,0,0,0
"GB4-997",2,16.5,"ARNO4","BRTE","HL","","","S",0,0,0,0,0,0
"GB4-997",2,17,"N","HL","","","","S",0,0,0,0,0,0
"GB4-997",2,17.5,"PG000","HL","","","","S",1,0,0,0,0,0
"GB4-997",2,18,"N","","","","","GR",0,0,0,0,0,0
"GB4-997",2,18.5,"N","HL","","","","S",0,0,0,0,0,0
"GB4-997",2,19,"POSE","","","","","S",0,0,0,0,0,0
"GB4-997",2,19.5,"GUSA2","HL","","","","S",0,0,0,0,0,0
"GB4-997",2,20,"N","","","","","GR",0,0,0,0,0,0
"GB4-997",2,20.5,"ARNO4","HL","","","","S",0,0,0,0,0,0
"GB4-997",2,21,"ARNO4","HL","","","","S",1,0,0,0,0,0
"GB4-997",2,21.5,"CHVI8","BRTE","HL","","","S",0,0,0,0,0,0
"GB4-997",2,22,"ARNO4","ELEL5","HL","","","S",0,0,0,0,0,0
"GB4-997",2,22.5,"BRTE","ARNO4","HL","","","S",0,1,0,0,0,0
"GB4-997",2,23,"N","HL","","","","S",0,0,0,0,0,0
"GB4-997",2,23.5,"N","","","","","GR",0,0,0,0,0,0
"GB4-997",2,24,"N","","","","","GR",0,0,0,0,0,0
"GB4-997",2,24.5,"BRTE","","","","","LC",0,0,0,0,0,0
"GB4-997",2,25,"ARNO4","HL","","","","S",0,0,0,0,0,0
"GB4-997",3,0.5,"N","","","","","S",0,0,0,0,0,0
"GB4-997",3,1,"ELEL5","ARNO4","HL","","","S",0,0,0,0,0,0
"GB4-997",3,1.5,"N","","","","","GR",0,0,0,0,0,0
"GB4-997",3,2,"N","","","","","GR",0,0,0,0,0,0
"GB4-997",3,2.5,"ARNO4","HL","","","","S",1,0,0,0,0,0
"GB4-997",3,3,"ARNO4","POSE","HL","","","S",0,0,0,0,0,0
"GB4-997",3,3.5,"N","HL","","","","S",0,0,0,0,0,0
"GB4-997",3,4,"ARNO4","BRTE","HL","","","S",1,0,0,0,0,0
"GB4-997",3,4.5,"N","","","","","GR",0,0,0,0,0,0
"GB4-997",3,5,"ARNO4","","","","","S",1,0,0,0,0,0
"GB4-997",3,5.5,"BRTE","","","","","GR",0,0,0,0,0,0
"GB4-997",3,6,"N","","","","","GR",0,0,0,0,0,0
"GB4-997",3,6.5,"ARNO4","HL","","","","GR",0,0,0,0,0,0
"GB4-997",3,7,"PG000","","","","","PG000",1,0,0,0,0,1
"GB4-997",3,7.5,"N","HL","","","","S",0,0,0,0,0,0
"GB4-997",3,8,"N","","","","","S",0,0,0,0,0,0
"GB4-997",3,8.5,"N","","","","","GR",0,0,0,0,0,0
"GB4-997",3,9,"ARNO4","POSE","HL","","","S",0,0,0,0,0,0
"GB4-997",3,9.5,"N","HL","","","","S",0,0,0,0,0,0
"GB4-997",3,10,"ARNO4","POSE","HL","","","S",1,0,0,0,0,0
"GB4-997",3,10.5,"BRTE","","","","","GR",0,0,0,0,0,0
"GB4-997",3,11,"ELEL5","HL","","","","S",0,0,0,0,0,0
"GB4-997",3,11.5,"ARNO4","HL","","","","S",0,0,0,0,0,0
"GB4-997",3,12,"ARNO4","HL","","","","S",0,0,0,0,0,0
"GB4-997",3,12.5,"ARNO4","POSE","","","","POSE",0,0,0,0,0,0
"GB4-997",3,13,"N","","","","","S",0,0,0,0,0,0
"GB4-997",3,13.5,"N","","","","","GR",0,0,0,0,0,0
"GB4-997",3,14,"POSE","HL","","","","S",0,0,0,0,0,0
"GB4-997",3,14.5,"N","","","","","S",0,0,0,0,0,0
"GB4-997",3,15,"N","","","","","GR",0,0,0,0,0,0
"GB4-997",3,15.5,"ARNO4","HL","","","","S",1,0,0,0,0,0
"GB4-997",3,16,"ARNO4","POSE","","","","POSE",0,0,0,0,0,0
"GB4-997",3,16.5,"ARNO4","","","","","S",1,0,0,0,0,0
"GB4-997",3,17,"CHVI8","BRTE","HL","","","S",1,0,0,0,0,0
"GB4-997",3,17.5,"N","HL","","","","GR",0,0,0,0,0,0
"GB4-997",3,18,"ARNO4","","","","","S",0,0,0,0,0,0
"GB4-997",3,18.5,"ARNO4","HL","","","","S",0,0,0,0,0,0
"GB4-997",3,19,"ARNO4","HL","","","","S",1,0,0,0,0,0
"GB4-997",3,19.5,"ARNO4","HL","","","","S",1,0,0,0,0,0
"GB4-997",3,20,"ARNO4","BRTE","HL","","","S",0,0,0,0,0,0
"GB4-997",3,20.5,"N","","","","","GR",0,0,0,0,0,0
"GB4-997",3,21,"ARNO4","HL","","","","S",1,0,0,0,0,0
"GB4-997",3,21.5,"BRTE","ARNO4","HL","","","S",0,1,0,0,0,0
"GB4-997",3,22,"POSE","HL","","","","S",0,0,0,0,0,0
"GB4-997",3,22.5,"BAAM4","HL","","","","S",0,0,0,0,0,0
"GB4-997",3,23,"ARNO4","HL","","","","S",0,0,0,0,0,0
"GB4-997",3,23.5,"N","HL","","","","S",0,0,0,0,0,0
"GB4-997",3,24,"ARNO4","HL","","","","S",0,0,0,0,0,0
"GB4-997",3,24.5,"N","","","","","GR",0,0,0,0,0,0
"GB4-997",3,25,"POSE","WL","HL","","","S",0,0,0,0,0,0
"GB4-998",1,0.5,"ELEL5","","","","","S",0,0,0,0,0,0
"GB4-998",1,1,"N","","","","","S",0,0,0,0,0,0
"GB4-998",1,1.5,"N","HL","","","","S",0,0,0,0,0,0
"GB4-998",1,2,"N","","","","","S",0,0,0,0,0,0
"GB4-998",1,2.5,"N","","","","","S",0,0,0,0,0,0
"GB4-998",1,3,"ARTRW8","","","","","S",1,0,0,0,0,0
"GB4-998",1,3.5,"N","HL","","","","S",0,0,0,0,0,0
"GB4-998",1,4,"N","","","","","S",0,0,0,0,0,0
"GB4-998",1,4.5,"N","","","","","S",0,0,0,0,0,0
"GB4-998",1,5,"N","","","","","S",0,0,0,0,0,0
"GB4-998",1,5.5,"POSE","","","","","S",0,0,0,0,0,0
"GB4-998",1,6,"POSE","HL","","","","S",1,0,0,0,0,0
"GB4-998",1,6.5,"N","HL","","","","S",0,0,0,0,0,0
"GB4-998",1,7,"N","","","","","S",0,0,0,0,0,0
"GB4-998",1,7.5,"N","HL","","","","S",0,0,0,0,0,0
"GB4-998",1,8,"LASO2","HL","","","","S",0,0,0,0,0,0
"GB4-998",1,8.5,"ELEL5","HL","","","","S",0,0,0,0,0,0
"GB4-998",1,9,"N","HL","","","","S",0,0,0,0,0,0
"GB4-998",1,9.5,"ARTRW8","POSE","","","","S",1,0,0,0,0,0
"GB4-998",1,10,"N","","","","","S",0,0,0,0,0,0
"GB4-998",1,10.5,"N","","","","","S",0,0,0,0,0,0
"GB4-998",1,11,"N","","","","","S",0,0,0,0,0,0
"GB4-998",1,11.5,"ARTRW8","ELEL5","HL","","","S",0,0,0,0,0,0
"GB4-998",1,12,"DEPI","HL","","","","S",0,0,0,0,0,0
"GB4-998",1,12.5,"N","HL","","","","S",0,0,0,0,0,0
"GB4-998",1,13,"N","HL","","","","S",0,0,0,0,0,0
"GB4-998",1,13.5,"ARTRW8","ALDE","HL","","","S",1,0,0,0,0,0
"GB4-998",1,14,"N","","","","","S",0,0,0,0,0,0
"GB4-998",1,14.5,"ARTRW8","HL","","","","S",1,0,0,0,0,0
"GB4-998",1,15,"ALDE","","","","","S",0,0,0,0,0,0
"GB4-998",1,15.5,"ELEL5","ALDE","HL","","","S",0,0,0,0,0,0
"GB4-998",1,16,"ALDE","HL","","","","S",0,0,0,0,0,0
"GB4-998",1,16.5,"POSE","","","","","S",1,0,0,0,0,0
"GB4-998",1,17,"N","WL","HL","","","S",0,0,0,0,0,0
"GB4-998",1,17.5,"ARTRW8","MIGR","ALDE","HL","","S",1,0,0,0,0,0
"GB4-998",1,18,"ARTRW8","HL","","","","S",0,0,0,0,0,0
"GB4-998",1,18.5,"ARTRW8","HL","","","","S",0,0,0,0,0,0
"GB4-998",1,19,"ARTRW8","HL","","","","S",1,0,0,0,0,0
"GB4-998",1,19.5,"ARTRW8","PLMA4","HL","","","M",0,0,0,0,0,0
"GB4-998",1,20,"ALDE","HL","","","","S",0,0,0,0,0,0
"GB4-998",1,20.5,"N","","","","","S",0,0,0,0,0,0
"GB4-998",1,21,"N","","","","","S",0,0,0,0,0,0
"GB4-998",1,21.5,"N","","","","","S",0,0,0,0,0,0
"GB4-998",1,22,"N","","","","","S",0,0,0,0,0,0
"GB4-998",1,22.5,"CROC","POSE","HL","","","S",1,1,0,0,0,0
"GB4-998",1,23,"N","HL","","","","S",0,0,0,0,0,0
"GB4-998",1,23.5,"ALDE","HL","","","","S",0,0,0,0,0,0
"GB4-998",1,24,"ARTRW8","PLMA4","HL","","","M",0,0,0,0,0,0
"GB4-998",1,24.5,"ARTRW8","HL","","","","S",1,0,0,0,0,0
"GB4-998",1,25,"ARTRW8","ELLA3","HL","","","S",0,0,0,0,0,0
"GB4-998",2,0.5,"POSE","HL","","","","S",0,0,0,0,0,0
"GB4-998",2,1,"ARTRW8","PLMA4","HL","","","S",1,0,0,0,0,0
"GB4-998",2,1.5,"N","HL","","","","S",0,0,0,0,0,0
"GB4-998",2,2,"POSE","HL","","","","S",0,0,0,0,0,0
"GB4-998",2,2.5,"N","HL","","","","S",0,0,0,0,0,0
"GB4-998",2,3,"POSE","HL","","","","S",0,0,0,0,0,0
"GB4-998",2,3.5,"ALDE","","","","","S",0,0,0,0,0,0
"GB4-998",2,4,"N","HL","","","","S",0,0,0,0,0,0
"GB4-998",2,4.5,"CROC","HL","","","","S",0,0,0,0,0,0
"GB4-998",2,5,"N","","","","","S",0,0,0,0,0,0
"GB4-998",2,5.5,"ALDE","","","","","S",0,0,0,0,0,0
"GB4-998",2,6,"N","","","","","LC",0,0,0,0,0,0
"GB4-998",2,6.5,"N","","","","","S",0,0,0,0,0,0
"GB4-998",2,7,"BRTE","HL","","","","S",0,0,0,0,0,0
"GB4-998",2,7.5,"ALDE","HL","","","","S",0,0,0,0,0,0
"GB4-998",2,8,"N","HL","","","","S",0,0,0,0,0,0
"GB4-998",2,8.5,"ARTRW8","HL","","","","S",0,0,0,0,0,0
"GB4-998",2,9,"ALDE","","","","","S",0,0,0,0,0,0
"GB4-998",2,9.5,"ELEL5","","","","","S",0,0,0,0,0,0
"GB4-998",2,10,"N","","","","","S",0,0,0,0,0,0
"GB4-998",2,10.5,"N","","","","","S",0,0,0,0,0,0
"GB4-998",2,11,"N","HL","","","","S",0,0,0,0,0,0
"GB4-998",2,11.5,"ARTRW8","POSE","HL","","","S",0,0,0,0,0,0
"GB4-998",2,12,"N","","","","","S",0,0,0,0,0,0
"GB4-998",2,12.5,"N","HL","","","","S",0,0,0,0,0,0
"GB4-998",2,13,"ALDE","HL","","","","M",0,0,0,0,0,0
"GB4-998",2,13.5,"ARTRW8","POSE","HL","","","S",0,0,0,0,0,0
"GB4-998",2,14,"N","HL","","","","S",0,0,0,0,0,0
"GB4-998",2,14.5,"ALDE","","","","","S",0,0,0,0,0,0
"GB4-998",2,15,"ARTRW8","HL","","","","S",0,0,0,0,0,0
"GB4-998",2,15.5,"ARTRW8","HL","","","","S",1,0,0,0,0,0
"GB4-998",2,16,"N","HL","","","","S",0,0,0,0,0,0
"GB4-998",2,16.5,"PLMA4","HL","","","","M",0,0,0,0,0,0
"GB4-998",2,17,"ARTRW8","HL","","","","S",1,0,0,0,0,0
"GB4-998",2,17.5,"N","","","","","S",0,0,0,0,0,0
"GB4-998",2,18,"N","HL","","","","S",0,0,0,0,0,0
"GB4-998",2,18.5,"N","","","","","GR",0,0,0,0,0,0
"GB4-998",2,19,"ALDE","","","","","LC",0,0,0,0,0,0
"GB4-998",2,19.5,"ARTRW8","HL","","","","S",0,0,0,0,0,0
"GB4-998",2,20,"N","","","","","M",0,0,0,0,0,0
"GB4-998",2,20.5,"N","WL","HL","","","S",0,0,0,0,0,0
"GB4-998",2,21,"ALDE","ELEL5","POSE","","","M",0,1,0,0,0,0
"GB4-998",2,21.5,"ARTRW8","ELEL5","HL","","","M",0,1,0,0,0,0
"GB4-998",2,22,"ARTRW8","HL","","","","S",1,0,0,0,0,0
"GB4-998",2,22.5,"N","HL","","","","S",0,0,0,0,0,0
"GB4-998",2,23,"ALDE","","","","","M",0,0,0,0,0,0
"GB4-998",2,23.5,"ARTRW8","ELEL5","","","","ELEL5",0,0,0,0,0,0
"GB4-998",2,24,"ALDE","HL","","","","S",0,0,0,0,0,0
"GB4-998",2,24.5,"ARTRW8","HL","","","","S",0,0,0,0,0,0
"GB4-998",2,25,"ARTRW8","","","","","S",1,0,0,0,0,0
"GB4-998",3,0.5,"ARTRW8","POSE","","","","POSE",0,0,0,0,0,0
"GB4-998",3,1,"N","","","","","S",0,0,0,0,0,0
"GB4-998",3,1.5,"ALDE","LASO2","HL","","","S",0,0,0,0,0,0
"GB4-998",3,2,"POSE","HL","","","","S",0,0,0,0,0,0
"GB4-998",3,2.5,"POSE","ALDE","HL","","","S",0,0,0,0,0,0
"GB4-998",3,3,"N","","","","","S",0,0,0,0,0,0
"GB4-998",3,3.5,"N","","","","","S",0,0,0,0,0,0
"GB4-998",3,4,"ALDE","","","","","S",0,0,0,0,0,0
"GB4-998",3,4.5,"N","","","","","GR",0,0,0,0,0,0
"GB4-998",3,5,"ALDE","HL","","","","S",0,0,0,0,0,0
"GB4-998",3,5.5,"N","HL","","","","M",0,0,0,0,0,0
"GB4-998",3,6,"N","","","","","S",0,0,0,0,0,0
"GB4-998",3,6.5,"ALDE","HL","","","","S",0,0,0,0,0,0
"GB4-998",3,7,"PHLO2","","","","","S",1,0,0,0,0,0
"GB4-998",3,7.5,"N","","","","","S",0,0,0,0,0,0
"GB4-998",3,8,"N","HL","","","","S",0,0,0,0,0,0
"GB4-998",3,8.5,"N","","","","","M",0,0,0,0,0,0
"GB4-998",3,9,"N","HL","","","","S",0,0,0,0,0,0
"GB4-998",3,9.5,"ALDE","HL","","","","S",0,0,0,0,0,0
"GB4-998",3,10,"BRTE","HL","","","","M",0,0,0,0,0,0
"GB4-998",3,10.5,"POSE","","","","","POSE",0,0,0,0,0,0
"GB4-998",3,11,"ALDE","HL","","","","S",1,0,0,0,0,0
"GB4-998",3,11.5,"N","HL","","","","S",0,0,0,0,0,0
"GB4-998",3,12,"ALDE","HL","","","","S",0,0,0,0,0,0
"GB4-998",3,12.5,"ALDE","HL","","","","S",0,0,0,0,0,0
"GB4-998",3,13,"N","HL","","","","S",0,0,0,0,0,0
"GB4-998",3,13.5,"N","","","","","S",0,0,0,0,0,0
"GB4-998",3,14,"ALDE","","","","","S",0,0,0,0,0,0
"GB4-998",3,14.5,"ALDE","HL","","","","S",0,0,0,0,0,0
"GB4-998",3,15,"ALDE","HL","","","","S",0,0,0,0,0,0
"GB4-998",3,15.5,"N","","","","","S",0,0,0,0,0,0
"GB4-998",3,16,"N","","","","","S",0,0,0,0,0,0
"GB4-998",3,16.5,"N","HL","","","","S",0,0,0,0,0,0
"GB4-998",3,17,"ARTRW8","ALDE","HL","","","S",1,0,0,0,0,0
"GB4-998",3,17.5,"ELEL5","HL","","","","S",1,0,0,0,0,0
"GB4-998",3,18,"N","","","","","S",0,0,0,0,0,0
"GB4-998",3,18.5,"N","HL","","","","S",0,0,0,0,0,0
"GB4-998",3,19,"ARTRW8","ELEL5","","","","ELEL5",0,0,0,0,0,0
"GB4-998",3,19.5,"N","","","","","S",0,0,0,0,0,0
"GB4-998",3,20,"ARTRW8","HL","","","","S",0,0,0,0,0,0
"GB4-998",3,20.5,"POSE","","","","","POSE",1,0,0,0,0,1
"GB4-998",3,21,"ARTRW8","CROC","HL","","","S",0,0,0,0,0,0
"GB4-998",3,21.5,"ALDE","HL","","","","S",0,0,0,0,0,0
"GB4-998",3,22,"N","HL","","","","S",0,0,0,0,0,0
"GB4-998",3,22.5,"POSE","","","","","POSE",0,0,0,0,0,0
"GB4-998",3,23,"ALDE","HL","","","","S",0,0,0,0,0,0
"GB4-998",3,23.5,"MIGR","","","","","S",0,0,0,0,0,0
"GB4-998",3,24,"N","","","","","S",0,0,0,0,0,0
"GB4-998",3,24.5,"N","HL","","","","S",0,0,0,0,0,0
"GB4-998",3,25,"N","HL","","","","S",0,0,0,0,0,0
"GB4-999",1,0.5,"N","","","","","S",0,0,0,0,0,0
"GB4-999",1,1,"N","HL","","","","S",0,0,0,0,0,0
"GB4-999",1,1.5,"N","HL","","","","S",0,0,0,0,0,0
"GB4-999",1,2,"N","","","","","S",0,0,0,0,0,0
"GB4-999",1,2.5,"N","","","","","S",0,0,0,0,0,0
"GB4-999",1,3,"N","","","","","S",0,0,0,0,0,0
"GB4-999",1,3.5,"ELMU3","","","","","ELMU3",0,0,0,0,0,0
"GB4-999",1,4,"N","","","","","S",0,0,0,0,0,0
"GB4-999",1,4.5,"N","","","","","S",0,0,0,0,0,0
"GB4-999",1,5,"CHVI8","","","","","S",0,0,0,0,0,0
"GB4-999",1,5.5,"ARTRV","ELMU3","POSE","HL","","S",0,1,1,0,0,0
"GB4-999",1,6,"N","","","","","S",0,0,0,0,0,0
"GB4-999",1,6.5,"N","HL","","","","S",0,0,0,0,0,0
"GB4-999",1,7,"N","","","","","S",0,0,0,0,0,0
"GB4-999",1,7.5,"MIGR","","","","","S",0,0,0,0,0,0
"GB4-999",1,8,"CHVI8","MIGR","HL","","","S",0,0,0,0,0,0
"GB4-999",1,8.5,"N","","","","","S",0,0,0,0,0,0
"GB4-999",1,9,"N","","","","","S",0,0,0,0,0,0
"GB4-999",1,9.5,"N","","","","","S",0,0,0,0,0,0
"GB4-999",1,10,"N","HL","","","","S",0,0,0,0,0,0
"GB4-999",1,10.5,"HECO26","","","","","S",1,0,0,0,0,0
"GB4-999",1,11,"N","","","","","S",0,0,0,0,0,0
"GB4-999",1,11.5,"BRTE","DEPI","HL","","","S",0,0,0,0,0,0
"GB4-999",1,12,"ELEL5","HL","","","","S",1,0,0,0,0,0
"GB4-999",1,12.5,"N","","","","","S",0,0,0,0,0,0
"GB4-999",1,13,"ARTRV","ELEL5","HL","","","S",1,1,0,0,0,0
"GB4-999",1,13.5,"N","HL","","","","GR",0,0,0,0,0,0
"GB4-999",1,14,"N","","","","","S",0,0,0,0,0,0
"GB4-999",1,14.5,"N","HL","","","","S",0,0,0,0,0,0
"GB4-999",1,15,"N","","","","","S",0,0,0,0,0,0
"GB4-999",1,15.5,"HECO26","MIGR","HL","","","S",0,0,0,0,0,0
"GB4-999",1,16,"N","HL","","","","S",0,0,0,0,0,0
"GB4-999",1,16.5,"N","","","","","S",0,0,0,0,0,0
"GB4-999",1,17,"DEPI","","","","","S",0,0,0,0,0,0
"GB4-999",1,17.5,"DEPI","HL","","","","S",0,0,0,0,0,0
"GB4-999",1,18,"N","","","","","S",0,0,0,0,0,0
"GB4-999",1,18.5,"N","","","","","S",0,0,0,0,0,0
"GB4-999",1,19,"N","","","","","S",0,0,0,0,0,0
"GB4-999",1,19.5,"N","HL","","","","S",0,0,0,0,0,0
"GB4-999",1,20,"N","HL","","","","S",0,0,0,0,0,0
"GB4-999",1,20.5,"HECO26","HL","","","","S",0,0,0,0,0,0
"GB4-999",1,21,"N","","","","","S",0,0,0,0,0,0
"GB4-999",1,21.5,"ARTRV","COPA3","HL","","","S",0,0,0,0,0,0
"GB4-999",1,22,"N","","","","","S",0,0,0,0,0,0
"GB4-999",1,22.5,"N","","","","","S",0,0,0,0,0,0
"GB4-999",1,23,"N","","","","","S",0,0,0,0,0,0
"GB4-999",1,23.5,"N","","","","","S",0,0,0,0,0,0
"GB4-999",1,24,"CHVI8","HL","","","","S",1,0,0,0,0,0
"GB4-999",1,24.5,"ELLA3","HL","","","","S",1,0,0,0,0,0
"GB4-999",1,25,"CHVI8","HL","","","","S",1,0,0,0,0,0
"GB4-999",2,0.5,"ELMU3","","","","","ELMU3",0,0,0,0,0,0
"GB4-999",2,1,"CHVI8","HL","","","","S",0,0,0,0,0,0
"GB4-999",2,1.5,"N","HL","","","","S",0,0,0,0,0,0
"GB4-999",2,2,"ARTRV","","","","","S",1,0,0,0,0,0
"GB4-999",2,2.5,"N","","","","","S",0,0,0,0,0,0
"GB4-999",2,3,"N","HL","","","","S",0,0,0,0,0,0
"GB4-999",2,3.5,"CHVI8","","","","","S",1,0,0,0,0,0
"GB4-999",2,4,"N","","","","","S",0,0,0,0,0,0
"GB4-999",2,4.5,"N","","","","","S",0,0,0,0,0,0
"GB4-999",2,5,"N","","","","","S",0,0,0,0,0,0
"GB4-999",2,5.5,"N","","","","","S",0,0,0,0,0,0
"GB4-999",2,6,"N","HL","","","","S",0,0,0,0,0,0
"GB4-999",2,6.5,"N","HL","","","","S",0,0,0,0,0,0
"GB4-999",2,7,"HECO26","HL","","","","S",0,0,0,0,0,0
"GB4-999",2,7.5,"N","","","","","S",0,0,0,0,0,0
"GB4-999",2,8,"N","","","","","S",0,0,0,0,0,0
"GB4-999",2,8.5,"N","HL","","","","S",0,0,0,0,0,0
"GB4-999",2,9,"COPA3","HL","","","","S",0,0,0,0,0,0
"GB4-999",2,9.5,"N","","","","","S",0,0,0,0,0,0
"GB4-999",2,10,"N","","","","","S",0,0,0,0,0,0
"GB4-999",2,10.5,"N","","","","","S",0,0,0,0,0,0
"GB4-999",2,11,"N","HL","","","","S",0,0,0,0,0,0
"GB4-999",2,11.5,"N","","","","","S",0,0,0,0,0,0
"GB4-999",2,12,"N","","","","","S",0,0,0,0,0,0
"GB4-999",2,12.5,"CHVI8","HL","","","","S",1,0,0,0,0,0
"GB4-999",2,13,"ARTRV","HECO26","HL","","","S",1,1,0,0,0,0
"GB4-999",2,13.5,"N","HL","","","","S",0,0,0,0,0,0
"GB4-999",2,14,"ARTRV","HL","","","","S",1,0,0,0,0,0
"GB4-999",2,14.5,"N","HL","","","","S",0,0,0,0,0,0
"GB4-999",2,15,"ARTRV","","","","","S",0,0,0,0,0,0
"GB4-999",2,15.5,"ARTRV","MIGR","HL","","","S",0,0,0,0,0,0
"GB4-999",2,16,"N","","","","","S",0,0,0,0,0,0
"GB4-999",2,16.5,"N","","","","","S",0,0,0,0,0,0
"GB4-999",2,17,"CHVI8","COPA3","","","","S",0,0,0,0,0,0
"GB4-999",2,17.5,"DEPI","","","","","S",0,0,0,0,0,0
"GB4-999",2,18,"BRTE","","","","","S",0,0,0,0,0,0
"GB4-999",2,18.5,"N","","","","","S",0,0,0,0,0,0
"GB4-999",2,19,"N","","","","","S",0,0,0,0,0,0
"GB4-999",2,19.5,"CHVI8","MIGR","","","","S",1,0,0,0,0,0
"GB4-999",2,20,"N","","","","","S",0,0,0,0,0,0
"GB4-999",2,20.5,"N","","","","","S",0,0,0,0,0,0
"GB4-999",2,21,"ARTRV","","","","","S",1,0,0,0,0,0
"GB4-999",2,21.5,"N","","","","","S",0,0,0,0,0,0
"GB4-999",2,22,"ARTRV","ELEL5","","","","ELEL5",1,1,0,0,0,1
"GB4-999",2,22.5,"N","","","","","S",0,0,0,0,0,0
"GB4-999",2,23,"COPA3","HL","","","","S",0,0,0,0,0,0
"GB4-999",2,23.5,"ELEL5","CHVI8","HL","","","S",1,1,0,0,0,0
"GB4-999",2,24,"N","","","","","S",0,0,0,0,0,0
"GB4-999",2,24.5,"N","","","","","S",0,0,0,0,0,0
"GB4-999",2,25,"ELMU3","HL","","","","S",0,0,0,0,0,0
"GB4-999",3,0.5,"N","","","","","S",0,0,0,0,0,0
"GB4-999",3,1,"N","","","","","S",0,0,0,0,0,0
"GB4-999",3,1.5,"N","","","","","S",0,0,0,0,0,0
"GB4-999",3,2,"N","HL","","","","S",0,0,0,0,0,0
"GB4-999",3,2.5,"ARTRV","DEPI","","","","S",1,0,0,0,0,0
"GB4-999",3,3,"N","","","","","S",0,0,0,0,0,0
"GB4-999",3,3.5,"N","","","","","S",0,0,0,0,0,0
"GB4-999",3,4,"ELLA3","ARTRV","HL","","","S",0,1,0,0,0,0
"GB4-999",3,4.5,"N","HL","","","","S",0,0,0,0,0,0
"GB4-999",3,5,"N","","","","","GR",0,0,0,0,0,0
"GB4-999",3,5.5,"N","HL","","","","S",0,0,0,0,0,0
"GB4-999",3,6,"N","","","","","S",0,0,0,0,0,0
"GB4-999",3,6.5,"N","HL","","","","S",0,0,0,0,0,0
"GB4-999",3,7,"HECO26","HL","","","","S",0,0,0,0,0,0
"GB4-999",3,7.5,"N","HL","","","","S",0,0,0,0,0,0
"GB4-999",3,8,"N","","","","","S",0,0,0,0,0,0
"GB4-999",3,8.5,"N","","","","","S",0,0,0,0,0,0
"GB4-999",3,9,"N","HL","","","","S",0,0,0,0,0,0
"GB4-999",3,9.5,"N","","","","","S",0,0,0,0,0,0
"GB4-999",3,10,"CHVI8","HL","","","","S",0,0,0,0,0,0
"GB4-999",3,10.5,"MIGR","HL","","","","S",0,0,0,0,0,0
"GB4-999",3,11,"N","","","","","S",0,0,0,0,0,0
"GB4-999",3,11.5,"EROV","HL","","","","S",0,0,0,0,0,0
"GB4-999",3,12,"ARTRV","HECO26","HL","","","S",1,1,0,0,0,0
"GB4-999",3,12.5,"N","HL","","","","S",0,0,0,0,0,0
"GB4-999",3,13,"ARTRV","CHVI8","HL","","","S",1,1,0,0,0,0
"GB4-999",3,13.5,"N","","","","","S",0,0,0,0,0,0
"GB4-999",3,14,"N","","","","","S",0,0,0,0,0,0
"GB4-999",3,14.5,"N","","","","","S",0,0,0,0,0,0
"GB4-999",3,15,"N","","","","","S",0,0,0,0,0,0
"GB4-999",3,15.5,"CHVI8","ELEL5","HL","","","S",1,0,0,0,0,0
"GB4-999",3,16,"ARTRV","HL","","","","S",0,0,0,0,0,0
"GB4-999",3,16.5,"ARTRV","","","","","S",1,0,0,0,0,0
"GB4-999",3,17,"N","HL","","","","S",0,0,0,0,0,0
"GB4-999",3,17.5,"CHVI8","HL","","","","S",1,0,0,0,0,0
"GB4-999",3,18,"N","","","","","S",0,0,0,0,0,0
"GB4-999",3,18.5,"CHVI8","","","","","S",0,0,0,0,0,0
"GB4-999",3,19,"N","","","","","S",0,0,0,0,0,0
"GB4-999",3,19.5,"N","HL","","","","S",0,0,0,0,0,0
"GB4-999",3,20,"N","","","","","S",0,0,0,0,0,0
"GB4-999",3,20.5,"N","","","","","S",0,0,0,0,0,0
"GB4-999",3,21,"N","HL","","","","S",0,0,0,0,0,0
"GB4-999",3,21.5,"N","HL","","","","S",0,0,0,0,0,0
"GB4-999",3,22,"N","HL","","","","S",0,0,0,0,0,0
"GB4-999",3,22.5,"N","","","","","GR",0,0,0,0,0,0
"GB4-999",3,23,"N","HL","","","","GR",0,0,0,0,0,0
"GB4-999",3,23.5,"CHVI8","","","","","M",0,0,0,0,0,0
"GB4-999",3,24,"N","","","","","S",0,0,0,0,0,0
"GB4-999",3,24.5,"N","","","","","S",0,0,0,0,0,0
"GB4-999",3,25,"MIGR","","","","","S",0,0,0,0,0,0
"GB5-005",1,0.5,"N","","","","","S",0,0,0,0,0,0
"GB5-005",1,1,"N","","","","","S",0,0,0,0,0,0
"GB5-005",1,1.5,"N","HL","","","","S",0,0,0,0,0,0
"GB5-005",1,2,"N","","","","","S",0,0,0,0,0,0
"GB5-005",1,2.5,"N","HL","","","","S",0,0,0,0,0,0
"GB5-005",1,3,"ARTRW8","","","","","S",0,0,0,0,0,0
"GB5-005",1,3.5,"N","HL","","","","S",0,0,0,0,0,0
"GB5-005",1,4,"ARTRW8","","","","","S",1,0,0,0,0,0
"GB5-005",1,4.5,"N","","","","","M",0,0,0,0,0,0
"GB5-005",1,5,"N","","","","","S",0,0,0,0,0,0
"GB5-005",1,5.5,"N","","","","","S",0,0,0,0,0,0
"GB5-005",1,6,"ARTRW8","HL","","","","M",1,0,0,0,0,0
"GB5-005",1,6.5,"N","","","","","S",0,0,0,0,0,0
"GB5-005",1,7,"N","","","","","LC",0,0,0,0,0,0
"GB5-005",1,7.5,"N","","","","","M",0,0,0,0,0,0
"GB5-005",1,8,"N","HL","","","","S",0,0,0,0,0,0
"GB5-005",1,8.5,"ARTRW8","HL","","","","S",0,0,0,0,0,0
"GB5-005",1,9,"N","WL","HL","","","S",0,0,0,0,0,0
"GB5-005",1,9.5,"N","","","","","S",0,0,0,0,0,0
"GB5-005",1,10,"N","","","","","GR",0,0,0,0,0,0
"GB5-005",1,10.5,"N","","","","","GR",0,0,0,0,0,0
"GB5-005",1,11,"ARTRW8","HL","","","","S",0,0,0,0,0,0
"GB5-005",1,11.5,"N","HL","","","","S",0,0,0,0,0,0
"GB5-005",1,12,"ARTRW8","HL","","","","S",1,0,0,0,0,0
"GB5-005",1,12.5,"N","HL","","","","S",0,0,0,0,0,0
"GB5-005",1,13,"N","","","","","S",0,0,0,0,0,0
"GB5-005",1,13.5,"N","","","","","S",0,0,0,0,0,0
"GB5-005",1,14,"N","","","","","M",0,0,0,0,0,0
"GB5-005",1,14.5,"N","","","","","S",0,0,0,0,0,0
"GB5-005",1,15,"N","","","","","S",0,0,0,0,0,0
"GB5-005",1,15.5,"ARTRW8","HL","","","","S",1,0,0,0,0,0
"GB5-005",1,16,"ARTRW8","HL","","","","S",0,0,0,0,0,0
"GB5-005",1,16.5,"ARTRW8","","","","","S",1,0,0,0,0,0
"GB5-005",1,17,"ARTRW8","","","","","S",1,0,0,0,0,0
"GB5-005",1,17.5,"N","HL","","","","S",0,0,0,0,0,0
"GB5-005",1,18,"ARTRW8","HL","","","","S",1,0,0,0,0,0
"GB5-005",1,18.5,"N","HL","","","","S",0,0,0,0,0,0
"GB5-005",1,19,"N","","","","","S",0,0,0,0,0,0
"GB5-005",1,19.5,"N","","","","","S",0,0,0,0,0,0
"GB5-005",1,20,"N","","","","","GR",0,0,0,0,0,0
"GB5-005",1,20.5,"N","","","","","GR",0,0,0,0,0,0
"GB5-005",1,21,"N","","","","","S",0,0,0,0,0,0
"GB5-005",1,21.5,"ARTRW8","","","","","S",1,0,0,0,0,0
"GB5-005",1,22,"ARTRW8","HL","","","","S",1,0,0,0,0,0
"GB5-005",1,22.5,"N","","","","","LC",0,0,0,0,0,0
"GB5-005",1,23,"ARTRW8","HL","","","","S",1,0,0,0,0,0
"GB5-005",1,23.5,"N","","","","","S",0,0,0,0,0,0
"GB5-005",1,24,"ARTRW8","HL","","","","S",1,0,0,0,0,0
"GB5-005",1,24.5,"N","","","","","S",0,0,0,0,0,0
"GB5-005",1,25,"ARTRW8","","","","","S",0,0,0,0,0,0
"GB5-005",2,0.5,"ARTRW8","","","","","S",0,0,0,0,0,0
"GB5-005",2,1,"N","","","","","GR",0,0,0,0,0,0
"GB5-005",2,1.5,"N","","","","","S",0,0,0,0,0,0
"GB5-005",2,2,"N","","","","","GR",0,0,0,0,0,0
"GB5-005",2,2.5,"N","","","","","S",0,0,0,0,0,0
"GB5-005",2,3,"ARTRW8","HL","","","","S",1,0,0,0,0,0
"GB5-005",2,3.5,"N","HL","","","","S",0,0,0,0,0,0
"GB5-005",2,4,"ARTRW8","","","","","S",0,0,0,0,0,0
"GB5-005",2,4.5,"N","","","","","GR",0,0,0,0,0,0
"GB5-005",2,5,"N","HL","","","","S",0,0,0,0,0,0
"GB5-005",2,5.5,"N","","","","","S",0,0,0,0,0,0
"GB5-005",2,6,"ARTRW8","HL","","","","S",0,0,0,0,0,0
"GB5-005",2,6.5,"N","","","","","GR",0,0,0,0,0,0
"GB5-005",2,7,"N","","","","","S",0,0,0,0,0,0
"GB5-005",2,7.5,"N","","","","","S",0,0,0,0,0,0
"GB5-005",2,8,"N","","","","","S",0,0,0,0,0,0
"GB5-005",2,8.5,"N","","","","","GR",0,0,0,0,0,0
"GB5-005",2,9,"ARTRW8","","","","","S",1,0,0,0,0,0
"GB5-005",2,9.5,"N","","","","","GR",0,0,0,0,0,0
"GB5-005",2,10,"N","","","","","S",0,0,0,0,0,0
"GB5-005",2,10.5,"N","","","","","S",0,0,0,0,0,0
"GB5-005",2,11,"N","","","","","S",0,0,0,0,0,0
"GB5-005",2,11.5,"N","","","","","S",0,0,0,0,0,0
"GB5-005",2,12,"N","","","","","S",0,0,0,0,0,0
"GB5-005",2,12.5,"N","","","","","S",0,0,0,0,0,0
"GB5-005",2,13,"ARTRW8","","","","","S",1,0,0,0,0,0
"GB5-005",2,13.5,"N","","","","","S",0,0,0,0,0,0
"GB5-005",2,14,"ARTRW8","","","","","S",1,0,0,0,0,0
"GB5-005",2,14.5,"N","","","","","S",0,0,0,0,0,0
"GB5-005",2,15,"ARTRW8","","","","","S",1,0,0,0,0,0
"GB5-005",2,15.5,"ARTRW8","HL","","","","S",0,0,0,0,0,0
"GB5-005",2,16,"ARTRW8","","","","","S",0,0,0,0,0,0
"GB5-005",2,16.5,"N","","","","","S",0,0,0,0,0,0
"GB5-005",2,17,"N","HL","","","","GR",0,0,0,0,0,0
"GB5-005",2,17.5,"N","","","","","S",0,0,0,0,0,0
"GB5-005",2,18,"N","","","","","S",0,0,0,0,0,0
"GB5-005",2,18.5,"ARTRW8","HL","","","","S",1,0,0,0,0,0
"GB5-005",2,19,"ARTRW8","HL","","","","GR",0,0,0,0,0,0
"GB5-005",2,19.5,"N","","","","","GR",0,0,0,0,0,0
"GB5-005",2,20,"ARTRW8","","","","","S",0,0,0,0,0,0
"GB5-005",2,20.5,"ARTRW8","HL","","","","S",0,0,0,0,0,0
"GB5-005",2,21,"ARTRW8","HL","","","","S",0,0,0,0,0,0
"GB5-005",2,21.5,"N","","","","","S",0,0,0,0,0,0
"GB5-005",2,22,"N","","","","","S",0,0,0,0,0,0
"GB5-005",2,22.5,"ARTRW8","","","","","S",1,0,0,0,0,0
"GB5-005",2,23,"N","HL","","","","S",0,0,0,0,0,0
"GB5-005",2,23.5,"ARTRW8","","","","","S",0,0,0,0,0,0
"GB5-005",2,24,"N","","","","","S",0,0,0,0,0,0
"GB5-005",2,24.5,"N","","","","","S",0,0,0,0,0,0
"GB5-005",2,25,"N","","","","","GR",0,0,0,0,0,0
"GB5-005",3,0.5,"ARTRW8","HL","","","","S",0,0,0,0,0,0
"GB5-005",3,1,"N","","","","","S",0,0,0,0,0,0
"GB5-005",3,1.5,"N","HL","","","","S",0,0,0,0,0,0
"GB5-005",3,2,"N","HL","","","","S",0,0,0,0,0,0
"GB5-005",3,2.5,"N","","","","","GR",0,0,0,0,0,0
"GB5-005",3,3,"ARTRW8","","","","","M",0,0,0,0,0,0
"GB5-005",3,3.5,"N","HL","","","","S",0,0,0,0,0,0
"GB5-005",3,4,"N","","","","","S",0,0,0,0,0,0
"GB5-005",3,4.5,"ARTRW8","HL","","","","S",1,0,0,0,0,0
"GB5-005",3,5,"N","","","","","S",0,0,0,0,0,0
"GB5-005",3,5.5,"ARTRW8","HL","","","","S",0,0,0,0,0,0
"GB5-005",3,6,"N","HL","","","","S",0,0,0,0,0,0
"GB5-005",3,6.5,"N","","","","","M",0,0,0,0,0,0
"GB5-005",3,7,"ARTRW8","","","","","M",1,0,0,0,0,0
"GB5-005",3,7.5,"N","HL","","","","S",0,0,0,0,0,0
"GB5-005",3,8,"N","","","","","S",0,0,0,0,0,0
"GB5-005",3,8.5,"N","HL","","","","M",0,0,0,0,0,0
"GB5-005",3,9,"N","","","","","GR",0,0,0,0,0,0
"GB5-005",3,9.5,"N","","","","","S",0,0,0,0,0,0
"GB5-005",3,10,"ARTRW8","HL","","","","S",0,0,0,0,0,0
"GB5-005",3,10.5,"N","","","","","S",0,0,0,0,0,0
"GB5-005",3,11,"ARTRW8","","","","","M",1,0,0,0,0,0
"GB5-005",3,11.5,"N","","","","","S",0,0,0,0,0,0
"GB5-005",3,12,"N","","","","","S",0,0,0,0,0,0
"GB5-005",3,12.5,"ARTRW8","HL","","","","S",1,0,0,0,0,0
"GB5-005",3,13,"ARTRW8","HL","","","","S",1,0,0,0,0,0
"GB5-005",3,13.5,"N","","","","","S",0,0,0,0,0,0
"GB5-005",3,14,"N","","","","","S",0,0,0,0,0,0
"GB5-005",3,14.5,"N","","","","","S",0,0,0,0,0,0
"GB5-005",3,15,"ARTRW8","WL","HL","","","S",1,0,0,0,0,0
"GB5-005",3,15.5,"N","","","","","S",0,0,0,0,0,0
"GB5-005",3,16,"ARTRW8","","","","","S",0,0,0,0,0,0
"GB5-005",3,16.5,"ARTRW8","HL","","","","S",1,0,0,0,0,0
"GB5-005",3,17,"N","HL","","","","S",0,0,0,0,0,0
"GB5-005",3,17.5,"N","HL","","","","S",0,0,0,0,0,0
"GB5-005",3,18,"ARTRW8","","","","","S",1,0,0,0,0,0
"GB5-005",3,18.5,"N","HL","","","","S",0,0,0,0,0,0
"GB5-005",3,19,"ARTRW8","","","","","S",1,0,0,0,0,0
"GB5-005",3,19.5,"ARTRW8","","","","","S",1,0,0,0,0,0
"GB5-005",3,20,"N","","","","","GR",0,0,0,0,0,0
"GB5-005",3,20.5,"N","HL","","","","S",0,0,0,0,0,0
"GB5-005",3,21,"ARTRW8","HL","","","","S",1,0,0,0,0,0
"GB5-005",3,21.5,"ARTRW8","","","","","S",1,0,0,0,0,0
"GB5-005",3,22,"N","HL","","","","S",0,0,0,0,0,0
"GB5-005",3,22.5,"N","","","","","S",0,0,0,0,0,0
"GB5-005",3,23,"N","","","","","S",0,0,0,0,0,0
"GB5-005",3,23.5,"ARTRW8","","","","","S",1,0,0,0,0,0
"GB5-005",3,24,"N","","","","","S",0,0,0,0,0,0
"GB5-005",3,24.5,"ARTRW8","","","","","S",0,0,0,0,0,0
"GB5-005",3,25,"N","","","","","S",0,0,0,0,0,0
"GB5-019x",1,0.5,"FEID","HL","","","","S",0,0,0,0,0,0
"GB5-019x",1,1,"N","","","","","GR",0,0,0,0,0,0
"GB5-019x",1,1.5,"N","","","","","S",0,0,0,0,0,0
"GB5-019x",1,2,"PUTR2","CHVI8","HL","","","S",0,0,0,0,0,0
"GB5-019x",1,2.5,"PUTR2","HL","","","","S",0,0,0,0,0,0
"GB5-019x",1,3,"N","HL","","","","S",0,0,0,0,0,0
"GB5-019x",1,3.5,"COPA3","HL","","","","S",0,0,0,0,0,0
"GB5-019x",1,4,"N","HL","","","","S",0,0,0,0,0,0
"GB5-019x",1,4.5,"ARTRV","FEID","HL","","","S",0,0,0,0,0,0
"GB5-019x",1,5,"FEID","","","","","S",0,0,0,0,0,0
"GB5-019x",1,5.5,"CHVI8","MIGR","HL","","","S",0,0,0,0,0,0
"GB5-019x",1,6,"ARTRV","FEID","HL","","","S",1,0,0,0,0,0
"GB5-019x",1,6.5,"N","WL","HL","","","S",0,0,0,0,0,0
"GB5-019x",1,7,"N","HL","","","","S",0,0,0,0,0,0
"GB5-019x",1,7.5,"N","HL","","","","S",0,0,0,0,0,0
"GB5-019x",1,8,"N","HL","","","","S",0,0,0,0,0,0
"GB5-019x",1,8.5,"COPA3","HL","","","","S",0,0,0,0,0,0
"GB5-019x",1,9,"ARTRV","COPA3","HL","","","S",0,0,0,0,0,0
"GB5-019x",1,9.5,"FEID","HL","","","","S",0,0,0,0,0,0
"GB5-019x",1,10,"GARA2","","","","","S",0,0,0,0,0,0
"GB5-019x",1,10.5,"GARA2","COPA3","HL","","","S",0,0,0,0,0,0
"GB5-019x",1,11,"ARTRV","FEID","HL","","","FEID",1,0,0,0,0,0
"GB5-019x",1,11.5,"ARTRV","FEID","HL","","","S",0,0,0,0,0,0
"GB5-019x",1,12,"N","HL","","","","S",0,0,0,0,0,0
"GB5-019x",1,12.5,"ARTRV","HL","","","","S",0,0,0,0,0,0
"GB5-019x",1,13,"ARTRV","FEID","HL","","","S",0,0,0,0,0,0
"GB5-019x",1,13.5,"ARTRV","TECA2","FEID","HL","","S",0,1,0,0,0,0
"GB5-019x",1,14,"ARTRV","FEID","HL","","","S",0,0,0,0,0,0
"GB5-019x",1,14.5,"ARTRV","ACTH7","HL","","","S",0,0,0,0,0,0
"GB5-019x",1,15,"ARTRV","FEID","HL","","","FEID",0,0,0,0,0,0
"GB5-019x",1,15.5,"ARTRV","PUTR2","FEID","HL","","S",1,0,0,0,0,0
"GB5-019x",1,16,"N","HL","","","","M",0,0,0,0,0,0
"GB5-019x",1,16.5,"PSSP6","CHVI8","HL","","","S",0,0,0,0,0,0
"GB5-019x",1,17,"N","","","","","S",0,0,0,0,0,0
"GB5-019x",1,17.5,"N","WL","HL","","","S",0,0,0,0,0,0
"GB5-019x",1,18,"PSSP6","HL","","","","S",1,0,0,0,0,0
"GB5-019x",1,18.5,"CHVI8","FEID","HL","","","M",0,0,0,0,0,0
"GB5-019x",1,19,"ARTRV","FEID","HL","","","S",0,0,0,0,0,0
"GB5-019x",1,19.5,"FEID","HL","","","","S",0,0,0,0,0,0
"GB5-019x",1,20,"ARTRV","FEID","HL","","","S",0,0,0,0,0,0
"GB5-019x",1,20.5,"POSE","HL","","","","S",0,0,0,0,0,0
"GB5-019x",1,21,"GARA2","","","","","GR",0,0,0,0,0,0
"GB5-019x",1,21.5,"N","WL","HL","","","S",0,0,0,0,0,0
"GB5-019x",1,22,"FEID","","","","","FEID",0,0,0,0,0,0
"GB5-019x",1,22.5,"GARA2","HL","","","","S",0,0,0,0,0,0
"GB5-019x",1,23,"ARTRV","POSE","HL","","","S",0,0,0,0,0,0
"GB5-019x",1,23.5,"N","HL","","","","S",0,0,0,0,0,0
"GB5-019x",1,24,"N","","","","","S",0,0,0,0,0,0
"GB5-019x",1,24.5,"N","HL","","","","S",0,0,0,0,0,0
"GB5-019x",1,25,"N","HL","","","","S",0,0,0,0,0,0
"GB5-019x",2,0.5,"COPA3","FEID","HL","","","S",0,0,0,0,0,0
"GB5-019x",2,1,"FEID","HL","","","","S",0,0,0,0,0,0
"GB5-019x",2,1.5,"N","HL","","","","S",0,0,0,0,0,0
"GB5-019x",2,2,"ARTRV","FEID","HL","","","S",0,1,0,0,0,0
"GB5-019x",2,2.5,"FEID","PSSP6","HL","","","S",0,0,0,0,0,0
"GB5-019x",2,3,"FEID","ARTRV","HL","","","S",0,1,0,0,0,0
"GB5-019x",2,3.5,"ARTRV","FEID","HL","","","S",1,0,0,0,0,0
"GB5-019x",2,4,"FEID","COPA3","HL","","","S",0,0,0,0,0,0
"GB5-019x",2,4.5,"N","","","","","S",0,0,0,0,0,0
"GB5-019x",2,5,"N","HL","","","","S",0,0,0,0,0,0
"GB5-019x",2,5.5,"PUTR2","HL","","","","S",1,0,0,0,0,0
"GB5-019x",2,6,"PUTR2","HL","","","","S",0,0,0,0,0,0
"GB5-019x",2,6.5,"PUTR2","FEID","HL","","","FEID",0,0,0,0,0,0
"GB5-019x",2,7,"N","HL","","","","S",0,0,0,0,0,0
"GB5-019x",2,7.5,"FEID","HL","","","","S",0,0,0,0,0,0
"GB5-019x",2,8,"ARTRV","HL","","","","S",1,0,0,0,0,0
"GB5-019x",2,8.5,"ARTRV","FEID","HL","","","S",0,0,0,0,0,0
"GB5-019x",2,9,"N","","","","","S",0,0,0,0,0,0
"GB5-019x",2,9.5,"N","WL","HL","","","S",0,0,0,0,0,0
"GB5-019x",2,10,"N","HL","","","","S",0,0,0,0,0,0
"GB5-019x",2,10.5,"N","WL","HL","","","S",0,0,0,0,0,0
"GB5-019x",2,11,"N","","","","","S",0,0,0,0,0,0
"GB5-019x",2,11.5,"MIGR","HL","","","","S",0,0,0,0,0,0
"GB5-019x",2,12,"CHVI8","HL","","","","S",0,0,0,0,0,0
"GB5-019x",2,12.5,"COPA3","HL","","","","S",0,0,0,0,0,0
"GB5-019x",2,13,"N","HL","","","","S",0,0,0,0,0,0
"GB5-019x",2,13.5,"N","HL","","","","S",0,0,0,0,0,0
"GB5-019x",2,14,"ARTRV","FEID","HL","","","S",0,0,0,0,0,0
"GB5-019x",2,14.5,"N","HL","","","","S",0,0,0,0,0,0
"GB5-019x",2,15,"N","","","","","S",0,0,0,0,0,0
"GB5-019x",2,15.5,"ARTRV","","","","","S",1,0,0,0,0,0
"GB5-019x",2,16,"ARTRV","FEID","HL","","","S",0,0,0,0,0,0
"GB5-019x",2,16.5,"FEID","HL","","","","S",0,0,0,0,0,0
"GB5-019x",2,17,"N","","","","","S",0,0,0,0,0,0
"GB5-019x",2,17.5,"ELEL5","HL","","","","S",0,0,0,0,0,0
"GB5-019x",2,18,"PSSP6","HL","","","","S",0,0,0,0,0,0
"GB5-019x",2,18.5,"PUTR2","","","","","PUTR2",0,0,0,0,0,0
"GB5-019x",2,19,"FEID","ARTRV","HL","","","S",0,0,0,0,0,0
"GB5-019x",2,19.5,"ARTRV","POSE","HL","","","S",1,0,0,0,0,0
"GB5-019x",2,20,"FEID","HL","","","","S",0,0,0,0,0,0
"GB5-019x",2,20.5,"FEID","HL","","","","S",0,0,0,0,0,0
"GB5-019x",2,21,"COPA3","","","","","S",0,0,0,0,0,0
"GB5-019x",2,21.5,"N","HL","","","","S",0,0,0,0,0,0
"GB5-019x",2,22,"ARTRV","HL","","","","S",0,0,0,0,0,0
"GB5-019x",2,22.5,"CHVI8","MIGR","HL","","","S",1,0,0,0,0,0
"GB5-019x",2,23,"N","HL","","","","S",0,0,0,0,0,0
"GB5-019x",2,23.5,"N","","","","","S",0,0,0,0,0,0
"GB5-019x",2,24,"N","","","","","S",0,0,0,0,0,0
"GB5-019x",2,24.5,"ARTRV","FEID","HL","","","S",0,0,0,0,0,0
"GB5-019x",2,25,"COPA3","","","","","CB",0,0,0,0,0,0
"GB5-019x",3,0.5,"ARTRV","FEID","HL","","","S",0,0,0,0,0,0
"GB5-019x",3,1,"PUTR2","HL","","","","S",0,0,0,0,0,0
"GB5-019x",3,1.5,"ARTRV","HL","","","","S",0,0,0,0,0,0
"GB5-019x",3,2,"ARTRV","FEID","HL","","","S",0,0,0,0,0,0
"GB5-019x",3,2.5,"ARTRV","FEID","HL","","","S",0,0,0,0,0,0
"GB5-019x",3,3,"FEID","HL","","","","S",0,0,0,0,0,0
"GB5-019x",3,3.5,"FEID","HL","","","","M",0,0,0,0,0,0
"GB5-019x",3,4,"COPA3","HL","","","","S",0,0,0,0,0,0
"GB5-019x",3,4.5,"N","","","","","S",0,0,0,0,0,0
"GB5-019x",3,5,"COPA3","HL","","","","S",0,0,0,0,0,0
"GB5-019x",3,5.5,"BRTE","COPA3","HL","","","S",0,0,0,0,0,0
"GB5-019x",3,6,"ARTRV","FEID","HL","","","S",0,0,0,0,0,0
"GB5-019x",3,6.5,"CHVI8","COPA3","HL","","","S",0,0,0,0,0,0
"GB5-019x",3,7,"PUTR2","FEID","HL","","","S",0,0,0,0,0,0
"GB5-019x",3,7.5,"N","HL","","","","S",0,0,0,0,0,0
"GB5-019x",3,8,"N","HL","","","","S",0,0,0,0,0,0
"GB5-019x",3,8.5,"N","HL","","","","S",0,0,0,0,0,0
"GB5-019x",3,9,"PUTR2","PSSP6","HL","","","S",0,0,0,0,0,0
"GB5-019x",3,9.5,"PUTR2","COPA3","FEID","HL","","S",0,0,0,0,0,0
"GB5-019x",3,10,"FEID","","","","","S",0,0,0,0,0,0
"GB5-019x",3,10.5,"N","HL","","","","S",0,0,0,0,0,0
"GB5-019x",3,11,"ARTRV","FEID","HL","","","FEID",1,0,0,0,0,0
"GB5-019x",3,11.5,"ARTRV","FEID","HL","","","S",0,0,0,0,0,0
"GB5-019x",3,12,"FEID","","","","","FEID",0,0,0,0,0,0
"GB5-019x",3,12.5,"PUTR2","HL","","","","S",1,0,0,0,0,0
"GB5-019x",3,13,"PUTR2","PSSP6","HL","","","S",0,1,0,0,0,0
"GB5-019x",3,13.5,"ARTRV","HL","","","","S",1,0,0,0,0,0
"GB5-019x",3,14,"N","","","","","M",0,0,0,0,0,0
"GB5-019x",3,14.5,"ARTRV","HL","","","","S",0,0,0,0,0,0
"GB5-019x",3,15,"ARTRV","HL","","","","S",1,0,0,0,0,0
"GB5-019x",3,15.5,"ARTRV","HL","","","","S",0,0,0,0,0,0
"GB5-019x",3,16,"ARTRV","FEID","HL","","","S",0,0,0,0,0,0
"GB5-019x",3,16.5,"N","","","","","BR",0,0,0,0,0,0
"GB5-019x",3,17,"PUTR2","HL","","","","S",0,0,0,0,0,0
"GB5-019x",3,17.5,"PUTR2","FEID","HL","","","S",0,0,0,0,0,0
"GB5-019x",3,18,"ARTRV","HL","","","","S",0,0,0,0,0,0
"GB5-019x",3,18.5,"ARTRV","FEID","WL","HL","","S",0,0,0,0,0,0
"GB5-019x",3,19,"N","","","","","S",0,0,0,0,0,0
"GB5-019x",3,19.5,"N","","","","","S",0,0,0,0,0,0
"GB5-019x",3,20,"N","","","","","GR",0,0,0,0,0,0
"GB5-019x",3,20.5,"N","","","","","S",0,0,0,0,0,0
"GB5-019x",3,21,"N","","","","","S",0,0,0,0,0,0
"GB5-019x",3,21.5,"ARTRV","FEID","HL","","","S",0,0,0,0,0,0
"GB5-019x",3,22,"ARTRV","HL","","","","S",1,0,0,0,0,0
"GB5-019x",3,22.5,"N","HL","","","","M",0,0,0,0,0,0
"GB5-019x",3,23,"CHVI8","COPA3","HL","","","S",0,0,0,0,0,0
"GB5-019x",3,23.5,"N","","","","","GR",0,0,0,0,0,0
"GB5-019x",3,24,"N","HL","","","","S",0,0,0,0,0,0
"GB5-019x",3,24.5,"MIGR","HL","","","","S",0,0,0,0,0,0
"GB5-019x",3,25,"N","","","","","S",0,0,0,0,0,0
"GB6-011",1,0.5,"N","","","","","CB",0,0,0,0,0,0
"GB6-011",1,1,"ARTRW8","","","","","S",1,0,0,0,0,0
"GB6-011",1,1.5,"ARTRW8","","","","","M",0,0,0,0,0,0
"GB6-011",1,2,"ARTRW8","","","","","S",0,0,0,0,0,0
"GB6-011",1,2.5,"ACTH7","HL","","","","M",0,0,0,0,0,0
"GB6-011",1,3,"N","","","","","S",0,0,0,0,0,0
"GB6-011",1,3.5,"N","","","","","GR",0,0,0,0,0,0
"GB6-011",1,4,"POSE","HL","","","","GR",0,0,0,0,0,0
"GB6-011",1,4.5,"N","HL","","","","S",0,0,0,0,0,0
"GB6-011",1,5,"ACTH7","HL","","","","S",0,0,0,0,0,0
"GB6-011",1,5.5,"N","","","","","S",0,0,0,0,0,0
"GB6-011",1,6,"N","","","","","S",0,0,0,0,0,0
"GB6-011",1,6.5,"N","","","","","S",0,0,0,0,0,0
"GB6-011",1,7,"N","","","","","GR",0,0,0,0,0,0
"GB6-011",1,7.5,"N","HL","","","","S",0,0,0,0,0,0
"GB6-011",1,8,"N","","","","","S",0,0,0,0,0,0
"GB6-011",1,8.5,"ARTRW8","HL","","","","S",0,0,0,0,0,0
"GB6-011",1,9,"N","HL","","","","M",0,0,0,0,0,0
"GB6-011",1,9.5,"N","HL","","","","S",0,0,0,0,0,0
"GB6-011",1,10,"N","HL","","","","S",0,0,0,0,0,0
"GB6-011",1,10.5,"N","HL","","","","S",0,0,0,0,0,0
"GB6-011",1,11,"N","","","","","S",0,0,0,0,0,0
"GB6-011",1,11.5,"ARTRW8","HL","","","","S",0,0,0,0,0,0
"GB6-011",1,12,"ARTRW8","HL","","","","M",0,0,0,0,0,0
"GB6-011",1,12.5,"ARTRW8","HL","","","","S",0,0,0,0,0,0
"GB6-011",1,13,"ARTRW8","HL","","","","M",1,0,0,0,0,0
"GB6-011",1,13.5,"ELEL5","HL","","","","S",0,0,0,0,0,0
"GB6-011",1,14,"ARTRW8","","","","","S",1,0,0,0,0,0
"GB6-011",1,14.5,"N","","","","","S",0,0,0,0,0,0
"GB6-011",1,15,"N","","","","","S",0,0,0,0,0,0
"GB6-011",1,15.5,"ELEL5","","","","","ELEL5",0,0,0,0,0,0
"GB6-011",1,16,"N","","","","","S",0,0,0,0,0,0
"GB6-011",1,16.5,"POSE","HL","","","","S",0,0,0,0,0,0
"GB6-011",1,17,"ARTRW8","HL","","","","GR",0,0,0,0,0,0
"GB6-011",1,17.5,"N","","","","","S",0,0,0,0,0,0
"GB6-011",1,18,"ARTRW8","HL","","","","S",0,0,0,0,0,0
"GB6-011",1,18.5,"ARTRW8","","","","","S",1,0,0,0,0,0
"GB6-011",1,19,"POCU3","DEPI","HL","","","S",0,0,0,0,0,0
"GB6-011",1,19.5,"ARTRW8","","","","","S",1,0,0,0,0,0
"GB6-011",1,20,"N","","","","","S",0,0,0,0,0,0
"GB6-011",1,20.5,"ARTRW8","","","","","S",1,0,0,0,0,0
"GB6-011",1,21,"GARA2","HL","","","","M",0,0,0,0,0,0
"GB6-011",1,21.5,"ARTRW8","HL","","","","S",1,0,0,0,0,0
"GB6-011",1,22,"ARTRW8","HL","","","","M",1,0,0,0,0,0
"GB6-011",1,22.5,"N","HL","","","","S",0,0,0,0,0,0
"GB6-011",1,23,"N","","","","","S",0,0,0,0,0,0
"GB6-011",1,23.5,"PG000","","","","","PG000",1,0,0,0,0,1
"GB6-011",1,24,"ACTH7","","","","","ACTH7",0,0,0,0,0,0
"GB6-011",1,24.5,"N","","","","","S",0,0,0,0,0,0
"GB6-011",1,25,"N","","","","","GR",0,0,0,0,0,0
"GB6-011",2,0.5,"N","","","","","S",0,0,0,0,0,0
"GB6-011",2,1,"N","","","","","S",0,0,0,0,0,0
"GB6-011",2,1.5,"N","","","","","GR",0,0,0,0,0,0
"GB6-011",2,2,"ACTH7","","","","","ACTH7",1,0,0,0,0,1
"GB6-011",2,2.5,"ACTH7","HL","","","","S",1,0,0,0,0,0
"GB6-011",2,3,"ARTRW8","ACTH7","HL","","","S",0,0,0,0,0,0
"GB6-011",2,3.5,"N","","","","","S",0,0,0,0,0,0
"GB6-011",2,4,"N","HL","","","","S",0,0,0,0,0,0
"GB6-011",2,4.5,"N","","","","","S",0,0,0,0,0,0
"GB6-011",2,5,"N","WL","HL","","","S",0,0,0,0,0,0
"GB6-011",2,5.5,"ARTRW8","","","","","S",1,0,0,0,0,0
"GB6-011",2,6,"POSE","HL","","","","S",0,0,0,0,0,0
"GB6-011",2,6.5,"N","","","","","GR",0,0,0,0,0,0
"GB6-011",2,7,"N","HL","","","","S",0,0,0,0,0,0
"GB6-011",2,7.5,"ARTRW8","","","","","M",1,0,0,0,0,0
"GB6-011",2,8,"N","HL","","","","S",0,0,0,0,0,0
"GB6-011",2,8.5,"N","","","","","GR",0,0,0,0,0,0
"GB6-011",2,9,"ACTH7","HL","","","","S",0,0,0,0,0,0
"GB6-011",2,9.5,"ARTRW8","","","","","GR",1,0,0,0,0,0
"GB6-011",2,10,"N","","","","","GR",0,0,0,0,0,0
"GB6-011",2,10.5,"N","","","","","GR",0,0,0,0,0,0
"GB6-011",2,11,"N","","","","","M",0,0,0,0,0,0
"GB6-011",2,11.5,"N","","","","","S",0,0,0,0,0,0
"GB6-011",2,12,"N","","","","","S",0,0,0,0,0,0
"GB6-011",2,12.5,"N","HL","","","","S",0,0,0,0,0,0
"GB6-011",2,13,"N","","","","","GR",0,0,0,0,0,0
"GB6-011",2,13.5,"N","","","","","GR",0,0,0,0,0,0
"GB6-011",2,14,"N","HL","","","","S",0,0,0,0,0,0
"GB6-011",2,14.5,"N","HL","","","","S",0,0,0,0,0,0
"GB6-011",2,15,"POSE","HL","","","","S",0,0,0,0,0,0
"GB6-011",2,15.5,"N","HL","","","","S",0,0,0,0,0,0
"GB6-011",2,16,"ARTRW8","HL","","","","S",1,0,0,0,0,0
"GB6-011",2,16.5,"ARTRW8","HL","","","","S",0,0,0,0,0,0
"GB6-011",2,17,"N","","","","","GR",0,0,0,0,0,0
"GB6-011",2,17.5,"N","","","","","S",0,0,0,0,0,0
"GB6-011",2,18,"N","","","","","S",0,0,0,0,0,0
"GB6-011",2,18.5,"ARTRW8","CRYPTPF","HL","","","M",0,1,0,0,0,0
"GB6-011",2,19,"ARTRW8","HL","","","","M",1,0,0,0,0,0
"GB6-011",2,19.5,"ARTRW8","HL","","","","ARTRW8",1,0,0,0,0,1
"GB6-011",2,20,"ARTRW8","HL","","","","S",0,0,0,0,0,0
"GB6-011",2,20.5,"N","HL","","","","S",0,0,0,0,0,0
"GB6-011",2,21,"N","","","","","GR",0,0,0,0,0,0
"GB6-011",2,21.5,"N","HL","","","","S",0,0,0,0,0,0
"GB6-011",2,22,"POSE","","","","","GR",0,0,0,0,0,0
"GB6-011",2,22.5,"LOFO","","","","","S",0,0,0,0,0,0
"GB6-011",2,23,"N","","","","","GR",0,0,0,0,0,0
"GB6-011",2,23.5,"N","","","","","S",0,0,0,0,0,0
"GB6-011",2,24,"ACTH7","","","","","ACTH7",1,0,0,0,0,1
"GB6-011",2,24.5,"N","","","","","GR",0,0,0,0,0,0
"GB6-011",2,25,"N","HL","","","","S",0,0,0,0,0,0
"GB6-011",3,0.5,"N","HL","","","","S",0,0,0,0,0,0
"GB6-011",3,1,"N","","","","","S",0,0,0,0,0,0
"GB6-011",3,1.5,"N","WL","","","","S",0,0,0,0,0,0
"GB6-011",3,2,"ARTRW8","HL","","","","S",0,0,0,0,0,0
"GB6-011",3,2.5,"ARTRW8","ELEL5","HL","","","M",0,1,0,0,0,0
"GB6-011",3,3,"ACTH7","HL","","","","S",1,0,0,0,0,0
"GB6-011",3,3.5,"N","","","","","GR",0,0,0,0,0,0
"GB6-011",3,4,"ARTRW8","HL","","","","M",0,0,0,0,0,0
"GB6-011",3,4.5,"N","HL","","","","S",0,0,0,0,0,0
"GB6-011",3,5,"ARTRW8","","","","","M",1,0,0,0,0,0
"GB6-011",3,5.5,"ARTRW8","","","","","ARTRW8",1,0,0,0,0,1
"GB6-011",3,6,"N","","","","","S",0,0,0,0,0,0
"GB6-011",3,6.5,"N","","","","","S",0,0,0,0,0,0
"GB6-011",3,7,"N","HL","","","","S",0,0,0,0,0,0
"GB6-011",3,7.5,"ARTRW8","","","","","ARTRW8",0,0,0,0,0,0
"GB6-011",3,8,"ARTRW8","HL","","","","S",0,0,0,0,0,0
"GB6-011",3,8.5,"ARTRW8","HL","","","","S",1,0,0,0,0,0
"GB6-011",3,9,"ARTRW8","POSE","HL","","","S",1,0,0,0,0,0
"GB6-011",3,9.5,"DEPI","WL","","","","S",0,0,0,0,0,0
"GB6-011",3,10,"N","HL","","","","S",0,0,0,0,0,0
"GB6-011",3,10.5,"N","","","","","S",0,0,0,0,0,0
"GB6-011",3,11,"N","","","","","S",0,0,0,0,0,0
"GB6-011",3,11.5,"N","","","","","S",0,0,0,0,0,0
"GB6-011",3,12,"N","","","","","S",0,0,0,0,0,0
"GB6-011",3,12.5,"LOFO","HL","","","","S",0,0,0,0,0,0
"GB6-011",3,13,"ARTRW8","","","","","S",1,0,0,0,0,0
"GB6-011",3,13.5,"N","","","","","S",0,0,0,0,0,0
"GB6-011",3,14,"N","HL","","","","S",0,0,0,0,0,0
"GB6-011",3,14.5,"N","","","","","S",0,0,0,0,0,0
"GB6-011",3,15,"ARTRW8","HL","","","","S",1,0,0,0,0,0
"GB6-011",3,15.5,"ARTRW8","","","","","M",1,0,0,0,0,0
"GB6-011",3,16,"N","HL","","","","S",0,0,0,0,0,0
"GB6-011",3,16.5,"N","","","","","GR",0,0,0,0,0,0
"GB6-011",3,17,"N","","","","","S",0,0,0,0,0,0
"GB6-011",3,17.5,"N","","","","","S",0,0,0,0,0,0
"GB6-011",3,18,"N","HL","","","","S",0,0,0,0,0,0
"GB6-011",3,18.5,"ELEL5","","","","","S",1,0,0,0,0,0
"GB6-011",3,19,"ARTRW8","","","","","ARTRW8",0,0,0,0,0,0
"GB6-011",3,19.5,"POCU3","HL","","","","S",0,0,0,0,0,0
"GB6-011",3,20,"N","","","","","GR",0,0,0,0,0,0
"GB6-011",3,20.5,"N","","","","","S",0,0,0,0,0,0
"GB6-011",3,21,"N","","","","","S",0,0,0,0,0,0
"GB6-011",3,21.5,"N","","","","","GR",0,0,0,0,0,0
"GB6-011",3,22,"N","","","","","S",0,0,0,0,0,0
"GB6-011",3,22.5,"N","HL","","","","S",0,0,0,0,0,0
"GB6-011",3,23,"N","","","","","S",0,0,0,0,0,0
"GB6-011",3,23.5,"N","","","","","GR",0,0,0,0,0,0
"GB6-011",3,24,"N","HL","","","","S",0,0,0,0,0,0
"GB6-011",3,24.5,"ARTRW8","HL","","","","S",1,0,0,0,0,0
"GB6-011",3,25,"N","","","","","GR",0,0,0,0,0,0
"GB6-999",1,0.5,"BRTE","HL","","","","S",0,0,0,0,0,0
"GB6-999",1,1,"N","","","","","S",0,0,0,0,0,0
"GB6-999",1,1.5,"POSE","HL","","","","S",0,0,0,0,0,0
"GB6-999",1,2,"BRTE","ARTRW8","HL","","","S",0,1,0,0,0,0
"GB6-999",1,2.5,"ARTRW8","BRTE","HL","","","S",0,0,0,0,0,0
"GB6-999",1,3,"BRTE","HL","","","","S",0,0,0,0,0,0
"GB6-999",1,3.5,"ARTRW8","COPA3","ALAL3","HL","","S",0,0,0,0,0,0
"GB6-999",1,4,"ARTRW8","ELEL5","HL","","","S",1,0,0,0,0,0
"GB6-999",1,4.5,"ARTRW8","COPA3","HL","","","S",1,0,0,0,0,0
"GB6-999",1,5,"N","HL","","","","M",0,0,0,0,0,0
"GB6-999",1,5.5,"POSE","HL","","","","S",0,0,0,0,0,0
"GB6-999",1,6,"PHLO2","HL","","","","S",0,0,0,0,0,0
"GB6-999",1,6.5,"PHLO2","","","","","S",0,0,0,0,0,0
"GB6-999",1,7,"N","HL","","","","S",0,0,0,0,0,0
"GB6-999",1,7.5,"PHLO2","","","","","S",0,0,0,0,0,0
"GB6-999",1,8,"ARTRW8","ALAL3","HL","","","S",0,0,0,0,0,0
"GB6-999",1,8.5,"ARTRW8","COPA3","HL","","","S",0,0,0,0,0,0
"GB6-999",1,9,"POSE","HL","","","","S",0,0,0,0,0,0
"GB6-999",1,9.5,"N","WL","","","","S",0,0,0,0,0,0
"GB6-999",1,10,"DEPI","","","","","S",0,0,0,0,0,0
"GB6-999",1,10.5,"LULE2","ALAL3","HL","","","S",0,0,0,0,0,0
"GB6-999",1,11,"ALAL3","","","","","S",0,0,0,0,0,0
"GB6-999",1,11.5,"POSE","PSSP6","","","","S",0,0,0,0,0,0
"GB6-999",1,12,"N","","","","","S",0,0,0,0,0,0
"GB6-999",1,12.5,"PHLO2","HL","","","","S",0,0,0,0,0,0
"GB6-999",1,13,"N","","","","","S",0,0,0,0,0,0
"GB6-999",1,13.5,"N","","","","","S",0,0,0,0,0,0
"GB6-999",1,14,"N","HL","","","","S",0,0,0,0,0,0
"GB6-999",1,14.5,"N","","","","","S",0,0,0,0,0,0
"GB6-999",1,15,"N","","","","","S",0,0,0,0,0,0
"GB6-999",1,15.5,"ACHY","","","","","S",0,0,0,0,0,0
"GB6-999",1,16,"N","","","","","S",0,0,0,0,0,0
"GB6-999",1,16.5,"N","","","","","S",0,0,0,0,0,0
"GB6-999",1,17,"ACHY","HL","","","","M",0,0,0,0,0,0
"GB6-999",1,17.5,"N","","","","","GR",0,0,0,0,0,0
"GB6-999",1,18,"DEPI","","","","","S",0,0,0,0,0,0
"GB6-999",1,18.5,"ARTRW8","WL","HL","","","S",0,0,0,0,0,0
"GB6-999",1,19,"ARTRW8","ELEL5","HL","","","S",0,0,0,0,0,0
"GB6-999",1,19.5,"COPA3","HL","","","","S",0,0,0,0,0,0
"GB6-999",1,20,"ARTRW8","HL","","","","S",0,0,0,0,0,0
"GB6-999",1,20.5,"ARTRW8","HL","","","","M",0,0,0,0,0,0
"GB6-999",1,21,"ELEL5","ARTRW8","ALAL3","HL","","S",0,1,0,0,0,0
"GB6-999",1,21.5,"ARTRW8","COPA3","POSE","HL","","S",0,0,0,0,0,0
"GB6-999",1,22,"PHLO2","HL","","","","S",0,0,0,0,0,0
"GB6-999",1,22.5,"ARTRW8","ELEL5","HL","","","M",0,0,0,0,0,0
"GB6-999",1,23,"ARTRW8","","","","","S",1,0,0,0,0,0
"GB6-999",1,23.5,"DEPI","BRTE","","","","S",0,0,0,0,0,0
"GB6-999",1,24,"PG000","","","","","PG000",1,0,0,0,0,1
"GB6-999",1,24.5,"N","HL","","","","S",0,0,0,0,0,0
"GB6-999",1,25,"POSE","","","","","M",0,0,0,0,0,0
"GB6-999",2,0.5,"ALAL3","PSSP6","","","","S",0,0,0,0,0,0
"GB6-999",2,1,"POSE","BRTE","","","","S",0,0,0,0,0,0
"GB6-999",2,1.5,"POSE","HL","","","","GR",0,0,0,0,0,0
"GB6-999",2,2,"ARTRW8","HL","","","","M",0,0,0,0,0,0
"GB6-999",2,2.5,"ARTRW8","HL","","","","S",0,0,0,0,0,0
"GB6-999",2,3,"N","","","","","GR",0,0,0,0,0,0
"GB6-999",2,3.5,"ELEL5","HL","","","","S",0,0,0,0,0,0
"GB6-999",2,4,"N","","","","","GR",0,0,0,0,0,0
"GB6-999",2,4.5,"N","HL","","","","S",0,0,0,0,0,0
"GB6-999",2,5,"ARTRW8","BRTE","COPA3","HL","","S",0,0,0,0,0,0
"GB6-999",2,5.5,"COPA3","","","","","S",0,0,0,0,0,0
"GB6-999",2,6,"N","","","","","S",0,0,0,0,0,0
"GB6-999",2,6.5,"N","","","","","S",0,0,0,0,0,0
"GB6-999",2,7,"N","HL","","","","S",0,0,0,0,0,0
"GB6-999",2,7.5,"COPA3","HL","","","","S",0,0,0,0,0,0
"GB6-999",2,8,"N","","","","","S",0,0,0,0,0,0
"GB6-999",2,8.5,"POSE","HL","","","","M",0,0,0,0,0,0
"GB6-999",2,9,"ARTRW8","POSE","HL","","","S",0,0,0,0,0,0
"GB6-999",2,9.5,"POSE","PHLO2","HL","","","S",0,0,0,0,0,0
"GB6-999",2,10,"ELEL5","HL","","","","S",0,0,0,0,0,0
"GB6-999",2,10.5,"ARTRW8","HL","","","","S",0,0,0,0,0,0
"GB6-999",2,11,"ARTRW8","ELEL5","HL","","","S",1,0,0,0,0,0
"GB6-999",2,11.5,"N","","","","","S",0,0,0,0,0,0
"GB6-999",2,12,"ALAL3","HL","","","","S",0,0,0,0,0,0
"GB6-999",2,12.5,"POSE","","","","","S",0,0,0,0,0,0
"GB6-999",2,13,"BRTE","PHLO2","","","","S",0,0,0,0,0,0
"GB6-999",2,13.5,"N","HL","","","","S",0,0,0,0,0,0
"GB6-999",2,14,"ELEL5","HL","","","","S",0,0,0,0,0,0
"GB6-999",2,14.5,"BRTE","HL","","","","S",0,0,0,0,0,0
"GB6-999",2,15,"COPA3","","","","","S",0,0,0,0,0,0
"GB6-999",2,15.5,"N","","","","","ST",0,0,0,0,0,0
"GB6-999",2,16,"N","HL","","","","M",0,0,0,0,0,0
"GB6-999",2,16.5,"COPA3","HL","","","","S",0,0,0,0,0,0
"GB6-999",2,17,"POSE","HL","","","","S",0,0,0,0,0,0
"GB6-999",2,17.5,"COPA3","HL","","","","M",0,0,0,0,0,0
"GB6-999",2,18,"POSE","HL","","","","S",0,0,0,0,0,0
"GB6-999",2,18.5,"ARTRW8","COPA3","HL","","","S",0,0,0,0,0,0
"GB6-999",2,19,"ARTRW8","POSE","","","","POSE",0,0,0,0,0,0
"GB6-999",2,19.5,"ARTRW8","BRTE","HL","","","M",1,1,0,0,0,0
"GB6-999",2,20,"ARTRW8","ELEL5","HL","","","S",0,1,0,0,0,0
"GB6-999",2,20.5,"N","","","","","S",0,0,0,0,0,0
"GB6-999",2,21,"ALAL3","HL","","","","S",0,0,0,0,0,0
"GB6-999",2,21.5,"N","HL","","","","S",0,0,0,0,0,0
"GB6-999",2,22,"POSE","HL","","","","M",0,0,0,0,0,0
"GB6-999",2,22.5,"N","","","","","S",0,0,0,0,0,0
"GB6-999",2,23,"N","HL","","","","GR",0,0,0,0,0,0
"GB6-999",2,23.5,"BRTE","HL","","","","S",0,0,0,0,0,0
"GB6-999",2,24,"ARTRW8","COPA3","HL","","","S",0,0,0,0,0,0
"GB6-999",2,24.5,"POSE","HL","","","","S",0,0,0,0,0,0
"GB6-999",2,25,"N","HL","","","","S",0,0,0,0,0,0
"GB6-999",3,0.5,"N","HL","","","","S",0,0,0,0,0,0
"GB6-999",3,1,"N","","","","","S",0,0,0,0,0,0
"GB6-999",3,1.5,"BRTE","HL","","","","S",0,0,0,0,0,0
"GB6-999",3,2,"N","HL","","","","S",0,0,0,0,0,0
"GB6-999",3,2.5,"CHVI8","HL","","","","S",1,0,0,0,0,0
"GB6-999",3,3,"BRTE","CHVI8","HL","","","M",0,1,0,0,0,0
"GB6-999",3,3.5,"N","","","","","S",0,0,0,0,0,0
"GB6-999",3,4,"N","HL","","","","S",0,0,0,0,0,0
"GB6-999",3,4.5,"BRTE","HL","","","","S",0,0,0,0,0,0
"GB6-999",3,5,"N","HL","","","","GR",0,0,0,0,0,0
"GB6-999",3,5.5,"N","","","","","GR",0,0,0,0,0,0
"GB6-999",3,6,"POSE","","","","","S",0,0,0,0,0,0
"GB6-999",3,6.5,"ARTRW8","BRTE","HL","","","S",0,0,0,0,0,0
"GB6-999",3,7,"POSE","ARTRW8","BRTE","HL","","M",0,0,0,0,0,0
"GB6-999",3,7.5,"BRTE","HL","","","","S",0,0,0,0,0,0
"GB6-999",3,8,"COPA3","","","","","S",0,0,0,0,0,0
"GB6-999",3,8.5,"ELEL5","COPA3","HL","","","M",0,0,0,0,0,0
"GB6-999",3,9,"N","HL","","","","M",0,0,0,0,0,0
"GB6-999",3,9.5,"ARTRW8","HL","","","","S",0,0,0,0,0,0
"GB6-999",3,10,"POSE","","","","","S",0,0,0,0,0,0
"GB6-999",3,10.5,"POSE","HL","","","","M",0,0,0,0,0,0
"GB6-999",3,11,"BRTE","HL","","","","S",0,0,0,0,0,0
"GB6-999",3,11.5,"CHVI8","HL","","","","M",1,0,0,0,0,0
"GB6-999",3,12,"N","","","","","S",0,0,0,0,0,0
"GB6-999",3,12.5,"POSE","HL","","","","M",0,0,0,0,0,0
"GB6-999",3,13,"N","","","","","GR",0,0,0,0,0,0
"GB6-999",3,13.5,"COPA3","HL","","","","S",0,0,0,0,0,0
"GB6-999",3,14,"ARTRW8","HL","","","","S",0,0,0,0,0,0
"GB6-999",3,14.5,"PHLO2","LULE2","","","","S",0,0,0,0,0,0
"GB6-999",3,15,"N","","","","","S",0,0,0,0,0,0
"GB6-999",3,15.5,"N","","","","","GR",0,0,0,0,0,0
"GB6-999",3,16,"COPA3","HL","","","","S",0,0,0,0,0,0
"GB6-999",3,16.5,"N","HL","","","","M",0,0,0,0,0,0
"GB6-999",3,17,"PSSP6","ARTRW8","COPA3","WL","HL","S",0,0,0,0,0,0
"GB6-999",3,17.5,"ARTRW8","BRTE","HL","","","M",0,0,0,0,0,0
"GB6-999",3,18,"ACHY","POSE","","","","S",0,0,0,0,0,0
"GB6-999",3,18.5,"POSE","HL","","","","M",0,0,0,0,0,0
"GB6-999",3,19,"N","","","","","S",0,0,0,0,0,0
"GB6-999",3,19.5,"COPA3","HL","","","","S",0,0,0,0,0,0
"GB6-999",3,20,"N","","","","","M",0,0,0,0,0,0
"GB6-999",3,20.5,"N","HL","","","","M",0,0,0,0,0,0
"GB6-999",3,21,"POSE","","","","","M",0,0,0,0,0,0
"GB6-999",3,21.5,"N","","","","","LC",0,0,0,0,0,0
"GB6-999",3,22,"N","","","","","M",0,0,0,0,0,0
"GB6-999",3,22.5,"POSE","HL","","","","S",0,0,0,0,0,0
"GB6-999",3,23,"ARTRW8","HL","","","","S",0,0,0,0,0,0
"GB6-999",3,23.5,"ARTRW8","","","","","ARTRW8",0,0,0,0,0,0
"GB6-999",3,24,"ARTRW8","HL","","","","M",1,0,0,0,0,0
"GB6-999",3,24.5,"N","HL","","","","M",0,0,0,0,0,0
"GB6-999",3,25,"POSE","","","","","GR",0,0,0,0,0,0
"GB7-002",1,0.5,"ACTH7","FEID","GARA2","","","S",0,0,0,0,0,0
"GB7-002",1,1,"N","","","","","S",0,0,0,0,0,0
"GB7-002",1,1.5,"BASA3","COPA3","","","","S",0,0,0,0,0,0
"GB7-002",1,2,"LULE2","BRTE","HL","","","S",0,0,0,0,0,0
"GB7-002",1,2.5,"PUTR2","HL","","","","S",0,0,0,0,0,0
"GB7-002",1,3,"PUTR2","BRTE","HL","","","S",0,0,0,0,0,0
"GB7-002",1,3.5,"PUTR2","BRTE","HL","","","S",0,0,0,0,0,0
"GB7-002",1,4,"PUTR2","AGGL","HL","","","S",0,0,0,0,0,0
"GB7-002",1,4.5,"N","HL","","","","S",0,0,0,0,0,0
"GB7-002",1,5,"N","","","","","S",0,0,0,0,0,0
"GB7-002",1,5.5,"MIGR","","","","","S",0,0,0,0,0,0
"GB7-002",1,6,"N","HL","","","","S",0,0,0,0,0,0
"GB7-002",1,6.5,"LULE2","","","","","S",0,0,0,0,0,0
"GB7-002",1,7,"N","HL","","","","S",0,0,0,0,0,0
"GB7-002",1,7.5,"ARTRV","ACTH7","HL","","","S",1,0,0,0,0,0
"GB7-002",1,8,"BRTE","","","","","GR",0,0,0,0,0,0
"GB7-002",1,8.5,"LIPU11","","","","","S",0,0,0,0,0,0
"GB7-002",1,9,"LIPU11","ARTRV","COPA3","HL","","S",0,1,0,0,0,0
"GB7-002",1,9.5,"N","HL","","","","S",0,0,0,0,0,0
"GB7-002",1,10,"MIGR","HL","","","","S",0,0,0,0,0,0
"GB7-002",1,10.5,"BRTE","HL","","","","S",0,0,0,0,0,0
"GB7-002",1,11,"BRTE","HL","","","","S",0,0,0,0,0,0
"GB7-002",1,11.5,"BRTE","GARA2","","","","GR",0,0,0,0,0,0
"GB7-002",1,12,"N","","","","","S",0,0,0,0,0,0
"GB7-002",1,12.5,"GARA2","HL","","","","S",0,0,0,0,0,0
"GB7-002",1,13,"AGGL","PG000","","","","PG000",0,1,0,0,0,1
"GB7-002",1,13.5,"N","","","","","GR",0,0,0,0,0,0
"GB7-002",1,14,"N","","","","","GR",0,0,0,0,0,0
"GB7-002",1,14.5,"GARA2","","","","","S",0,0,0,0,0,0
"GB7-002",1,15,"N","","","","","S",0,0,0,0,0,0
"GB7-002",1,15.5,"N","","","","","S",0,0,0,0,0,0
"GB7-002",1,16,"BRTE","HL","","","","S",0,0,0,0,0,0
"GB7-002",1,16.5,"ARTRV","HL","","","","S",1,0,0,0,0,0
"GB7-002",1,17,"N","HL","","","","S",0,0,0,0,0,0
"GB7-002",1,17.5,"ARTRV","FEID","HL","","","S",1,0,0,0,0,0
"GB7-002",1,18,"ACTH7","GARA2","","","","S",0,0,0,0,0,0
"GB7-002",1,18.5,"N","WL","","","","S",0,0,0,0,0,0
"GB7-002",1,19,"N","","","","","S",0,0,0,0,0,0
"GB7-002",1,19.5,"GARA2","","","","","S",0,0,0,0,0,0
"GB7-002",1,20,"ARTRV","","","","","S",0,0,0,0,0,0
"GB7-002",1,20.5,"ACTH7","ARTRV","HL","","","M",0,1,0,0,0,0
"GB7-002",1,21,"FEID","HL","","","","S",0,0,0,0,0,0
"GB7-002",1,21.5,"COPA3","","","","","S",0,0,0,0,0,0
"GB7-002",1,22,"N","","","","","S",0,0,0,0,0,0
"GB7-002",1,22.5,"N","","","","","S",0,0,0,0,0,0
"GB7-002",1,23,"N","","","","","S",0,0,0,0,0,0
"GB7-002",1,23.5,"N","","","","","S",0,0,0,0,0,0
"GB7-002",1,24,"N","","","","","S",0,0,0,0,0,0
"GB7-002",1,24.5,"ACTH7","","","","","S",0,0,0,0,0,0
"GB7-002",1,25,"N","","","","","S",0,0,0,0,0,0
"GB7-002",2,0.5,"N","","","","","GR",0,0,0,0,0,0
"GB7-002",2,1,"N","HL","","","","S",0,0,0,0,0,0
"GB7-002",2,1.5,"ARTRV","","","","","S",1,0,0,0,0,0
"GB7-002",2,2,"ELEL5","HL","","","","S",0,0,0,0,0,0
"GB7-002",2,2.5,"BRTE","","","","","S",0,0,0,0,0,0
"GB7-002",2,3,"PUTR2","HL","","","","S",0,0,0,0,0,0
"GB7-002",2,3.5,"BRTE","GARA2","","","","S",0,0,0,0,0,0
"GB7-002",2,4,"MIGR","","","","","S",0,0,0,0,0,0
"GB7-002",2,4.5,"N","","","","","S",0,0,0,0,0,0
"GB7-002",2,5,"BRTE","ACTH7","HL","","","S",0,0,0,0,0,0
"GB7-002",2,5.5,"N","HL","","","","S",0,0,0,0,0,0
"GB7-002",2,6,"COPA3","","","","","S",0,0,0,0,0,0
"GB7-002",2,6.5,"N","","","","","S",0,0,0,0,0,0
"GB7-002",2,7,"N","","","","","GR",0,0,0,0,0,0
"GB7-002",2,7.5,"N","HL","","","","S",0,0,0,0,0,0
"GB7-002",2,8,"N","HL","","","","S",0,0,0,0,0,0
"GB7-002",2,8.5,"N","","","","","GR",0,0,0,0,0,0
"GB7-002",2,9,"MIGR","","","","","GR",0,0,0,0,0,0
"GB7-002",2,9.5,"ACTH7","","","","","S",0,0,0,0,0,0
"GB7-002",2,10,"ARTRV","BRTE","AGGL","HL","","S",1,0,0,0,0,0
"GB7-002",2,10.5,"GARA2","HL","","","","S",0,0,0,0,0,0
"GB7-002",2,11,"N","","","","","S",0,0,0,0,0,0
"GB7-002",2,11.5,"N","WL","HL","","","S",0,0,0,0,0,0
"GB7-002",2,12,"ARTRV","HL","","","","S",1,0,0,0,0,0
"GB7-002",2,12.5,"ARTRV","POCU3","PHLO2","HL","","S",1,0,0,0,0,0
"GB7-002",2,13,"N","HL","","","","S",0,0,0,0,0,0
"GB7-002",2,13.5,"N","","","","","S",0,0,0,0,0,0
"GB7-002",2,14,"ARTRV","FEID","HL","","","S",0,0,0,0,0,0
"GB7-002",2,14.5,"ARTRV","HL","","","","S",1,0,0,0,0,0
"GB7-002",2,15,"ARTRV","ACTH7","HL","","","S",1,0,0,0,0,0
"GB7-002",2,15.5,"N","","","","","S",0,0,0,0,0,0
"GB7-002",2,16,"GARA2","MIGR","","","","S",0,0,0,0,0,0
"GB7-002",2,16.5,"N","","","","","S",0,0,0,0,0,0
"GB7-002",2,17,"COPA3","HL","","","","M",0,0,0,0,0,0
"GB7-002",2,17.5,"PUTR2","BRTE","HL","","","M",0,0,0,0,0,0
"GB7-002",2,18,"BRTE","HL","","","","S",0,0,0,0,0,0
"GB7-002",2,18.5,"GARA2","WL","HL","","","S",0,0,0,0,0,0
"GB7-002",2,19,"N","","","","","GR",0,0,0,0,0,0
"GB7-002",2,19.5,"PUTR2","ACTH7","HL","","","S",0,0,0,0,0,0
"GB7-002",2,20,"BRTE","ACTH7","HL","","","S",0,0,0,0,0,0
"GB7-002",2,20.5,"ACTH7","LATE6","BRTE","","","S",0,0,0,0,0,0
"GB7-002",2,21,"ACTH7","HL","","","","S",0,0,0,0,0,0
"GB7-002",2,21.5,"BRTE","COPA3","HL","","","S",0,0,0,0,0,0
"GB7-002",2,22,"BRTE","","","","","S",0,0,0,0,0,0
"GB7-002",2,22.5,"BRTE","COPA3","ARTRV","HL","","S",0,0,1,0,0,0
"GB7-002",2,23,"COPA3","WL","HL","","","S",0,0,0,0,0,0
"GB7-002",2,23.5,"BASA3","HL","","","","S",0,0,0,0,0,0
"GB7-002",2,24,"PUTR2","FEID","HL","","","M",0,0,0,0,0,0
"GB7-002",2,24.5,"FEID","PUTR2","","","","PUTR2",0,0,0,0,0,0
"GB7-002",2,25,"FEID","HL","","","","S",0,0,0,0,0,0
"GB7-002",3,0.5,"N","","","","","S",0,0,0,0,0,0
"GB7-002",3,1,"CARO5","HL","","","","S",0,0,0,0,0,0
"GB7-002",3,1.5,"N","","","","","S",0,0,0,0,0,0
"GB7-002",3,2,"N","","","","","S",0,0,0,0,0,0
"GB7-002",3,2.5,"N","HL","","","","S",0,0,0,0,0,0
"GB7-002",3,3,"N","HL","","","","S",0,0,0,0,0,0
"GB7-002",3,3.5,"BRTE","BASA3","HL","","","S",0,0,0,0,0,0
"GB7-002",3,4,"BASA3","HL","","","","S",0,0,0,0,0,0
"GB7-002",3,4.5,"N","","","","","S",0,0,0,0,0,0
"GB7-002",3,5,"GARA2","HL","","","","S",0,0,0,0,0,0
"GB7-002",3,5.5,"N","","","","","S",0,0,0,0,0,0
"GB7-002",3,6,"N","","","","","GR",0,0,0,0,0,0
"GB7-002",3,6.5,"PUTR2","POCU3","COPA3","HL","","S",1,0,0,0,0,0
"GB7-002",3,7,"N","","","","","S",0,0,0,0,0,0
"GB7-002",3,7.5,"N","","","","","S",0,0,0,0,0,0
"GB7-002",3,8,"PUTR2","HL","","","","S",0,0,0,0,0,0
"GB7-002",3,8.5,"N","HL","","","","S",0,0,0,0,0,0
"GB7-002",3,9,"BASA3","HL","","","","S",0,0,0,0,0,0
"GB7-002",3,9.5,"N","HL","","","","S",0,0,0,0,0,0
"GB7-002",3,10,"N","","","","","S",0,0,0,0,0,0
"GB7-002",3,10.5,"GARA2","FEID","","","","S",0,1,0,0,0,0
"GB7-002",3,11,"ARTRV","FEID","","","","FEID",1,1,0,0,0,1
"GB7-002",3,11.5,"ARTRV","","","","","S",0,0,0,0,0,0
"GB7-002",3,12,"N","HL","","","","S",0,0,0,0,0,0
"GB7-002",3,12.5,"GARA2","","","","","S",0,0,0,0,0,0
"GB7-002",3,13,"N","HL","","","","S",0,0,0,0,0,0
"GB7-002",3,13.5,"N","","","","","S",0,0,0,0,0,0
"GB7-002",3,14,"N","","","","","S",0,0,0,0,0,0
"GB7-002",3,14.5,"ACTH7","POCU3","HL","","","S",0,0,0,0,0,0
"GB7-002",3,15,"N","HL","","","","S",0,0,0,0,0,0
"GB7-002",3,15.5,"ACTH7","","","","","S",0,0,0,0,0,0
"GB7-002",3,16,"BRTE","","","","","S",0,0,0,0,0,0
"GB7-002",3,16.5,"N","HL","","","","S",0,0,0,0,0,0
"GB7-002",3,17,"BRTE","PUTR2","","","","S",0,1,0,0,0,0
"GB7-002",3,17.5,"GARA2","HL","","","","S",0,0,0,0,0,0
"GB7-002",3,18,"N","","","","","S",0,0,0,0,0,0
"GB7-002",3,18.5,"ELEL5","HL","","","","GR",0,0,0,0,0,0
"GB7-002",3,19,"N","HL","","","","GR",0,0,0,0,0,0
"GB7-002",3,19.5,"GARA2","","","","","GR",0,0,0,0,0,0
"GB7-002",3,20,"N","HL","","","","S",0,0,0,0,0,0
"GB7-002",3,20.5,"PUTR2","HL","","","","S",0,0,0,0,0,0
"GB7-002",3,21,"COPA3","","","","","S",0,0,0,0,0,0
"GB7-002",3,21.5,"N","HL","","","","S",0,0,0,0,0,0
"GB7-002",3,22,"N","HL","","","","S",0,0,0,0,0,0
"GB7-002",3,22.5,"COPA3","","","","","GR",0,0,0,0,0,0
"GB7-002",3,23,"PUTR2","","","","","S",1,0,0,0,0,0
"GB7-002",3,23.5,"CHVI8","COPA3","HL","","","S",0,0,0,0,0,0
"GB7-002",3,24,"N","HL","","","","S",0,0,0,0,0,0
"GB7-002",3,24.5,"N","","","","","GR",0,0,0,0,0,0
"GB7-002",3,25,"ACTH7","COPA3","","","","GR",0,0,0,0,0,0
"GP3-008",1,0.5,"CAFI","ELLA3","","","","S",1,0,0,0,0,0
"GP3-008",1,1,"N","","","","","S",0,0,0,0,0,0
"GP3-008",1,1.5,"CAFI","","","","","CAFI",1,0,0,0,0,1
"GP3-008",1,2,"CAFI","","","","","S",1,0,0,0,0,0
"GP3-008",1,2.5,"BOGR2","","","","","S",1,0,0,0,0,0
"GP3-008",1,3,"N","WL","","","","S",0,0,0,0,0,0
"GP3-008",1,3.5,"BOGR2","","","","","S",1,0,0,0,0,0
"GP3-008",1,4,"BOGR2","HL","","","","S",1,0,0,0,0,0
"GP3-008",1,4.5,"N","","","","","S",0,0,0,0,0,0
"GP3-008",1,5,"N","","","","","S",0,0,0,0,0,0
"GP3-008",1,5.5,"N","HL","","","","S",0,0,0,0,0,0
"GP3-008",1,6,"N","","","","","S",0,0,0,0,0,0
"GP3-008",1,6.5,"ARTRW8","HL","","","","S",0,0,0,0,0,0
"GP3-008",1,7,"BOGR2","","","","","S",1,0,0,0,0,0
"GP3-008",1,7.5,"CAFI","HL","","","","S",0,0,0,0,0,0
"GP3-008",1,8,"BOGR2","HL","","","","BOGR2",0,0,0,0,0,0
"GP3-008",1,8.5,"BOGR2","HL","","","","S",0,0,0,0,0,0
"GP3-008",1,9,"N","","","","","S",0,0,0,0,0,0
"GP3-008",1,9.5,"N","","","","","S",0,0,0,0,0,0
"GP3-008",1,10,"N","HL","","","","S",0,0,0,0,0,0
"GP3-008",1,10.5,"BOGR2","","","","","S",0,0,0,0,0,0
"GP3-008",1,11,"N","HL","","","","S",0,0,0,0,0,0
"GP3-008",1,11.5,"ARTRW8","HL","","","","S",0,0,0,0,0,0
"GP3-008",1,12,"N","HL","","","","S",0,0,0,0,0,0
"GP3-008",1,12.5,"N","","","","","S",0,0,0,0,0,0
"GP3-008",1,13,"BOGR2","","","","","S",0,0,0,0,0,0
"GP3-008",1,13.5,"BOGR2","","","","","S",0,0,0,0,0,0
"GP3-008",1,14,"BOGR2","","","","","S",1,0,0,0,0,0
"GP3-008",1,14.5,"N","","","","","S",0,0,0,0,0,0
"GP3-008",1,15,"N","","","","","S",0,0,0,0,0,0
"GP3-008",1,15.5,"N","","","","","S",0,0,0,0,0,0
"GP3-008",1,16,"AGOSEPF","HL","","","","S",0,0,0,0,0,0
"GP3-008",1,16.5,"N","","","","","S",0,0,0,0,0,0
"GP3-008",1,17,"N","HL","","","","S",0,0,0,0,0,0
"GP3-008",1,17.5,"BOGR2","","","","","S",1,0,0,0,0,0
"GP3-008",1,18,"N","","","","","S",0,0,0,0,0,0
"GP3-008",1,18.5,"N","HL","","","","S",0,0,0,0,0,0
"GP3-008",1,19,"N","","","","","S",0,0,0,0,0,0
"GP3-008",1,19.5,"N","","","","","S",0,0,0,0,0,0
"GP3-008",1,20,"CAFI","HL","","","","S",0,0,0,0,0,0
"GP3-008",1,20.5,"N","","","","","S",0,0,0,0,0,0
"GP3-008",1,21,"N","HL","","","","S",0,0,0,0,0,0
"GP3-008",1,21.5,"ELLA3","","","","","S",1,0,0,0,0,0
"GP3-008",1,22,"ELLA3","","","","","S",0,0,0,0,0,0
"GP3-008",1,22.5,"N","","","","","S",0,0,0,0,0,0
"GP3-008",1,23,"ARTRW8","HL","","","","S",0,0,0,0,0,0
"GP3-008",1,23.5,"N","HL","","","","S",0,0,0,0,0,0
"GP3-008",1,24,"BOGR2","","","","","BOGR2",0,0,0,0,0,0
"GP3-008",1,24.5,"N","HL","","","","S",0,0,0,0,0,0
"GP3-008",1,25,"CAFI","HL","","","","S",0,0,0,0,0,0
"GP3-008",2,0.5,"N","","","","","S",0,0,0,0,0,0
"GP3-008",2,1,"N","HL","","","","S",0,0,0,0,0,0
"GP3-008",2,1.5,"N","","","","","S",0,0,0,0,0,0
"GP3-008",2,2,"BOGR2","HL","","","","S",0,0,0,0,0,0
"GP3-008",2,2.5,"N","","","","","S",0,0,0,0,0,0
"GP3-008",2,3,"BOGR2","HL","","","","S",1,0,0,0,0,0
"GP3-008",2,3.5,"N","","","","","S",0,0,0,0,0,0
"GP3-008",2,4,"BOGR2","","","","","S",0,0,0,0,0,0
"GP3-008",2,4.5,"N","HL","","","","S",0,0,0,0,0,0
"GP3-008",2,5,"ARTRW8","","","","","S",1,0,0,0,0,0
"GP3-008",2,5.5,"POSE","HL","","","","S",1,0,0,0,0,0
"GP3-008",2,6,"N","","","","","S",0,0,0,0,0,0
"GP3-008",2,6.5,"N","","","","","S",0,0,0,0,0,0
"GP3-008",2,7,"BOGR2","","","","","BOGR2",0,0,0,0,0,0
"GP3-008",2,7.5,"BOGR2","","","","","S",0,0,0,0,0,0
"GP3-008",2,8,"N","","","","","S",0,0,0,0,0,0
"GP3-008",2,8.5,"ELLA3","","","","","S",1,0,0,0,0,0
"GP3-008",2,9,"N","","","","","S",0,0,0,0,0,0
"GP3-008",2,9.5,"N","","","","","S",0,0,0,0,0,0
"GP3-008",2,10,"N","","","","","S",0,0,0,0,0,0
"GP3-008",2,10.5,"N","","","","","S",0,0,0,0,0,0
"GP3-008",2,11,"BOGR2","","","","","S",1,0,0,0,0,0
"GP3-008",2,11.5,"CAFI","HL","","","","S",0,0,0,0,0,0
"GP3-008",2,12,"N","","","","","S",0,0,0,0,0,0
"GP3-008",2,12.5,"N","","","","","S",0,0,0,0,0,0
"GP3-008",2,13,"N","","","","","S",0,0,0,0,0,0
"GP3-008",2,13.5,"N","","","","","S",0,0,0,0,0,0
"GP3-008",2,14,"OPPO","HL","","","","S",1,0,0,0,0,0
"GP3-008",2,14.5,"N","","","","","S",0,0,0,0,0,0
"GP3-008",2,15,"N","","","","","S",0,0,0,0,0,0
"GP3-008",2,15.5,"N","","","","","S",0,0,0,0,0,0
"GP3-008",2,16,"N","HL","","","","S",0,0,0,0,0,0
"GP3-008",2,16.5,"N","","","","","S",0,0,0,0,0,0
"GP3-008",2,17,"CAFI","","","","","CAFI",0,0,0,0,0,0
"GP3-008",2,17.5,"BOGR2","","","","","S",0,0,0,0,0,0
"GP3-008",2,18,"N","","","","","S",0,0,0,0,0,0
"GP3-008",2,18.5,"BOGR2","","","","","S",1,0,0,0,0,0
"GP3-008",2,19,"SPCO","CAFI","HL","","","S",0,0,0,0,0,0
"GP3-008",2,19.5,"CAFI","HL","","","","S",0,0,0,0,0,0
"GP3-008",2,20,"N","HL","","","","S",0,0,0,0,0,0
"GP3-008",2,20.5,"ARTRW8","","","","","S",0,0,0,0,0,0
"GP3-008",2,21,"N","","","","","S",0,0,0,0,0,0
"GP3-008",2,21.5,"N","HL","","","","S",0,0,0,0,0,0
"GP3-008",2,22,"N","","","","","S",0,0,0,0,0,0
"GP3-008",2,22.5,"BOGR2","","","","","S",0,0,0,0,0,0
"GP3-008",2,23,"N","","","","","S",0,0,0,0,0,0
"GP3-008",2,23.5,"ACHY","BOGR2","HL","","","S",0,1,0,0,0,0
"GP3-008",2,24,"ARTRW8","","","","","S",0,0,0,0,0,0
"GP3-008",2,24.5,"ARTRW8","ELLA3","HL","","","S",1,1,0,0,0,0
"GP3-008",2,25,"CAFI","HL","","","","S",0,0,0,0,0,0
"GP3-008",3,0.5,"ELLA3","","","","","S",1,0,0,0,0,0
"GP3-008",3,1,"ARTRW8","","","","","S",1,0,0,0,0,0
"GP3-008",3,1.5,"ARTRW8","ELLA3","HL","","","S",0,1,0,0,0,0
"GP3-008",3,2,"ARTRW8","ELLA3","HL","","","S",1,1,0,0,0,0
"GP3-008",3,2.5,"ARTRW8","","","","","S",0,0,0,0,0,0
"GP3-008",3,3,"CAFI","BOGR2","","","","M",0,1,0,0,0,0
"GP3-008",3,3.5,"N","","","","","S",0,0,0,0,0,0
"GP3-008",3,4,"HECO26","HL","","","","S",0,0,0,0,0,0
"GP3-008",3,4.5,"N","","","","","S",0,0,0,0,0,0
"GP3-008",3,5,"BOGR2","","","","","BOGR2",0,0,0,0,0,0
"GP3-008",3,5.5,"N","HL","","","","S",0,0,0,0,0,0
"GP3-008",3,6,"N","HL","","","","S",0,0,0,0,0,0
"GP3-008",3,6.5,"CAFI","BOGR2","","","","S",0,0,0,0,0,0
"GP3-008",3,7,"CAFI","","","","","S",1,0,0,0,0,0
"GP3-008",3,7.5,"N","HL","","","","S",0,0,0,0,0,0
"GP3-008",3,8,"N","","","","","S",0,0,0,0,0,0
"GP3-008",3,8.5,"N","","","","","S",0,0,0,0,0,0
"GP3-008",3,9,"N","","","","","S",0,0,0,0,0,0
"GP3-008",3,9.5,"HECO26","","","","","S",1,0,0,0,0,0
"GP3-008",3,10,"N","HL","","","","S",0,0,0,0,0,0
"GP3-008",3,10.5,"N","HL","","","","S",0,0,0,0,0,0
"GP3-008",3,11,"ELLA3","","","","","S",1,0,0,0,0,0
"GP3-008",3,11.5,"ASOR2","","","","","S",1,0,0,0,0,0
"GP3-008",3,12,"N","","","","","S",0,0,0,0,0,0
"GP3-008",3,12.5,"N","HL","","","","S",0,0,0,0,0,0
"GP3-008",3,13,"BOGR2","","","","","S",0,0,0,0,0,0
"GP3-008",3,13.5,"N","","","","","S",0,0,0,0,0,0
"GP3-008",3,14,"BOGR2","HL","","","","S",1,0,0,0,0,0
"GP3-008",3,14.5,"ARTRW8","HECO26","HL","","","S",0,1,0,0,0,0
"GP3-008",3,15,"CAFI","","","","","S",1,0,0,0,0,0
"GP3-008",3,15.5,"CAFI","HL","","","","S",1,0,0,0,0,0
"GP3-008",3,16,"N","","","","","S",0,0,0,0,0,0
"GP3-008",3,16.5,"CAFI","","","","","S",0,0,0,0,0,0
"GP3-008",3,17,"CAFI","BOGR2","","","","BOGR2",1,0,0,0,0,0
"GP3-008",3,17.5,"N","","","","","S",0,0,0,0,0,0
"GP3-008",3,18,"BOGR2","","","","","S",0,0,0,0,0,0
"GP3-008",3,18.5,"N","","","","","S",0,0,0,0,0,0
"GP3-008",3,19,"ARTRW8","","","","","S",1,0,0,0,0,0
"GP3-008",3,19.5,"BOGR2","","","","","S",0,0,0,0,0,0
"GP3-008",3,20,"N","","","","","S",0,0,0,0,0,0
"GP3-008",3,20.5,"N","","","","","S",0,0,0,0,0,0
"GP3-008",3,21,"ARTRW8","HL","","","","S",1,0,0,0,0,0
"GP3-008",3,21.5,"N","HL","","","","S",0,0,0,0,0,0
"GP3-008",3,22,"BOGR2","","","","","BOGR2",1,0,0,0,0,1
"GP3-008",3,22.5,"N","","","","","S",0,0,0,0,0,0
"GP3-008",3,23,"N","","","","","S",0,0,0,0,0,0
"GP3-008",3,23.5,"CAFI","HL","","","","S",1,0,0,0,0,0
"GP3-008",3,24,"N","","","","","S",0,0,0,0,0,0
"GP3-008",3,24.5,"BOGR2","","","","","S",0,0,0,0,0,0
"GP3-008",3,25,"N","","","","","S",0,0,0,0,0,0
"GP3-997",1,0.5,"SEDE2","HL","","","","S",1,0,0,0,0,0
"GP3-997",1,1,"ARTRW8","HL","","","","S",1,0,0,0,0,0
"GP3-997",1,1.5,"ELLA3","SEDE2","HL","","","S",1,0,0,0,0,0
"GP3-997",1,2,"SEDE2","","","","","S",0,0,0,0,0,0
"GP3-997",1,2.5,"ARTRW8","HL","SEDE2","","","S",0,0,0,0,0,0
"GP3-997",1,3,"ARTRW8","SEDE2","HL","","","S",0,0,0,0,0,0
"GP3-997",1,3.5,"SEDE2","","","","","S",0,0,0,0,0,0
"GP3-997",1,4,"SEDE2","HL","","","","S",1,0,0,0,0,0
"GP3-997",1,4.5,"ARTRW8","SEDE2","HL","","","S",0,0,0,0,0,0
"GP3-997",1,5,"ELLA3","HL","","","","S",1,0,0,0,0,0
"GP3-997",1,5.5,"N","HL","","","","S",0,0,0,0,0,0
"GP3-997",1,6,"ARTRW8","ELLA3","HL","","","S",0,0,0,0,0,0
"GP3-997",1,6.5,"N","HL","","","","BY",0,0,0,0,0,0
"GP3-997",1,7,"SEDE2","HL","","","","S",0,0,0,0,0,0
"GP3-997",1,7.5,"ARTRW8","HL","SEDE2","","","S",0,0,1,0,0,0
"GP3-997",1,8,"SEDE2","HL","","","","S",0,0,0,0,0,0
"GP3-997",1,8.5,"ARTRW8","HL","","","","S",1,0,0,0,0,0
"GP3-997",1,9,"ARTRW8","HL","SEDE2","","","S",1,0,0,0,0,0
"GP3-997",1,9.5,"ARTRW8","SEDE2","HL","","","S",1,0,0,0,0,0
"GP3-997",1,10,"ARTRW8","","","","","ARTRW8",0,0,0,0,0,0
"GP3-997",1,10.5,"N","HL","","","","S",0,0,0,0,0,0
"GP3-997",1,11,"SEDE2","","","","","S",0,0,0,0,0,0
"GP3-997",1,11.5,"ELLA3","ARTRW8","SEDE2","","","S",0,1,0,0,0,0
"GP3-997",1,12,"N","HL","","","","S",0,0,0,0,0,0
"GP3-997",1,12.5,"SEDE2","HL","","","","S",0,0,0,0,0,0
"GP3-997",1,13,"ARTRW8","","","","","ARTRW8",0,0,0,0,0,0
"GP3-997",1,13.5,"SEDE2","","","","","LC",0,0,0,0,0,0
"GP3-997",1,14,"ARTRW8","SEDE2","HL","","","S",0,1,0,0,0,0
"GP3-997",1,14.5,"SEDE2","HL","","","","S",1,0,0,0,0,0
"GP3-997",1,15,"ARTRW8","HL","","","","S",0,0,0,0,0,0
"GP3-997",1,15.5,"SEDE2","HL","","","","GR",0,0,0,0,0,0
"GP3-997",1,16,"SEDE2","HL","","","","S",0,0,0,0,0,0
"GP3-997",1,16.5,"POSE","HL","SEDE2","","","S",0,0,0,0,0,0
"GP3-997",1,17,"ARTRW8","ELLA3","HL","","","S",1,1,0,0,0,0
"GP3-997",1,17.5,"SEDE2","","","","","S",0,0,0,0,0,0
"GP3-997",1,18,"SEDE2","","","","","S",0,0,0,0,0,0
"GP3-997",1,18.5,"SEDE2","HL","","","","S",1,0,0,0,0,0
"GP3-997",1,19,"ARTRW8","HL","","","","S",0,0,0,0,0,0
"GP3-997",1,19.5,"ARTRW8","HL","","","","S",0,0,0,0,0,0
"GP3-997",1,20,"ARTRW8","HL","","","","ARTRW8",0,0,0,0,0,0
"GP3-997",1,20.5,"ARTRW8","HL","","","","S",0,0,0,0,0,0
"GP3-997",1,21,"ARTRW8","HL","","","","S",0,0,0,0,0,0
"GP3-997",1,21.5,"ARTRW8","HL","","","","S",0,0,0,0,0,0
"GP3-997",1,22,"SEDE2","","","","","S",1,0,0,0,0,0
"GP3-997",1,22.5,"SEDE2","","","","","S",0,0,0,0,0,0
"GP3-997",1,23,"SEDE2","","","","","S",0,0,0,0,0,0
"GP3-997",1,23.5,"SEDE2","","","","","GR",0,0,0,0,0,0
"GP3-997",1,24,"ELLA3","HL","SEDE2","","","S",1,0,1,0,0,0
"GP3-997",1,24.5,"SEDE2","HL","","","","S",0,0,0,0,0,0
"GP3-997",1,25,"ELLA3","SEDE2","","","","S",0,0,0,0,0,0
"GP3-997",2,0.5,"ARTRW8","ELLA3","HL","","","S",0,1,0,0,0,0
"GP3-997",2,1,"SEDE2","HL","","","","S",1,0,0,0,0,0
"GP3-997",2,1.5,"ARTRW8","HL","","","","S",0,0,0,0,0,0
"GP3-997",2,2,"BOGR2","HL","SEDE2","","","S",0,0,0,0,0,0
"GP3-997",2,2.5,"ARTRW8","HL","","","","S",0,0,0,0,0,0
"GP3-997",2,3,"ARTRW8","HL","","","","S",1,0,0,0,0,0
"GP3-997",2,3.5,"SEDE2","HL","","","","S",0,0,0,0,0,0
"GP3-997",2,4,"SEDE2","HL","","","","S",0,0,0,0,0,0
"GP3-997",2,4.5,"SEDE2","HL","","","","S",0,0,0,0,0,0
"GP3-997",2,5,"SEDE2","","","","","S",0,0,0,0,0,0
"GP3-997",2,5.5,"ARTRW8","HL","","","","S",0,0,0,0,0,0
"GP3-997",2,6,"ARTRW8","HL","","","","S",0,0,0,0,0,0
"GP3-997",2,6.5,"ARTRW8","HL","","","","S",0,0,0,0,0,0
"GP3-997",2,7,"ARTRW8","HL","","","","S",0,0,0,0,0,0
"GP3-997",2,7.5,"ARTRW8","SEDE2","HL","","","S",0,1,0,0,0,0
"GP3-997",2,8,"N","HL","","","","S",0,0,0,0,0,0
"GP3-997",2,8.5,"SEDE2","HL","","","","S",1,0,0,0,0,0
"GP3-997",2,9,"ARTRW8","HL","SEDE2","","","S",0,0,0,0,0,0
"GP3-997",2,9.5,"N","HL","WL","","","S",0,0,0,0,0,0
"GP3-997",2,10,"SEDE2","HL","","","","S",0,0,0,0,0,0
"GP3-997",2,10.5,"SEDE2","","","","","S",0,0,0,0,0,0
"GP3-997",2,11,"SEDE2","HL","","","","S",1,0,0,0,0,0
"GP3-997",2,11.5,"CADU6","HL","SEDE2","","","S",0,0,0,0,0,0
"GP3-997",2,12,"ELLA3","HL","SEDE2","","","S",1,0,0,0,0,0
"GP3-997",2,12.5,"SEDE2","HL","","","","S",0,0,0,0,0,0
"GP3-997",2,13,"SEDE2","HL","","","","S",0,0,0,0,0,0
"GP3-997",2,13.5,"SEDE2","HL","","","","S",1,0,0,0,0,0
"GP3-997",2,14,"ELLA3","SEDE2","HL","","","S",0,0,0,0,0,0
"GP3-997",2,14.5,"CADU6","SEDE2","HL","","","S",0,0,0,0,0,0
"GP3-997",2,15,"ELLA3","HL","SEDE2","","","S",0,0,0,0,0,0
"GP3-997",2,15.5,"ARTRW8","HL","SEDE2","","","S",1,0,0,0,0,0
"GP3-997",2,16,"SEDE2","","","","","S",0,0,0,0,0,0
"GP3-997",2,16.5,"N","HL","","","","S",0,0,0,0,0,0
"GP3-997",2,17,"ARTRW8","TALA2","ELLA3","HL","","S",0,0,1,0,0,0
"GP3-997",2,17.5,"N","HL","","","","S",0,0,0,0,0,0
"GP3-997",2,18,"ELLA3","HL","","","","GR",0,0,0,0,0,0
"GP3-997",2,18.5,"BOGR2","SEDE2","HL","","","S",0,1,0,0,0,0
"GP3-997",2,19,"SEDE2","HL","","","","S",1,0,0,0,0,0
"GP3-997",2,19.5,"ELLA3","SEDE2","HL","","","S",1,0,0,0,0,0
"GP3-997",2,20,"SEDE2","HL","","","","S",1,0,0,0,0,0
"GP3-997",2,20.5,"ARTRW8","POSE","HL","","","S",0,1,0,0,0,0
"GP3-997",2,21,"ELLA3","HL","SEDE2","","","S",0,0,0,0,0,0
"GP3-997",2,21.5,"SEDE2","WL","HL","","","S",0,0,0,0,0,0
"GP3-997",2,22,"ELLA3","HL","SEDE2","","","S",0,0,0,0,0,0
"GP3-997",2,22.5,"SEDE2","HL","","","","S",1,0,0,0,0,0
"GP3-997",2,23,"ELLA3","HL","SEDE2","","","S",0,0,0,0,0,0
"GP3-997",2,23.5,"N","WL","HL","","","S",0,0,0,0,0,0
"GP3-997",2,24,"ARTRW8","HL","","","","S",0,0,0,0,0,0
"GP3-997",2,24.5,"N","HL","","","","S",0,0,0,0,0,0
"GP3-997",2,25,"N","HL","","","","S",0,0,0,0,0,0
"GP3-997",3,0.5,"ARTRW8","SEDE2","","","","S",0,0,0,0,0,0
"GP3-997",3,1,"N","HL","","","","LC",0,0,0,0,0,0
"GP3-997",3,1.5,"SEDE2","HL","","","","S",1,0,0,0,0,0
"GP3-997",3,2,"N","HL","","","","S",0,0,0,0,0,0
"GP3-997",3,2.5,"N","VL","HL","","","S",0,0,0,0,0,0
"GP3-997",3,3,"SEDE2","","","","","S",0,0,0,0,0,0
"GP3-997",3,3.5,"SEDE2","HL","","","","S",1,0,0,0,0,0
"GP3-997",3,4,"ELLA3","SEDE2","","","","S",1,1,0,0,0,0
"GP3-997",3,4.5,"N","HL","","","","S",0,0,0,0,0,0
"GP3-997",3,5,"ELLA3","HL","","","","S",1,0,0,0,0,0
"GP3-997",3,5.5,"ARTRW8","HL","","","","GR",0,0,0,0,0,0
"GP3-997",3,6,"ARTRW8","HL","","","","S",1,0,0,0,0,0
"GP3-997",3,6.5,"N","","","","","GR",0,0,0,0,0,0
"GP3-997",3,7,"BRAR5","","","","","S",0,0,0,0,0,0
"GP3-997",3,7.5,"ARTRW8","HL","SEDE2","","","S",1,0,0,0,0,0
"GP3-997",3,8,"ARTRW8","BOGR2","HL","","","LC",0,0,0,0,0,0
"GP3-997",3,8.5,"ELLA3","VL","HL","SEDE2","","S",0,0,0,1,0,0
"GP3-997",3,9,"SEDE2","HL","","","","S",1,0,0,0,0,0
"GP3-997",3,9.5,"SEDE2","HL","","","","S",1,0,0,0,0,0
"GP3-997",3,10,"N","HL","","","","S",0,0,0,0,0,0
"GP3-997",3,10.5,"SEDE2","","","","","S",0,0,0,0,0,0
"GP3-997",3,11,"ARTRW8","HL","SEDE2","","","S",0,0,1,0,0,0
"GP3-997",3,11.5,"CADU6","HL","SEDE2","","","S",0,0,1,0,0,0
"GP3-997",3,12,"ARTRW8","HL","SEDE2","","","S",0,0,0,0,0,0
"GP3-997",3,12.5,"BOGR2","HL","","","","S",1,0,0,0,0,0
"GP3-997",3,13,"SEDE2","","","","","S",1,0,0,0,0,0
"GP3-997",3,13.5,"SEDE2","HL","","","","S",1,0,0,0,0,0
"GP3-997",3,14,"SEDE2","","","","","GR",1,0,0,0,0,0
"GP3-997",3,14.5,"SEDE2","","","","","S",0,0,0,0,0,0
"GP3-997",3,15,"KOMA","HL","","","","S",0,0,0,0,0,0
"GP3-997",3,15.5,"SEDE2","HL","","","","S",1,0,0,0,0,0
"GP3-997",3,16,"ARTRW8","SEDE2","HL","","","S",0,1,0,0,0,0
"GP3-997",3,16.5,"POSE","SEDE2","","","","S",0,0,0,0,0,0
"GP3-997",3,17,"ARTRW8","HL","SEDE2","","","S",1,0,1,0,0,0
"GP3-997",3,17.5,"SEDE2","HL","","","","GR",1,0,0,0,0,0
"GP3-997",3,18,"ARTRW8","HL","SEDE2","","","S",0,0,0,0,0,0
"GP3-997",3,18.5,"N","","","","","LC",0,0,0,0,0,0
"GP3-997",3,19,"N","HL","","","","S",0,0,0,0,0,0
"GP3-997",3,19.5,"N","","","","","GR",0,0,0,0,0,0
"GP3-997",3,20,"N","HL","","","","GR",0,0,0,0,0,0
"GP3-997",3,20.5,"ARTRW8","HL","","","","S",0,0,0,0,0,0
"GP3-997",3,21,"N","HL","","","","S",0,0,0,0,0,0
"GP3-997",3,21.5,"N","","","","","GR",0,0,0,0,0,0
"GP3-997",3,22,"N","HL","","","","S",0,0,0,0,0,0
"GP3-997",3,22.5,"BOGR2","HL","","","","S",1,0,0,0,0,0
"GP3-997",3,23,"SEDE2","","","","","S",0,0,0,0,0,0
"GP3-997",3,23.5,"ARTRW8","HL","","","","LC",0,0,0,0,0,0
"GP3-997",3,24,"BOGR2","","","","","BOGR2",0,0,0,0,0,0
"GP3-997",3,24.5,"ELLA3","HL","","","","S",1,0,0,0,0,0
"GP3-997",3,25,"N","HL","","","","S",0,0,0,0,0,0
"GP3-999",1,0.5,"ARTRW8","HL","","","","S",1,0,0,0,0,0
"GP3-999",1,1,"SEDE2","HL","","","","S",1,0,0,0,0,0
"GP3-999",1,1.5,"ARTRW8","HL","","","","S",0,0,0,0,0,0
"GP3-999",1,2,"N","HL","","","","S",0,0,0,0,0,0
"GP3-999",1,2.5,"ARTRW8","HL","","","","S",1,0,0,0,0,0
"GP3-999",1,3,"ARTRW8","HL","","","","S",0,0,0,0,0,0
"GP3-999",1,3.5,"ARTRW8","HL","","","","S",0,0,0,0,0,0
"GP3-999",1,4,"SPCO","ELLA3","HL","","","S",0,0,0,0,0,0
"GP3-999",1,4.5,"ARTRW8","HL","","","","S",0,0,0,0,0,0
"GP3-999",1,5,"ARFR4","VL","SEDE2","","","S",1,0,0,0,0,0
"GP3-999",1,5.5,"ELLA3","BOGR2","HL","","","S",0,0,0,0,0,0
"GP3-999",1,6,"ARTRW8","SEDE2","HL","","","S",0,0,0,0,0,0
"GP3-999",1,6.5,"SEDE2","HL","","","","S",0,0,0,0,0,0
"GP3-999",1,7,"ELLA3","HL","","","","S",1,0,0,0,0,0
"GP3-999",1,7.5,"SEDE2","HL","","","","S",0,0,0,0,0,0
"GP3-999",1,8,"ARTRW8","HL","","","","S",0,0,0,0,0,0
"GP3-999",1,8.5,"ARTRW8","SEDE2","HL","","","S",0,0,0,0,0,0
"GP3-999",1,9,"ARTRW8","HL","","","","LC",0,0,0,0,0,0
"GP3-999",1,9.5,"N","HL","","","","S",0,0,0,0,0,0
"GP3-999",1,10,"CADU6","","","","","LC",0,0,0,0,0,0
"GP3-999",1,10.5,"ARTRW8","ELLA3","HL","","","S",0,1,0,0,0,0
"GP3-999",1,11,"ELLA3","HL","","","","S",1,0,0,0,0,0
"GP3-999",1,11.5,"SEDE2","","","","","S",0,0,0,0,0,0
"GP3-999",1,12,"ARTRW8","HL","","","","GR",0,0,0,0,0,0
"GP3-999",1,12.5,"N","HL","","","","S",0,0,0,0,0,0
"GP3-999",1,13,"SEDE2","","","","","S",0,0,0,0,0,0
"GP3-999",1,13.5,"ELLA3","HL","","","","S",1,0,0,0,0,0
"GP3-999",1,14,"ARTRW8","HL","","","","M",1,0,0,0,0,0
"GP3-999",1,14.5,"ARTRW8","HL","SEDE2","","","S",1,0,0,0,0,0
"GP3-999",1,15,"ARTRW8","HL","SEDE2","","","S",0,0,0,0,0,0
"GP3-999",1,15.5,"SEDE2","","","","","M",0,0,0,0,0,0
"GP3-999",1,16,"ELLA3","HL","","","","M",1,0,0,0,0,0
"GP3-999",1,16.5,"ARTRW8","HL","","","","M",0,0,0,0,0,0
"GP3-999",1,17,"ARTRW8","HL","","","","S",0,0,0,0,0,0
"GP3-999",1,17.5,"ARTRW8","HL","","","","S",0,0,0,0,0,0
"GP3-999",1,18,"N","","","","","GR",0,0,0,0,0,0
"GP3-999",1,18.5,"ARTRW8","SEDE2","","","","S",0,0,0,0,0,0
"GP3-999",1,19,"SEDE2","HL","","","","S",1,0,0,0,0,0
"GP3-999",1,19.5,"ARTRW8","HL","","","","S",0,0,0,0,0,0
"GP3-999",1,20,"N","HL","","","","M",0,0,0,0,0,0
"GP3-999",1,20.5,"N","HL","","","","M",0,0,0,0,0,0
"GP3-999",1,21,"ARTRW8","HL","","","","M",0,0,0,0,0,0
"GP3-999",1,21.5,"N","","","","","S",0,0,0,0,0,0
"GP3-999",1,22,"ARTRW8","BRAR5","HL","","","S",0,1,0,0,0,0
"GP3-999",1,22.5,"ELLA3","ARFR4","HL","","","S",1,0,0,0,0,0
"GP3-999",1,23,"ARTRW8","ELLA3","HL","","","S",1,1,0,0,0,0
"GP3-999",1,23.5,"ARTRW8","HL","SEDE2","","","S",0,0,0,0,0,0
"GP3-999",1,24,"SEDE2","HL","","","","S",1,0,0,0,0,0
"GP3-999",1,24.5,"ARTRW8","HL","","","","S",0,0,0,0,0,0
"GP3-999",1,25,"N","HL","","","","S",0,0,0,0,0,0
"GP3-999",2,0.5,"N","HL","","","","S",0,0,0,0,0,0
"GP3-999",2,1,"BOGR2","HL","","","","S",0,0,0,0,0,0
"GP3-999",2,1.5,"ELLA3","HL","","","","S",1,0,0,0,0,0
"GP3-999",2,2,"ARTRW8","HL","","","","S",1,0,0,0,0,0
"GP3-999",2,2.5,"ARTRW8","HL","","","","S",0,0,0,0,0,0
"GP3-999",2,3,"ARTRW8","HL","","","","S",0,0,0,0,0,0
"GP3-999",2,3.5,"ARTRW8","HL","","","","S",0,0,0,0,0,0
"GP3-999",2,4,"N","HL","","","","M",0,0,0,0,0,0
"GP3-999",2,4.5,"HECO26","VIAM","SEDE2","","","S",0,1,0,0,0,0
"GP3-999",2,5,"N","HL","","","","M",0,0,0,0,0,0
"GP3-999",2,5.5,"N","HL","","","","S",0,0,0,0,0,0
"GP3-999",2,6,"OPPO","HL","","","","M",0,0,0,0,0,0
"GP3-999",2,6.5,"N","HL","","","","S",0,0,0,0,0,0
"GP3-999",2,7,"ARTRW8","HL","","","","S",0,0,0,0,0,0
"GP3-999",2,7.5,"N","HL","","","","S",0,0,0,0,0,0
"GP3-999",2,8,"SEDE2","","","","","S",0,0,0,0,0,0
"GP3-999",2,8.5,"SEDE2","","","","","S",0,0,0,0,0,0
"GP3-999",2,9,"ELLA3","SEDE2","","","","S",1,0,0,0,0,0
"GP3-999",2,9.5,"ARTRW8","HL","","","","S",0,0,0,0,0,0
"GP3-999",2,10,"ARTRW8","HL","","","","S",0,0,0,0,0,0
"GP3-999",2,10.5,"N","HL","","","","S",0,0,0,0,0,0
"GP3-999",2,11,"ARTRW8","HL","","","","S",0,0,0,0,0,0
"GP3-999",2,11.5,"ARTRW8","WL","HL","","","S",0,0,0,0,0,0
"GP3-999",2,12,"N","HL","","","","S",0,0,0,0,0,0
"GP3-999",2,12.5,"N","WL","HL","","","S",0,0,0,0,0,0
"GP3-999",2,13,"ARTRW8","HL","","","","S",0,0,0,0,0,0
"GP3-999",2,13.5,"ARTRW8","TALA2","HL","","","S",1,0,0,0,0,0
"GP3-999",2,14,"SEDE2","HL","","","","S",0,0,0,0,0,0
"GP3-999",2,14.5,"SEDE2","HL","","","","S",1,0,0,0,0,0
"GP3-999",2,15,"BOGR2","HL","","","","BOGR2",0,0,0,0,0,0
"GP3-999",2,15.5,"BRAR5","ARTRW8","HL","","","S",1,0,0,0,0,0
"GP3-999",2,16,"ARTRW8","BRAR5","HL","","","S",0,1,0,0,0,0
"GP3-999",2,16.5,"ARTRW8","HL","","","","S",0,0,0,0,0,0
"GP3-999",2,17,"ARTRW8","ELLA3","HL","","","S",1,0,0,0,0,0
"GP3-999",2,17.5,"SEDE2","HL","","","","M",0,0,0,0,0,0
"GP3-999",2,18,"SEDE2","HL","","","","S",0,0,0,0,0,0
"GP3-999",2,18.5,"SEDE2","","","","","S",0,0,0,0,0,0
"GP3-999",2,19,"N","HL","","","","LC",0,0,0,0,0,0
"GP3-999",2,19.5,"SEDE2","","","","","S",0,0,0,0,0,0
"GP3-999",2,20,"SEDE2","","","","","S",0,0,0,0,0,0
"GP3-999",2,20.5,"BOGR2","","","","","LC",0,0,0,0,0,0
"GP3-999",2,21,"ARTRW8","HL","SEDE2","","","S",0,0,0,0,0,0
"GP3-999",2,21.5,"ELLA3","HL","","","","S",1,0,0,0,0,0
"GP3-999",2,22,"HECO26","","","","","LC",1,0,0,0,0,0
"GP3-999",2,22.5,"ELLA3","HL","SEDE2","","","S",1,0,1,0,0,0
"GP3-999",2,23,"ARTRW8","HL","SEDE2","","","S",0,0,0,0,0,0
"GP3-999",2,23.5,"ARTRW8","HL","","","","S",0,0,0,0,0,0
"GP3-999",2,24,"ARTRW8","HL","","","","S",0,0,0,0,0,0
"GP3-999",2,24.5,"N","HL","","","","S",0,0,0,0,0,0
"GP3-999",2,25,"ELLA3","HL","","","","S",0,0,0,0,0,0
"GP3-999",3,0.5,"N","HL","","","","S",0,0,0,0,0,0
"GP3-999",3,1,"SEDE2","WL","HL","","","S",0,0,0,0,0,0
"GP3-999",3,1.5,"N","","","","","S",0,0,0,0,0,0
"GP3-999",3,2,"N","VL","","","","S",0,0,0,0,0,0
"GP3-999",3,2.5,"SEDE2","HL","","","","S",1,0,0,0,0,0
"GP3-999",3,3,"ARTRW8","SEDE2","","","","S",1,1,0,0,0,0
"GP3-999",3,3.5,"ARTRW8","SEDE2","","","","S",0,1,0,0,0,0
"GP3-999",3,4,"ARTRW8","SEDE2","","","","S",0,0,0,0,0,0
"GP3-999",3,4.5,"N","HL","","","","M",0,0,0,0,0,0
"GP3-999",3,5,"ELEL5","SEDE2","","","","S",1,0,0,0,0,0
"GP3-999",3,5.5,"ARTRW8","HL","SEDE2","","","S",0,0,0,0,0,0
"GP3-999",3,6,"ELLA3","SEDE2","","","","S",1,0,0,0,0,0
"GP3-999",3,6.5,"SEDE2","HL","","","","S",0,0,0,0,0,0
"GP3-999",3,7,"N","HL","","","","S",0,0,0,0,0,0
"GP3-999",3,7.5,"ARTRW8","HL","","","","S",0,0,0,0,0,0
"GP3-999",3,8,"ARTRW8","HL","","","","S",0,0,0,0,0,0
"GP3-999",3,8.5,"SEDE2","HL","","","","S",1,0,0,0,0,0
"GP3-999",3,9,"ARTRW8","HL","","","","S",0,0,0,0,0,0
"GP3-999",3,9.5,"SEDE2","HL","","","","S",0,0,0,0,0,0
"GP3-999",3,10,"N","HL","","","","LC",0,0,0,0,0,0
"GP3-999",3,10.5,"ARTRW8","HL","","","","S",1,0,0,0,0,0
"GP3-999",3,11,"ARTRW8","HL","","","","S",0,0,0,0,0,0
"GP3-999",3,11.5,"ARTRW8","HL","","","","S",0,0,0,0,0,0
"GP3-999",3,12,"ARTRW8","HL","SEDE2","","","LC",0,0,0,0,0,0
"GP3-999",3,12.5,"ARTRW8","SEDE2","","","","S",1,0,0,0,0,0
"GP3-999",3,13,"ARTRW8","SEDE2","","","","S",0,0,0,0,0,0
"GP3-999",3,13.5,"ELLA3","HL","","","","LC",1,0,0,0,0,0
"GP3-999",3,14,"ARTRW8","VL","HL","","","GR",0,0,0,0,0,0
"GP3-999",3,14.5,"ELLA3","","","","","LC",0,0,0,0,0,0
"GP3-999",3,15,"ELLA3","CADU6","VL","HL","","S",1,0,0,0,0,0
"GP3-999",3,15.5,"N","HL","","","","LC",0,0,0,0,0,0
"GP3-999",3,16,"SEDE2","HL","","","","S",0,0,0,0,0,0
"GP3-999",3,16.5,"ARTRW8","SEDE2","","","","S",0,0,0,0,0,0
"GP3-999",3,17,"ARTRW8","CADU6","HL","SEDE2","","S",0,0,0,0,0,0
"GP3-999",3,17.5,"SEDE2","HL","","","","S",1,0,0,0,0,0
"GP3-999",3,18,"ARTRW8","BRAR5","HL","","","S",0,1,0,0,0,0
"GP3-999",3,18.5,"ARTRW8","SEDE2","","","","S",0,0,0,0,0,0
"GP3-999",3,19,"HECO26","SEDE2","","","","S",0,0,0,0,0,0
"GP3-999",3,19.5,"ARTRW8","HL","SEDE2","","","S",0,0,0,0,0,0
"GP3-999",3,20,"ARTRW8","HL","SEDE2","","","S",0,0,0,0,0,0
"GP3-999",3,20.5,"N","","","","","M",0,0,0,0,0,0
"GP3-999",3,21,"ELLA3","HL","","","","M",1,0,0,0,0,0
"GP3-999",3,21.5,"BOGR2","HL","","","","M",0,0,0,0,0,0
"GP3-999",3,22,"N","","","","","M",0,0,0,0,0,0
"GP3-999",3,22.5,"SEDE2","HL","","","","S",0,0,0,0,0,0
"GP3-999",3,23,"SEDE2","HL","","","","S",0,0,0,0,0,0
"GP3-999",3,23.5,"BOGR2","HL","SEDE2","","","S",0,0,0,0,0,0
"GP3-999",3,24,"N","","","","","LC",0,0,0,0,0,0
"GP3-999",3,24.5,"SEDE2","","","","","S",0,0,0,0,0,0
"GP3-999",3,25,"SEDE2","","","","","S",0,0,0,0,0,0
"GP4-999",1,0.5,"N","HL","","","","S",0,0,0,0,0,0
"GP4-999",1,1,"HECO26","HL","SEDE2","","","S",0,0,0,0,0,0
"GP4-999",1,1.5,"ARTRW8","SEDE2","HL","","","S",1,0,0,0,0,0
"GP4-999",1,2,"PASM","SEDE2","HL","","","S",0,1,0,0,0,0
"GP4-999",1,2.5,"ARTRW8","HL","","","","S",0,0,0,0,0,0
"GP4-999",1,3,"NAVI4","ELLA3","HL","","","S",0,0,0,0,0,0
"GP4-999",1,3.5,"SEDE2","HL","","","","S",0,0,0,0,0,0
"GP4-999",1,4,"SEDE2","","","","","S",1,0,0,0,0,0
"GP4-999",1,4.5,"N","HL","","","","S",0,0,0,0,0,0
"GP4-999",1,5,"PASM","VL","HL","","","S",0,0,0,0,0,0
"GP4-999",1,5.5,"ARTRW8","HL","","","","S",0,0,0,0,0,0
"GP4-999",1,6,"ARTRW8","HL","","","","S",0,0,0,0,0,0
"GP4-999",1,6.5,"SEDE2","HL","","","","S",0,0,0,0,0,0
"GP4-999",1,7,"VIAM","HL","","","","S",0,0,0,0,0,0
"GP4-999",1,7.5,"ARTRW8","NAVI4","HL","","","S",1,1,0,0,0,0
"GP4-999",1,8,"NAVI4","HL","","","","S",0,0,0,0,0,0
"GP4-999",1,8.5,"SEDE2","","","","","S",0,0,0,0,0,0
"GP4-999",1,9,"ELLA3","SEDE2","HL","","","S",0,0,0,0,0,0
"GP4-999",1,9.5,"N","HL","VL","","","S",0,0,0,0,0,0
"GP4-999",1,10,"VIAM","","","","","S",0,0,0,0,0,0
"GP4-999",1,10.5,"N","HL","","","","S",0,0,0,0,0,0
"GP4-999",1,11,"ELLA3","VL","","","","S",0,0,0,0,0,0
"GP4-999",1,11.5,"VIAM","VL","HL","","","S",0,0,0,0,0,0
"GP4-999",1,12,"N","HL","","","","S",0,0,0,0,0,0
"GP4-999",1,12.5,"N","","","","","GR",0,0,0,0,0,0
"GP4-999",1,13,"SEDE2","HL","","","","S",0,0,0,0,0,0
"GP4-999",1,13.5,"N","HL","","","","S",0,0,0,0,0,0
"GP4-999",1,14,"VIAM","HL","","","","S",0,0,0,0,0,0
"GP4-999",1,14.5,"PSSP6","","","","","S",1,0,0,0,0,0
"GP4-999",1,15,"N","HL","","","","S",0,0,0,0,0,0
"GP4-999",1,15.5,"SEDE2","HL","","","","S",0,0,0,0,0,0
"GP4-999",1,16,"N","HL","","","","S",0,0,0,0,0,0
"GP4-999",1,16.5,"SEDE2","","","","","S",1,0,0,0,0,0
"GP4-999",1,17,"ARTRW8","HL","SEDE2","","","S",0,0,0,0,0,0
"GP4-999",1,17.5,"N","HL","","","","S",0,0,0,0,0,0
"GP4-999",1,18,"SEDE2","VL","HL","","","S",0,0,0,0,0,0
"GP4-999",1,18.5,"SEDE2","HL","","","","S",1,0,0,0,0,0
"GP4-999",1,19,"ELLA3","VL","","","","S",1,0,0,0,0,0
"GP4-999",1,19.5,"PASM","SEDE2","HL","","","S",0,0,0,0,0,0
"GP4-999",1,20,"ARTRW8","HL","","","","S",1,0,0,0,0,0
"GP4-999",1,20.5,"POSE","ELLA3","HL","","","S",0,0,0,0,0,0
"GP4-999",1,21,"POSE","WL","HL","","","S",0,0,0,0,0,0
"GP4-999",1,21.5,"ELLA3","HL","","","","S",0,0,0,0,0,0
"GP4-999",1,22,"N","HL","","","","S",0,0,0,0,0,0
"GP4-999",1,22.5,"ELLA3","HL","","","","S",0,0,0,0,0,0
"GP4-999",1,23,"HECO26","SEDE2","","","","S",0,1,0,0,0,0
"GP4-999",1,23.5,"POSE","HL","","","","S",0,0,0,0,0,0
"GP4-999",1,24,"ARTRW8","WL","HL","","","S",0,0,0,0,0,0
"GP4-999",1,24.5,"ELLA3","HL","","","","S",1,0,0,0,0,0
"GP4-999",1,25,"N","","","","","S",0,0,0,0,0,0
"GP4-999",2,0.5,"KOMA","SEDE2","HL","","","S",0,1,0,0,0,0
"GP4-999",2,1,"SEDE2","HL","","","","S",1,0,0,0,0,0
"GP4-999",2,1.5,"N","","","","","S",0,0,0,0,0,0
"GP4-999",2,2,"SEDE2","","","","","S",0,0,0,0,0,0
"GP4-999",2,2.5,"SEDE2","HL","","","","S",1,0,0,0,0,0
"GP4-999",2,3,"VIAM","HL","","","","S",0,0,0,0,0,0
"GP4-999",2,3.5,"ARTRW8","HL","","","","S",0,0,0,0,0,0
"GP4-999",2,4,"KOMA","TALA2","HL","","","S",0,0,0,0,0,0
"GP4-999",2,4.5,"N","HL","","","","S",0,0,0,0,0,0
"GP4-999",2,5,"POSE","HL","","","","S",1,0,0,0,0,0
"GP4-999",2,5.5,"SEDE2","HL","","","","S",0,0,0,0,0,0
"GP4-999",2,6,"HECO26","HL","","","","S",0,0,0,0,0,0
"GP4-999",2,6.5,"ARTRW8","ELLA3","HL","","","S",0,0,0,0,0,0
"GP4-999",2,7,"TALA2","SEDE2","HL","","","S",0,0,0,0,0,0
"GP4-999",2,7.5,"KOMA","SEDE2","","","","S",0,0,0,0,0,0
"GP4-999",2,8,"HECO26","HL","SEDE2","","","S",0,0,0,0,0,0
"GP4-999",2,8.5,"ELLA3","SEDE2","","","","S",0,0,0,0,0,0
"GP4-999",2,9,"SEDE2","","","","","S",0,0,0,0,0,0
"GP4-999",2,9.5,"N","HL","","","","S",0,0,0,0,0,0
"GP4-999",2,10,"KOMA","","","","","S",0,0,0,0,0,0
"GP4-999",2,10.5,"TALA2","HL","","","","S",0,0,0,0,0,0
"GP4-999",2,11,"HECO26","HL","","","","S",0,0,0,0,0,0
"GP4-999",2,11.5,"N","VL","HL","","","S",0,0,0,0,0,0
"GP4-999",2,12,"N","","","","","S",0,0,0,0,0,0
"GP4-999",2,12.5,"SEDE2","","","","","S",0,0,0,0,0,0
"GP4-999",2,13,"SEDE2","","","","","S",0,0,0,0,0,0
"GP4-999",2,13.5,"N","HL","","","","S",0,0,0,0,0,0
"GP4-999",2,14,"ARTRW8","HL","SEDE2","","","S",0,0,0,0,0,0
"GP4-999",2,14.5,"N","","","","","S",0,0,0,0,0,0
"GP4-999",2,15,"ARTRW8","VL","HL","SEDE2","","S",0,0,0,0,0,0
"GP4-999",2,15.5,"SEDE2","","","","","S",0,0,0,0,0,0
"GP4-999",2,16,"ARTRW8","","","","","S",0,0,0,0,0,0
"GP4-999",2,16.5,"ARTRW8","HL","","","","S",0,0,0,0,0,0
"GP4-999",2,17,"ELLA3","HL","","","","S",0,0,0,0,0,0
"GP4-999",2,17.5,"KOMA","HL","","","","S",0,0,0,0,0,0
"GP4-999",2,18,"SEDE2","VL","HL","","","S",0,0,0,0,0,0
"GP4-999",2,18.5,"OPPO","SEDE2","","","","S",0,0,0,0,0,0
"GP4-999",2,19,"SEDE2","","","","","S",1,0,0,0,0,0
"GP4-999",2,19.5,"N","","","","","S",0,0,0,0,0,0
"GP4-999",2,20,"ARTRW8","HL","","","","S",0,0,0,0,0,0
"GP4-999",2,20.5,"ARTRW8","ELLA3","SEDE2","HL","","S",0,0,0,0,0,0
"GP4-999",2,21,"N","HL","","","","S",0,0,0,0,0,0
"GP4-999",2,21.5,"TALA2","HL","","","","S",0,0,0,0,0,0
"GP4-999",2,22,"N","","","","","S",0,0,0,0,0,0
"GP4-999",2,22.5,"SEDE2","HL","","","","S",0,0,0,0,0,0
"GP4-999",2,23,"ELLA3","POSE","HL","","","S",1,0,0,0,0,0
"GP4-999",2,23.5,"ARTRW8","ELLA3","HL","","","S",0,1,0,0,0,0
"GP4-999",2,24,"ARTRW8","HL","","","","S",0,0,0,0,0,0
"GP4-999",2,24.5,"SEDE2","HL","","","","S",1,0,0,0,0,0
"GP4-999",2,25,"SEDE2","HL","","","","S",0,0,0,0,0,0
"GP4-999",3,0.5,"SEDE2","HL","","","","S",0,0,0,0,0,0
"GP4-999",3,1,"ARTRW8","","","","","S",0,0,0,0,0,0
"GP4-999",3,1.5,"HECO26","","","","","HECO26",0,0,0,0,0,0
"GP4-999",3,2,"SEDE2","","","","","S",0,0,0,0,0,0
"GP4-999",3,2.5,"ARTRW8","TALA2","HL","","","S",0,0,0,0,0,0
"GP4-999",3,3,"ARTRW8","HL","","","","S",1,0,0,0,0,0
"GP4-999",3,3.5,"ELLA3","HL","","","","S",0,0,0,0,0,0
"GP4-999",3,4,"SEDE2","WL","HL","","","S",1,0,0,0,0,0
"GP4-999",3,4.5,"HECO26","POSE","HL","","","S",0,0,0,0,0,0
"GP4-999",3,5,"SEDE2","HL","","","","S",0,0,0,0,0,0
"GP4-999",3,5.5,"HECO26","HL","SEDE2","","","S",0,0,0,0,0,0
"GP4-999",3,6,"SEDE2","HL","","","","S",0,0,0,0,0,0
"GP4-999",3,6.5,"KOMA","HL","","","","S",0,0,0,0,0,0
"GP4-999",3,7,"KOMA","SEDE2","","","","S",0,0,0,0,0,0
"GP4-999",3,7.5,"ELLA3","HL","","","","S",0,0,0,0,0,0
"GP4-999",3,8,"SEDE2","HL","","","","S",0,0,0,0,0,0
"GP4-999",3,8.5,"HECO26","SEDE2","HL","","","S",0,0,0,0,0,0
"GP4-999",3,9,"ARFR4","TALA2","HL","","","S",0,0,0,0,0,0
"GP4-999",3,9.5,"HECO26","SEDE2","HL","","","S",0,0,0,0,0,0
"GP4-999",3,10,"KOMA","SEDE2","","","","S",0,0,0,0,0,0
"GP4-999",3,10.5,"SEDE2","","","","","S",1,0,0,0,0,0
"GP4-999",3,11,"HECO26","SEDE2","HL","","","S",1,0,0,0,0,0
"GP4-999",3,11.5,"VIAM","VL","HL","","","S",0,0,0,0,0,0
"GP4-999",3,12,"SEDE2","VL","","","","S",0,0,0,0,0,0
"GP4-999",3,12.5,"SEDE2","HL","","","","S",1,0,0,0,0,0
"GP4-999",3,13,"N","HL","","","","S",0,0,0,0,0,0
"GP4-999",3,13.5,"KOMA","SEDE2","HL","","","S",0,1,0,0,0,0
"GP4-999",3,14,"CADU6","HL","","","","S",0,0,0,0,0,0
"GP4-999",3,14.5,"SEDE2","","","","","S",0,0,0,0,0,0
"GP4-999",3,15,"SEDE2","","","","","S",0,0,0,0,0,0
"GP4-999",3,15.5,"SEDE2","","","","","S",1,0,0,0,0,0
"GP4-999",3,16,"N","HL","","","","S",0,0,0,0,0,0
"GP4-999",3,16.5,"SEDE2","HL","","","","S",0,0,0,0,0,0
"GP4-999",3,17,"SEDE2","HL","","","","S",1,0,0,0,0,0
"GP4-999",3,17.5,"ELLA3","HL","","","","S",0,0,0,0,0,0
"GP4-999",3,18,"SEDE2","","","","","S",0,0,0,0,0,0
"GP4-999",3,18.5,"VIAM","","","","","S",0,0,0,0,0,0
"GP4-999",3,19,"SEDE2","HL","","","","S",0,0,0,0,0,0
"GP4-999",3,19.5,"N","HL","","","","S",0,0,0,0,0,0
"GP4-999",3,20,"KOMA","SEDE2","","","","S",0,0,0,0,0,0
"GP4-999",3,20.5,"N","HL","","","","S",0,0,0,0,0,0
"GP4-999",3,21,"SEDE2","","","","","S",0,0,0,0,0,0
"GP4-999",3,21.5,"ELLA3","VIAM","","","","S",0,0,0,0,0,0
"GP4-999",3,22,"BOGR2","HL","","","","S",0,0,0,0,0,0
"GP4-999",3,22.5,"TALA2","SEDE2","HL","","","S",0,0,0,0,0,0
"GP4-999",3,23,"SEDE2","HL","","","","S",0,0,0,0,0,0
"GP4-999",3,23.5,"SEDE2","","","","","S",0,0,0,0,0,0
"GP4-999",3,24,"KOMA","HL","SEDE2","","","S",0,0,0,0,0,0
"GP4-999",3,24.5,"SEDE2","","","","","LC",0,0,0,0,0,0
"GP4-999",3,25,"HECO26","SEDE2","HL","","","S",1,0,0,0,0,0
"GP5-005",1,0.5,"N","HL","","","","M",0,0,0,0,0,0
"GP5-005",1,1,"N","WL","","","","S",0,0,0,0,0,0
"GP5-005",1,1.5,"N","HL","","","","M",0,0,0,0,0,0
"GP5-005",1,2,"ARCA13","HL","","","","M",1,0,0,0,0,0
"GP5-005",1,2.5,"ARCA13","HL","","","","S",0,0,0,0,0,0
"GP5-005",1,3,"ARCA13","HL","","","","M",0,0,0,0,0,0
"GP5-005",1,3.5,"N","HL","","","","M",0,0,0,0,0,0
"GP5-005",1,4,"HECO26","HL","","","","S",0,0,0,0,0,0
"GP5-005",1,4.5,"N","HL","","","","M",0,0,0,0,0,0
"GP5-005",1,5,"OPPO","HL","","","","S",1,0,0,0,0,0
"GP5-005",1,5.5,"N","HL","","","","S",0,0,0,0,0,0
"GP5-005",1,6,"ARCA13","","","","","S",1,0,0,0,0,0
"GP5-005",1,6.5,"PSLA3","HL","","","","S",0,0,0,0,0,0
"GP5-005",1,7,"HECO26","HL","","","","M",0,0,0,0,0,0
"GP5-005",1,7.5,"HECO26","HL","","","","M",0,0,0,0,0,0
"GP5-005",1,8,"N","HL","","","","S",0,0,0,0,0,0
"GP5-005",1,8.5,"ELLA3","HL","","","","M",0,0,0,0,0,0
"GP5-005",1,9,"PSLA3","HL","","","","S",0,0,0,0,0,0
"GP5-005",1,9.5,"N","HL","","","","S",0,0,0,0,0,0
"GP5-005",1,10,"ELLA3","HL","","","","S",0,0,0,0,0,0
"GP5-005",1,10.5,"ARCA13","HL","","","","S",0,0,0,0,0,0
"GP5-005",1,11,"ARCA13","HECO26","HL","","","S",0,0,0,0,0,0
"GP5-005",1,11.5,"ARCA13","HL","","","","M",1,0,0,0,0,0
"GP5-005",1,12,"N","","","","","M",0,0,0,0,0,0
"GP5-005",1,12.5,"COUM","HL","","","","S",0,0,0,0,0,0
"GP5-005",1,13,"CALO","HL","","","","M",0,0,0,0,0,0
"GP5-005",1,13.5,"N","HL","","","","S",0,0,0,0,0,0
"GP5-005",1,14,"N","HL","","","","M",0,0,0,0,0,0
"GP5-005",1,14.5,"N","HL","","","","M",0,0,0,0,0,0
"GP5-005",1,15,"ARCA13","PSLA3","HL","","","M",1,0,0,0,0,0
"GP5-005",1,15.5,"N","HL","","","","M",0,0,0,0,0,0
"GP5-005",1,16,"HECO26","PSLA3","HL","","","S",0,0,0,0,0,0
"GP5-005",1,16.5,"PF000","HL","","","","M",1,0,0,0,0,0
"GP5-005",1,17,"N","HL","","","","S",0,0,0,0,0,0
"GP5-005",1,17.5,"HECO26","","","","","S",0,0,0,0,0,0
"GP5-005",1,18,"PSLA3","","","","","M",0,0,0,0,0,0
"GP5-005",1,18.5,"HECO26","HL","","","","M",0,0,0,0,0,0
"GP5-005",1,19,"HECO26","HL","","","","M",0,0,0,0,0,0
"GP5-005",1,19.5,"HECO26","HL","","","","M",0,0,0,0,0,0
"GP5-005",1,20,"ARCA13","HL","","","","S",0,0,0,0,0,0
"GP5-005",1,20.5,"N","HL","","","","M",0,0,0,0,0,0
"GP5-005",1,21,"HECO26","HL","","","","M",0,0,0,0,0,0
"GP5-005",1,21.5,"PF","HL","","","","M",0,0,0,0,0,0
"GP5-005",1,22,"ARCA13","PSLA3","HECO26","HL","","HECO26",0,0,0,0,0,0
"GP5-005",1,22.5,"N","HL","","","","S",0,0,0,0,0,0
"GP5-005",1,23,"CALO","HL","","","","M",0,0,0,0,0,0
"GP5-005",1,23.5,"N","HL","","","","S",0,0,0,0,0,0
"GP5-005",1,24,"N","","","","","S",0,0,0,0,0,0
"GP5-005",1,24.5,"N","","","","","S",0,0,0,0,0,0
"GP5-005",1,25,"N","HL","","","","M",0,0,0,0,0,0
"GP5-005",2,0.5,"HECO26","HL","","","","S",0,0,0,0,0,0
"GP5-005",2,1,"N","","","","","S",0,0,0,0,0,0
"GP5-005",2,1.5,"ARCA13","HL","","","","M",0,0,0,0,0,0
"GP5-005",2,2,"ARCA13","HL","","","","S",0,0,0,0,0,0
"GP5-005",2,2.5,"N","HL","","","","S",0,0,0,0,0,0
"GP5-005",2,3,"ACHY","HL","","","","M",0,0,0,0,0,0
"GP5-005",2,3.5,"ACHY","HL","","","","M",0,0,0,0,0,0
"GP5-005",2,4,"N","HL","","","","M",0,0,0,0,0,0
"GP5-005",2,4.5,"HECO26","HL","","","","S",0,0,0,0,0,0
"GP5-005",2,5,"N","HL","","","","M",0,0,0,0,0,0
"GP5-005",2,5.5,"ARCA13","HL","","","","M",0,0,0,0,0,0
"GP5-005",2,6,"ARCA13","HL","","","","M",0,0,0,0,0,0
"GP5-005",2,6.5,"N","HL","","","","M",0,0,0,0,0,0
"GP5-005",2,7,"ARCA13","HECO26","HL","","","S",1,0,0,0,0,0
"GP5-005",2,7.5,"HECO26","HL","","","","S",1,0,0,0,0,0
"GP5-005",2,8,"PSLA3","HL","","","","S",0,0,0,0,0,0
"GP5-005",2,8.5,"N","HL","","","","S",0,0,0,0,0,0
"GP5-005",2,9,"PF000","HL","","","","M",1,0,0,0,0,0
"GP5-005",2,9.5,"BRTE","ALDE","HL","","","S",0,0,0,0,0,0
"GP5-005",2,10,"N","HL","","","","S",0,0,0,0,0,0
"GP5-005",2,10.5,"OPPO","HL","","","","S",1,0,0,0,0,0
"GP5-005",2,11,"N","HL","","","","S",0,0,0,0,0,0
"GP5-005",2,11.5,"ARCA13","HL","","","","M",1,0,0,0,0,0
"GP5-005",2,12,"ARCA13","HL","","","","M",0,0,0,0,0,0
"GP5-005",2,12.5,"ARCA13","VIAM","HL","","","M",0,0,0,0,0,0
"GP5-005",2,13,"ARCA13","HL","","","","S",0,0,0,0,0,0
"GP5-005",2,13.5,"N","","","","","M",0,0,0,0,0,0
"GP5-005",2,14,"N","HL","","","","M",0,0,0,0,0,0
"GP5-005",2,14.5,"N","HL","","","","S",0,0,0,0,0,0
"GP5-005",2,15,"N","","","","","M",0,0,0,0,0,0
"GP5-005",2,15.5,"N","HL","","","","M",0,0,0,0,0,0
"GP5-005",2,16,"ARCA13","BRTE","HL","","","M",0,1,0,0,0,0
"GP5-005",2,16.5,"ARCA13","WL","HL","","","S",0,0,0,0,0,0
"GP5-005",2,17,"ARCA13","HL","","","","M",0,0,0,0,0,0
"GP5-005",2,17.5,"ARCA13","BRTE","HL","","","S",1,0,0,0,0,0
"GP5-005",2,18,"POSE","HL","","","","S",0,0,0,0,0,0
"GP5-005",2,18.5,"PF","ARCA13","HL","","","S",0,1,0,0,0,0
"GP5-005",2,19,"N","HL","","","","M",0,0,0,0,0,0
"GP5-005",2,19.5,"N","HL","","","","S",0,0,0,0,0,0
"GP5-005",2,20,"BRTE","","","","","M",0,0,0,0,0,0
"GP5-005",2,20.5,"BRTE","","","","","M",0,0,0,0,0,0
"GP5-005",2,21,"ARCA13","HL","","","","M",0,0,0,0,0,0
"GP5-005",2,21.5,"ARCA13","HL","","","","S",1,0,0,0,0,0
"GP5-005",2,22,"N","HL","","","","S",0,0,0,0,0,0
"GP5-005",2,22.5,"N","HL","","","","M",0,0,0,0,0,0
"GP5-005",2,23,"N","HL","","","","S",0,0,0,0,0,0
"GP5-005",2,23.5,"HECO26","HL","","","","M",1,0,0,0,0,0
"GP5-005",2,24,"HECO26","HL","","","","M",0,0,0,0,0,0
"GP5-005",2,24.5,"SPCR","HL","","","","S",0,0,0,0,0,0
"GP5-005",2,25,"HECO26","HL","","","","S",0,0,0,0,0,0
"GP5-005",3,0.5,"N","","","","","S",0,0,0,0,0,0
"GP5-005",3,1,"N","","","","","S",0,0,0,0,0,0
"GP5-005",3,1.5,"HECO26","HL","","","","S",0,0,0,0,0,0
"GP5-005",3,2,"HECO26","HL","","","","S",0,0,0,0,0,0
"GP5-005",3,2.5,"ARCA13","HECO26","HL","","","S",0,1,0,0,0,0
"GP5-005",3,3,"HECO26","HL","","","","S",0,0,0,0,0,0
"GP5-005",3,3.5,"ARCA13","HECO26","POSE","","","POSE",0,0,0,0,0,0
"GP5-005",3,4,"HECO26","HL","","","","S",0,0,0,0,0,0
"GP5-005",3,4.5,"N","HL","","","","S",0,0,0,0,0,0
"GP5-005",3,5,"HECO26","","","","","S",0,0,0,0,0,0
"GP5-005",3,5.5,"N","","","","","S",0,0,0,0,0,0
"GP5-005",3,6,"ARCA13","HL","","","","S",1,0,0,0,0,0
"GP5-005",3,6.5,"N","HL","","","","S",0,0,0,0,0,0
"GP5-005",3,7,"HECO26","","","","","M",1,0,0,0,0,0
"GP5-005",3,7.5,"ARCA13","HL","","","","M",1,0,0,0,0,0
"GP5-005",3,8,"N","HL","","","","M",0,0,0,0,0,0
"GP5-005",3,8.5,"ARCA13","BRTE","HL","","","S",1,0,0,0,0,0
"GP5-005",3,9,"ARCA13","HL","","","","M",1,0,0,0,0,0
"GP5-005",3,9.5,"ARCA13","HL","","","","M",1,0,0,0,0,0
"GP5-005",3,10,"ARCA13","HL","","","","M",1,0,0,0,0,0
"GP5-005",3,10.5,"BRTE","HL","","","","S",0,0,0,0,0,0
"GP5-005",3,11,"AF","HL","","","","S",0,0,0,0,0,0
"GP5-005",3,11.5,"ARCA13","PSLA3","HL","","","S",0,0,0,0,0,0
"GP5-005",3,12,"ARCA13","HL","","","","S",0,0,0,0,0,0
"GP5-005",3,12.5,"ARCA13","HL","","","","S",0,0,0,0,0,0
"GP5-005",3,13,"N","HL","","","","S",0,0,0,0,0,0
"GP5-005",3,13.5,"ARCA13","HL","","","","S",0,0,0,0,0,0
"GP5-005",3,14,"ARCA13","HECO26","HL","","","S",0,1,0,0,0,0
"GP5-005",3,14.5,"N","HL","","","","M",0,0,0,0,0,0
"GP5-005",3,15,"HECO26","HL","","","","M",0,0,0,0,0,0
"GP5-005",3,15.5,"N","WL","","","","S",0,0,0,0,0,0
"GP5-005",3,16,"N","HL","","","","M",0,0,0,0,0,0
"GP5-005",3,16.5,"N","HL","","","","S",0,0,0,0,0,0
"GP5-005",3,17,"N","HL","","","","M",0,0,0,0,0,0
"GP5-005",3,17.5,"CALO","PF","HL","","","S",0,0,0,0,0,0
"GP5-005",3,18,"HECO26","HL","","","","M",0,0,0,0,0,0
"GP5-005",3,18.5,"ARCA13","HECO26","HL","","","M",0,0,0,0,0,0
"GP5-005",3,19,"ARCA13","HL","","","","M",0,0,0,0,0,0
"GP5-005",3,19.5,"ALDE","AF","HL","","","S",0,0,0,0,0,0
"GP5-005",3,20,"ARCA13","POSE","HL","","","S",0,0,0,0,0,0
"GP5-005",3,20.5,"N","HL","","","","M",0,0,0,0,0,0
"GP5-005",3,21,"N","HL","","","","M",0,0,0,0,0,0
"GP5-005",3,21.5,"ARCA13","HL","","","","S",0,0,0,0,0,0
"GP5-005",3,22,"ARCA13","HL","","","","S",0,0,0,0,0,0
"GP5-005",3,22.5,"ARCA13","HL","","","","S",0,0,0,0,0,0
"GP5-005",3,23,"N","HL","","","","M",0,0,0,0,0,0
"GP5-005",3,23.5,"N","HL","","","","S",0,0,0,0,0,0
"GP5-005",3,24,"N","","","","","S",0,0,0,0,0,0
"GP5-005",3,24.5,"VIAM","ARCA13","","","","M",0,1,0,0,0,0
"GP5-005",3,25,"ARCA13","","","","","S",1,0,0,0,0,0
"PNWMtn3-008",1,0.5,"ARTRW8","HL","","","","S",0,0,0,0,0,0
"PNWMtn3-008",1,1,"N","HL","","","","S",0,0,0,0,0,0
"PNWMtn3-008",1,1.5,"N","","","","","S",0,0,0,0,0,0
"PNWMtn3-008",1,2,"N","HL","","","","S",0,0,0,0,0,0
"PNWMtn3-008",1,2.5,"N","","","","","S",0,0,0,0,0,0
"PNWMtn3-008",1,3,"N","","","","","GR",0,0,0,0,0,0
"PNWMtn3-008",1,3.5,"N","","","","","S",0,0,0,0,0,0
"PNWMtn3-008",1,4,"PG000","","","","","S",1,0,0,0,0,0
"PNWMtn3-008",1,4.5,"ELEL5","HL","","","","S",1,0,0,0,0,0
"PNWMtn3-008",1,5,"N","","","","","GR",0,0,0,0,0,0
"PNWMtn3-008",1,5.5,"N","","","","","GR",0,0,0,0,0,0
"PNWMtn3-008",1,6,"N","","","","","S",0,0,0,0,0,0
"PNWMtn3-008",1,6.5,"N","","","","","S",0,0,0,0,0,0
"PNWMtn3-008",1,7,"ARTRW8","HL","","","","S",0,0,0,0,0,0
"PNWMtn3-008",1,7.5,"ELEL5","CHVI8","HL","","","S",1,1,0,0,0,0
"PNWMtn3-008",1,8,"N","","","","","GR",0,0,0,0,0,0
"PNWMtn3-008",1,8.5,"N","","","","","S",0,0,0,0,0,0
"PNWMtn3-008",1,9,"N","","","","","S",0,0,0,0,0,0
"PNWMtn3-008",1,9.5,"N","","","","","GR",0,0,0,0,0,0
"PNWMtn3-008",1,10,"N","","","","","S",0,0,0,0,0,0
"PNWMtn3-008",1,10.5,"N","","","","","S",0,0,0,0,0,0
"PNWMtn3-008",1,11,"N","","","","","ST",0,0,0,0,0,0
"PNWMtn3-008",1,11.5,"N","","","","","S",0,0,0,0,0,0
"PNWMtn3-008",1,12,"N","","","","","S",0,0,0,0,0,0
"PNWMtn3-008",1,12.5,"N","","","","","GR",0,0,0,0,0,0
"PNWMtn3-008",1,13,"N","HL","","","","S",0,0,0,0,0,0
"PNWMtn3-008",1,13.5,"ARTRW8","HL","","","","S",0,0,0,0,0,0
"PNWMtn3-008",1,14,"ARTRW8","WL","","","","S",0,0,0,0,0,0
"PNWMtn3-008",1,14.5,"ARTRW8","HL","","","","S",0,0,0,0,0,0
"PNWMtn3-008",1,15,"ARTRW8","","","","","S",0,0,0,0,0,0
"PNWMtn3-008",1,15.5,"ARTRW8","","","","","S",1,0,0,0,0,0
"PNWMtn3-008",1,16,"ARTRW8","HL","","","","S",0,0,0,0,0,0
"PNWMtn3-008",1,16.5,"N","","","","","S",0,0,0,0,0,0
"PNWMtn3-008",1,17,"N","","","","","S",0,0,0,0,0,0
"PNWMtn3-008",1,17.5,"N","","","","","GR",0,0,0,0,0,0
"PNWMtn3-008",1,18,"ARTRW8","HL","","","","S",0,0,0,0,0,0
"PNWMtn3-008",1,18.5,"N","","","","","GR",0,0,0,0,0,0
"PNWMtn3-008",1,19,"N","","","","","S",0,0,0,0,0,0
"PNWMtn3-008",1,19.5,"N","","","","","S",0,0,0,0,0,0
"PNWMtn3-008",1,20,"N","","","","","GR",0,0,0,0,0,0
"PNWMtn3-008",1,20.5,"N","","","","","GR",0,0,0,0,0,0
"PNWMtn3-008",1,21,"N","","","","","GR",0,0,0,0,0,0
"PNWMtn3-008",1,21.5,"ARTRW8","","","","","S",0,0,0,0,0,0
"PNWMtn3-008",1,22,"N","","","","","S",0,0,0,0,0,0
"PNWMtn3-008",1,22.5,"N","","","","","GR",0,0,0,0,0,0
"PNWMtn3-008",1,23,"N","HL","","","","GR",0,0,0,0,0,0
"PNWMtn3-008",1,23.5,"N","","","","","S",0,0,0,0,0,0
"PNWMtn3-008",1,24,"N","","","","","GR",0,0,0,0,0,0
"PNWMtn3-008",1,24.5,"N","","","","","S",0,0,0,0,0,0
"PNWMtn3-008",1,25,"N","","","","","GR",0,0,0,0,0,0
"PNWMtn3-008",2,0.5,"CHVI8","","","","","S",1,0,0,0,0,0
"PNWMtn3-008",2,1,"N","HL","","","","S",0,0,0,0,0,0
"PNWMtn3-008",2,1.5,"N","","","","","GR",0,0,0,0,0,0
"PNWMtn3-008",2,2,"N","","","","","S",0,0,0,0,0,0
"PNWMtn3-008",2,2.5,"N","","","","","S",0,0,0,0,0,0
"PNWMtn3-008",2,3,"N","","","","","S",0,0,0,0,0,0
"PNWMtn3-008",2,3.5,"N","","","","","S",0,0,0,0,0,0
"PNWMtn3-008",2,4,"N","","","","","S",0,0,0,0,0,0
"PNWMtn3-008",2,4.5,"N","","","","","S",0,0,0,0,0,0
"PNWMtn3-008",2,5,"ARTRW8","HL","","","","S",1,0,0,0,0,0
"PNWMtn3-008",2,5.5,"N","HL","","","","GR",0,0,0,0,0,0
"PNWMtn3-008",2,6,"ARTRW8","HL","","","","S",0,0,0,0,0,0
"PNWMtn3-008",2,6.5,"ARTRW8","HL","","","","S",0,0,0,0,0,0
"PNWMtn3-008",2,7,"N","","","","","GR",0,0,0,0,0,0
"PNWMtn3-008",2,7.5,"N","","","","","GR",0,0,0,0,0,0
"PNWMtn3-008",2,8,"N","","","","","S",0,0,0,0,0,0
"PNWMtn3-008",2,8.5,"N","","","","","GR",0,0,0,0,0,0
"PNWMtn3-008",2,9,"N","","","","","S",0,0,0,0,0,0
"PNWMtn3-008",2,9.5,"N","","","","","GR",0,0,0,0,0,0
"PNWMtn3-008",2,10,"N","","","","","GR",0,0,0,0,0,0
"PNWMtn3-008",2,10.5,"ARTRW8","HL","","","","S",1,0,0,0,0,0
"PNWMtn3-008",2,11,"N","","","","","GR",0,0,0,0,0,0
"PNWMtn3-008",2,11.5,"N","","","","","GR",0,0,0,0,0,0
"PNWMtn3-008",2,12,"N","","","","","S",0,0,0,0,0,0
"PNWMtn3-008",2,12.5,"N","HL","","","","S",0,0,0,0,0,0
"PNWMtn3-008",2,13,"ARTRW8","","","","","S",0,0,0,0,0,0
"PNWMtn3-008",2,13.5,"N","","","","","GR",0,0,0,0,0,0
"PNWMtn3-008",2,14,"N","","","","","GR",0,0,0,0,0,0
"PNWMtn3-008",2,14.5,"N","","","","","S",0,0,0,0,0,0
"PNWMtn3-008",2,15,"N","","","","","S",0,0,0,0,0,0
"PNWMtn3-008",2,15.5,"N","","","","","GR",0,0,0,0,0,0
"PNWMtn3-008",2,16,"N","HL","","","","S",0,0,0,0,0,0
"PNWMtn3-008",2,16.5,"N","","","","","S",0,0,0,0,0,0
"PNWMtn3-008",2,17,"N","","","","","S",0,0,0,0,0,0
"PNWMtn3-008",2,17.5,"N","","","","","GR",0,0,0,0,0,0
"PNWMtn3-008",2,18,"N","","","","","S",0,0,0,0,0,0
"PNWMtn3-008",2,18.5,"ARTRW8","","","","","S",1,0,0,0,0,0
"PNWMtn3-008",2,19,"N","","","","","S",0,0,0,0,0,0
"PNWMtn3-008",2,19.5,"N","","","","","S",0,0,0,0,0,0
"PNWMtn3-008",2,20,"N","","","","","GR",0,0,0,0,0,0
"PNWMtn3-008",2,20.5,"N","","","","","S",0,0,0,0,0,0
"PNWMtn3-008",2,21,"ARTRW8","HL","","","","S",0,0,0,0,0,0
"PNWMtn3-008",2,21.5,"N","","","","","S",0,0,0,0,0,0
"PNWMtn3-008",2,22,"N","","","","","S",0,0,0,0,0,0
"PNWMtn3-008",2,22.5,"N","","","","","S",0,0,0,0,0,0
"PNWMtn3-008",2,23,"N","","","","","GR",0,0,0,0,0,0
"PNWMtn3-008",2,23.5,"N","","","","","GR",0,0,0,0,0,0
"PNWMtn3-008",2,24,"N","","","","","ST",0,0,0,0,0,0
"PNWMtn3-008",2,24.5,"N","","","","","S",0,0,0,0,0,0
"PNWMtn3-008",2,25,"N","","","","","GR",0,0,0,0,0,0
"PNWMtn3-008",3,0.5,"N","","","","","S",0,0,0,0,0,0
"PNWMtn3-008",3,1,"N","","","","","GR",0,0,0,0,0,0
"PNWMtn3-008",3,1.5,"N","","","","","GR",0,0,0,0,0,0
"PNWMtn3-008",3,2,"N","","","","","S",0,0,0,0,0,0
"PNWMtn3-008",3,2.5,"ARTRW8","HL","","","","S",1,0,0,0,0,0
"PNWMtn3-008",3,3,"N","","","","","S",0,0,0,0,0,0
"PNWMtn3-008",3,3.5,"N","","","","","GR",0,0,0,0,0,0
"PNWMtn3-008",3,4,"N","","","","","S",0,0,0,0,0,0
"PNWMtn3-008",3,4.5,"N","","","","","GR",0,0,0,0,0,0
"PNWMtn3-008",3,5,"N","HL","","","","GR",0,0,0,0,0,0
"PNWMtn3-008",3,5.5,"ARTRW8","HL","","","","S",1,0,0,0,0,0
"PNWMtn3-008",3,6,"N","","","","","S",0,0,0,0,0,0
"PNWMtn3-008",3,6.5,"N","","","","","S",0,0,0,0,0,0
"PNWMtn3-008",3,7,"N","","","","","GR",0,0,0,0,0,0
"PNWMtn3-008",3,7.5,"N","","","","","GR",0,0,0,0,0,0
"PNWMtn3-008",3,8,"N","","","","","S",0,0,0,0,0,0
"PNWMtn3-008",3,8.5,"N","","","","","GR",0,0,0,0,0,0
"PNWMtn3-008",3,9,"N","HL","","","","S",0,0,0,0,0,0
"PNWMtn3-008",3,9.5,"ARTRW8","HL","","","","S",1,0,0,0,0,0
"PNWMtn3-008",3,10,"N","","","","","GR",0,0,0,0,0,0
"PNWMtn3-008",3,10.5,"N","","","","","S",0,0,0,0,0,0
"PNWMtn3-008",3,11,"ARTRW8","ELEL5","","","","S",1,1,0,0,0,0
"PNWMtn3-008",3,11.5,"N","","","","","GR",0,0,0,0,0,0
"PNWMtn3-008",3,12,"N","HL","","","","S",0,0,0,0,0,0
"PNWMtn3-008",3,12.5,"N","HL","","","","S",0,0,0,0,0,0
"PNWMtn3-008",3,13,"ELEL5","HL","","","","S",1,0,0,0,0,0
"PNWMtn3-008",3,13.5,"ARTRW8","HL","","","","S",0,0,0,0,0,0
"PNWMtn3-008",3,14,"ARTRW8","","","","","S",0,0,0,0,0,0
"PNWMtn3-008",3,14.5,"N","","","","","S",0,0,0,0,0,0
"PNWMtn3-008",3,15,"ARTRW8","HL","","","","S",0,0,0,0,0,0
"PNWMtn3-008",3,15.5,"N","","","","","ST",0,0,0,0,0,0
"PNWMtn3-008",3,16,"N","HL","","","","S",0,0,0,0,0,0
"PNWMtn3-008",3,16.5,"N","","","","","S",0,0,0,0,0,0
"PNWMtn3-008",3,17,"N","HL","","","","S",0,0,0,0,0,0
"PNWMtn3-008",3,17.5,"N","","","","","GR",0,0,0,0,0,0
"PNWMtn3-008",3,18,"N","","","","","S",0,0,0,0,0,0
"PNWMtn3-008",3,18.5,"N","","","","","S",0,0,0,0,0,0
"PNWMtn3-008",3,19,"ARTRW8","HL","","","","S",0,0,0,0,0,0
"PNWMtn3-008",3,19.5,"N","","","","","S",0,0,0,0,0,0
"PNWMtn3-008",3,20,"N","","","","","S",0,0,0,0,0,0
"PNWMtn3-008",3,20.5,"N","","","","","S",0,0,0,0,0,0
"PNWMtn3-008",3,21,"N","","","","","S",0,0,0,0,0,0
"PNWMtn3-008",3,21.5,"N","","","","","S",0,0,0,0,0,0
"PNWMtn3-008",3,22,"N","","","","","GR",0,0,0,0,0,0
"PNWMtn3-008",3,22.5,"N","","","","","S",0,0,0,0,0,0
"PNWMtn3-008",3,23,"N","","","","","S",0,0,0,0,0,0
"PNWMtn3-008",3,23.5,"ARTRW8","HL","","","","S",0,0,0,0,0,0
"PNWMtn3-008",3,24,"ARTRW8","HL","","","","S",0,0,0,0,0,0
"PNWMtn3-008",3,24.5,"ARTRW8","","","","","S",0,0,0,0,0,0
"PNWMtn3-008",3,25,"N","HL","","","","S",0,0,0,0,0,0
"PNWMtn7-012",1,0.5,"ARTRV","HL","","","","S",0,0,0,0,0,0
"PNWMtn7-012",1,1,"ARTRV","HL","","","","S",0,0,0,0,0,0
"PNWMtn7-012",1,1.5,"ARTRV","DENU2","HL","","","S",0,0,0,0,0,0
"PNWMtn7-012",1,2,"ARTRV","HL","","","","S",0,0,0,0,0,0
"PNWMtn7-012",1,2.5,"N","HL","","","","S",0,0,0,0,0,0
"PNWMtn7-012",1,3,"ARTRV","NEBR","HL","","","S",0,0,0,0,0,0
"PNWMtn7-012",1,3.5,"N","HL","","","","S",0,0,0,0,0,0
"PNWMtn7-012",1,4,"ARTRV","ERUM","HL","","","S",1,0,0,0,0,0
"PNWMtn7-012",1,4.5,"ARTRV","","","","","S",1,0,0,0,0,0
"PNWMtn7-012",1,5,"ARTRV","DENU2","","","","S",0,0,0,0,0,0
"PNWMtn7-012",1,5.5,"N","","","","","S",0,0,0,0,0,0
"PNWMtn7-012",1,6,"ARTRV","HL","","","","S",1,0,0,0,0,0
"PNWMtn7-012",1,6.5,"ARTRV","","","","","S",0,0,0,0,0,0
"PNWMtn7-012",1,7,"ARTRV","THOC","HL","","","S",1,0,0,0,0,0
"PNWMtn7-012",1,7.5,"ARTRV","MEBU","HL","","","S",0,0,0,0,0,0
"PNWMtn7-012",1,8,"ARTRV","THOC","HL","","","S",0,0,0,0,0,0
"PNWMtn7-012",1,8.5,"N","HL","","","","S",0,0,0,0,0,0
"PNWMtn7-012",1,9,"ARTRV","COPA3","HL","","","S",0,0,0,0,0,0
"PNWMtn7-012",1,9.5,"N","HL","","","","S",0,0,0,0,0,0
"PNWMtn7-012",1,10,"ARTRV","NEBR","HL","","","S",0,0,0,0,0,0
"PNWMtn7-012",1,10.5,"ARTRV","HL","","","","S",1,0,0,0,0,0
"PNWMtn7-012",1,11,"ARTRV","HL","","","","S",0,0,0,0,0,0
"PNWMtn7-012",1,11.5,"ARTRV","HL","","","","S",0,0,0,0,0,0
"PNWMtn7-012",1,12,"ARTRV","OSOC","HL","","","S",0,0,0,0,0,0
"PNWMtn7-012",1,12.5,"ARTRV","","","","","S",0,0,0,0,0,0
"PNWMtn7-012",1,13,"SYMPHSH","HL","","","","S",1,0,0,0,0,0
"PNWMtn7-012",1,13.5,"SYMPHSH","VIAM","","","","S",1,0,0,0,0,0
"PNWMtn7-012",1,14,"SYMPHSH","HAMI","HL","","","S",0,0,0,0,0,0
"PNWMtn7-012",1,14.5,"ARTRV","HL","","","","S",0,0,0,0,0,0
"PNWMtn7-012",1,15,"ARTRV","DENU2","HL","","","S",0,0,0,0,0,0
"PNWMtn7-012",1,15.5,"ARTRV","VIAM","VAOC2","HL","","S",0,0,0,0,0,0
"PNWMtn7-012",1,16,"ARTRV","COPA3","HL","","","S",0,0,0,0,0,0
"PNWMtn7-012",1,16.5,"N","","","","","S",0,0,0,0,0,0
"PNWMtn7-012",1,17,"OSOC","WL","HL","","","S",0,0,0,0,0,0
"PNWMtn7-012",1,17.5,"ARTRV","HL","","","","S",0,0,0,0,0,0
"PNWMtn7-012",1,18,"N","","","","","S",0,0,0,0,0,0
"PNWMtn7-012",1,18.5,"ARTRV","NEBR","HL","","","S",0,0,0,0,0,0
"PNWMtn7-012",1,19,"ARTRV","HL","","","","S",0,0,0,0,0,0
"PNWMtn7-012",1,19.5,"ARTRV","ERLA6","HL","","","S",0,0,0,0,0,0
"PNWMtn7-012",1,20,"ARTRV","OSOC","HL","","","S",0,0,0,0,0,0
"PNWMtn7-012",1,20.5,"N","","","","","ST",0,0,0,0,0,0
"PNWMtn7-012",1,21,"ARTRV","HL","","","","S",0,0,0,0,0,0
"PNWMtn7-012",1,21.5,"ARTRV","COPA3","HL","","","S",0,0,0,0,0,0
"PNWMtn7-012",1,22,"OSOC","ARTRV","HL","","","S",0,1,0,0,0,0
"PNWMtn7-012",1,22.5,"DENU2","HL","","","","S",0,0,0,0,0,0
"PNWMtn7-012",1,23,"ERLA6","HL","","","","S",0,0,0,0,0,0
"PNWMtn7-012",1,23.5,"N","HL","","","","S",0,0,0,0,0,0
"PNWMtn7-012",1,24,"ARTRV","ERUM","HL","","","S",0,0,0,0,0,0
"PNWMtn7-012",1,24.5,"ARTRV","","","","","S",0,0,0,0,0,0
"PNWMtn7-012",1,25,"ARTRV","HL","","","","S",0,0,0,0,0,0
"PNWMtn7-012",2,0.5,"N","HL","","","","S",0,0,0,0,0,0
"PNWMtn7-012",2,1,"OSOC","HL","","","","S",0,0,0,0,0,0
"PNWMtn7-012",2,1.5,"ARTRV","ELEL5","HL","","","S",0,0,0,0,0,0
"PNWMtn7-012",2,2,"ARTRV","HL","","","","S",0,0,0,0,0,0
"PNWMtn7-012",2,2.5,"ARTRV","HL","","","","S",0,0,0,0,0,0
"PNWMtn7-012",2,3,"ARTRV","HL","","","","S",0,0,0,0,0,0
"PNWMtn7-012",2,3.5,"ARTRV","HL","","","","S",1,0,0,0,0,0
"PNWMtn7-012",2,4,"ARTRV","HL","","","","S",0,0,0,0,0,0
"PNWMtn7-012",2,4.5,"ARTRV","COPA3","HL","","","S",0,0,0,0,0,0
"PNWMtn7-012",2,5,"N","WL","HL","","","S",0,0,0,0,0,0
"PNWMtn7-012",2,5.5,"ARTRV","HL","","","","S",0,0,0,0,0,0
"PNWMtn7-012",2,6,"ARTRV","HYCA4","HL","","","S",0,0,0,0,0,0
"PNWMtn7-012",2,6.5,"ARTRV","OSOC","MEBU","HL","","S",1,0,0,0,0,0
"PNWMtn7-012",2,7,"ARTRV","HL","","","","S",0,0,0,0,0,0
"PNWMtn7-012",2,7.5,"ARTRV","HL","","","","S",1,0,0,0,0,0
"PNWMtn7-012",2,8,"ARTRV","VAOC2","HL","","","S",1,0,0,0,0,0
"PNWMtn7-012",2,8.5,"N","HL","","","","S",0,0,0,0,0,0
"PNWMtn7-012",2,9,"VIAM","HL","","","","S",0,0,0,0,0,0
"PNWMtn7-012",2,9.5,"ARTRV","FRPU2","","","","S",0,0,0,0,0,0
"PNWMtn7-012",2,10,"ARTRV","HL","","","","S",0,0,0,0,0,0
"PNWMtn7-012",2,10.5,"ARTRV","HL","","","","S",0,0,0,0,0,0
"PNWMtn7-012",2,11,"ARTRV","HL","","","","S",1,0,0,0,0,0
"PNWMtn7-012",2,11.5,"SYMPHSH","DENU2","HL","","","S",0,0,0,0,0,0
"PNWMtn7-012",2,12,"N","HL","","","","S",0,0,0,0,0,0
"PNWMtn7-012",2,12.5,"MIGR","HL","","","","S",0,0,0,0,0,0
"PNWMtn7-012",2,13,"N","","","","","S",0,0,0,0,0,0
"PNWMtn7-012",2,13.5,"OSOC","HL","","","","S",1,0,0,0,0,0
"PNWMtn7-012",2,14,"ARTRV","MEBU","HL","","","S",0,0,0,0,0,0
"PNWMtn7-012",2,14.5,"ARTRV","HL","","","","S",0,0,0,0,0,0
"PNWMtn7-012",2,15,"ARTRV","COPA3","HL","","","S",1,0,0,0,0,0
"PNWMtn7-012",2,15.5,"N","","","","","S",0,0,0,0,0,0
"PNWMtn7-012",2,16,"COPA3","","","","","S",0,0,0,0,0,0
"PNWMtn7-012",2,16.5,"ARTRV","HL","","","","S",0,0,0,0,0,0
"PNWMtn7-012",2,17,"ARTRV","HL","","","","S",0,0,0,0,0,0
"PNWMtn7-012",2,17.5,"ARTRV","HL","","","","S",0,0,0,0,0,0
"PNWMtn7-012",2,18,"ARTRV","OSOC","HL","","","EL",0,0,0,0,0,0
"PNWMtn7-012",2,18.5,"ARTRV","HL","","","","S",0,0,0,0,0,0
"PNWMtn7-012",2,19,"LUAR6","NEBR","HL","","","S",0,0,0,0,0,0
"PNWMtn7-012",2,19.5,"ARTRV","HL","","","","S",1,0,0,0,0,0
"PNWMtn7-012",2,20,"N","HL","","","","S",0,0,0,0,0,0
"PNWMtn7-012",2,20.5,"SYMPHSH","THOC","HL","","","S",1,0,0,0,0,0
"PNWMtn7-012",2,21,"ARTRV","THOC","HL","","","S",0,0,0,0,0,0
"PNWMtn7-012",2,21.5,"ARTRV","OSOC","HL","","","S",0,0,0,0,0,0
"PNWMtn7-012",2,22,"N","HL","","","","S",0,0,0,0,0,0
"PNWMtn7-012",2,22.5,"N","","","","","S",0,0,0,0,0,0
"PNWMtn7-012",2,23,"N","","","","","S",0,0,0,0,0,0
"PNWMtn7-012",2,23.5,"ARTRV","HL","","","","S",1,0,0,0,0,0
"PNWMtn7-012",2,24,"N","HL","","","","S",0,0,0,0,0,0
"PNWMtn7-012",2,24.5,"OSOC","CHVI8","LUAR6","HL","","S",0,1,0,0,0,0
"PNWMtn7-012",2,25,"CHVI8","ALLIUPF","HL","","","S",1,0,0,0,0,0
"PNWMtn7-012",3,0.5,"ARTRV","LUAR6","HL","","","S",1,0,0,0,0,0
"PNWMtn7-012",3,1,"ARTRV","HL","","","","S",1,0,0,0,0,0
"PNWMtn7-012",3,1.5,"N","WL","HL","","","S",0,0,0,0,0,0
"PNWMtn7-012",3,2,"COPA3","ARTRV","HL","","","S",0,1,0,0,0,0
"PNWMtn7-012",3,2.5,"ARTRV","HL","","","","S",0,0,0,0,0,0
"PNWMtn7-012",3,3,"ARTRV","HL","","","","S",0,0,0,0,0,0
"PNWMtn7-012",3,3.5,"ARTRV","","","","","S",0,0,0,0,0,0
"PNWMtn7-012",3,4,"ARTRV","NEBR","HL","","","S",0,0,0,0,0,0
"PNWMtn7-012",3,4.5,"ARTRV","NEBR","HL","","","S",0,0,0,0,0,0
"PNWMtn7-012",3,5,"SYMPHSH","ARTRV","NEBR","HL","","S",0,0,0,0,0,0
"PNWMtn7-012",3,5.5,"ARTRV","OSOC","HL","","","S",0,0,0,0,0,0
"PNWMtn7-012",3,6,"ARTRV","NEBR","HL","","","S",0,0,0,0,0,0
"PNWMtn7-012",3,6.5,"ARTRV","HL","","","","S",0,0,0,0,0,0
"PNWMtn7-012",3,7,"ARTRV","AGUR","HL","","","S",0,0,0,0,0,0
"PNWMtn7-012",3,7.5,"ARTRV","HL","","","","S",0,0,0,0,0,0
"PNWMtn7-012",3,8,"ARTRV","HL","","","","S",0,0,0,0,0,0
"PNWMtn7-012",3,8.5,"ARTRV","OSOC","THOC","HL","","S",0,0,0,0,0,0
"PNWMtn7-012",3,9,"ARTRV","OSOC","COPA3","HL","","S",0,0,0,0,0,0
"PNWMtn7-012",3,9.5,"OSOC","COPA3","HL","","","S",0,0,0,0,0,0
"PNWMtn7-012",3,10,"ARTRV","HL","","","","S",0,0,0,0,0,0
"PNWMtn7-012",3,10.5,"ARTRV","ALLIUPF","HL","","","S",0,0,0,0,0,0
"PNWMtn7-012",3,11,"ARTRV","SEIN2","LUAR6","HL","","S",0,0,0,0,0,0
"PNWMtn7-012",3,11.5,"ARTRV","HL","","","","S",0,0,0,0,0,0
"PNWMtn7-012",3,12,"ARTRV","HL","","","","S",0,0,0,0,0,0
"PNWMtn7-012",3,12.5,"ARTRV","VIAM","HL","","","S",0,0,0,0,0,0
"PNWMtn7-012",3,13,"OSOC","ARTRV","HAMI","HL","","S",0,1,0,0,0,0
"PNWMtn7-012",3,13.5,"ARTRV","HL","","","","S",0,0,0,0,0,0
"PNWMtn7-012",3,14,"ARTRV","HL","","","","S",0,0,0,0,0,0
"PNWMtn7-012",3,14.5,"VIAM","HL","","","","S",0,0,0,0,0,0
"PNWMtn7-012",3,15,"ARTRV","HL","","","","S",0,0,0,0,0,0
"PNWMtn7-012",3,15.5,"N","HL","","","","S",0,0,0,0,0,0
"PNWMtn7-012",3,16,"SYMPH4PF","HL","","","","S",0,0,0,0,0,0
"PNWMtn7-012",3,16.5,"N","","","","","S",0,0,0,0,0,0
"PNWMtn7-012",3,17,"N","WL","HL","","","S",0,0,0,0,0,0
"PNWMtn7-012",3,17.5,"OSOC","HL","","","","S",0,0,0,0,0,0
"PNWMtn7-012",3,18,"N","","","","","S",0,0,0,0,0,0
"PNWMtn7-012",3,18.5,"ARTRV","HL","","","","S",0,0,0,0,0,0
"PNWMtn7-012",3,19,"ARTRV","HL","","","","S",1,0,0,0,0,0
"PNWMtn7-012",3,19.5,"ARTRV","HL","","","","S",0,0,0,0,0,0
"PNWMtn7-012",3,20,"DENU2","","","","","S",0,0,0,0,0,0
"PNWMtn7-012",3,20.5,"ARTRV","HL","","","","S",0,0,0,0,0,0
"PNWMtn7-012",3,21,"SYMPHSH","NEBR","SYMPH4PF","HL","","S",0,0,0,0,0,0
"PNWMtn7-012",3,21.5,"N","HL","","","","S",0,0,0,0,0,0
"PNWMtn7-012",3,22,"SYMPHSH","WL","HL","","","S",0,0,0,0,0,0
"PNWMtn7-012",3,22.5,"SYMPHSH","HL","","","","S",1,0,0,0,0,0
"PNWMtn7-012",3,23,"N","HL","","","","S",0,0,0,0,0,0
"PNWMtn7-012",3,23.5,"DENU2","","","","","S",0,0,0,0,0,0
"PNWMtn7-012",3,24,"ARTRV","COPA3","HL","","","S",0,0,0,0,0,0
"PNWMtn7-012",3,24.5,"ARTRV","HL","","","","S",0,0,0,0,0,0
"PNWMtn7-012",3,25,"N","HL","","","","S",0,0,0,0,0,0
"RkyMtn4-015",1,0.5,"ARTRW8","HL","","","","S",0,0,0,0,0,0
"RkyMtn4-015",1,1,"ARTRW8","HL","","","","M",0,0,0,0,0,0
"RkyMtn4-015",1,1.5,"ARTRW8","PSSP6","HL","","","S",1,0,0,0,0,0
"RkyMtn4-015",1,2,"N","HL","","","","S",0,0,0,0,0,0
"RkyMtn4-015",1,2.5,"N","HL","","","","S",0,0,0,0,0,0
"RkyMtn4-015",1,3,"N","","","","","S",0,0,0,0,0,0
"RkyMtn4-015",1,3.5,"N","","","","","GR",0,0,0,0,0,0
"RkyMtn4-015",1,4,"POSE","HL","","","","S",0,0,0,0,0,0
"RkyMtn4-015",1,4.5,"POSE","","","","","S",0,0,0,0,0,0
"RkyMtn4-015",1,5,"N","","","","","S",0,0,0,0,0,0
"RkyMtn4-015",1,5.5,"POSE","HL","","","","S",0,0,0,0,0,0
"RkyMtn4-015",1,6,"N","","","","","LC",0,0,0,0,0,0
"RkyMtn4-015",1,6.5,"ARTRW8","HL","","","","S",1,0,0,0,0,0
"RkyMtn4-015",1,7,"N","","","","","S",0,0,0,0,0,0
"RkyMtn4-015",1,7.5,"POSE","WL","HL","","","S",1,0,0,0,0,0
"RkyMtn4-015",1,8,"N","","","","","S",0,0,0,0,0,0
"RkyMtn4-015",1,8.5,"N","","","","","S",0,0,0,0,0,0
"RkyMtn4-015",1,9,"PSSP6","HL","","","","S",1,0,0,0,0,0
"RkyMtn4-015",1,9.5,"N","HL","","","","S",0,0,0,0,0,0
"RkyMtn4-015",1,10,"N","","","","","GR",0,0,0,0,0,0
"RkyMtn4-015",1,10.5,"ARTRW8","HL","","","","S",0,0,0,0,0,0
"RkyMtn4-015",1,11,"ARTRW8","HL","","","","S",0,0,0,0,0,0
"RkyMtn4-015",1,11.5,"ARTRW8","","","","","S",0,0,0,0,0,0
"RkyMtn4-015",1,12,"N","","","","","GR",0,0,0,0,0,0
"RkyMtn4-015",1,12.5,"N","","","","","S",0,0,0,0,0,0
"RkyMtn4-015",1,13,"N","","","","","S",0,0,0,0,0,0
"RkyMtn4-015",1,13.5,"N","","","","","S",0,0,0,0,0,0
"RkyMtn4-015",1,14,"ARTRW8","HL","","","","S",0,0,0,0,0,0
"RkyMtn4-015",1,14.5,"N","","","","","S",0,0,0,0,0,0
"RkyMtn4-015",1,15,"N","HL","","","","S",0,0,0,0,0,0
"RkyMtn4-015",1,15.5,"POSE","","","","","S",1,0,0,0,0,0
"RkyMtn4-015",1,16,"N","","","","","GR",0,0,0,0,0,0
"RkyMtn4-015",1,16.5,"N","","","","","S",0,0,0,0,0,0
"RkyMtn4-015",1,17,"N","","","","","S",0,0,0,0,0,0
"RkyMtn4-015",1,17.5,"N","","","","","S",0,0,0,0,0,0
"RkyMtn4-015",1,18,"N","HL","","","","S",0,0,0,0,0,0
"RkyMtn4-015",1,18.5,"ARTRW8","HL","","","","S",1,0,0,0,0,0
"RkyMtn4-015",1,19,"N","HL","","","","S",0,0,0,0,0,0
"RkyMtn4-015",1,19.5,"N","HL","","","","S",0,0,0,0,0,0
"RkyMtn4-015",1,20,"N","","","","","GR",0,0,0,0,0,0
"RkyMtn4-015",1,20.5,"ARTRW8","HL","","","","S",1,0,0,0,0,0
"RkyMtn4-015",1,21,"ARTRW8","HL","","","","S",0,0,0,0,0,0
"RkyMtn4-015",1,21.5,"ARTRW8","","","","","S",0,0,0,0,0,0
"RkyMtn4-015",1,22,"ATCO","HL","","","","S",1,0,0,0,0,0
"RkyMtn4-015",1,22.5,"N","","","","","GR",0,0,0,0,0,0
"RkyMtn4-015",1,23,"ARTRW8","HL","","","","S",0,0,0,0,0,0
"RkyMtn4-015",1,23.5,"N","","","","","S",0,0,0,0,0,0
"RkyMtn4-015",1,24,"ARTRW8","HL","","","","S",0,0,0,0,0,0
"RkyMtn4-015",1,24.5,"ATCO","","","","","LC",0,0,0,0,0,0
"RkyMtn4-015",1,25,"N","HL","","","","S",0,0,0,0,0,0
"RkyMtn4-015",2,0.5,"ARTRW8","HL","","","","S",0,0,0,0,0,0
"RkyMtn4-015",2,1,"N","HL","","","","S",0,0,0,0,0,0
"RkyMtn4-015",2,1.5,"N","","","","","S",0,0,0,0,0,0
"RkyMtn4-015",2,2,"POSE","HL","","","","S",0,0,0,0,0,0
"RkyMtn4-015",2,2.5,"N","WL","HL","","","S",0,0,0,0,0,0
"RkyMtn4-015",2,3,"N","","","","","S",0,0,0,0,0,0
"RkyMtn4-015",2,3.5,"ARTRW8","PSSP6","HL","","","S",0,0,0,0,0,0
"RkyMtn4-015",2,4,"PSSP6","HL","","","","S",0,0,0,0,0,0
"RkyMtn4-015",2,4.5,"N","HL","","","","S",0,0,0,0,0,0
"RkyMtn4-015",2,5,"N","","","","","S",0,0,0,0,0,0
"RkyMtn4-015",2,5.5,"N","","","","","S",0,0,0,0,0,0
"RkyMtn4-015",2,6,"N","","","","","S",0,0,0,0,0,0
"RkyMtn4-015",2,6.5,"PSSP6","WL","HL","","","S",0,0,0,0,0,0
"RkyMtn4-015",2,7,"N","HL","","","","S",0,0,0,0,0,0
"RkyMtn4-015",2,7.5,"ARTRW8","HL","","","","S",0,0,0,0,0,0
"RkyMtn4-015",2,8,"N","","","","","S",0,0,0,0,0,0
"RkyMtn4-015",2,8.5,"N","","","","","S",0,0,0,0,0,0
"RkyMtn4-015",2,9,"N","","","","","S",0,0,0,0,0,0
"RkyMtn4-015",2,9.5,"N","HL","","","","S",0,0,0,0,0,0
"RkyMtn4-015",2,10,"N","HL","","","","S",0,0,0,0,0,0
"RkyMtn4-015",2,10.5,"ARTRW8","HL","","","","S",1,0,0,0,0,0
"RkyMtn4-015",2,11,"ARTRW8","WL","HL","","","S",0,0,0,0,0,0
"RkyMtn4-015",2,11.5,"N","","","","","S",0,0,0,0,0,0
"RkyMtn4-015",2,12,"N","HL","","","","S",0,0,0,0,0,0
"RkyMtn4-015",2,12.5,"N","","","","","S",0,0,0,0,0,0
"RkyMtn4-015",2,13,"PSSP6","HL","","","","M",0,0,0,0,0,0
"RkyMtn4-015",2,13.5,"ARTRW8","HL","","","","S",0,0,0,0,0,0
"RkyMtn4-015",2,14,"POSE","ARTRW8","","","","POSE",0,0,0,0,0,0
"RkyMtn4-015",2,14.5,"N","","","","","S",0,0,0,0,0,0
"RkyMtn4-015",2,15,"N","HL","","","","S",0,0,0,0,0,0
"RkyMtn4-015",2,15.5,"N","HL","","","","S",0,0,0,0,0,0
"RkyMtn4-015",2,16,"POSE","","","","","M",1,0,0,0,0,0
"RkyMtn4-015",2,16.5,"N","","","","","S",0,0,0,0,0,0
"RkyMtn4-015",2,17,"POSE","","","","","S",0,0,0,0,0,0
"RkyMtn4-015",2,17.5,"N","HL","","","","S",0,0,0,0,0,0
"RkyMtn4-015",2,18,"PG000","","","","","PG000",1,0,0,0,0,1
"RkyMtn4-015",2,18.5,"N","HL","","","","S",0,0,0,0,0,0
"RkyMtn4-015",2,19,"ARTRW8","","","","","M",0,0,0,0,0,0
"RkyMtn4-015",2,19.5,"ARTRW8","HL","","","","S",0,0,0,0,0,0
"RkyMtn4-015",2,20,"N","","","","","S",0,0,0,0,0,0
"RkyMtn4-015",2,20.5,"N","","","","","S",0,0,0,0,0,0
"RkyMtn4-015",2,21,"ARTRW8","HL","","","","GR",0,0,0,0,0,0
"RkyMtn4-015",2,21.5,"N","","","","","S",0,0,0,0,0,0
"RkyMtn4-015",2,22,"N","HL","","","","S",0,0,0,0,0,0
"RkyMtn4-015",2,22.5,"N","","","","","S",0,0,0,0,0,0
"RkyMtn4-015",2,23,"N","","","","","S",0,0,0,0,0,0
"RkyMtn4-015",2,23.5,"N","","","","","S",0,0,0,0,0,0
"RkyMtn4-015",2,24,"N","","","","","S",0,0,0,0,0,0
"RkyMtn4-015",2,24.5,"N","HL","","","","GR",0,0,0,0,0,0
"RkyMtn4-015",2,25,"N","","","","","S",0,0,0,0,0,0
"RkyMtn4-015",3,0.5,"ARTRW8","HL","","","","S",0,0,0,0,0,0
"RkyMtn4-015",3,1,"N","","","","","GR",0,0,0,0,0,0
"RkyMtn4-015",3,1.5,"ARTRW8","HL","","","","S",0,0,0,0,0,0
"RkyMtn4-015",3,2,"N","HL","","","","S",0,0,0,0,0,0
"RkyMtn4-015",3,2.5,"N","","","","","GR",0,0,0,0,0,0
"RkyMtn4-015",3,3,"ARTRW8","","","","","S",0,0,0,0,0,0
"RkyMtn4-015",3,3.5,"N","HL","","","","S",0,0,0,0,0,0
"RkyMtn4-015",3,4,"ARTRW8","WL","HL","","","S",0,0,0,0,0,0
"RkyMtn4-015",3,4.5,"ARTRW8","","","","","S",0,0,0,0,0,0
"RkyMtn4-015",3,5,"N","HL","","","","S",0,0,0,0,0,0
"RkyMtn4-015",3,5.5,"N","HL","","","","S",0,0,0,0,0,0
"RkyMtn4-015",3,6,"ARTRW8","HL","","","","S",1,0,0,0,0,0
"RkyMtn4-015",3,6.5,"N","","","","","S",0,0,0,0,0,0
"RkyMtn4-015",3,7,"ARTRW8","HL","","","","S",0,0,0,0,0,0
"RkyMtn4-015",3,7.5,"ARTRW8","HL","","","","S",0,0,0,0,0,0
"RkyMtn4-015",3,8,"N","HL","","","","S",0,0,0,0,0,0
"RkyMtn4-015",3,8.5,"ARTRW8","HL","","","","S",0,0,0,0,0,0
"RkyMtn4-015",3,9,"N","HL","","","","S",0,0,0,0,0,0
"RkyMtn4-015",3,9.5,"N","","","","","S",0,0,0,0,0,0
"RkyMtn4-015",3,10,"N","","","","","S",0,0,0,0,0,0
"RkyMtn4-015",3,10.5,"N","HL","","","","S",0,0,0,0,0,0
"RkyMtn4-015",3,11,"N","","","","","S",0,0,0,0,0,0
"RkyMtn4-015",3,11.5,"ARTRW8","HL","","","","S",0,0,0,0,0,0
"RkyMtn4-015",3,12,"N","HL","","","","S",0,0,0,0,0,0
"RkyMtn4-015",3,12.5,"N","HL","","","","S",0,0,0,0,0,0
"RkyMtn4-015",3,13,"N","HL","","","","S",0,0,0,0,0,0
"RkyMtn4-015",3,13.5,"N","HL","","","","S",0,0,0,0,0,0
"RkyMtn4-015",3,14,"N","","","","","S",0,0,0,0,0,0
"RkyMtn4-015",3,14.5,"N","","","","","S",0,0,0,0,0,0
"RkyMtn4-015",3,15,"ARTRW8","HL","","","","S",0,0,0,0,0,0
"RkyMtn4-015",3,15.5,"ARTRW8","","","","","S",0,0,0,0,0,0
"RkyMtn4-015",3,16,"N","","","","","S",0,0,0,0,0,0
"RkyMtn4-015",3,16.5,"N","HL","","","","S",0,0,0,0,0,0
"RkyMtn4-015",3,17,"N","","","","","S",0,0,0,0,0,0
"RkyMtn4-015",3,17.5,"ARTRW8","HL","","","","S",0,0,0,0,0,0
"RkyMtn4-015",3,18,"N","","","","","S",0,0,0,0,0,0
"RkyMtn4-015",3,18.5,"N","","","","","S",0,0,0,0,0,0
"RkyMtn4-015",3,19,"ARTRW8","HL","","","","S",1,0,0,0,0,0
"RkyMtn4-015",3,19.5,"N","HL","","","","S",0,0,0,0,0,0
"RkyMtn4-015",3,20,"N","HL","","","","S",0,0,0,0,0,0
"RkyMtn4-015",3,20.5,"N","HL","","","","S",0,0,0,0,0,0
"RkyMtn4-015",3,21,"N","HL","","","","S",0,0,0,0,0,0
"RkyMtn4-015",3,21.5,"N","","","","","GR",0,0,0,0,0,0
"RkyMtn4-015",3,22,"N","","","","","S",0,0,0,0,0,0
"RkyMtn4-015",3,22.5,"N","HL","","","","S",0,0,0,0,0,0
"RkyMtn4-015",3,23,"N","","","","","LC",0,0,0,0,0,0
"RkyMtn4-015",3,23.5,"OPPO","","","","","S",0,0,0,0,0,0
"RkyMtn4-015",3,24,"N","HL","","","","S",0,0,0,0,0,0
"RkyMtn4-015",3,24.5,"N","","","","","S",0,0,0,0,0,0
"RkyMtn4-015",3,25,"N","","","","","S",0,0,0,0,0,0
"RkyMtn4-017",1,0.5,"PSSP6","HL","","","","S",0,0,0,0,0,0
"RkyMtn4-017",1,1,"HECO26","HL","","","","S",0,0,0,0,0,0
"RkyMtn4-017",1,1.5,"N","","","","","S",0,0,0,0,0,0
"RkyMtn4-017",1,2,"N","","","","","S",0,0,0,0,0,0
"RkyMtn4-017",1,2.5,"HECO26","HL","","","","S",0,0,0,0,0,0
"RkyMtn4-017",1,3,"N","","","","","M",0,0,0,0,0,0
"RkyMtn4-017",1,3.5,"N","HL","","","","S",0,0,0,0,0,0
"RkyMtn4-017",1,4,"ARTRW8","HL","","","","S",0,0,0,0,0,0
"RkyMtn4-017",1,4.5,"PSSP6","","","","","S",0,0,0,0,0,0
"RkyMtn4-017",1,5,"HECO26","HL","","","","S",0,0,0,0,0,0
"RkyMtn4-017",1,5.5,"HECO26","HL","","","","GR",0,0,0,0,0,0
"RkyMtn4-017",1,6,"N","HL","","","","S",0,0,0,0,0,0
"RkyMtn4-017",1,6.5,"HECO26","VL","HL","","","S",0,0,0,0,0,0
"RkyMtn4-017",1,7,"N","","","","","S",0,0,0,0,0,0
"RkyMtn4-017",1,7.5,"N","HL","","","","S",0,0,0,0,0,0
"RkyMtn4-017",1,8,"PSSP6","HL","","","","S",0,0,0,0,0,0
"RkyMtn4-017",1,8.5,"ARTRW8","HL","","","","S",0,0,0,0,0,0
"RkyMtn4-017",1,9,"ARTRW8","PSSP6","WL","HL","","S",0,0,0,0,0,0
"RkyMtn4-017",1,9.5,"ARTRW8","HL","","","","S",1,0,0,0,0,0
"RkyMtn4-017",1,10,"PSSP6","","","","","S",0,0,0,0,0,0
"RkyMtn4-017",1,10.5,"ARTRW8","HL","","","","S",1,0,0,0,0,0
"RkyMtn4-017",1,11,"N","","","","","GR",0,0,0,0,0,0
"RkyMtn4-017",1,11.5,"HECO26","PHLO2","","","","LC",0,0,0,0,0,0
"RkyMtn4-017",1,12,"N","HL","","","","S",0,0,0,0,0,0
"RkyMtn4-017",1,12.5,"HECO26","","","","","GR",0,0,0,0,0,0
"RkyMtn4-017",1,13,"PSSP6","","","","","S",0,0,0,0,0,0
"RkyMtn4-017",1,13.5,"PSSP6","HL","","","","S",1,0,0,0,0,0
"RkyMtn4-017",1,14,"N","VL","HL","","","S",0,0,0,0,0,0
"RkyMtn4-017",1,14.5,"PSSP6","VL","","","","S",0,0,0,0,0,0
"RkyMtn4-017",1,15,"N","HL","","","","S",0,0,0,0,0,0
"RkyMtn4-017",1,15.5,"N","HL","","","","S",0,0,0,0,0,0
"RkyMtn4-017",1,16,"N","HL","","","","S",0,0,0,0,0,0
"RkyMtn4-017",1,16.5,"N","","","","","LC",0,0,0,0,0,0
"RkyMtn4-017",1,17,"N","HL","","","","S",0,0,0,0,0,0
"RkyMtn4-017",1,17.5,"N","","","","","S",0,0,0,0,0,0
"RkyMtn4-017",1,18,"HECO26","HL","","","","S",0,0,0,0,0,0
"RkyMtn4-017",1,18.5,"PSSP6","VL","HL","","","S",0,0,0,0,0,0
"RkyMtn4-017",1,19,"HECO26","HL","","","","S",0,0,0,0,0,0
"RkyMtn4-017",1,19.5,"N","HL","","","","S",0,0,0,0,0,0
"RkyMtn4-017",1,20,"HECO26","","","","","S",0,0,0,0,0,0
"RkyMtn4-017",1,20.5,"HECO26","HL","","","","S",0,0,0,0,0,0
"RkyMtn4-017",1,21,"N","HL","","","","S",0,0,0,0,0,0
"RkyMtn4-017",1,21.5,"N","HL","","","","GR",0,0,0,0,0,0
"RkyMtn4-017",1,22,"PSSP6","HL","","","","PSSP6",1,0,0,0,0,1
"RkyMtn4-017",1,22.5,"PSSP6","VL","","","","S",0,0,0,0,0,0
"RkyMtn4-017",1,23,"PHHO","","","","","S",1,0,0,0,0,0
"RkyMtn4-017",1,23.5,"N","","","","","S",0,0,0,0,0,0
"RkyMtn4-017",1,24,"HECO26","HL","","","","S",0,0,0,0,0,0
"RkyMtn4-017",1,24.5,"PSSP6","HL","","","","S",0,0,0,0,0,0
"RkyMtn4-017",1,25,"HECO26","","","","","S",0,0,0,0,0,0
"RkyMtn4-017",2,0.5,"HECO26","HL","","","","S",0,0,0,0,0,0
"RkyMtn4-017",2,1,"ARTRW8","HL","","","","S",0,0,0,0,0,0
"RkyMtn4-017",2,1.5,"ARTRW8","HL","","","","S",0,0,0,0,0,0
"RkyMtn4-017",2,2,"ARTRW8","PSSP6","CHVI8","HL","","S",0,0,0,0,0,0
"RkyMtn4-017",2,2.5,"HECO26","HL","","","","S",0,0,0,0,0,0
"RkyMtn4-017",2,3,"N","","","","","S",0,0,0,0,0,0
"RkyMtn4-017",2,3.5,"HECO26","HL","","","","S",0,0,0,0,0,0
"RkyMtn4-017",2,4,"HECO26","ARTRW8","HL","","","S",0,1,0,0,0,0
"RkyMtn4-017",2,4.5,"HECO26","HL","","","","S",0,0,0,0,0,0
"RkyMtn4-017",2,5,"HECO26","ARTRW8","HL","","","S",0,0,0,0,0,0
"RkyMtn4-017",2,5.5,"ARTRW8","PSSP6","HL","","","S",0,0,0,0,0,0
"RkyMtn4-017",2,6,"HECO26","HL","","","","HECO26",1,0,0,0,0,1
"RkyMtn4-017",2,6.5,"HECO26","","","","","S",0,0,0,0,0,0
"RkyMtn4-017",2,7,"HECO26","HL","","","","S",0,0,0,0,0,0
"RkyMtn4-017",2,7.5,"N","","","","","S",0,0,0,0,0,0
"RkyMtn4-017",2,8,"N","","","","","S",0,0,0,0,0,0
"RkyMtn4-017",2,8.5,"ACHY","","","","","S",1,0,0,0,0,0
"RkyMtn4-017",2,9,"N","","","","","S",0,0,0,0,0,0
"RkyMtn4-017",2,9.5,"PSSP6","","","","","PSSP6",1,0,0,0,0,1
"RkyMtn4-017",2,10,"N","","","","","S",0,0,0,0,0,0
"RkyMtn4-017",2,10.5,"PSSP6","","","","","PSSP6",0,0,0,0,0,0
"RkyMtn4-017",2,11,"N","","","","","GR",0,0,0,0,0,0
"RkyMtn4-017",2,11.5,"PSSP6","","","","","GR",0,0,0,0,0,0
"RkyMtn4-017",2,12,"N","","","","","S",0,0,0,0,0,0
"RkyMtn4-017",2,12.5,"N","","","","","LC",0,0,0,0,0,0
"RkyMtn4-017",2,13,"N","","","","","S",0,0,0,0,0,0
"RkyMtn4-017",2,13.5,"N","","","","","S",0,0,0,0,0,0
"RkyMtn4-017",2,14,"HECO26","HL","","","","S",0,0,0,0,0,0
"RkyMtn4-017",2,14.5,"HECO26","ANMI3","HL","","","S",0,1,0,0,0,0
"RkyMtn4-017",2,15,"N","","","","","S",0,0,0,0,0,0
"RkyMtn4-017",2,15.5,"HECO26","HL","","","","S",0,0,0,0,0,0
"RkyMtn4-017",2,16,"HECO26","HL","","","","S",0,0,0,0,0,0
"RkyMtn4-017",2,16.5,"ARTRW8","PSSP6","HL","","","S",0,1,0,0,0,0
"RkyMtn4-017",2,17,"N","","","","","S",0,0,0,0,0,0
"RkyMtn4-017",2,17.5,"N","","","","","S",0,0,0,0,0,0
"RkyMtn4-017",2,18,"N","","","","","S",0,0,0,0,0,0
"RkyMtn4-017",2,18.5,"N","HL","","","","S",0,0,0,0,0,0
"RkyMtn4-017",2,19,"N","","","","","GR",0,0,0,0,0,0
"RkyMtn4-017",2,19.5,"ARTRW8","HL","","","","S",0,0,0,0,0,0
"RkyMtn4-017",2,20,"HECO26","HL","","","","S",1,0,0,0,0,0
"RkyMtn4-017",2,20.5,"ARTRW8","HL","","","","S",0,0,0,0,0,0
"RkyMtn4-017",2,21,"CHVI8","PSSP6","HL","","","S",1,0,0,0,0,0
"RkyMtn4-017",2,21.5,"N","HL","","","","S",0,0,0,0,0,0
"RkyMtn4-017",2,22,"N","HL","","","","S",0,0,0,0,0,0
"RkyMtn4-017",2,22.5,"N","","","","","S",0,0,0,0,0,0
"RkyMtn4-017",2,23,"N","WL","HL","","","S",0,0,0,0,0,0
"RkyMtn4-017",2,23.5,"PSSP6","HL","","","","S",0,0,0,0,0,0
"RkyMtn4-017",2,24,"PSSP6","POSE","HL","","","S",0,0,0,0,0,0
"RkyMtn4-017",2,24.5,"ANMI3","HL","","","","S",1,0,0,0,0,0
"RkyMtn4-017",2,25,"N","HL","","","","S",0,0,0,0,0,0
"RkyMtn4-017",3,0.5,"N","HL","","","","S",0,0,0,0,0,0
"RkyMtn4-017",3,1,"N","","","","","S",0,0,0,0,0,0
"RkyMtn4-017",3,1.5,"N","","","","","GR",0,0,0,0,0,0
"RkyMtn4-017",3,2,"PHHO","","","","","S",0,0,0,0,0,0
"RkyMtn4-017",3,2.5,"N","","","","","S",0,0,0,0,0,0
"RkyMtn4-017",3,3,"N","","","","","GR",0,0,0,0,0,0
"RkyMtn4-017",3,3.5,"PSSP6","HL","","","","PSSP6",1,0,0,0,0,1
"RkyMtn4-017",3,4,"PSSP6","HL","VL","","","S",0,0,0,0,0,0
"RkyMtn4-017",3,4.5,"N","","","","","S",0,0,0,0,0,0
"RkyMtn4-017",3,5,"PSSP6","WL","HL","","","S",1,0,0,0,0,0
"RkyMtn4-017",3,5.5,"N","","","","","S",0,0,0,0,0,0
"RkyMtn4-017",3,6,"N","","","","","S",0,0,0,0,0,0
"RkyMtn4-017",3,6.5,"ARTRW8","HL","","","","S",1,0,0,0,0,0
"RkyMtn4-017",3,7,"ARTRW8","HL","","","","S",0,0,0,0,0,0
"RkyMtn4-017",3,7.5,"N","","","","","S",0,0,0,0,0,0
"RkyMtn4-017",3,8,"PG000","HL","","","","S",1,0,0,0,0,0
"RkyMtn4-017",3,8.5,"HECO26","HL","","","","S",0,0,0,0,0,0
"RkyMtn4-017",3,9,"N","","","","","S",0,0,0,0,0,0
"RkyMtn4-017",3,9.5,"N","","","","","S",0,0,0,0,0,0
"RkyMtn4-017",3,10,"ARTRW8","HL","","","","S",0,0,0,0,0,0
"RkyMtn4-017",3,10.5,"HECO26","WL","","","","S",0,0,0,0,0,0
"RkyMtn4-017",3,11,"N","","","","","LC",0,0,0,0,0,0
"RkyMtn4-017",3,11.5,"N","","","","","S",0,0,0,0,0,0
"RkyMtn4-017",3,12,"N","HL","","","","S",0,0,0,0,0,0
"RkyMtn4-017",3,12.5,"N","HL","","","","S",0,0,0,0,0,0
"RkyMtn4-017",3,13,"HECO26","HL","","","","S",0,0,0,0,0,0
"RkyMtn4-017",3,13.5,"PSSP6","","","","","S",0,0,0,0,0,0
"RkyMtn4-017",3,14,"N","HL","","","","S",0,0,0,0,0,0
"RkyMtn4-017",3,14.5,"N","","","","","GR",0,0,0,0,0,0
"RkyMtn4-017",3,15,"PSSP6","HL","","","","S",0,0,0,0,0,0
"RkyMtn4-017",3,15.5,"PSSP6","WL","HL","","","S",0,0,0,0,0,0
"RkyMtn4-017",3,16,"HECO26","","","","","S",0,0,0,0,0,0
"RkyMtn4-017",3,16.5,"PSSP6","HL","","","","S",0,0,0,0,0,0
"RkyMtn4-017",3,17,"ARTRW8","HL","","","","S",1,0,0,0,0,0
"RkyMtn4-017",3,17.5,"HECO26","LOFO","","","","GR",0,0,0,0,0,0
"RkyMtn4-017",3,18,"PSSP6","HL","","","","S",0,0,0,0,0,0
"RkyMtn4-017",3,18.5,"ARTRW8","HL","","","","S",0,0,0,0,0,0
"RkyMtn4-017",3,19,"HECO26","HL","","","","GR",0,0,0,0,0,0
"RkyMtn4-017",3,19.5,"N","HL","","","","S",0,0,0,0,0,0
"RkyMtn4-017",3,20,"ARTRW8","PG000","","","","S",0,1,0,0,0,0
"RkyMtn4-017",3,20.5,"N","","","","","S",0,0,0,0,0,0
"RkyMtn4-017",3,21,"N","","","","","GR",0,0,0,0,0,0
"RkyMtn4-017",3,21.5,"ARTRW8","","","","","S",0,0,0,0,0,0
"RkyMtn4-017",3,22,"N","","","","","GR",0,0,0,0,0,0
"RkyMtn4-017",3,22.5,"PSSP6","HL","","","","S",0,0,0,0,0,0
"RkyMtn4-017",3,23,"PSSP6","HL","","","","S",0,0,0,0,0,0
"RkyMtn4-017",3,23.5,"PSSP6","HL","","","","S",1,0,0,0,0,0
"RkyMtn4-017",3,24,"HECO26","HL","","","","S",0,0,0,0,0,0
"RkyMtn4-017",3,24.5,"PSSP6","HL","","","","S",1,0,0,0,0,0
"RkyMtn4-017",3,25,"N","HL","","","","GR",0,0,0,0,0,0
"RkyMtn4-999",1,0.5,"N","HL","","","","S",0,0,0,0,0,0
"RkyMtn4-999",1,1,"ARTRV","HL","","","","S",0,0,0,0,0,0
"RkyMtn4-999",1,1.5,"ARTRV","HL","","","","S",0,0,0,0,0,0
"RkyMtn4-999",1,2,"ARTRV","KOMA","HL","","","S",0,1,0,0,0,0
"RkyMtn4-999",1,2.5,"ARTRV","HL","","","","M",0,0,0,0,0,0
"RkyMtn4-999",1,3,"ARTRV","HL","","","","M",0,0,0,0,0,0
"RkyMtn4-999",1,3.5,"ARTRV","HL","","","","S",0,0,0,0,0,0
"RkyMtn4-999",1,4,"ARTRV","HL","","","","M",0,0,0,0,0,0
"RkyMtn4-999",1,4.5,"N","","","","","LC",0,0,0,0,0,0
"RkyMtn4-999",1,5,"KOMA","HL","","","","S",0,0,0,0,0,0
"RkyMtn4-999",1,5.5,"ARTRV","KOMA","","","","M",1,1,0,0,0,0
"RkyMtn4-999",1,6,"ARTRV","HL","","","","M",0,0,0,0,0,0
"RkyMtn4-999",1,6.5,"ARTRV","HL","","","","S",0,0,0,0,0,0
"RkyMtn4-999",1,7,"N","","","","","GR",0,0,0,0,0,0
"RkyMtn4-999",1,7.5,"N","","","","","S",0,0,0,0,0,0
"RkyMtn4-999",1,8,"N","HL","","","","S",0,0,0,0,0,0
"RkyMtn4-999",1,8.5,"ARTRV","HL","","","","S",0,0,0,0,0,0
"RkyMtn4-999",1,9,"ARTRV","HL","","","","S",0,0,0,0,0,0
"RkyMtn4-999",1,9.5,"ARTRV","KOMA","HL","","","S",0,0,0,0,0,0
"RkyMtn4-999",1,10,"VEAR","HL","","","","S",0,0,0,0,0,0
"RkyMtn4-999",1,10.5,"N","HL","","","","S",0,0,0,0,0,0
"RkyMtn4-999",1,11,"ARTRV","HL","","","","S",0,0,0,0,0,0
"RkyMtn4-999",1,11.5,"ARTRV","HL","","","","S",0,0,0,0,0,0
"RkyMtn4-999",1,12,"LULE3","ARTRV","WL","HL","","S",0,0,0,0,0,0
"RkyMtn4-999",1,12.5,"ARTRV","WL","HL","","","S",0,0,0,0,0,0
"RkyMtn4-999",1,13,"ARTRV","LULE3","","","","LC",0,0,0,0,0,0
"RkyMtn4-999",1,13.5,"N","HL","","","","S",0,0,0,0,0,0
"RkyMtn4-999",1,14,"ARTRV","HL","","","","S",0,0,0,0,0,0
"RkyMtn4-999",1,14.5,"ARTRV","HL","","","","S",0,0,0,0,0,0
"RkyMtn4-999",1,15,"POSE","HL","","","","S",0,0,0,0,0,0
"RkyMtn4-999",1,15.5,"N","HL","","","","S",0,0,0,0,0,0
"RkyMtn4-999",1,16,"ARTRV","HL","","","","S",0,0,0,0,0,0
"RkyMtn4-999",1,16.5,"ARTRV","HL","","","","S",0,0,0,0,0,0
"RkyMtn4-999",1,17,"LULE3","HL","","","","S",1,0,0,0,0,0
"RkyMtn4-999",1,17.5,"ARTRV","FEID","HL","","","S",0,0,0,0,0,0
"RkyMtn4-999",1,18,"ARTRV","HL","","","","S",0,0,0,0,0,0
"RkyMtn4-999",1,18.5,"N","","","","","GR",0,0,0,0,0,0
"RkyMtn4-999",1,19,"ARTRV","HL","","","","S",1,0,0,0,0,0
"RkyMtn4-999",1,19.5,"ARTRV","HL","","","","S",0,0,0,0,0,0
"RkyMtn4-999",1,20,"ARTRV","HL","","","","S",0,0,0,0,0,0
"RkyMtn4-999",1,20.5,"N","HL","","","","S",0,0,0,0,0,0
"RkyMtn4-999",1,21,"ARTRV","VEAR","","","","GR",0,0,0,0,0,0
"RkyMtn4-999",1,21.5,"N","HL","","","","S",0,0,0,0,0,0
"RkyMtn4-999",1,22,"ARTRV","VEAR","HL","","","S",0,0,0,0,0,0
"RkyMtn4-999",1,22.5,"ARTRV","","","","","LC",0,0,0,0,0,0
"RkyMtn4-999",1,23,"LIRU4","","","","","S",0,0,0,0,0,0
"RkyMtn4-999",1,23.5,"N","","","","","S",0,0,0,0,0,0
"RkyMtn4-999",1,24,"N","","","","","GR",0,0,0,0,0,0
"RkyMtn4-999",1,24.5,"N","HL","","","","S",0,0,0,0,0,0
"RkyMtn4-999",1,25,"POSE","","","","","GR",0,0,0,0,0,0
"RkyMtn4-999",2,0.5,"N","","","","","S",0,0,0,0,0,0
"RkyMtn4-999",2,1,"ARTRV","BRTE","HL","","","S",0,1,0,0,0,0
"RkyMtn4-999",2,1.5,"ARTRV","HL","","","","S",0,0,0,0,0,0
"RkyMtn4-999",2,2,"ARTRV","HL","","","","S",0,0,0,0,0,0
"RkyMtn4-999",2,2.5,"ARTRV","POSE","HL","","","S",0,0,0,0,0,0
"RkyMtn4-999",2,3,"N","HL","","","","S",0,0,0,0,0,0
"RkyMtn4-999",2,3.5,"ARTRV","HL","","","","S",0,0,0,0,0,0
"RkyMtn4-999",2,4,"ARTRV","HL","","","","S",0,0,0,0,0,0
"RkyMtn4-999",2,4.5,"ARTRV","HL","","","","S",0,0,0,0,0,0
"RkyMtn4-999",2,5,"N","","","","","GR",0,0,0,0,0,0
"RkyMtn4-999",2,5.5,"N","","","","","GR",0,0,0,0,0,0
"RkyMtn4-999",2,6,"ARTRV","POSE","HL","","","S",0,0,0,0,0,0
"RkyMtn4-999",2,6.5,"N","","","","","GR",0,0,0,0,0,0
"RkyMtn4-999",2,7,"N","","","","","S",0,0,0,0,0,0
"RkyMtn4-999",2,7.5,"BRTE","","","","","S",0,0,0,0,0,0
"RkyMtn4-999",2,8,"ARTRV","HL","","","","S",0,0,0,0,0,0
"RkyMtn4-999",2,8.5,"ARTRV","HL","","","","S",0,0,0,0,0,0
"RkyMtn4-999",2,9,"ARTRV","POSE","HL","","","M",1,0,0,0,0,0
"RkyMtn4-999",2,9.5,"ARTRV","HL","","","","S",0,0,0,0,0,0
"RkyMtn4-999",2,10,"ARTRV","WL","HL","","","S",1,0,0,0,0,0
"RkyMtn4-999",2,10.5,"POBU","HL","","","","S",0,0,0,0,0,0
"RkyMtn4-999",2,11,"N","","","","","GR",0,0,0,0,0,0
"RkyMtn4-999",2,11.5,"N","","","","","S",0,0,0,0,0,0
"RkyMtn4-999",2,12,"ARTRV","VEAR","HL","","","S",0,0,0,0,0,0
"RkyMtn4-999",2,12.5,"N","HL","","","","S",0,0,0,0,0,0
"RkyMtn4-999",2,13,"N","","","","","S",0,0,0,0,0,0
"RkyMtn4-999",2,13.5,"N","","","","","GR",0,0,0,0,0,0
"RkyMtn4-999",2,14,"N","","","","","S",0,0,0,0,0,0
"RkyMtn4-999",2,14.5,"N","","","","","LC",0,0,0,0,0,0
"RkyMtn4-999",2,15,"VEAR","","","","","GR",0,0,0,0,0,0
"RkyMtn4-999",2,15.5,"ARTRV","HL","","","","S",0,0,0,0,0,0
"RkyMtn4-999",2,16,"VEAR","HL","","","","S",0,0,0,0,0,0
"RkyMtn4-999",2,16.5,"POBU","ARTRV","HL","","","M",0,0,0,0,0,0
"RkyMtn4-999",2,17,"POSE","HL","","","","S",0,0,0,0,0,0
"RkyMtn4-999",2,17.5,"ARTRV","POSE","HL","","","S",0,0,0,0,0,0
"RkyMtn4-999",2,18,"ARTRV","HL","","","","S",0,0,0,0,0,0
"RkyMtn4-999",2,18.5,"ARTRV","HL","","","","S",1,0,0,0,0,0
"RkyMtn4-999",2,19,"ARTRV","VEAR","HL","","","S",0,0,0,0,0,0
"RkyMtn4-999",2,19.5,"ARTRV","HL","","","","S",0,0,0,0,0,0
"RkyMtn4-999",2,20,"N","","","","","S",0,0,0,0,0,0
"RkyMtn4-999",2,20.5,"N","","","","","S",0,0,0,0,0,0
"RkyMtn4-999",2,21,"N","","","","","GR",0,0,0,0,0,0
"RkyMtn4-999",2,21.5,"N","","","","","M",0,0,0,0,0,0
"RkyMtn4-999",2,22,"N","HL","","","","S",0,0,0,0,0,0
"RkyMtn4-999",2,22.5,"N","","","","","S",0,0,0,0,0,0
"RkyMtn4-999",2,23,"N","HL","","","","S",0,0,0,0,0,0
"RkyMtn4-999",2,23.5,"N","HL","","","","S",0,0,0,0,0,0
"RkyMtn4-999",2,24,"ARTRV","HL","","","","S",0,0,0,0,0,0
"RkyMtn4-999",2,24.5,"N","HL","","","","LC",0,0,0,0,0,0
"RkyMtn4-999",2,25,"ARTRV","HL","","","","S",0,0,0,0,0,0
"RkyMtn4-999",3,0.5,"N","HL","","","","S",0,0,0,0,0,0
"RkyMtn4-999",3,1,"N","","","","","GR",0,0,0,0,0,0
"RkyMtn4-999",3,1.5,"VEAR","","","","","GR",0,0,0,0,0,0
"RkyMtn4-999",3,2,"N","","","","","GR",0,0,0,0,0,0
"RkyMtn4-999",3,2.5,"N","","","","","LC",0,0,0,0,0,0
"RkyMtn4-999",3,3,"N","","","","","GR",0,0,0,0,0,0
"RkyMtn4-999",3,3.5,"N","","","","","S",0,0,0,0,0,0
"RkyMtn4-999",3,4,"N","","","","","S",0,0,0,0,0,0
"RkyMtn4-999",3,4.5,"KOMA","HL","","","","S",0,0,0,0,0,0
"RkyMtn4-999",3,5,"PUTR2","HL","","","","GR",0,0,0,0,0,0
"RkyMtn4-999",3,5.5,"N","HL","","","","GR",0,0,0,0,0,0
"RkyMtn4-999",3,6,"ARTRV","HL","","","","S",0,0,0,0,0,0
"RkyMtn4-999",3,6.5,"ARTRV","VEAR","HL","","","S",0,0,0,0,0,0
"RkyMtn4-999",3,7,"N","","","","","S",0,0,0,0,0,0
"RkyMtn4-999",3,7.5,"N","","","","","S",0,0,0,0,0,0
"RkyMtn4-999",3,8,"N","","","","","GR",0,0,0,0,0,0
"RkyMtn4-999",3,8.5,"N","","","","","S",0,0,0,0,0,0
"RkyMtn4-999",3,9,"N","","","","","GR",0,0,0,0,0,0
"RkyMtn4-999",3,9.5,"ARTRV","HL","","","","LC",0,0,0,0,0,0
"RkyMtn4-999",3,10,"POSE","HL","","","","S",1,0,0,0,0,0
"RkyMtn4-999",3,10.5,"ARTRV","HL","","","","S",0,0,0,0,0,0
"RkyMtn4-999",3,11,"N","","","","","S",0,0,0,0,0,0
"RkyMtn4-999",3,11.5,"N","","","","","S",0,0,0,0,0,0
"RkyMtn4-999",3,12,"N","","","","","GR",0,0,0,0,0,0
"RkyMtn4-999",3,12.5,"ARTRV","HL","","","","S",0,0,0,0,0,0
"RkyMtn4-999",3,13,"ARTRV","HL","","","","S",0,0,0,0,0,0
"RkyMtn4-999",3,13.5,"ARTRV","PSSP6","HL","","","S",0,1,0,0,0,0
"RkyMtn4-999",3,14,"ARTRV","HL","","","","S",0,0,0,0,0,0
"RkyMtn4-999",3,14.5,"VEAR","HL","","","","S",0,0,0,0,0,0
"RkyMtn4-999",3,15,"KOMA","HL","","","","S",0,0,0,0,0,0
"RkyMtn4-999",3,15.5,"N","","","","","GR",0,0,0,0,0,0
"RkyMtn4-999",3,16,"ARTRV","HL","","","","S",0,0,0,0,0,0
"RkyMtn4-999",3,16.5,"N","HL","","","","S",0,0,0,0,0,0
"RkyMtn4-999",3,17,"ARTRV","","","","","M",1,0,0,0,0,0
"RkyMtn4-999",3,17.5,"ARTRV","HL","","","","S",1,0,0,0,0,0
"RkyMtn4-999",3,18,"ARTRV","","","","","M",1,0,0,0,0,0
"RkyMtn4-999",3,18.5,"N","HL","","","","S",0,0,0,0,0,0
"RkyMtn4-999",3,19,"N","HL","","","","S",0,0,0,0,0,0
"RkyMtn4-999",3,19.5,"ARTRV","HL","","","","S",1,0,0,0,0,0
"RkyMtn4-999",3,20,"ARTRV","HL","","","","S",0,0,0,0,0,0
"RkyMtn4-999",3,20.5,"ARTRV","HL","","","","S",1,0,0,0,0,0
"RkyMtn4-999",3,21,"N","","","","","S",0,0,0,0,0,0
"RkyMtn4-999",3,21.5,"N","","","","","LC",0,0,0,0,0,0
"RkyMtn4-999",3,22,"N","HL","","","","S",0,0,0,0,0,0
"RkyMtn4-999",3,22.5,"ARTRV","COLI2","HL","","","S",0,0,0,0,0,0
"RkyMtn4-999",3,23,"ARTRV","ACMI2","","","","LC",0,1,0,0,0,0
"RkyMtn4-999",3,23.5,"N","","","","","LC",0,0,0,0,0,0
"RkyMtn4-999",3,24,"ARTRV","HL","","","","S",1,0,0,0,0,0
"RkyMtn4-999",3,24.5,"N","","","","","GR",0,0,0,0,0,0
"RkyMtn4-999",3,25,"ARTRV","BRTE","HL","","","S",0,1,0,0,0,0
"RkyMtn5-015",1,0.5,"POFE","WL","HL","","","S",0,0,0,0,0,0
"RkyMtn5-015",1,1,"N","HL","","","","GR",0,0,0,0,0,0
"RkyMtn5-015",1,1.5,"N","HL","","","","S",0,0,0,0,0,0
"RkyMtn5-015",1,2,"PSSP6","HL","","","","S",0,0,0,0,0,0
"RkyMtn5-015",1,2.5,"PSSP6","LUPO2","HL","","","S",0,0,0,0,0,0
"RkyMtn5-015",1,3,"PSSP6","LUPO2","HL","","","S",0,0,0,0,0,0
"RkyMtn5-015",1,3.5,"N","HL","","","","S",0,0,0,0,0,0
"RkyMtn5-015",1,4,"PSSP6","HL","","","","S",0,0,0,0,0,0
"RkyMtn5-015",1,4.5,"N","WL","","","","S",0,0,0,0,0,0
"RkyMtn5-015",1,5,"N","HL","","","","S",0,0,0,0,0,0
"RkyMtn5-015",1,5.5,"N","WL","","","","S",0,0,0,0,0,0
"RkyMtn5-015",1,6,"ARTRV","FEID","WL","HL","","S",0,0,0,0,0,0
"RkyMtn5-015",1,6.5,"ARTRV","HL","","","","S",0,0,0,0,0,0
"RkyMtn5-015",1,7,"PSSP6","HL","","","","S",0,0,0,0,0,0
"RkyMtn5-015",1,7.5,"PSSP6","WL","HL","","","S",0,0,0,0,0,0
"RkyMtn5-015",1,8,"CHVI8","HL","","","","S",0,0,0,0,0,0
"RkyMtn5-015",1,8.5,"N","HL","","","","S",0,0,0,0,0,0
"RkyMtn5-015",1,9,"PSSP6","ERCO5","HL","","","S",0,0,0,0,0,0
"RkyMtn5-015",1,9.5,"PHLO2","PSSP6","HL","","","S",0,1,0,0,0,0
"RkyMtn5-015",1,10,"ARTRV","COUM","HL","","","S",1,0,0,0,0,0
"RkyMtn5-015",1,10.5,"ARTRV","ANMI3","HL","","","S",0,0,0,0,0,0
"RkyMtn5-015",1,11,"N","HL","","","","S",0,0,0,0,0,0
"RkyMtn5-015",1,11.5,"N","HL","","","","S",0,0,0,0,0,0
"RkyMtn5-015",1,12,"N","HL","","","","S",0,0,0,0,0,0
"RkyMtn5-015",1,12.5,"ARTRV","HL","","","","S",0,0,0,0,0,0
"RkyMtn5-015",1,13,"ARTRV","HL","","","","S",1,0,0,0,0,0
"RkyMtn5-015",1,13.5,"ARTRV","HL","","","","S",1,0,0,0,0,0
"RkyMtn5-015",1,14,"N","HL","","","","S",0,0,0,0,0,0
"RkyMtn5-015",1,14.5,"ARTRV","HL","","","","S",1,0,0,0,0,0
"RkyMtn5-015",1,15,"PSSP6","HL","","","","GR",1,0,0,0,0,0
"RkyMtn5-015",1,15.5,"N","HL","","","","S",0,0,0,0,0,0
"RkyMtn5-015",1,16,"N","HL","","","","S",0,0,0,0,0,0
"RkyMtn5-015",1,16.5,"ARTRV","CREPIPF","HL","","","S",1,0,0,0,0,0
"RkyMtn5-015",1,17,"PHLO2","HL","","","","S",1,0,0,0,0,0
"RkyMtn5-015",1,17.5,"N","HL","","","","S",0,0,0,0,0,0
"RkyMtn5-015",1,18,"N","","","","","GR",0,0,0,0,0,0
"RkyMtn5-015",1,18.5,"PSSP6","HL","","","","S",0,0,0,0,0,0
"RkyMtn5-015",1,19,"PSSP6","ERCO5","HL","","","S",0,0,0,0,0,0
"RkyMtn5-015",1,19.5,"N","HL","","","","S",0,0,0,0,0,0
"RkyMtn5-015",1,20,"N","WL","HL","","","S",0,0,0,0,0,0
"RkyMtn5-015",1,20.5,"POSE","HL","","","","S",0,0,0,0,0,0
"RkyMtn5-015",1,21,"ARTRV","HL","","","","S",0,0,0,0,0,0
"RkyMtn5-015",1,21.5,"N","HL","","","","S",0,0,0,0,0,0
"RkyMtn5-015",1,22,"ARTRV","HL","","","","S",0,0,0,0,0,0
"RkyMtn5-015",1,22.5,"PSSP6","HL","","","","S",1,0,0,0,0,0
"RkyMtn5-015",1,23,"ARTRV","PHLO2","HL","","","S",0,0,0,0,0,0
"RkyMtn5-015",1,23.5,"N","HL","","","","S",0,0,0,0,0,0
"RkyMtn5-015",1,24,"ARTRV","AGGL","HL","","","S",1,0,0,0,0,0
"RkyMtn5-015",1,24.5,"LUPO2","HL","","","","S",0,0,0,0,0,0
"RkyMtn5-015",1,25,"ARTRV","HL","","","","S",0,0,0,0,0,0
"RkyMtn5-015",2,0.5,"ARTRV","COUM","HL","","","S",0,0,0,0,0,0
"RkyMtn5-015",2,1,"COUM","HL","","","","S",1,0,0,0,0,0
"RkyMtn5-015",2,1.5,"N","HL","","","","S",0,0,0,0,0,0
"RkyMtn5-015",2,2,"PHLO2","","","","","S",0,0,0,0,0,0
"RkyMtn5-015",2,2.5,"ARTRV","FEID","HL","","","S",0,1,0,0,0,0
"RkyMtn5-015",2,3,"FEID","ARCO5","HL","","","S",0,0,0,0,0,0
"RkyMtn5-015",2,3.5,"FEID","HL","","","","S",0,0,0,0,0,0
"RkyMtn5-015",2,4,"PSSP6","HL","","","","S",0,0,0,0,0,0
"RkyMtn5-015",2,4.5,"ARTRV","FEID","HL","","","S",0,0,0,0,0,0
"RkyMtn5-015",2,5,"FEID","HL","","","","S",0,0,0,0,0,0
"RkyMtn5-015",2,5.5,"ARTRV","HL","","","","S",1,0,0,0,0,0
"RkyMtn5-015",2,6,"ARTRV","HL","","","","S",0,0,0,0,0,0
"RkyMtn5-015",2,6.5,"ARTRV","","","","","ARTRV",0,0,0,0,0,0
"RkyMtn5-015",2,7,"ARTRV","PSSP6","COUM","HL","","S",0,1,1,0,0,0
"RkyMtn5-015",2,7.5,"FEID","HL","","","","S",0,0,0,0,0,0
"RkyMtn5-015",2,8,"ARTRV","FEID","HL","","","S",1,0,0,0,0,0
"RkyMtn5-015",2,8.5,"N","HL","","","","M",0,0,0,0,0,0
"RkyMtn5-015",2,9,"ARTRV","FEID","HL","","","S",0,0,0,0,0,0
"RkyMtn5-015",2,9.5,"ARTRV","FEID","HL","","","S",0,0,0,0,0,0
"RkyMtn5-015",2,10,"ARTRV","FEID","WL","HL","","S",1,0,0,0,0,0
"RkyMtn5-015",2,10.5,"N","HL","","","","S",0,0,0,0,0,0
"RkyMtn5-015",2,11,"FEID","HL","","","","S",0,0,0,0,0,0
"RkyMtn5-015",2,11.5,"FEID","HL","","","","S",0,0,0,0,0,0
"RkyMtn5-015",2,12,"ARTRV","LUPO2","HL","","","S",0,0,0,0,0,0
"RkyMtn5-015",2,12.5,"ARCO5","HL","","","","S",0,0,0,0,0,0
"RkyMtn5-015",2,13,"ARTRV","ARCO5","HL","","","S",1,0,0,0,0,0
"RkyMtn5-015",2,13.5,"POFE","HL","","","","LC",0,0,0,0,0,0
"RkyMtn5-015",2,14,"N","HL","","","","S",0,0,0,0,0,0
"RkyMtn5-015",2,14.5,"FEID","HL","","","","S",1,0,0,0,0,0
"RkyMtn5-015",2,15,"ARTRV","FEID","HL","","","S",1,1,0,0,0,0
"RkyMtn5-015",2,15.5,"ARTRV","FEID","","","","FEID",1,0,0,0,0,0
"RkyMtn5-015",2,16,"N","HL","","","","S",0,0,0,0,0,0
"RkyMtn5-015",2,16.5,"ARTRV","FEID","","","","FEID",0,0,0,0,0,0
"RkyMtn5-015",2,17,"ARTRV","FEID","HL","","","S",1,0,0,0,0,0
"RkyMtn5-015",2,17.5,"PSSP6","","","","","PSSP6",0,0,0,0,0,0
"RkyMtn5-015",2,18,"ARCO5","FEID","HL","","","S",0,0,0,0,0,0
"RkyMtn5-015",2,18.5,"PSSP6","HL","","","","S",0,0,0,0,0,0
"RkyMtn5-015",2,19,"FEID","HL","","","","S",0,0,0,0,0,0
"RkyMtn5-015",2,19.5,"FEID","COUM","HL","","","S",0,1,0,0,0,0
"RkyMtn5-015",2,20,"N","HL","","","","S",0,0,0,0,0,0
"RkyMtn5-015",2,20.5,"ARTRV","HL","","","","S",1,0,0,0,0,0
"RkyMtn5-015",2,21,"ARTRV","HL","","","","S",0,0,0,0,0,0
"RkyMtn5-015",2,21.5,"ARTRV","HL","","","","S",0,0,0,0,0,0
"RkyMtn5-015",2,22,"PSSP6","FEID","HL","","","S",1,0,0,0,0,0
"RkyMtn5-015",2,22.5,"FEID","WL","HL","","","S",1,0,0,0,0,0
"RkyMtn5-015",2,23,"PSSP6","ARTRV","HL","","","S",0,0,0,0,0,0
"RkyMtn5-015",2,23.5,"ARTRV","HL","","","","S",0,0,0,0,0,0
"RkyMtn5-015",2,24,"ARTRV","FEID","HL","","","S",0,0,0,0,0,0
"RkyMtn5-015",2,24.5,"FEID","HL","","","","S",0,0,0,0,0,0
"RkyMtn5-015",2,25,"ARCO5","PSSP6","FEID","HL","","S",0,0,0,0,0,0
"RkyMtn5-015",3,0.5,"ARTRV","PHLO2","HL","","","S",0,0,0,0,0,0
"RkyMtn5-015",3,1,"N","HL","","","","S",0,0,0,0,0,0
"RkyMtn5-015",3,1.5,"COUM","HL","","","","S",0,0,0,0,0,0
"RkyMtn5-015",3,2,"ARTRV","COUM","HL","","","S",1,1,0,0,0,0
"RkyMtn5-015",3,2.5,"N","HL","","","","S",0,0,0,0,0,0
"RkyMtn5-015",3,3,"ARTRV","FEID","HL","","","S",0,0,0,0,0,0
"RkyMtn5-015",3,3.5,"ARTRV","ARCO5","HL","","","S",0,0,0,0,0,0
"RkyMtn5-015",3,4,"PHLO2","HL","","","","S",0,0,0,0,0,0
"RkyMtn5-015",3,4.5,"ARTRV","PHLO2","HL","","","S",1,0,0,0,0,0
"RkyMtn5-015",3,5,"ARTRV","POFE","HL","","","S",0,0,0,0,0,0
"RkyMtn5-015",3,5.5,"PSSP6","","","","","GR",0,0,0,0,0,0
"RkyMtn5-015",3,6,"ARCO5","HL","","","","S",0,0,0,0,0,0
"RkyMtn5-015",3,6.5,"CHVI8","HL","","","","S",0,0,0,0,0,0
"RkyMtn5-015",3,7,"ARTRV","FEID","HL","","","S",1,0,0,0,0,0
"RkyMtn5-015",3,7.5,"ARTRV","HL","","","","S",0,0,0,0,0,0
"RkyMtn5-015",3,8,"PSSP6","HL","","","","S",1,0,0,0,0,0
"RkyMtn5-015",3,8.5,"ARTRV","HL","","","","S",1,0,0,0,0,0
"RkyMtn5-015",3,9,"FEID","","","","","FEID",0,0,0,0,0,0
"RkyMtn5-015",3,9.5,"ARTRV","HL","","","","S",1,0,0,0,0,0
"RkyMtn5-015",3,10,"ARTRV","PHLO2","HL","","","S",0,0,0,0,0,0
"RkyMtn5-015",3,10.5,"ARTRV","PEFR3","HL","","","S",1,0,0,0,0,0
"RkyMtn5-015",3,11,"N","HL","","","","S",0,0,0,0,0,0
"RkyMtn5-015",3,11.5,"PHLO2","HL","","","","S",0,0,0,0,0,0
"RkyMtn5-015",3,12,"ARTRV","HL","","","","S",1,0,0,0,0,0
"RkyMtn5-015",3,12.5,"N","HL","","","","S",0,0,0,0,0,0
"RkyMtn5-015",3,13,"ARTRV","HL","","","","S",1,0,0,0,0,0
"RkyMtn5-015",3,13.5,"ARTRV","HL","","","","S",0,0,0,0,0,0
"RkyMtn5-015",3,14,"PSSP6","HL","","","","S",0,0,0,0,0,0
"RkyMtn5-015",3,14.5,"ARCO5","HL","","","","GR",0,0,0,0,0,0
"RkyMtn5-015",3,15,"N","HL","","","","S",0,0,0,0,0,0
"RkyMtn5-015",3,15.5,"ARTRV","PSSP6","HL","","","S",0,0,0,0,0,0
"RkyMtn5-015",3,16,"ARTRV","HL","","","","S",0,0,0,0,0,0
"RkyMtn5-015",3,16.5,"ARTRV","ARCO5","HL","","","S",0,0,0,0,0,0
"RkyMtn5-015",3,17,"N","HL","","","","S",0,0,0,0,0,0
"RkyMtn5-015",3,17.5,"PSSP6","HL","","","","S",0,0,0,0,0,0
"RkyMtn5-015",3,18,"ERUM","HL","","","","S",0,0,0,0,0,0
"RkyMtn5-015",3,18.5,"ARTRV","FEID","HL","","","S",0,1,0,0,0,0
"RkyMtn5-015",3,19,"PSSP6","HL","","","","S",0,0,0,0,0,0
"RkyMtn5-015",3,19.5,"PSSP6","HL","","","","S",0,0,0,0,0,0
"RkyMtn5-015",3,20,"BASA3","ARCO5","HL","","","S",0,0,0,0,0,0
"RkyMtn5-015",3,20.5,"PSSP6","HL","","","","S",0,0,0,0,0,0
"RkyMtn5-015",3,21,"ARTRV","PSSP6","HL","","","S",0,0,0,0,0,0
"RkyMtn5-015",3,21.5,"ARTRV","HL","","","","S",0,0,0,0,0,0
"RkyMtn5-015",3,22,"PSSP6","ERUM","HL","","","S",0,0,0,0,0,0
"RkyMtn5-015",3,22.5,"N","","","","","BR",0,0,0,0,0,0
"RkyMtn5-015",3,23,"PSSP6","LOMATPF","","","","S",0,0,0,0,0,0
"RkyMtn5-015",3,23.5,"PSSP6","ERUM","HL","","","S",0,1,0,0,0,0
"RkyMtn5-015",3,24,"BASA3","HL","","","","S",0,0,0,0,0,0
"RkyMtn5-015",3,24.5,"ARTRV","ARCO5","HL","","","S",0,0,0,0,0,0
"RkyMtn5-015",3,25,"ARCO5","HL","","","","S",0,0,0,0,0,0
"RkyMtn5-017",1,0.5,"N","","","","","GR",0,0,0,0,0,0
"RkyMtn5-017",1,1,"ERIGE2PF","HL","","","","S",0,0,0,0,0,0
"RkyMtn5-017",1,1.5,"ARNO4","HL","","","","S",0,0,0,0,0,0
"RkyMtn5-017",1,2,"N","HL","","","","S",0,0,0,0,0,0
"RkyMtn5-017",1,2.5,"KOMA","","","","","S",0,0,0,0,0,0
"RkyMtn5-017",1,3,"N","","","","","CB",0,0,0,0,0,0
"RkyMtn5-017",1,3.5,"N","HL","","","","S",0,0,0,0,0,0
"RkyMtn5-017",1,4,"PHLOXPF","ARNO4","HL","","","S",0,0,0,0,0,0
"RkyMtn5-017",1,4.5,"ARNO4","","","","","CB",0,0,0,0,0,0
"RkyMtn5-017",1,5,"N","","","","","GR",0,0,0,0,0,0
"RkyMtn5-017",1,5.5,"ARNO4","HL","","","","S",0,0,0,0,0,0
"RkyMtn5-017",1,6,"N","HL","","","","S",0,0,0,0,0,0
"RkyMtn5-017",1,6.5,"N","HL","","","","S",0,0,0,0,0,0
"RkyMtn5-017",1,7,"N","HL","","","","S",0,0,0,0,0,0
"RkyMtn5-017",1,7.5,"N","","","","","S",0,0,0,0,0,0
"RkyMtn5-017",1,8,"N","","","","","CB",0,0,0,0,0,0
"RkyMtn5-017",1,8.5,"ARNO4","HL","","","","CB",0,0,0,0,0,0
"RkyMtn5-017",1,9,"N","HL","","","","CB",0,0,0,0,0,0
"RkyMtn5-017",1,9.5,"N","","","","","GR",0,0,0,0,0,0
"RkyMtn5-017",1,10,"ARNO4","HL","","","","S",0,0,0,0,0,0
"RkyMtn5-017",1,10.5,"ARNO4","HL","","","","S",0,0,0,0,0,0
"RkyMtn5-017",1,11,"N","","","","","GR",0,0,0,0,0,0
"RkyMtn5-017",1,11.5,"N","HL","","","","S",0,0,0,0,0,0
"RkyMtn5-017",1,12,"KOMA","HL","","","","KOMA",0,0,0,0,0,0
"RkyMtn5-017",1,12.5,"ERIOGPF","","","","","ST",0,0,0,0,0,0
"RkyMtn5-017",1,13,"KOMA","HL","","","","S",1,0,0,0,0,0
"RkyMtn5-017",1,13.5,"N","HL","","","","S",0,0,0,0,0,0
"RkyMtn5-017",1,14,"N","","","","","GR",0,0,0,0,0,0
"RkyMtn5-017",1,14.5,"N","HL","","","","S",0,0,0,0,0,0
"RkyMtn5-017",1,15,"N","","","","","S",0,0,0,0,0,0
"RkyMtn5-017",1,15.5,"N","HL","","","","S",0,0,0,0,0,0
"RkyMtn5-017",1,16,"N","","","","","S",0,0,0,0,0,0
"RkyMtn5-017",1,16.5,"POSE","","","","","S",0,0,0,0,0,0
"RkyMtn5-017",1,17,"CADU6","","","","","CB",0,0,0,0,0,0
"RkyMtn5-017",1,17.5,"ARNO4","HL","","","","S",0,0,0,0,0,0
"RkyMtn5-017",1,18,"N","","","","","ST",0,0,0,0,0,0
"RkyMtn5-017",1,18.5,"N","HL","","","","S",0,0,0,0,0,0
"RkyMtn5-017",1,19,"N","","","","","S",0,0,0,0,0,0
"RkyMtn5-017",1,19.5,"ARNO4","HL","","","","S",0,0,0,0,0,0
"RkyMtn5-017",1,20,"ARNO4","HL","","","","S",0,0,0,0,0,0
"RkyMtn5-017",1,20.5,"CADU6","HL","","","","S",1,0,0,0,0,0
"RkyMtn5-017",1,21,"N","","","","","GR",0,0,0,0,0,0
"RkyMtn5-017",1,21.5,"N","","","","","GR",0,0,0,0,0,0
"RkyMtn5-017",1,22,"ARNO4","HL","","","","S",0,0,0,0,0,0
"RkyMtn5-017",1,22.5,"N","","","","","GR",0,0,0,0,0,0
"RkyMtn5-017",1,23,"KOMA","","","","","S",0,0,0,0,0,0
"RkyMtn5-017",1,23.5,"ARNO4","","","","","S",0,0,0,0,0,0
"RkyMtn5-017",1,24,"N","HL","","","","S",0,0,0,0,0,0
"RkyMtn5-017",1,24.5,"N","","","","","CB",0,0,0,0,0,0
"RkyMtn5-017",1,25,"N","","","","","GR",0,0,0,0,0,0
"RkyMtn5-017",2,0.5,"N","","","","","GR",0,0,0,0,0,0
"RkyMtn5-017",2,1,"N","","","","","CB",0,0,0,0,0,0
"RkyMtn5-017",2,1.5,"N","","","","","S",0,0,0,0,0,0
"RkyMtn5-017",2,2,"N","","","","","GR",0,0,0,0,0,0
"RkyMtn5-017",2,2.5,"ACLE9","HL","","","","ACLE9",0,0,0,0,0,0
"RkyMtn5-017",2,3,"N","HL","","","","S",0,0,0,0,0,0
"RkyMtn5-017",2,3.5,"N","","","","","S",0,0,0,0,0,0
"RkyMtn5-017",2,4,"CHVI8","","","","","CB",1,0,0,0,0,0
"RkyMtn5-017",2,4.5,"KOMA","HL","","","","S",0,0,0,0,0,0
"RkyMtn5-017",2,5,"ARNO4","","","","","GR",1,0,0,0,0,0
"RkyMtn5-017",2,5.5,"ARNO4","HL","","","","S",0,0,0,0,0,0
"RkyMtn5-017",2,6,"N","","","","","GR",0,0,0,0,0,0
"RkyMtn5-017",2,6.5,"N","HL","","","","S",0,0,0,0,0,0
"RkyMtn5-017",2,7,"N","","","","","CB",0,0,0,0,0,0
"RkyMtn5-017",2,7.5,"ARNO4","","","","","S",0,0,0,0,0,0
"RkyMtn5-017",2,8,"N","HL","","","","S",0,0,0,0,0,0
"RkyMtn5-017",2,8.5,"N","","","","","GR",0,0,0,0,0,0
"RkyMtn5-017",2,9,"ARNO4","KOMA","HL","","","S",0,1,0,0,0,0
"RkyMtn5-017",2,9.5,"N","HL","","","","S",0,0,0,0,0,0
"RkyMtn5-017",2,10,"ARNO4","","","","","S",0,0,0,0,0,0
"RkyMtn5-017",2,10.5,"KOMA","ARNO4","","","","CB",0,0,0,0,0,0
"RkyMtn5-017",2,11,"N","","","","","S",0,0,0,0,0,0
"RkyMtn5-017",2,11.5,"N","","","","","S",0,0,0,0,0,0
"RkyMtn5-017",2,12,"ARNO4","HL","","","","S",0,0,0,0,0,0
"RkyMtn5-017",2,12.5,"ANMI3","","","","","S",0,0,0,0,0,0
"RkyMtn5-017",2,13,"N","","","","","GR",0,0,0,0,0,0
"RkyMtn5-017",2,13.5,"ARNO4","KOMA","HL","","","S",0,0,0,0,0,0
"RkyMtn5-017",2,14,"ARNO4","CADU6","","","","CB",0,0,0,0,0,0
"RkyMtn5-017",2,14.5,"N","","","","","S",0,0,0,0,0,0
"RkyMtn5-017",2,15,"N","","","","","GR",0,0,0,0,0,0
"RkyMtn5-017",2,15.5,"ANMI3","","","","","S",0,0,0,0,0,0
"RkyMtn5-017",2,16,"ARNO4","KOMA","HL","","","S",0,0,0,0,0,0
"RkyMtn5-017",2,16.5,"N","","","","","S",0,0,0,0,0,0
"RkyMtn5-017",2,17,"N","","","","","GR",0,0,0,0,0,0
"RkyMtn5-017",2,17.5,"ARNO4","","","","","S",1,0,0,0,0,0
"RkyMtn5-017",2,18,"N","","","","","ST",0,0,0,0,0,0
"RkyMtn5-017",2,18.5,"N","","","","","S",0,0,0,0,0,0
"RkyMtn5-017",2,19,"N","HL","","","","S",0,0,0,0,0,0
"RkyMtn5-017",2,19.5,"ARNO4","ANMI3","HL","","","S",0,0,0,0,0,0
"RkyMtn5-017",2,20,"N","HL","","","","S",0,0,0,0,0,0
"RkyMtn5-017",2,20.5,"ARNO4","ACLE9","HL","","","S",0,0,0,0,0,0
"RkyMtn5-017",2,21,"ARNO4","HL","","","","S",1,0,0,0,0,0
"RkyMtn5-017",2,21.5,"ARNO4","ANMI3","","","","S",1,0,0,0,0,0
"RkyMtn5-017",2,22,"N","","","","","CB",0,0,0,0,0,0
"RkyMtn5-017",2,22.5,"N","","","","","S",0,0,0,0,0,0
"RkyMtn5-017",2,23,"N","","","","","ST",0,0,0,0,0,0
"RkyMtn5-017",2,23.5,"KOMA","HL","","","","S",0,0,0,0,0,0
"RkyMtn5-017",2,24,"N","WL","HL","","","S",0,0,0,0,0,0
"RkyMtn5-017",2,24.5,"N","","","","","ST",0,0,0,0,0,0
"RkyMtn5-017",2,25,"N","","","","","CB",0,0,0,0,0,0
"RkyMtn5-017",3,0.5,"N","","","","","S",0,0,0,0,0,0
"RkyMtn5-017",3,1,"ARNO4","CADU6","","","","S",0,0,0,0,0,0
"RkyMtn5-017",3,1.5,"ARNO4","","","","","S",1,0,0,0,0,0
"RkyMtn5-017",3,2,"ARNO4","KOMA","HL","","","S",0,1,0,0,0,0
"RkyMtn5-017",3,2.5,"N","HL","","","","S",0,0,0,0,0,0
"RkyMtn5-017",3,3,"N","","","","","GR",0,0,0,0,0,0
"RkyMtn5-017",3,3.5,"ARNO4","HL","","","","GR",0,0,0,0,0,0
"RkyMtn5-017",3,4,"ARNO4","HL","","","","GR",0,0,0,0,0,0
"RkyMtn5-017",3,4.5,"N","","","","","CB",0,0,0,0,0,0
"RkyMtn5-017",3,5,"POFE","HL","","","","S",1,0,0,0,0,0
"RkyMtn5-017",3,5.5,"N","","","","","ST",0,0,0,0,0,0
"RkyMtn5-017",3,6,"N","","","","","GR",0,0,0,0,0,0
"RkyMtn5-017",3,6.5,"ARNO4","POFE","HL","","","S",0,0,0,0,0,0
"RkyMtn5-017",3,7,"ARNO4","POFE","HL","","","S",1,1,0,0,0,0
"RkyMtn5-017",3,7.5,"ARNO4","","","","","CB",0,0,0,0,0,0
"RkyMtn5-017",3,8,"N","","","","","CB",0,0,0,0,0,0
"RkyMtn5-017",3,8.5,"ARNO4","HL","","","","S",0,0,0,0,0,0
"RkyMtn5-017",3,9,"N","","","","","CB",0,0,0,0,0,0
"RkyMtn5-017",3,9.5,"ARNO4","POFE","HL","","","S",0,0,0,0,0,0
"RkyMtn5-017",3,10,"ARNO4","","","","","GR",0,0,0,0,0,0
"RkyMtn5-017",3,10.5,"N","","","","","GR",0,0,0,0,0,0
"RkyMtn5-017",3,11,"ARNO4","POSE","HL","","","S",0,0,0,0,0,0
"RkyMtn5-017",3,11.5,"PF400","HL","","","","GR",0,0,0,0,0,0
"RkyMtn5-017",3,12,"N","HL","","","","S",0,0,0,0,0,0
"RkyMtn5-017",3,12.5,"ARNO4","HL","","","","S",1,0,0,0,0,0
"RkyMtn5-017",3,13,"N","","","","","S",0,0,0,0,0,0
"RkyMtn5-017",3,13.5,"N","","","","","GR",0,0,0,0,0,0
"RkyMtn5-017",3,14,"N","","","","","GR",0,0,0,0,0,0
"RkyMtn5-017",3,14.5,"N","HL","","","","S",0,0,0,0,0,0
"RkyMtn5-017",3,15,"ARNO4","","","","","S",1,0,0,0,0,0
"RkyMtn5-017",3,15.5,"POFE","","","","","LC",1,0,0,0,0,0
"RkyMtn5-017",3,16,"ARNO4","HL","","","","S",0,0,0,0,0,0
"RkyMtn5-017",3,16.5,"N","","","","","GR",0,0,0,0,0,0
"RkyMtn5-017",3,17,"N","HL","","","","S",0,0,0,0,0,0
"RkyMtn5-017",3,17.5,"N","HL","","","","S",0,0,0,0,0,0
"RkyMtn5-017",3,18,"N","","","","","GR",0,0,0,0,0,0
"RkyMtn5-017",3,18.5,"N","","","","","GR",0,0,0,0,0,0
"RkyMtn5-017",3,19,"N","","","","","S",0,0,0,0,0,0
"RkyMtn5-017",3,19.5,"PF000","HL","","","","S",1,0,0,0,0,0
"RkyMtn5-017",3,20,"ARNO4","HL","","","","S",0,0,0,0,0,0
"RkyMtn5-017",3,20.5,"N","HL","","","","S",0,0,0,0,0,0
"RkyMtn5-017",3,21,"N","","","","","S",0,0,0,0,0,0
"RkyMtn5-017",3,21.5,"N","","","","","GR",0,0,0,0,0,0
"RkyMtn5-017",3,22,"N","","","","","GR",0,0,0,0,0,0
"RkyMtn5-017",3,22.5,"N","WL","","","","GR",0,0,0,0,0,0
"RkyMtn5-017",3,23,"N","","","","","S",0,0,0,0,0,0
"RkyMtn5-017",3,23.5,"CHVI8","HL","","","","S",0,0,0,0,0,0
"RkyMtn5-017",3,24,"N","","","","","GR",0,0,0,0,0,0
"RkyMtn5-017",3,24.5,"N","HL","","","","GR",0,0,0,0,0,0
"RkyMtn5-017",3,25,"N","HL","","","","S",0,0,0,0,0,0
"RkyMtn5-999",1,0.5,"CHVI8","FEID","HL","","","S",0,0,0,0,0,0
"RkyMtn5-999",1,1,"TECA2","ARTRV","FEID","","","FEID",0,0,0,0,0,0
"RkyMtn5-999",1,1.5,"ARTRV","HL","","","","S",1,0,0,0,0,0
"RkyMtn5-999",1,2,"N","HL","","","","S",0,0,0,0,0,0
"RkyMtn5-999",1,2.5,"N","HL","","","","S",0,0,0,0,0,0
"RkyMtn5-999",1,3,"CHVI8","HL","","","","S",0,0,0,0,0,0
"RkyMtn5-999",1,3.5,"N","","","","","S",0,0,0,0,0,0
"RkyMtn5-999",1,4,"ARTRV","WL","HL","","","M",0,0,0,0,0,0
"RkyMtn5-999",1,4.5,"FEID","HL","","","","S",0,0,0,0,0,0
"RkyMtn5-999",1,5,"FEID","HL","","","","S",0,0,0,0,0,0
"RkyMtn5-999",1,5.5,"N","WL","","","","CB",0,0,0,0,0,0
"RkyMtn5-999",1,6,"ARTRV","HL","","","","S",0,0,0,0,0,0
"RkyMtn5-999",1,6.5,"N","HL","","","","LC",0,0,0,0,0,0
"RkyMtn5-999",1,7,"N","HL","","","","S",0,0,0,0,0,0
"RkyMtn5-999",1,7.5,"FEID","ASMI9","HL","","","LC",0,0,0,0,0,0
"RkyMtn5-999",1,8,"N","","","","","CB",0,0,0,0,0,0
"RkyMtn5-999",1,8.5,"N","","","","","S",0,0,0,0,0,0
"RkyMtn5-999",1,9,"N","","","","","GR",0,0,0,0,0,0
"RkyMtn5-999",1,9.5,"FEID","","","","","FEID",0,0,0,0,0,0
"RkyMtn5-999",1,10,"FEID","ANMI3","HL","","","S",1,0,0,0,0,0
"RkyMtn5-999",1,10.5,"N","WL","HL","","","S",0,0,0,0,0,0
"RkyMtn5-999",1,11,"N","HL","","","","S",0,0,0,0,0,0
"RkyMtn5-999",1,11.5,"ARTRV","FEID","HL","","","S",0,0,0,0,0,0
"RkyMtn5-999",1,12,"FEID","HL","","","","S",0,0,0,0,0,0
"RkyMtn5-999",1,12.5,"ARTRV","ASMI9","HL","","","S",0,0,0,0,0,0
"RkyMtn5-999",1,13,"ARTRV","FEID","HL","","","S",0,0,0,0,0,0
"RkyMtn5-999",1,13.5,"ERNA10","HL","","","","S",1,0,0,0,0,0
"RkyMtn5-999",1,14,"FEID","HL","","","","LC",0,0,0,0,0,0
"RkyMtn5-999",1,14.5,"ARTRV","FEID","","","","S",0,0,0,0,0,0
"RkyMtn5-999",1,15,"FEID","ANMI3","HL","","","S",0,0,0,0,0,0
"RkyMtn5-999",1,15.5,"ARTRV","PSSP6","HL","","","S",0,0,0,0,0,0
"RkyMtn5-999",1,16,"FEID","ARTRV","HL","","","S",0,0,0,0,0,0
"RkyMtn5-999",1,16.5,"ARTRV","HL","","","","S",0,0,0,0,0,0
"RkyMtn5-999",1,17,"ASMI9","HL","","","","S",0,0,0,0,0,0
"RkyMtn5-999",1,17.5,"ARTRV","FEID","HL","","","S",1,0,0,0,0,0
"RkyMtn5-999",1,18,"FEID","HL","","","","S",1,0,0,0,0,0
"RkyMtn5-999",1,18.5,"PSSP6","HL","","","","S",0,0,0,0,0,0
"RkyMtn5-999",1,19,"FEID","WL","HL","","","S",0,0,0,0,0,0
"RkyMtn5-999",1,19.5,"N","HL","","","","S",0,0,0,0,0,0
"RkyMtn5-999",1,20,"N","HL","","","","S",0,0,0,0,0,0
"RkyMtn5-999",1,20.5,"N","HL","","","","S",0,0,0,0,0,0
"RkyMtn5-999",1,21,"PSSP6","HL","","","","S",0,0,0,0,0,0
"RkyMtn5-999",1,21.5,"ELLA3","FEID","HL","","","S",0,0,0,0,0,0
"RkyMtn5-999",1,22,"FEID","TECA2","HL","","","S",0,0,0,0,0,0
"RkyMtn5-999",1,22.5,"N","HL","","","","S",0,0,0,0,0,0
"RkyMtn5-999",1,23,"TECA2","FEID","HL","","","S",1,0,0,0,0,0
"RkyMtn5-999",1,23.5,"ARTRV","ASMI9","HL","","","S",0,0,0,0,0,0
"RkyMtn5-999",1,24,"ASMI9","FEID","HL","","","S",0,1,0,0,0,0
"RkyMtn5-999",1,24.5,"N","HL","","","","LC",0,0,0,0,0,0
"RkyMtn5-999",1,25,"PSSP6","FEID","","","","LC",0,0,0,0,0,0
"RkyMtn5-999",2,0.5,"N","HL","","","","S",0,0,0,0,0,0
"RkyMtn5-999",2,1,"FEID","","","","","LC",0,0,0,0,0,0
"RkyMtn5-999",2,1.5,"FEID","","","","","FEID",0,0,0,0,0,0
"RkyMtn5-999",2,2,"FEID","HL","","","","LC",0,0,0,0,0,0
"RkyMtn5-999",2,2.5,"CAVA3","FEID","HL","","","S",0,0,0,0,0,0
"RkyMtn5-999",2,3,"N","HL","","","","M",0,0,0,0,0,0
"RkyMtn5-999",2,3.5,"ASMI9","HL","","","","S",0,0,0,0,0,0
"RkyMtn5-999",2,4,"PSSP6","HL","","","","S",0,0,0,0,0,0
"RkyMtn5-999",2,4.5,"ASMI9","HL","","","","M",0,0,0,0,0,0
"RkyMtn5-999",2,5,"N","HL","","","","S",0,0,0,0,0,0
"RkyMtn5-999",2,5.5,"FEID","","","","","M",0,0,0,0,0,0
"RkyMtn5-999",2,6,"FEID","HL","","","","FEID",0,0,0,0,0,0
"RkyMtn5-999",2,6.5,"POSE","ARTRV","FEID","LIPU11","HL","S",0,1,0,0,0,0
"RkyMtn5-999",2,7,"ARTRV","FEID","HL","","","S",1,0,0,0,0,0
"RkyMtn5-999",2,7.5,"ARTRV","FEID","HL","","","S",0,0,0,0,0,0
"RkyMtn5-999",2,8,"FEID","HL","","","","S",0,0,0,0,0,0
"RkyMtn5-999",2,8.5,"FEID","","","","","FEID",0,0,0,0,0,0
"RkyMtn5-999",2,9,"N","HL","","","","S",0,0,0,0,0,0
"RkyMtn5-999",2,9.5,"FEID","HL","","","","M",0,0,0,0,0,0
"RkyMtn5-999",2,10,"ASMI9","HL","","","","M",0,0,0,0,0,0
"RkyMtn5-999",2,10.5,"POCU3","ASMI9","","","","LC",0,0,0,0,0,0
"RkyMtn5-999",2,11,"TECA2","HL","","","","S",1,0,0,0,0,0
"RkyMtn5-999",2,11.5,"ARTRV","HL","","","","S",1,0,0,0,0,0
"RkyMtn5-999",2,12,"N","WL","","","","S",0,0,0,0,0,0
"RkyMtn5-999",2,12.5,"FEID","WL","HL","","","S",0,0,0,0,0,0
"RkyMtn5-999",2,13,"N","HL","","","","M",0,0,0,0,0,0
"RkyMtn5-999",2,13.5,"N","","","","","S",0,0,0,0,0,0
"RkyMtn5-999",2,14,"FEID","","","","","S",0,0,0,0,0,0
"RkyMtn5-999",2,14.5,"FEID","HL","","","","S",0,0,0,0,0,0
"RkyMtn5-999",2,15,"FEID","HL","","","","S",0,0,0,0,0,0
"RkyMtn5-999",2,15.5,"N","HL","","","","S",0,0,0,0,0,0
"RkyMtn5-999",2,16,"N","HL","","","","S",0,0,0,0,0,0
"RkyMtn5-999",2,16.5,"N","HL","","","","S",0,0,0,0,0,0
"RkyMtn5-999",2,17,"ASMI9","FEID","HL","","","S",0,0,0,0,0,0
"RkyMtn5-999",2,17.5,"POCU3","","","","","LC",0,0,0,0,0,0
"RkyMtn5-999",2,18,"PSSP6","HL","","","","S",1,0,0,0,0,0
"RkyMtn5-999",2,18.5,"N","HL","","","","S",0,0,0,0,0,0
"RkyMtn5-999",2,19,"N","HL","","","","S",0,0,0,0,0,0
"RkyMtn5-999",2,19.5,"FEID","","","","","FEID",0,0,0,0,0,0
"RkyMtn5-999",2,20,"FEID","HL","","","","S",0,0,0,0,0,0
"RkyMtn5-999",2,20.5,"FEID","HL","","","","LC",0,0,0,0,0,0
"RkyMtn5-999",2,21,"TECA2","FEID","CHVI8","HL","","S",1,0,1,0,0,0
"RkyMtn5-999",2,21.5,"FEID","ANMI3","HL","","","S",0,0,0,0,0,0
"RkyMtn5-999",2,22,"FEID","HL","","","","S",0,0,0,0,0,0
"RkyMtn5-999",2,22.5,"FEID","POSE","","","","LC",0,0,0,0,0,0
"RkyMtn5-999",2,23,"FEID","HL","","","","S",0,0,0,0,0,0
"RkyMtn5-999",2,23.5,"FEID","HL","","","","S",0,0,0,0,0,0
"RkyMtn5-999",2,24,"FEID","","","","","M",0,0,0,0,0,0
"RkyMtn5-999",2,24.5,"ARTRV","","","","","S",0,0,0,0,0,0
"RkyMtn5-999",2,25,"ASMI9","HL","","","","S",0,0,0,0,0,0
"RkyMtn5-999",3,0.5,"N","","","","","LC",0,0,0,0,0,0
"RkyMtn5-999",3,1,"ARTRV","FEID","HL","","","S",0,0,0,0,0,0
"RkyMtn5-999",3,1.5,"ARTRV","HL","","","","S",1,0,0,0,0,0
"RkyMtn5-999",3,2,"N","WL","HL","","","S",0,0,0,0,0,0
"RkyMtn5-999",3,2.5,"N","HL","","","","S",0,0,0,0,0,0
"RkyMtn5-999",3,3,"N","","","","","S",0,0,0,0,0,0
"RkyMtn5-999",3,3.5,"FEID","HL","","","","S",0,0,0,0,0,0
"RkyMtn5-999",3,4,"FEID","HL","","","","S",0,0,0,0,0,0
"RkyMtn5-999",3,4.5,"FEID","HL","","","","S",0,0,0,0,0,0
"RkyMtn5-999",3,5,"N","HL","","","","S",0,0,0,0,0,0
"RkyMtn5-999",3,5.5,"FEID","WL","HL","","","LC",0,0,0,0,0,0
"RkyMtn5-999",3,6,"ARTRV","HL","","","","S",0,0,0,0,0,0
"RkyMtn5-999",3,6.5,"FEID","HL","","","","S",0,0,0,0,0,0
"RkyMtn5-999",3,7,"ARTRV","FEID","HL","","","S",0,0,0,0,0,0
"RkyMtn5-999",3,7.5,"N","","","","","LC",0,0,0,0,0,0
"RkyMtn5-999",3,8,"FEID","POCU3","HL","","","S",0,0,0,0,0,0
"RkyMtn5-999",3,8.5,"FEID","HL","","","","S",0,0,0,0,0,0
"RkyMtn5-999",3,9,"ARTRV","HL","","","","S",0,0,0,0,0,0
"RkyMtn5-999",3,9.5,"ELLA3","TECA2","FEID","HL","","S",0,0,0,0,0,0
"RkyMtn5-999",3,10,"PSSP6","","","","","GR",0,0,0,0,0,0
"RkyMtn5-999",3,10.5,"N","HL","","","","S",0,0,0,0,0,0
"RkyMtn5-999",3,11,"FEID","HL","","","","LC",0,0,0,0,0,0
"RkyMtn5-999",3,11.5,"ARTRV","CHVI8","HL","","","S",0,0,0,0,0,0
"RkyMtn5-999",3,12,"ARTRV","HL","","","","S",0,0,0,0,0,0
"RkyMtn5-999",3,12.5,"ARTRV","HL","","","","S",1,0,0,0,0,0
"RkyMtn5-999",3,13,"FEID","HL","","","","LC",0,0,0,0,0,0
"RkyMtn5-999",3,13.5,"FEID","HL","","","","S",0,0,0,0,0,0
"RkyMtn5-999",3,14,"FEID","HL","","","","S",1,0,0,0,0,0
"RkyMtn5-999",3,14.5,"POCU3","HL","","","","S",0,0,0,0,0,0
"RkyMtn5-999",3,15,"FEID","","","","","LC",0,0,0,0,0,0
"RkyMtn5-999",3,15.5,"N","HL","","","","S",0,0,0,0,0,0
"RkyMtn5-999",3,16,"FEID","","","","","FEID",1,0,0,0,0,1
"RkyMtn5-999",3,16.5,"FEID","HL","","","","S",0,0,0,0,0,0
"RkyMtn5-999",3,17,"ASMI9","","","","","S",0,0,0,0,0,0
"RkyMtn5-999",3,17.5,"PSSP6","HL","","","","S",0,0,0,0,0,0
"RkyMtn5-999",3,18,"FEID","","","","","FEID",0,0,0,0,0,0
"RkyMtn5-999",3,18.5,"FEID","ANMI3","HL","","","S",0,0,0,0,0,0
"RkyMtn5-999",3,19,"FEID","HL","","","","LC",0,0,0,0,0,0
"RkyMtn5-999",3,19.5,"FEID","HL","","","","S",0,0,0,0,0,0
"RkyMtn5-999",3,20,"N","","","","","LC",0,0,0,0,0,0
"RkyMtn5-999",3,20.5,"N","HL","","","","S",0,0,0,0,0,0
"RkyMtn5-999",3,21,"FEID","HL","","","","S",0,0,0,0,0,0
"RkyMtn5-999",3,21.5,"CORA5","HL","","","","S",0,0,0,0,0,0
"RkyMtn5-999",3,22,"N","HL","","","","S",0,0,0,0,0,0
"RkyMtn5-999",3,22.5,"ANMI3","","","","","LC",1,0,0,0,0,0
"RkyMtn5-999",3,23,"ASMI9","HL","","","","S",0,0,0,0,0,0
"RkyMtn5-999",3,23.5,"N","","","","","GR",0,0,0,0,0,0
"RkyMtn5-999",3,24,"N","HL","","","","S",0,0,0,0,0,0
"RkyMtn5-999",3,24.5,"FEID","HL","","","","S",1,0,0,0,0,0
"RkyMtn5-999",3,25,"ARTRV","WL","HL","","","S",0,0,0,0,0,0
"RkyMtn6-010",1,0.5,"ARTRV","HL","","","","S",1,0,0,0,0,0
"RkyMtn6-010",1,1,"AGGL","LUAR3","HL","","","S",0,0,0,0,0,0
"RkyMtn6-010",1,1.5,"LEKI2","AGGL","HL","","","S",0,0,0,0,0,0
"RkyMtn6-010",1,2,"ACNE9","LEKI2","VINU2","AGGL","HL","S",0,0,0,0,0,0
"RkyMtn6-010",1,2.5,"FEID","HL","","","","S",0,0,0,0,0,0
"RkyMtn6-010",1,3,"LEKI2","AGGL","HL","","","S",0,0,0,0,0,0
"RkyMtn6-010",1,3.5,"AGGL","ACNE9","HL","","","S",0,0,0,0,0,0
"RkyMtn6-010",1,4,"AGGL","HL","","","","S",1,0,0,0,0,0
"RkyMtn6-010",1,4.5,"LUAR3","LEKI2","AGGL","HL","","S",0,0,0,0,0,0
"RkyMtn6-010",1,5,"LEKI2","AGGL","HL","","","S",0,0,0,0,0,0
"RkyMtn6-010",1,5.5,"LUAR3","WL","AGGL","HL","","S",0,0,0,0,0,0
"RkyMtn6-010",1,6,"LUAR3","ARTRV","CEAR4","HL","","S",0,0,0,0,0,0
"RkyMtn6-010",1,6.5,"ARTRV","HL","","","","S",0,0,0,0,0,0
"RkyMtn6-010",1,7,"N","HL","","","","S",0,0,0,0,0,0
"RkyMtn6-010",1,7.5,"ARTRV","HL","","","","S",1,0,0,0,0,0
"RkyMtn6-010",1,8,"GETR","HL","","","","S",0,0,0,0,0,0
"RkyMtn6-010",1,8.5,"VINU2","HL","","","","S",0,0,0,0,0,0
"RkyMtn6-010",1,9,"FEID","WL","HL","","","S",0,0,0,0,0,0
"RkyMtn6-010",1,9.5,"ERUM","HL","","","","S",0,0,0,0,0,0
"RkyMtn6-010",1,10,"N","WL","HL","","","S",0,0,0,0,0,0
"RkyMtn6-010",1,10.5,"PHMU3","ERUM","HL","","","S",0,0,0,0,0,0
"RkyMtn6-010",1,11,"ARTRV","CAGU","HL","","","S",0,0,0,0,0,0
"RkyMtn6-010",1,11.5,"LOTR2","PHMU3","HL","","","S",0,0,0,0,0,0
"RkyMtn6-010",1,12,"POPR","LUAR3","HL","","","S",0,0,0,0,0,0
"RkyMtn6-010",1,12.5,"ARTRV","CLHI","HL","","","S",0,0,0,0,0,0
"RkyMtn6-010",1,13,"N","HL","","","","S",0,0,0,0,0,0
"RkyMtn6-010",1,13.5,"LUAR3","EUIN9","HL","","","S",0,0,0,0,0,0
"RkyMtn6-010",1,14,"EUIN9","AGGL","HL","","","S",0,0,0,0,0,0
"RkyMtn6-010",1,14.5,"LEKI2","HL","","","","S",0,0,0,0,0,0
"RkyMtn6-010",1,15,"ANAN2","HL","","","","S",0,0,0,0,0,0
"RkyMtn6-010",1,15.5,"ARTRV","ACNE9","LOTR2","HL","","S",0,0,0,0,0,0
"RkyMtn6-010",1,16,"ARTRV","EUIN9","HL","","","S",0,0,0,0,0,0
"RkyMtn6-010",1,16.5,"CEAR4","HL","","","","S",1,0,0,0,0,0
"RkyMtn6-010",1,17,"ARTRV","AGGL","CEAR4","HL","","S",0,0,0,0,0,0
"RkyMtn6-010",1,17.5,"ARTRV","HL","","","","S",0,0,0,0,0,0
"RkyMtn6-010",1,18,"ARTRV","HL","","","","S",0,0,0,0,0,0
"RkyMtn6-010",1,18.5,"PHMU3","HL","","","","S",0,0,0,0,0,0
"RkyMtn6-010",1,19,"LUAR3","HL","","","","S",0,0,0,0,0,0
"RkyMtn6-010",1,19.5,"ARTRV","FEID","LEKI2","LUAR3","HL","S",0,0,0,0,0,0
"RkyMtn6-010",1,20,"LUAR3","LEKI2","CEAR4","HL","","S",0,0,0,0,0,0
"RkyMtn6-010",1,20.5,"ARTRV","LOTR2","HL","","","S",1,0,0,0,0,0
"RkyMtn6-010",1,21,"ACNE9","LOTR2","LUAR3","HL","","S",0,0,0,0,0,0
"RkyMtn6-010",1,21.5,"ACNE9","AGGL","ERUM","HL","","S",0,0,0,0,0,0
"RkyMtn6-010",1,22,"LOTR2","HL","","","","S",0,0,0,0,0,0
"RkyMtn6-010",1,22.5,"COPA3","LUAR3","HL","","","S",0,0,0,0,0,0
"RkyMtn6-010",1,23,"N","HL","","","","S",0,0,0,0,0,0
"RkyMtn6-010",1,23.5,"POBI6","HL","","","","S",0,0,0,0,0,0
"RkyMtn6-010",1,24,"ARTRV","PHMU3","HL","","","S",0,0,0,0,0,0
"RkyMtn6-010",1,24.5,"CEAR4","LUAR3","HL","","","S",0,1,0,0,0,0
"RkyMtn6-010",1,25,"COPA3","","","","","LC",0,0,0,0,0,0
"RkyMtn6-010",2,0.5,"ARTRV","","","","","S",0,0,0,0,0,0
"RkyMtn6-010",2,1,"ARTRV","AGGL","HL","","","S",1,0,0,0,0,0
"RkyMtn6-010",2,1.5,"ARTRV","HL","","","","S",0,0,0,0,0,0
"RkyMtn6-010",2,2,"LOTR2","AGGL","LUAR3","HL","","S",0,0,0,0,0,0
"RkyMtn6-010",2,2.5,"ARTRV","LUAR3","AGGL","HL","","S",1,0,0,0,0,0
"RkyMtn6-010",2,3,"EUIN9","CEAR4","HL","","","S",0,0,0,0,0,0
"RkyMtn6-010",2,3.5,"AGGL","HL","","","","S",0,0,0,0,0,0
"RkyMtn6-010",2,4,"N","HL","","","","S",0,0,0,0,0,0
"RkyMtn6-010",2,4.5,"PHMU3","HL","","","","S",0,0,0,0,0,0
"RkyMtn6-010",2,5,"N","WL","HL","","","S",0,0,0,0,0,0
"RkyMtn6-010",2,5.5,"ARTRV","AGGL","HL","","","S",0,0,0,0,0,0
"RkyMtn6-010",2,6,"ARTRV","HL","","","","S",0,0,0,0,0,0
"RkyMtn6-010",2,6.5,"ARTRV","LEKI2","HL","","","S",0,0,0,0,0,0
"RkyMtn6-010",2,7,"LEKI2","HL","","","","S",1,0,0,0,0,0
"RkyMtn6-010",2,7.5,"CEAR4","HL","","","","S",0,0,0,0,0,0
"RkyMtn6-010",2,8,"LEKI2","HL","","","","S",1,0,0,0,0,0
"RkyMtn6-010",2,8.5,"ARTRV","HL","","","","S",0,0,0,0,0,0
"RkyMtn6-010",2,9,"PHMU3","HL","","","","S",0,0,0,0,0,0
"RkyMtn6-010",2,9.5,"PHMU3","HL","","","","S",0,0,0,0,0,0
"RkyMtn6-010",2,10,"ERUM","HL","","","","S",0,0,0,0,0,0
"RkyMtn6-010",2,10.5,"N","HL","","","","S",0,0,0,0,0,0
"RkyMtn6-010",2,11,"LUAR3","CRAC2","HL","","","S",0,0,0,0,0,0
"RkyMtn6-010",2,11.5,"LUAR3","HL","","","","S",0,0,0,0,0,0
"RkyMtn6-010",2,12,"ARTRV","HL","","","","S",0,0,0,0,0,0
"RkyMtn6-010",2,12.5,"N","HL","","","","S",0,0,0,0,0,0
"RkyMtn6-010",2,13,"CARO2","ASMI9","FEID","HL","","S",0,0,0,0,0,0
"RkyMtn6-010",2,13.5,"LOTR2","HL","","","","S",0,0,0,0,0,0
"RkyMtn6-010",2,14,"LEKI2","GABO2","SYFO2","FEID","HL","S",0,0,0,0,0,0
"RkyMtn6-010",2,14.5,"FEID","HL","","","","S",0,0,0,0,0,0
"RkyMtn6-010",2,15,"LEKI2","SYFO2","HL","","","S",0,0,0,0,0,0
"RkyMtn6-010",2,15.5,"LEKI2","HL","","","","S",1,0,0,0,0,0
"RkyMtn6-010",2,16,"LEKI2","LUAR3","HL","","","S",0,0,0,0,0,0
"RkyMtn6-010",2,16.5,"ARTRV","ARCO5","HL","","","S",0,0,0,0,0,0
"RkyMtn6-010",2,17,"N","HL","","","","S",0,0,0,0,0,0
"RkyMtn6-010",2,17.5,"ARTRV","PHMU3","HL","","","S",0,0,0,0,0,0
"RkyMtn6-010",2,18,"LUAR3","HL","","","","S",0,0,0,0,0,0
"RkyMtn6-010",2,18.5,"GABO2","HL","","","","S",0,0,0,0,0,0
"RkyMtn6-010",2,19,"AGGL","HL","","","","S",0,0,0,0,0,0
"RkyMtn6-010",2,19.5,"N","HL","","","","S",0,0,0,0,0,0
"RkyMtn6-010",2,20,"FEID","HL","","","","S",0,0,0,0,0,0
"RkyMtn6-010",2,20.5,"ARTRV","HL","","","","S",0,0,0,0,0,0
"RkyMtn6-010",2,21,"ARTRV","LEKI2","ANAN2","HL","","S",0,0,0,0,0,0
"RkyMtn6-010",2,21.5,"LUAR3","HL","","","","S",0,0,0,0,0,0
"RkyMtn6-010",2,22,"ARTRV","LUAR3","HL","","","S",0,0,0,0,0,0
"RkyMtn6-010",2,22.5,"LUAR3","HL","","","","S",0,0,0,0,0,0
"RkyMtn6-010",2,23,"N","HL","","","","S",0,0,0,0,0,0
"RkyMtn6-010",2,23.5,"LEKI2","HL","","","","S",0,0,0,0,0,0
"RkyMtn6-010",2,24,"LEKI2","HL","","","","S",0,0,0,0,0,0
"RkyMtn6-010",2,24.5,"FEID","LEKI2","HL","","","S",0,1,0,0,0,0
"RkyMtn6-010",2,25,"LEKI2","HL","","","","S",0,0,0,0,0,0
"RkyMtn6-010",3,0.5,"ARTRV","HL","","","","S",0,0,0,0,0,0
"RkyMtn6-010",3,1,"LEKI2","ACNE9","HL","","","S",0,0,0,0,0,0
"RkyMtn6-010",3,1.5,"VINU2","ARTRV","LEKI2","HL","","S",0,0,0,0,0,0
"RkyMtn6-010",3,2,"ARTRV","ASMI9","HL","","","S",0,0,0,0,0,0
"RkyMtn6-010",3,2.5,"FEID","PHMU3","HL","","","S",0,0,0,0,0,0
"RkyMtn6-010",3,3,"ERUM","AGGL","LUAR3","HL","","S",0,0,0,0,0,0
"RkyMtn6-010",3,3.5,"AGGL","HL","","","","S",0,0,0,0,0,0
"RkyMtn6-010",3,4,"ARTRV","CEAR4","HL","","","S",0,0,0,0,0,0
"RkyMtn6-010",3,4.5,"ACNE9","ERUM","PHMU3","HL","","S",0,0,0,0,0,0
"RkyMtn6-010",3,5,"FEID","HL","","","","S",0,0,0,0,0,0
"RkyMtn6-010",3,5.5,"ARTRV","CEAR4","HL","","","S",0,1,0,0,0,0
"RkyMtn6-010",3,6,"PHMU3","VINU2","","","","S",0,0,0,0,0,0
"RkyMtn6-010",3,6.5,"POBI6","LUAR3","HL","","","S",0,0,0,0,0,0
"RkyMtn6-010",3,7,"N","HL","","","","S",0,0,0,0,0,0
"RkyMtn6-010",3,7.5,"PHMU3","ASMI9","HL","","","S",0,0,0,0,0,0
"RkyMtn6-010",3,8,"FEID","HL","","","","S",0,0,0,0,0,0
"RkyMtn6-010",3,8.5,"ARTRV","ERUM","CEAR4","HL","","S",0,0,0,0,0,0
"RkyMtn6-010",3,9,"ARTRV","HL","","","","S",0,0,0,0,0,0
"RkyMtn6-010",3,9.5,"ARTRV","HL","","","","S",0,0,0,0,0,0
"RkyMtn6-010",3,10,"N","HL","","","","S",0,0,0,0,0,0
"RkyMtn6-010",3,10.5,"LUAR3","PHMU3","HL","","","M",0,0,0,0,0,0
"RkyMtn6-010",3,11,"N","HL","","","","S",0,0,0,0,0,0
"RkyMtn6-010",3,11.5,"FEID","HL","","","","S",0,0,0,0,0,0
"RkyMtn6-010",3,12,"ARTRV","FEID","HL","","","S",0,0,0,0,0,0
"RkyMtn6-010",3,12.5,"ASMI9","CEAR4","HL","","","S",0,0,0,0,0,0
"RkyMtn6-010",3,13,"LUAR3","HL","","","","S",0,0,0,0,0,0
"RkyMtn6-010",3,13.5,"FEID","GABO2","HL","","","S",0,0,0,0,0,0
"RkyMtn6-010",3,14,"ARTRV","PHMU3","HL","","","S",1,0,0,0,0,0
"RkyMtn6-010",3,14.5,"PHMU3","HL","","","","S",0,0,0,0,0,0
"RkyMtn6-010",3,15,"ARTRV","ERUM","HL","","","S",0,0,0,0,0,0
"RkyMtn6-010",3,15.5,"ARTRV","LUAR3","HL","","","S",0,0,0,0,0,0
"RkyMtn6-010",3,16,"ARTRV","ERUM","","","","ERUM",0,0,0,0,0,0
"RkyMtn6-010",3,16.5,"LOTR2","ERUM","HL","","","S",0,1,0,0,0,0
"RkyMtn6-010",3,17,"ARTRV","PHMU3","HL","","","S",1,0,0,0,0,0
"RkyMtn6-010",3,17.5,"AGGL","HL","","","","S",0,0,0,0,0,0
"RkyMtn6-010",3,18,"ARTRV","CEAR4","HL","","","S",0,0,0,0,0,0
"RkyMtn6-010",3,18.5,"LUAR3","PHMU3","HL","","","S",0,0,0,0,0,0
"RkyMtn6-010",3,19,"LUAR3","HL","","","","S",0,0,0,0,0,0
"RkyMtn6-010",3,19.5,"ARTRV","ACNE9","LUAR3","HL","","S",0,0,0,0,0,0
"RkyMtn6-010",3,20,"MINU","HL","","","","S",0,0,0,0,0,0
"RkyMtn6-010",3,20.5,"LUAR3","HL","","","","S",0,0,0,0,0,0
"RkyMtn6-010",3,21,"LUAR3","HL","","","","S",0,0,0,0,0,0
"RkyMtn6-010",3,21.5,"LUAR3","HL","","","","S",0,0,0,0,0,0
"RkyMtn6-010",3,22,"LUAR3","HL","","","","S",0,0,0,0,0,0
"RkyMtn6-010",3,22.5,"AGGL","ERUM","HL","","","S",0,0,0,0,0,0
"RkyMtn6-010",3,23,"N","HL","","","","S",0,0,0,0,0,0
"RkyMtn6-010",3,23.5,"LUAR3","HL","","","","S",0,0,0,0,0,0
"RkyMtn6-010",3,24,"ARTRV","ERUM","HL","","","S",0,0,0,0,0,0
"RkyMtn6-010",3,24.5,"LUAR3","HL","","","","S",0,0,0,0,0,0
"RkyMtn6-010",3,25,"FEID","AGGL","HL","","","S",0,0,0,0,0,0
"RkyMtn7-999",1,0.5,"ERUM","POPR","HL","","","S",0,1,0,0,0,0
"RkyMtn7-999",1,1,"ARTRV","","","","","S",0,0,0,0,0,0
"RkyMtn7-999",1,1.5,"ARTRV","HL","","","","S",1,0,0,0,0,0
"RkyMtn7-999",1,2,"ARTRV","POPR","","","","S",0,1,0,0,0,0
"RkyMtn7-999",1,2.5,"ARTRV","ERUM","HL","","","S",0,0,0,0,0,0
"RkyMtn7-999",1,3,"POPR","ARDR","HL","","","S",0,0,0,0,0,0
"RkyMtn7-999",1,3.5,"ARTRV","","","","","S",1,0,0,0,0,0
"RkyMtn7-999",1,4,"N","HL","","","","GR",0,0,0,0,0,0
"RkyMtn7-999",1,4.5,"POPR","ARTRV","","","","GR",0,0,0,0,0,0
"RkyMtn7-999",1,5,"PSSP6","HL","","","","S",0,0,0,0,0,0
"RkyMtn7-999",1,5.5,"POPR","ERUM","HL","","","S",0,0,0,0,0,0
"RkyMtn7-999",1,6,"KOMA","HL","","","","S",0,0,0,0,0,0
"RkyMtn7-999",1,6.5,"LULE3","PSSP6","ARTRV","","","ARTRV",0,0,0,0,0,0
"RkyMtn7-999",1,7,"ANMI3","HL","","","","S",0,0,0,0,0,0
"RkyMtn7-999",1,7.5,"PSSP6","HL","","","","S",0,0,0,0,0,0
"RkyMtn7-999",1,8,"PSSP6","ERUM","HL","","","S",0,0,0,0,0,0
"RkyMtn7-999",1,8.5,"ARTRV","HL","","","","S",0,0,0,0,0,0
"RkyMtn7-999",1,9,"N","","","","","S",0,0,0,0,0,0
"RkyMtn7-999",1,9.5,"N","","","","","GR",0,0,0,0,0,0
"RkyMtn7-999",1,10,"CADO2","ERUM","HL","","","S",0,0,0,0,0,0
"RkyMtn7-999",1,10.5,"FEID","ERUM","HL","","","S",1,0,0,0,0,0
"RkyMtn7-999",1,11,"ERUM","HL","","","","S",0,0,0,0,0,0
"RkyMtn7-999",1,11.5,"ARTRV","WL","HL","","","S",0,0,0,0,0,0
"RkyMtn7-999",1,12,"PSSP6","HL","","","","S",0,0,0,0,0,0
"RkyMtn7-999",1,12.5,"POCU3","HL","","","","LC",0,0,0,0,0,0
"RkyMtn7-999",1,13,"ARTRV","HL","","","","S",1,0,0,0,0,0
"RkyMtn7-999",1,13.5,"ARTRV","ERUM","HL","","","S",0,0,0,0,0,0
"RkyMtn7-999",1,14,"ARTRV","ERUM","HL","","","S",0,0,0,0,0,0
"RkyMtn7-999",1,14.5,"ARTRV","HL","","","","S",1,0,0,0,0,0
"RkyMtn7-999",1,15,"N","HL","","","","S",0,0,0,0,0,0
"RkyMtn7-999",1,15.5,"LULE3","ERUM","HL","","","S",0,0,0,0,0,0
"RkyMtn7-999",1,16,"ERUM","ARTRV","","","","S",0,0,0,0,0,0
"RkyMtn7-999",1,16.5,"COPA3","","","","","S",0,0,0,0,0,0
"RkyMtn7-999",1,17,"ARTRV","PSSP6","ANMI3","HL","","S",0,0,0,0,0,0
"RkyMtn7-999",1,17.5,"ARTRV","PSSP6","","","","M",0,0,0,0,0,0
"RkyMtn7-999",1,18,"ARTRV","ERUM","HL","","","S",1,0,0,0,0,0
"RkyMtn7-999",1,18.5,"ARTRV","","","","","GR",0,0,0,0,0,0
"RkyMtn7-999",1,19,"N","HL","","","","M",0,0,0,0,0,0
"RkyMtn7-999",1,19.5,"ERUM","HL","","","","S",0,0,0,0,0,0
"RkyMtn7-999",1,20,"FEID","ANMI3","WL","HL","","S",0,0,0,0,0,0
"RkyMtn7-999",1,20.5,"PEGA3","POPR","FEID","HL","","S",0,0,0,0,0,0
"RkyMtn7-999",1,21,"ARTRV","POPR","HL","","","S",0,0,0,0,0,0
"RkyMtn7-999",1,21.5,"LULE3","ERUM","WL","HL","","S",0,0,0,0,0,0
"RkyMtn7-999",1,22,"ERUM","","","","","GR",0,0,0,0,0,0
"RkyMtn7-999",1,22.5,"ERUM","HL","","","","S",0,0,0,0,0,0
"RkyMtn7-999",1,23,"ERUM","","","","","M",0,0,0,0,0,0
"RkyMtn7-999",1,23.5,"ARTRV","ERCO5","ERUM","HL","","S",0,0,1,0,0,0
"RkyMtn7-999",1,24,"ARTRV","HL","","","","S",0,0,0,0,0,0
"RkyMtn7-999",1,24.5,"ARTRV","ANMI3","HL","","","S",0,0,0,0,0,0
"RkyMtn7-999",1,25,"POPR","AGGL","HL","","","S",0,0,0,0,0,0
"RkyMtn7-999",2,0.5,"N","","","","","S",0,0,0,0,0,0
"RkyMtn7-999",2,1,"AGGL","ERCO5","HL","","","S",0,0,0,0,0,0
"RkyMtn7-999",2,1.5,"AGGL","POPR","HL","","","S",0,1,0,0,0,0
"RkyMtn7-999",2,2,"N","","","","","GR",0,0,0,0,0,0
"RkyMtn7-999",2,2.5,"N","HL","","","","S",0,0,0,0,0,0
"RkyMtn7-999",2,3,"ERUM","HL","","","","S",0,0,0,0,0,0
"RkyMtn7-999",2,3.5,"ERUM","HL","","","","S",0,0,0,0,0,0
"RkyMtn7-999",2,4,"ARTRV","ANMI3","ERUM","HL","","S",0,0,0,0,0,0
"RkyMtn7-999",2,4.5,"ARTRV","PSSP6","FEID","HL","","S",0,0,0,0,0,0
"RkyMtn7-999",2,5,"ARTRV","HL","","","","S",0,0,0,0,0,0
"RkyMtn7-999",2,5.5,"ARTRV","","","","","S",1,0,0,0,0,0
"RkyMtn7-999",2,6,"ERUM","HL","","","","S",0,0,0,0,0,0
"RkyMtn7-999",2,6.5,"ARTRV","HL","","","","S",0,0,0,0,0,0
"RkyMtn7-999",2,7,"POPR","ARTRV","HL","","","S",0,0,0,0,0,0
"RkyMtn7-999",2,7.5,"POPR","HL","","","","S",0,0,0,0,0,0
"RkyMtn7-999",2,8,"ARTRV","HL","","","","S",1,0,0,0,0,0
"RkyMtn7-999",2,8.5,"ERUM","","","","","S",0,0,0,0,0,0
"RkyMtn7-999",2,9,"ARTRV","ERUM","HL","","","S",0,0,0,0,0,0
"RkyMtn7-999",2,9.5,"N","","","","","GR",0,0,0,0,0,0
"RkyMtn7-999",2,10,"ARTRV","PHLO2","ERUM","HL","","S",0,0,0,0,0,0
"RkyMtn7-999",2,10.5,"N","HL","","","","S",0,0,0,0,0,0
"RkyMtn7-999",2,11,"LULE3","HL","","","","S",0,0,0,0,0,0
"RkyMtn7-999",2,11.5,"N","","","","","S",0,0,0,0,0,0
"RkyMtn7-999",2,12,"ARTRV","HL","","","","S",0,0,0,0,0,0
"RkyMtn7-999",2,12.5,"ARTRV","","","","","ARTRV",0,0,0,0,0,0
"RkyMtn7-999",2,13,"GETR","HL","","","","S",0,0,0,0,0,0
"RkyMtn7-999",2,13.5,"POPR","ERUM","HL","","","S",0,0,0,0,0,0
"RkyMtn7-999",2,14,"POPR","ERCO5","HL","","","S",0,0,0,0,0,0
"RkyMtn7-999",2,14.5,"PSSP6","POPR","HL","","","S",0,0,0,0,0,0
"RkyMtn7-999",2,15,"N","HL","","","","S",0,0,0,0,0,0
"RkyMtn7-999",2,15.5,"POPR","HL","","","","S",1,0,0,0,0,0
"RkyMtn7-999",2,16,"POPR","ARTRV","","","","S",1,1,0,0,0,0
"RkyMtn7-999",2,16.5,"POPR","HL","","","","S",0,0,0,0,0,0
"RkyMtn7-999",2,17,"N","HL","","","","GR",0,0,0,0,0,0
"RkyMtn7-999",2,17.5,"ERUM","","","","","S",0,0,0,0,0,0
"RkyMtn7-999",2,18,"N","HL","","","","GR",0,0,0,0,0,0
"RkyMtn7-999",2,18.5,"N","HL","","","","S",0,0,0,0,0,0
"RkyMtn7-999",2,19,"ARTRV","POPR","HL","","","S",0,0,0,0,0,0
"RkyMtn7-999",2,19.5,"POPR","ERUM","HL","","","S",0,0,0,0,0,0
"RkyMtn7-999",2,20,"ARTRV","POPR","HL","","","S",0,0,0,0,0,0
"RkyMtn7-999",2,20.5,"COUM","HL","","","","S",0,0,0,0,0,0
"RkyMtn7-999",2,21,"ARTRV","POCU3","HL","","","S",1,0,0,0,0,0
"RkyMtn7-999",2,21.5,"POPR","ERUM","HL","","","S",0,0,0,0,0,0
"RkyMtn7-999",2,22,"POPR","ERUM","HL","","","S",0,0,0,0,0,0
"RkyMtn7-999",2,22.5,"POPR","PEGA3","ERUM","HL","","S",0,0,0,0,0,0
"RkyMtn7-999",2,23,"ARTRV","POPR","ERUM","HL","","S",0,0,0,0,0,0
"RkyMtn7-999",2,23.5,"ARTRV","POPR","HL","","","S",0,0,0,0,0,0
"RkyMtn7-999",2,24,"ERUM","HL","","","","S",0,0,0,0,0,0
"RkyMtn7-999",2,24.5,"ARTRV","HL","","","","S",1,0,0,0,0,0
"RkyMtn7-999",2,25,"POPR","PEGA3","ERUM","HL","","S",0,0,0,0,0,0
"RkyMtn7-999",3,0.5,"LULE3","FEID","HL","","","S",0,0,0,0,0,0
"RkyMtn7-999",3,1,"N","HL","","","","S",0,0,0,0,0,0
"RkyMtn7-999",3,1.5,"ERUM","HL","","","","S",0,0,0,0,0,0
"RkyMtn7-999",3,2,"CAFI","ANMI3","HL","","","S",1,0,0,0,0,0
"RkyMtn7-999",3,2.5,"N","","","","","S",0,0,0,0,0,0
"RkyMtn7-999",3,3,"ERUM","HL","","","","S",1,0,0,0,0,0
"RkyMtn7-999",3,3.5,"ARTRV","PHLO2","ERUM","HL","","S",1,0,0,0,0,0
"RkyMtn7-999",3,4,"ARTRV","FEID","HL","","","S",0,1,0,0,0,0
"RkyMtn7-999",3,4.5,"FEID","HL","","","","S",1,0,0,0,0,0
"RkyMtn7-999",3,5,"POPR","HL","","","","S",0,0,0,0,0,0
"RkyMtn7-999",3,5.5,"ERUM","HL","","","","S",1,0,0,0,0,0
"RkyMtn7-999",3,6,"ARTRV","FEID","HL","","","S",0,0,0,0,0,0
"RkyMtn7-999",3,6.5,"ARTRV","HL","","","","S",1,0,0,0,0,0
"RkyMtn7-999",3,7,"N","HL","","","","S",0,0,0,0,0,0
"RkyMtn7-999",3,7.5,"LULE3","","","","","GR",0,0,0,0,0,0
"RkyMtn7-999",3,8,"ERUM","HL","","","","S",0,0,0,0,0,0
"RkyMtn7-999",3,8.5,"BASA3","HL","","","","S",0,0,0,0,0,0
"RkyMtn7-999",3,9,"ERUM","FEID","HL","","","S",0,0,0,0,0,0
"RkyMtn7-999",3,9.5,"ARTRV","HL","","","","M",1,0,0,0,0,0
"RkyMtn7-999",3,10,"POPR","ERUM","HL","","","S",0,0,0,0,0,0
"RkyMtn7-999",3,10.5,"ARTRV","POPR","HL","","","S",0,1,0,0,0,0
"RkyMtn7-999",3,11,"ARTRV","ERUM","HL","","","S",0,0,0,0,0,0
"RkyMtn7-999",3,11.5,"ARTRV","HL","","","","S",0,0,0,0,0,0
"RkyMtn7-999",3,12,"ERUM","PSSP6","HL","","","S",0,1,0,0,0,0
"RkyMtn7-999",3,12.5,"COUM","","","","","S",0,0,0,0,0,0
"RkyMtn7-999",3,13,"ARTRV","ERUM","HL","","","S",0,0,0,0,0,0
"RkyMtn7-999",3,13.5,"ARTRV","ERUM","HL","","","S",0,0,0,0,0,0
"RkyMtn7-999",3,14,"PHLO2","HL","","","","S",0,0,0,0,0,0
"RkyMtn7-999",3,14.5,"ARTRV","HL","","","","S",0,0,0,0,0,0
"RkyMtn7-999",3,15,"CRAC2","WL","HL","","","S",0,0,0,0,0,0
"RkyMtn7-999",3,15.5,"ARTRV","","","","","ARTRV",0,0,0,0,0,0
"RkyMtn7-999",3,16,"N","HL","","","","S",0,0,0,0,0,0
"RkyMtn7-999",3,16.5,"ERUM","ARTRV","HL","","","S",0,0,0,0,0,0
"RkyMtn7-999",3,17,"ARTRV","POPR","SELA","ERUM","HL","S",0,1,0,0,0,0
"RkyMtn7-999",3,17.5,"LULE3","PEGA3","ANMI3","HL","","S",0,0,1,0,0,0
"RkyMtn7-999",3,18,"ARTRV","CAFI","HL","","","S",0,0,0,0,0,0
"RkyMtn7-999",3,18.5,"LULE3","ERUM","HL","","","S",0,0,0,0,0,0
"RkyMtn7-999",3,19,"ARTRV","FEID","HL","","","GR",0,1,0,0,0,0
"RkyMtn7-999",3,19.5,"ARTRV","PHLO2","ERUM","HL","","S",0,0,0,0,0,0
"RkyMtn7-999",3,20,"N","HL","","","","S",0,0,0,0,0,0
"RkyMtn7-999",3,20.5,"ARTRV","FEID","HL","","","S",0,0,0,0,0,0
"RkyMtn7-999",3,21,"PEGA3","ANMI3","HL","","","S",0,1,0,0,0,0
"RkyMtn7-999",3,21.5,"CADO2","ANMI3","HL","","","S",0,0,0,0,0,0
"RkyMtn7-999",3,22,"PSSP6","HL","","","","S",0,0,0,0,0,0
"RkyMtn7-999",3,22.5,"ELEL5","","","","","GR",0,0,0,0,0,0
"RkyMtn7-999",3,23,"ARTRV","PSSP6","HL","","","S",0,1,0,0,0,0
"RkyMtn7-999",3,23.5,"PSSP6","HL","","","","S",0,0,0,0,0,0
"RkyMtn7-999",3,24,"ARTRV","ANMI3","HL","","","S",0,0,0,0,0,0
"RkyMtn7-999",3,24.5,"N","","","","","S",0,0,0,0,0,0
"RkyMtn7-999",3,25,"ARTRV","HL","","","","S",1,0,0,0,0,0
"WYBas2-006",1,0.5,"N","","","","","S",0,0,0,0,0,0
"WYBas2-006",1,1,"N","","","","","S",0,0,0,0,0,0
"WYBas2-006",1,1.5,"N","","","","","S",0,0,0,0,0,0
"WYBas2-006",1,2,"N","HL","","","","S",0,0,0,0,0,0
"WYBas2-006",1,2.5,"N","","","","","S",0,0,0,0,0,0
"WYBas2-006",1,3,"N","","","","","S",0,0,0,0,0,0
"WYBas2-006",1,3.5,"N","","","","","S",0,0,0,0,0,0
"WYBas2-006",1,4,"ARTRW8","","","","","S",0,0,0,0,0,0
"WYBas2-006",1,4.5,"N","","","","","S",0,0,0,0,0,0
"WYBas2-006",1,5,"N","","","","","S",0,0,0,0,0,0
"WYBas2-006",1,5.5,"N","","","","","S",0,0,0,0,0,0
"WYBas2-006",1,6,"N","HL","","","","S",0,0,0,0,0,0
"WYBas2-006",1,6.5,"N","","","","","S",0,0,0,0,0,0
"WYBas2-006",1,7,"ARTRW8","","","","","S",0,0,0,0,0,0
"WYBas2-006",1,7.5,"ARTRW8","HL","","","","S",0,0,0,0,0,0
"WYBas2-006",1,8,"N","","","","","GR",0,0,0,0,0,0
"WYBas2-006",1,8.5,"N","","","","","S",0,0,0,0,0,0
"WYBas2-006",1,9,"N","","","","","S",0,0,0,0,0,0
"WYBas2-006",1,9.5,"ARTRW8","","","","","ARTRW8",0,0,0,0,0,0
"WYBas2-006",1,10,"N","","","","","S",0,0,0,0,0,0
"WYBas2-006",1,10.5,"N","HL","","","","S",0,0,0,0,0,0
"WYBas2-006",1,11,"N","VL","","","","S",0,0,0,0,0,0
"WYBas2-006",1,11.5,"N","","","","","GR",0,0,0,0,0,0
"WYBas2-006",1,12,"N","","","","","S",0,0,0,0,0,0
"WYBas2-006",1,12.5,"N","","","","","S",0,0,0,0,0,0
"WYBas2-006",1,13,"N","","","","","CB",0,0,0,0,0,0
"WYBas2-006",1,13.5,"ATCO","HL","","","","S",0,0,0,0,0,0
"WYBas2-006",1,14,"ARTRW8","HL","","","","S",0,0,0,0,0,0
"WYBas2-006",1,14.5,"ARTRW8","ELEL5","HL","","","S",0,1,0,0,0,0
"WYBas2-006",1,15,"N","","","","","S",0,0,0,0,0,0
"WYBas2-006",1,15.5,"N","","","","","S",0,0,0,0,0,0
"WYBas2-006",1,16,"N","","","","","S",0,0,0,0,0,0
"WYBas2-006",1,16.5,"N","HL","","","","S",0,0,0,0,0,0
"WYBas2-006",1,17,"N","","","","","GR",0,0,0,0,0,0
"WYBas2-006",1,17.5,"N","","","","","S",0,0,0,0,0,0
"WYBas2-006",1,18,"N","","","","","S",0,0,0,0,0,0
"WYBas2-006",1,18.5,"N","","","","","S",0,0,0,0,0,0
"WYBas2-006",1,19,"N","","","","","S",0,0,0,0,0,0
"WYBas2-006",1,19.5,"N","","","","","S",0,0,0,0,0,0
"WYBas2-006",1,20,"N","","","","","S",0,0,0,0,0,0
"WYBas2-006",1,20.5,"N","","","","","S",0,0,0,0,0,0
"WYBas2-006",1,21,"N","HL","","","","S",0,0,0,0,0,0
"WYBas2-006",1,21.5,"ARTRW8","HL","","","","S",0,0,0,0,0,0
"WYBas2-006",1,22,"N","","","","","S",0,0,0,0,0,0
"WYBas2-006",1,22.5,"N","","","","","S",0,0,0,0,0,0
"WYBas2-006",1,23,"N","","","","","S",0,0,0,0,0,0
"WYBas2-006",1,23.5,"N","","","","","S",0,0,0,0,0,0
"WYBas2-006",1,24,"N","","","","","S",0,0,0,0,0,0
"WYBas2-006",1,24.5,"N","","","","","GR",0,0,0,0,0,0
"WYBas2-006",1,25,"N","","","","","GR",0,0,0,0,0,0
"WYBas2-006",2,0.5,"POSE","ARTRW8","CHVI8","HL","","S",0,0,0,0,0,0
"WYBas2-006",2,1,"ARTRW8","","","","","S",1,0,0,0,0,0
"WYBas2-006",2,1.5,"N","","","","","S",0,0,0,0,0,0
"WYBas2-006",2,2,"N","","","","","S",0,0,0,0,0,0
"WYBas2-006",2,2.5,"N","","","","","S",0,0,0,0,0,0
"WYBas2-006",2,3,"N","","","","","S",0,0,0,0,0,0
"WYBas2-006",2,3.5,"N","","","","","S",0,0,0,0,0,0
"WYBas2-006",2,4,"N","HL","","","","S",0,0,0,0,0,0
"WYBas2-006",2,4.5,"N","","","","","S",0,0,0,0,0,0
"WYBas2-006",2,5,"N","","","","","S",0,0,0,0,0,0
"WYBas2-006",2,5.5,"N","","","","","S",0,0,0,0,0,0
"WYBas2-006",2,6,"ARTRW8","VL","HL","","","S",0,0,0,0,0,0
"WYBas2-006",2,6.5,"ARTRW8","HL","","","","S",0,0,0,0,0,0
"WYBas2-006",2,7,"N","HL","","","","S",0,0,0,0,0,0
"WYBas2-006",2,7.5,"ARTRW8","HL","","","","S",1,0,0,0,0,0
"WYBas2-006",2,8,"N","HL","","","","S",0,0,0,0,0,0
"WYBas2-006",2,8.5,"ACHY","HL","","","","S",0,0,0,0,0,0
"WYBas2-006",2,9,"ARTRW8","HL","","","","S",0,0,0,0,0,0
"WYBas2-006",2,9.5,"ARTRW8","","","","","ARTRW8",0,0,0,0,0,0
"WYBas2-006",2,10,"ARTRW8","HL","","","","S",1,0,0,0,0,0
"WYBas2-006",2,10.5,"N","","","","","S",0,0,0,0,0,0
"WYBas2-006",2,11,"N","HL","","","","S",0,0,0,0,0,0
"WYBas2-006",2,11.5,"ACHY","HL","","","","S",1,0,0,0,0,0
"WYBas2-006",2,12,"N","HL","","","","S",0,0,0,0,0,0
"WYBas2-006",2,12.5,"N","HL","","","","S",0,0,0,0,0,0
"WYBas2-006",2,13,"ARTRW8","HL","","","","S",0,0,0,0,0,0
"WYBas2-006",2,13.5,"N","","","","","S",0,0,0,0,0,0
"WYBas2-006",2,14,"N","VL","HL","","","S",0,0,0,0,0,0
"WYBas2-006",2,14.5,"N","HL","","","","S",0,0,0,0,0,0
"WYBas2-006",2,15,"ELLA3","HL","","","","S",0,0,0,0,0,0
"WYBas2-006",2,15.5,"ELLA3","HL","","","","S",0,0,0,0,0,0
"WYBas2-006",2,16,"ARTRW8","HL","","","","S",0,0,0,0,0,0
"WYBas2-006",2,16.5,"N","HL","","","","S",0,0,0,0,0,0
"WYBas2-006",2,17,"ELLA3","HL","","","","S",0,0,0,0,0,0
"WYBas2-006",2,17.5,"ELLA3","HL","","","","S",0,0,0,0,0,0
"WYBas2-006",2,18,"ARTRW8","HL","","","","S",0,0,0,0,0,0
"WYBas2-006",2,18.5,"N","HL","","","","S",0,0,0,0,0,0
"WYBas2-006",2,19,"N","HL","","","","S",0,0,0,0,0,0
"WYBas2-006",2,19.5,"N","HL","","","","S",0,0,0,0,0,0
"WYBas2-006",2,20,"ARTRW8","","","","","S",1,0,0,0,0,0
"WYBas2-006",2,20.5,"ARTRW8","BRTE","HL","","","S",1,1,0,0,0,0
"WYBas2-006",2,21,"N","HL","","","","S",0,0,0,0,0,0
"WYBas2-006",2,21.5,"N","WL","","","","S",0,0,0,0,0,0
"WYBas2-006",2,22,"ARTRW8","ACHY","HL","","","S",0,0,0,0,0,0
"WYBas2-006",2,22.5,"ARTRW8","HL","","","","S",1,0,0,0,0,0
"WYBas2-006",2,23,"N","HL","","","","S",0,0,0,0,0,0
"WYBas2-006",2,23.5,"N","WL","","","","S",0,0,0,0,0,0
"WYBas2-006",2,24,"ATCO","WL","HL","","","S",1,0,0,0,0,0
"WYBas2-006",2,24.5,"ATCO","HL","","","","S",0,0,0,0,0,0
"WYBas2-006",2,25,"N","","","","","S",0,0,0,0,0,0
"WYBas2-006",3,0.5,"ARTRW8","","","","","S",1,0,0,0,0,0
"WYBas2-006",3,1,"ARTRW8","HL","","","","S",0,0,0,0,0,0
"WYBas2-006",3,1.5,"N","","","","","S",0,0,0,0,0,0
"WYBas2-006",3,2,"N","","","","","S",0,0,0,0,0,0
"WYBas2-006",3,2.5,"AGCR","HL","","","","S",1,0,0,0,0,0
"WYBas2-006",3,3,"N","","","","","S",0,0,0,0,0,0
"WYBas2-006",3,3.5,"N","HL","","","","S",0,0,0,0,0,0
"WYBas2-006",3,4,"N","","","","","S",0,0,0,0,0,0
"WYBas2-006",3,4.5,"ARTRW8","HL","","","","S",0,0,0,0,0,0
"WYBas2-006",3,5,"N","HL","","","","S",0,0,0,0,0,0
"WYBas2-006",3,5.5,"N","","","","","S",0,0,0,0,0,0
"WYBas2-006",3,6,"ARTRW8","HL","","","","S",0,0,0,0,0,0
"WYBas2-006",3,6.5,"N","","","","","S",0,0,0,0,0,0
"WYBas2-006",3,7,"N","","","","","S",0,0,0,0,0,0
"WYBas2-006",3,7.5,"ELEL5","HL","","","","S",1,0,0,0,0,0
"WYBas2-006",3,8,"N","","","","","S",0,0,0,0,0,0
"WYBas2-006",3,8.5,"N","HL","","","","S",0,0,0,0,0,0
"WYBas2-006",3,9,"N","","","","","GR",0,0,0,0,0,0
"WYBas2-006",3,9.5,"N","","","","","S",0,0,0,0,0,0
"WYBas2-006",3,10,"N","","","","","S",0,0,0,0,0,0
"WYBas2-006",3,10.5,"ARTRW8","HL","","","","S",1,0,0,0,0,0
"WYBas2-006",3,11,"ARTRW8","ELLA3","HL","","","S",1,1,0,0,0,0
"WYBas2-006",3,11.5,"N","HL","","","","S",0,0,0,0,0,0
"WYBas2-006",3,12,"ATCO","HL","","","","S",0,0,0,0,0,0
"WYBas2-006",3,12.5,"N","","","","","S",0,0,0,0,0,0
"WYBas2-006",3,13,"ARTRW8","HL","","","","S",0,0,0,0,0,0
"WYBas2-006",3,13.5,"ARTRW8","","","","","ARTRW8",0,0,0,0,0,0
"WYBas2-006",3,14,"ARTRW8","ELLA3","HL","","","S",0,1,0,0,0,0
"WYBas2-006",3,14.5,"N","","","","","S",0,0,0,0,0,0
"WYBas2-006",3,15,"N","","","","","S",0,0,0,0,0,0
"WYBas2-006",3,15.5,"ARTRW8","HL","","","","S",1,0,0,0,0,0
"WYBas2-006",3,16,"ARTRW8","ELLA3","HL","","","S",0,0,0,0,0,0
"WYBas2-006",3,16.5,"N","","","","","S",0,0,0,0,0,0
"WYBas2-006",3,17,"N","","","","","S",0,0,0,0,0,0
"WYBas2-006",3,17.5,"N","","","","","S",0,0,0,0,0,0
"WYBas2-006",3,18,"ARTRW8","","","","","S",0,0,0,0,0,0
"WYBas2-006",3,18.5,"N","","","","","CB",0,0,0,0,0,0
"WYBas2-006",3,19,"N","","","","","CB",0,0,0,0,0,0
"WYBas2-006",3,19.5,"N","","","","","S",0,0,0,0,0,0
"WYBas2-006",3,20,"ARTRW8","","","","","S",0,0,0,0,0,0
"WYBas2-006",3,20.5,"ATCO","HL","","","","S",1,0,0,0,0,0
"WYBas2-006",3,21,"ARTRW8","","","","","S",0,0,0,0,0,0
"WYBas2-006",3,21.5,"N","","","","","S",0,0,0,0,0,0
"WYBas2-006",3,22,"N","","","","","S",0,0,0,0,0,0
"WYBas2-006",3,22.5,"ARTRW8","HL","","","","S",1,0,0,0,0,0
"WYBas2-006",3,23,"ELLA3","","","","","S",0,0,0,0,0,0
"WYBas2-006",3,23.5,"ARTRW8","ELLA3","WL","HL","","S",0,0,0,0,0,0
"WYBas2-006",3,24,"ELLA3","HL","","","","S",0,0,0,0,0,0
"WYBas2-006",3,24.5,"ELLA3","HL","","","","S",0,0,0,0,0,0
"WYBas2-006",3,25,"ELLA3","","","","","S",1,0,0,0,0,0
"WYBas3-014",1,0.5,"ELLA3","PF000","HL","","","S",0,1,0,0,0,0
"WYBas3-014",1,1,"N","","","","","S",0,0,0,0,0,0
"WYBas3-014",1,1.5,"N","","","","","S",0,0,0,0,0,0
"WYBas3-014",1,2,"ELLA3","","","","","S",1,0,0,0,0,0
"WYBas3-014",1,2.5,"N","HL","","","","S",0,0,0,0,0,0
"WYBas3-014",1,3,"N","","","","","S",0,0,0,0,0,0
"WYBas3-014",1,3.5,"ARTRW8","ELLA3","HL","","","S",0,0,0,0,0,0
"WYBas3-014",1,4,"ARTRW8","HL","","","","S",0,0,0,0,0,0
"WYBas3-014",1,4.5,"ACHY","TENU2","HL","","","S",1,0,0,0,0,0
"WYBas3-014",1,5,"N","","","","","S",0,0,0,0,0,0
"WYBas3-014",1,5.5,"N","HL","","","","S",0,0,0,0,0,0
"WYBas3-014",1,6,"ELLA3","HL","","","","S",0,0,0,0,0,0
"WYBas3-014",1,6.5,"N","","","","","S",0,0,0,0,0,0
"WYBas3-014",1,7,"ARTRW8","HL","","","","S",0,0,0,0,0,0
"WYBas3-014",1,7.5,"N","","","","","S",0,0,0,0,0,0
"WYBas3-014",1,8,"ELLA3","HL","","","","S",1,0,0,0,0,0
"WYBas3-014",1,8.5,"N","","","","","S",0,0,0,0,0,0
"WYBas3-014",1,9,"N","HL","","","","S",0,0,0,0,0,0
"WYBas3-014",1,9.5,"TENU2","WL","HL","","","S",0,0,0,0,0,0
"WYBas3-014",1,10,"N","HL","","","","M",0,0,0,0,0,0
"WYBas3-014",1,10.5,"N","","","","","S",0,0,0,0,0,0
"WYBas3-014",1,11,"ELLA3","","","","","S",1,0,0,0,0,0
"WYBas3-014",1,11.5,"ARTRW8","HL","","","","S",0,0,0,0,0,0
"WYBas3-014",1,12,"N","","","","","S",0,0,0,0,0,0
"WYBas3-014",1,12.5,"ELLA3","HL","","","","S",1,0,0,0,0,0
"WYBas3-014",1,13,"ELLA3","HL","","","","S",0,0,0,0,0,0
"WYBas3-014",1,13.5,"N","HL","","","","S",0,0,0,0,0,0
"WYBas3-014",1,14,"CHVI8","HL","","","","M",1,0,0,0,0,0
"WYBas3-014",1,14.5,"N","HL","","","","S",0,0,0,0,0,0
"WYBas3-014",1,15,"ARTRW8","","","","","S",1,0,0,0,0,0
"WYBas3-014",1,15.5,"N","","","","","S",0,0,0,0,0,0
"WYBas3-014",1,16,"N","","","","","S",0,0,0,0,0,0
"WYBas3-014",1,16.5,"ELLA3","","","","","S",1,0,0,0,0,0
"WYBas3-014",1,17,"N","","","","","S",0,0,0,0,0,0
"WYBas3-014",1,17.5,"ELLA3","","","","","S",0,0,0,0,0,0
"WYBas3-014",1,18,"N","","","","","S",0,0,0,0,0,0
"WYBas3-014",1,18.5,"N","","","","","S",0,0,0,0,0,0
"WYBas3-014",1,19,"ACHY","HL","","","","S",0,0,0,0,0,0
"WYBas3-014",1,19.5,"ELLA3","","","","","S",1,0,0,0,0,0
"WYBas3-014",1,20,"N","","","","","S",0,0,0,0,0,0
"WYBas3-014",1,20.5,"N","HL","","","","S",0,0,0,0,0,0
"WYBas3-014",1,21,"KRLA2","","","","","S",1,0,0,0,0,0
"WYBas3-014",1,21.5,"TENU2","AF000","HL","","","S",0,1,0,0,0,0
"WYBas3-014",1,22,"N","HL","","","","S",0,0,0,0,0,0
"WYBas3-014",1,22.5,"N","HL","","","","S",0,0,0,0,0,0
"WYBas3-014",1,23,"N","HL","","","","S",0,0,0,0,0,0
"WYBas3-014",1,23.5,"ELLA3","","","","","S",1,0,0,0,0,0
"WYBas3-014",1,24,"ELLA3","HL","","","","S",1,0,0,0,0,0
"WYBas3-014",1,24.5,"N","HL","","","","S",0,0,0,0,0,0
"WYBas3-014",1,25,"ELLA3","","","","","S",1,0,0,0,0,0
"WYBas3-014",2,0.5,"ELLA3","HL","","","","S",0,0,0,0,0,0
"WYBas3-014",2,1,"N","HL","","","","S",0,0,0,0,0,0
"WYBas3-014",2,1.5,"N","WL","","","","S",0,0,0,0,0,0
"WYBas3-014",2,2,"N","","","","","S",0,0,0,0,0,0
"WYBas3-014",2,2.5,"N","","","","","S",0,0,0,0,0,0
"WYBas3-014",2,3,"N","","","","","S",0,0,0,0,0,0
"WYBas3-014",2,3.5,"N","","","","","S",0,0,0,0,0,0
"WYBas3-014",2,4,"N","","","","","S",0,0,0,0,0,0
"WYBas3-014",2,4.5,"TENU2","ELLA3","HL","","","S",0,0,0,0,0,0
"WYBas3-014",2,5,"ACHY","HL","","","","S",1,0,0,0,0,0
"WYBas3-014",2,5.5,"N","","","","","S",0,0,0,0,0,0
"WYBas3-014",2,6,"N","HL","","","","S",0,0,0,0,0,0
"WYBas3-014",2,6.5,"N","","","","","S",0,0,0,0,0,0
"WYBas3-014",2,7,"N","","","","","S",0,0,0,0,0,0
"WYBas3-014",2,7.5,"N","HL","","","","S",0,0,0,0,0,0
"WYBas3-014",2,8,"N","HL","","","","S",0,0,0,0,0,0
"WYBas3-014",2,8.5,"N","","","","","S",0,0,0,0,0,0
"WYBas3-014",2,9,"N","","","","","S",0,0,0,0,0,0
"WYBas3-014",2,9.5,"ELLA3","","","","","S",0,0,0,0,0,0
"WYBas3-014",2,10,"N","","","","","S",0,0,0,0,0,0
"WYBas3-014",2,10.5,"ELLA3","","","","","S",1,0,0,0,0,0
"WYBas3-014",2,11,"N","","","","","S",0,0,0,0,0,0
"WYBas3-014",2,11.5,"N","","","","","S",0,0,0,0,0,0
"WYBas3-014",2,12,"N","","","","","S",0,0,0,0,0,0
"WYBas3-014",2,12.5,"ARTRW8","","","","","S",0,0,0,0,0,0
"WYBas3-014",2,13,"N","HL","","","","S",0,0,0,0,0,0
"WYBas3-014",2,13.5,"N","HL","","","","S",0,0,0,0,0,0
"WYBas3-014",2,14,"HECO26","HL","","","","S",0,0,0,0,0,0
"WYBas3-014",2,14.5,"N","HL","","","","S",0,0,0,0,0,0
"WYBas3-014",2,15,"N","","","","","S",0,0,0,0,0,0
"WYBas3-014",2,15.5,"ARTRW8","","","","","S",1,0,0,0,0,0
"WYBas3-014",2,16,"ELLA3","HL","","","","S",1,0,0,0,0,0
"WYBas3-014",2,16.5,"N","","","","","S",0,0,0,0,0,0
"WYBas3-014",2,17,"ELLA3","","","","","S",1,0,0,0,0,0
"WYBas3-014",2,17.5,"N","","","","","S",0,0,0,0,0,0
"WYBas3-014",2,18,"ARTRW8","HL","","","","S",1,0,0,0,0,0
"WYBas3-014",2,18.5,"N","HL","","","","S",0,0,0,0,0,0
"WYBas3-014",2,19,"N","","","","","S",0,0,0,0,0,0
"WYBas3-014",2,19.5,"N","","","","","S",0,0,0,0,0,0
"WYBas3-014",2,20,"N","","","","","S",0,0,0,0,0,0
"WYBas3-014",2,20.5,"N","","","","","S",0,0,0,0,0,0
"WYBas3-014",2,21,"ACHY","","","","","M",0,0,0,0,0,0
"WYBas3-014",2,21.5,"N","HL","","","","S",0,0,0,0,0,0
"WYBas3-014",2,22,"N","","","","","S",0,0,0,0,0,0
"WYBas3-014",2,22.5,"N","","","","","S",0,0,0,0,0,0
"WYBas3-014",2,23,"ARTRW8","ELLA3","HL","","","S",0,1,0,0,0,0
"WYBas3-014",2,23.5,"ARTRW8","HL","","","","S",0,0,0,0,0,0
"WYBas3-014",2,24,"N","","","","","S",0,0,0,0,0,0
"WYBas3-014",2,24.5,"N","","","","","S",0,0,0,0,0,0
"WYBas3-014",2,25,"N","","","","","S",0,0,0,0,0,0
"WYBas3-014",3,0.5,"PHHO","HL","","","","S",1,0,0,0,0,0
"WYBas3-014",3,1,"N","","","","","S",0,0,0,0,0,0
"WYBas3-014",3,1.5,"N","","","","","S",0,0,0,0,0,0
"WYBas3-014",3,2,"N","HL","","","","S",0,0,0,0,0,0
"WYBas3-014",3,2.5,"N","","","","","S",0,0,0,0,0,0
"WYBas3-014",3,3,"ACHY","HL","","","","S",0,0,0,0,0,0
"WYBas3-014",3,3.5,"N","","","","","S",0,0,0,0,0,0
"WYBas3-014",3,4,"ELLA3","","","","","S",1,0,0,0,0,0
"WYBas3-014",3,4.5,"N","","","","","S",0,0,0,0,0,0
"WYBas3-014",3,5,"ARTRW8","","","","","S",1,0,0,0,0,0
"WYBas3-014",3,5.5,"N","","","","","S",0,0,0,0,0,0
"WYBas3-014",3,6,"N","HL","","","","S",0,0,0,0,0,0
"WYBas3-014",3,6.5,"N","","","","","S",0,0,0,0,0,0
"WYBas3-014",3,7,"N","","","","","S",0,0,0,0,0,0
"WYBas3-014",3,7.5,"N","","","","","S",0,0,0,0,0,0
"WYBas3-014",3,8,"N","","","","","S",0,0,0,0,0,0
"WYBas3-014",3,8.5,"N","","","","","S",0,0,0,0,0,0
"WYBas3-014",3,9,"ELLA3","HL","","","","S",1,0,0,0,0,0
"WYBas3-014",3,9.5,"N","","","","","S",0,0,0,0,0,0
"WYBas3-014",3,10,"N","","","","","S",0,0,0,0,0,0
"WYBas3-014",3,10.5,"N","","","","","S",0,0,0,0,0,0
"WYBas3-014",3,11,"N","HL","","","","S",0,0,0,0,0,0
"WYBas3-014",3,11.5,"N","HL","","","","S",0,0,0,0,0,0
"WYBas3-014",3,12,"N","HL","","","","S",0,0,0,0,0,0
"WYBas3-014",3,12.5,"ARTRW8","HL","","","","S",1,0,0,0,0,0
"WYBas3-014",3,13,"ARTRW8","HL","","","","S",0,0,0,0,0,0
"WYBas3-014",3,13.5,"N","","","","","S",0,0,0,0,0,0
"WYBas3-014",3,14,"N","","","","","S",0,0,0,0,0,0
"WYBas3-014",3,14.5,"ELLA3","HL","","","","S",0,0,0,0,0,0
"WYBas3-014",3,15,"N","","","","","S",0,0,0,0,0,0
"WYBas3-014",3,15.5,"ARTRW8","HL","","","","S",0,0,0,0,0,0
"WYBas3-014",3,16,"N","HL","","","","S",0,0,0,0,0,0
"WYBas3-014",3,16.5,"N","HL","","","","S",0,0,0,0,0,0
"WYBas3-014",3,17,"N","","","","","S",0,0,0,0,0,0
"WYBas3-014",3,17.5,"N","","","","","S",0,0,0,0,0,0
"WYBas3-014",3,18,"PHHO","","","","","S",0,0,0,0,0,0
"WYBas3-014",3,18.5,"ASKE","HL","","","","S",0,0,0,0,0,0
"WYBas3-014",3,19,"ELLA3","","","","","S",0,0,0,0,0,0
"WYBas3-014",3,19.5,"ELLA3","HL","","","","S",1,0,0,0,0,0
"WYBas3-014",3,20,"ELLA3","","","","","S",1,0,0,0,0,0
"WYBas3-014",3,20.5,"ACHY","PF000","HL","","","S",0,1,0,0,0,0
"WYBas3-014",3,21,"ACHY","HL","","","","S",1,0,0,0,0,0
"WYBas3-014",3,21.5,"PHHO","HL","","","","S",1,0,0,0,0,0
"WYBas3-014",3,22,"ELLA3","HL","","","","S",0,0,0,0,0,0
"WYBas3-014",3,22.5,"N","","","","","S",0,0,0,0,0,0
"WYBas3-014",3,23,"N","","","","","S",0,0,0,0,0,0
"WYBas3-014",3,23.5,"ELLA3","","","","","S",1,0,0,0,0,0
"WYBas3-014",3,24,"ARTRW8","HL","","","","S",0,0,0,0,0,0
"WYBas3-014",3,24.5,"TENU2","PHHO","HL","","","S",0,1,0,0,0,0
"WYBas3-014",3,25,"ELLA3","HL","","","","S",1,0,0,0,0,0
"WYBas3-999",1,0.5,"N","","","","","GR",0,0,0,0,0,0
"WYBas3-999",1,1,"ARTRW8","HL","","","","GR",0,0,0,0,0,0
"WYBas3-999",1,1.5,"ACHY","HL","","","","S",0,0,0,0,0,0
"WYBas3-999",1,2,"N","","","","","S",0,0,0,0,0,0
"WYBas3-999",1,2.5,"N","","","","","S",0,0,0,0,0,0
"WYBas3-999",1,3,"ACHY","","","","","GR",0,0,0,0,0,0
"WYBas3-999",1,3.5,"ARTRW8","","","","","S",0,0,0,0,0,0
"WYBas3-999",1,4,"ARTRW8","","","","","S",0,0,0,0,0,0
"WYBas3-999",1,4.5,"N","","","","","GR",0,0,0,0,0,0
"WYBas3-999",1,5,"N","","","","","GR",0,0,0,0,0,0
"WYBas3-999",1,5.5,"ARTRW8","HL","","","","ARTRW8",0,0,0,0,0,0
"WYBas3-999",1,6,"ACHY","","","","","S",1,0,0,0,0,0
"WYBas3-999",1,6.5,"ARTRW8","","","","","S",0,0,0,0,0,0
"WYBas3-999",1,7,"N","HL","","","","S",0,0,0,0,0,0
"WYBas3-999",1,7.5,"ARTRW8","HL","","","","S",0,0,0,0,0,0
"WYBas3-999",1,8,"ACHY","HL","","","","S",0,0,0,0,0,0
"WYBas3-999",1,8.5,"ASPU9","","","","","S",0,0,0,0,0,0
"WYBas3-999",1,9,"N","HL","","","","S",0,0,0,0,0,0
"WYBas3-999",1,9.5,"ARTRW8","HL","","","","S",0,0,0,0,0,0
"WYBas3-999",1,10,"ARTRW8","HL","","","","S",0,0,0,0,0,0
"WYBas3-999",1,10.5,"ARTRW8","HL","","","","S",0,0,0,0,0,0
"WYBas3-999",1,11,"ARTRW8","ELEL5","HL","","","S",1,0,0,0,0,0
"WYBas3-999",1,11.5,"N","","","","","GR",0,0,0,0,0,0
"WYBas3-999",1,12,"N","","","","","S",0,0,0,0,0,0
"WYBas3-999",1,12.5,"N","HL","","","","S",0,0,0,0,0,0
"WYBas3-999",1,13,"N","","","","","GR",0,0,0,0,0,0
"WYBas3-999",1,13.5,"N","","","","","GR",0,0,0,0,0,0
"WYBas3-999",1,14,"N","","","","","S",0,0,0,0,0,0
"WYBas3-999",1,14.5,"N","HL","","","","S",0,0,0,0,0,0
"WYBas3-999",1,15,"N","","","","","GR",0,0,0,0,0,0
"WYBas3-999",1,15.5,"N","","","","","S",0,0,0,0,0,0
"WYBas3-999",1,16,"PHHO","","","","","S",0,0,0,0,0,0
"WYBas3-999",1,16.5,"N","","","","","GR",0,0,0,0,0,0
"WYBas3-999",1,17,"N","","","","","GR",0,0,0,0,0,0
"WYBas3-999",1,17.5,"N","","","","","S",0,0,0,0,0,0
"WYBas3-999",1,18,"ARTRW8","","","","","GR",1,0,0,0,0,0
"WYBas3-999",1,18.5,"N","","","","","S",0,0,0,0,0,0
"WYBas3-999",1,19,"N","HL","","","","S",0,0,0,0,0,0
"WYBas3-999",1,19.5,"N","","","","","GR",0,0,0,0,0,0
"WYBas3-999",1,20,"ACHY","","","","","S",1,0,0,0,0,0
"WYBas3-999",1,20.5,"ARTRW8","","","","","S",1,0,0,0,0,0
"WYBas3-999",1,21,"N","","","","","S",0,0,0,0,0,0
"WYBas3-999",1,21.5,"ACHY","","","","","S",0,0,0,0,0,0
"WYBas3-999",1,22,"ARTRW8","","","","","GR",1,0,0,0,0,0
"WYBas3-999",1,22.5,"N","HL","","","","S",0,0,0,0,0,0
"WYBas3-999",1,23,"N","","","","","GR",0,0,0,0,0,0
"WYBas3-999",1,23.5,"N","","","","","S",0,0,0,0,0,0
"WYBas3-999",1,24,"N","","","","","S",0,0,0,0,0,0
"WYBas3-999",1,24.5,"N","","","","","S",0,0,0,0,0,0
"WYBas3-999",1,25,"N","","","","","GR",0,0,0,0,0,0
"WYBas3-999",2,0.5,"HECO26","HL","","","","S",0,0,0,0,0,0
"WYBas3-999",2,1,"N","HL","","","","GR",0,0,0,0,0,0
"WYBas3-999",2,1.5,"N","","","","","S",0,0,0,0,0,0
"WYBas3-999",2,2,"N","HL","","","","GR",0,0,0,0,0,0
"WYBas3-999",2,2.5,"N","","","","","S",0,0,0,0,0,0
"WYBas3-999",2,3,"N","","","","","S",0,0,0,0,0,0
"WYBas3-999",2,3.5,"N","","","","","S",0,0,0,0,0,0
"WYBas3-999",2,4,"N","","","","","S",0,0,0,0,0,0
"WYBas3-999",2,4.5,"ARTRW8","HL","","","","S",0,0,0,0,0,0
"WYBas3-999",2,5,"N","","","","","GR",0,0,0,0,0,0
"WYBas3-999",2,5.5,"N","","","","","S",0,0,0,0,0,0
"WYBas3-999",2,6,"ARTRW8","HL","","","","ARTRW8",0,0,0,0,0,0
"WYBas3-999",2,6.5,"N","HL","","","","S",0,0,0,0,0,0
"WYBas3-999",2,7,"N","","","","","GR",0,0,0,0,0,0
"WYBas3-999",2,7.5,"N","","","","","GR",0,0,0,0,0,0
"WYBas3-999",2,8,"ARTRW8","HL","","","","S",0,0,0,0,0,0
"WYBas3-999",2,8.5,"HECO26","HL","","","","S",0,0,0,0,0,0
"WYBas3-999",2,9,"N","HL","","","","S",0,0,0,0,0,0
"WYBas3-999",2,9.5,"N","","","","","S",0,0,0,0,0,0
"WYBas3-999",2,10,"N","HL","","","","S",0,0,0,0,0,0
"WYBas3-999",2,10.5,"N","","","","","S",0,0,0,0,0,0
"WYBas3-999",2,11,"N","VL","HL","","","S",0,0,0,0,0,0
"WYBas3-999",2,11.5,"ARTRW8","","","","","S",0,0,0,0,0,0
"WYBas3-999",2,12,"POSE","HL","","","","S",0,0,0,0,0,0
"WYBas3-999",2,12.5,"ARTRW8","HL","","","","S",1,0,0,0,0,0
"WYBas3-999",2,13,"ARTRW8","","","","","S",0,0,0,0,0,0
"WYBas3-999",2,13.5,"ARTRW8","","","","","S",0,0,0,0,0,0
"WYBas3-999",2,14,"N","","","","","S",0,0,0,0,0,0
"WYBas3-999",2,14.5,"N","","","","","GR",0,0,0,0,0,0
"WYBas3-999",2,15,"ACHY","","","","","S",0,0,0,0,0,0
"WYBas3-999",2,15.5,"N","HL","","","","S",0,0,0,0,0,0
"WYBas3-999",2,16,"N","","","","","GR",0,0,0,0,0,0
"WYBas3-999",2,16.5,"N","","","","","S",0,0,0,0,0,0
"WYBas3-999",2,17,"N","HL","","","","S",0,0,0,0,0,0
"WYBas3-999",2,17.5,"N","","","","","S",0,0,0,0,0,0
"WYBas3-999",2,18,"N","","","","","GR",0,0,0,0,0,0
"WYBas3-999",2,18.5,"N","","","","","S",0,0,0,0,0,0
"WYBas3-999",2,19,"ARTRW8","POSE","","","","M",1,1,0,0,0,0
"WYBas3-999",2,19.5,"N","","","","","S",0,0,0,0,0,0
"WYBas3-999",2,20,"N","","","","","GR",0,0,0,0,0,0
"WYBas3-999",2,20.5,"N","","","","","GR",0,0,0,0,0,0
"WYBas3-999",2,21,"N","","","","","S",0,0,0,0,0,0
"WYBas3-999",2,21.5,"N","","","","","S",0,0,0,0,0,0
"WYBas3-999",2,22,"ARTRW8","POSE","HL","","","S",0,0,0,0,0,0
"WYBas3-999",2,22.5,"N","","","","","S",0,0,0,0,0,0
"WYBas3-999",2,23,"ARTRW8","PHHO","HL","","","S",1,1,0,0,0,0
"WYBas3-999",2,23.5,"N","","","","","GR",0,0,0,0,0,0
"WYBas3-999",2,24,"ARTRW8","HL","","","","S",0,0,0,0,0,0
"WYBas3-999",2,24.5,"N","","","","","S",0,0,0,0,0,0
"WYBas3-999",2,25,"N","","","","","S",0,0,0,0,0,0
"WYBas3-999",3,0.5,"N","HL","","","","S",0,0,0,0,0,0
"WYBas3-999",3,1,"ARTRW8","HL","","","","S",0,0,0,0,0,0
"WYBas3-999",3,1.5,"N","","","","","S",0,0,0,0,0,0
"WYBas3-999",3,2,"N","","","","","S",0,0,0,0,0,0
"WYBas3-999",3,2.5,"ELLA3","HL","","","","S",0,0,0,0,0,0
"WYBas3-999",3,3,"ASPU9","HL","","","","S",0,0,0,0,0,0
"WYBas3-999",3,3.5,"N","","","","","S",0,0,0,0,0,0
"WYBas3-999",3,4,"ARTRW8","HL","","","","S",1,0,0,0,0,0
"WYBas3-999",3,4.5,"N","HL","","","","S",0,0,0,0,0,0
"WYBas3-999",3,5,"N","HL","","","","S",0,0,0,0,0,0
"WYBas3-999",3,5.5,"ARTRW8","ACHY","HL","","","S",0,0,0,0,0,0
"WYBas3-999",3,6,"N","","","","","S",0,0,0,0,0,0
"WYBas3-999",3,6.5,"N","","","","","S",0,0,0,0,0,0
"WYBas3-999",3,7,"ARTRW8","PHHO","HL","","","S",0,1,0,0,0,0
"WYBas3-999",3,7.5,"N","","","","","GR",0,0,0,0,0,0
"WYBas3-999",3,8,"N","HL","","","","S",0,0,0,0,0,0
"WYBas3-999",3,8.5,"ARTRW8","HL","","","","M",1,0,0,0,0,0
"WYBas3-999",3,9,"N","HL","","","","S",0,0,0,0,0,0
"WYBas3-999",3,9.5,"ARTRW8","HL","","","","S",0,0,0,0,0,0
"WYBas3-999",3,10,"ARTRW8","","","","","S",0,0,0,0,0,0
"WYBas3-999",3,10.5,"ARTRW8","HL","","","","S",0,0,0,0,0,0
"WYBas3-999",3,11,"N","HL","","","","S",0,0,0,0,0,0
"WYBas3-999",3,11.5,"ARTRW8","","","","","ARTRW8",0,0,0,0,0,0
"WYBas3-999",3,12,"ELLA3","","","","","GR",0,0,0,0,0,0
"WYBas3-999",3,12.5,"N","","","","","S",0,0,0,0,0,0
"WYBas3-999",3,13,"N","","","","","S",0,0,0,0,0,0
"WYBas3-999",3,13.5,"N","","","","","S",0,0,0,0,0,0
"WYBas3-999",3,14,"ARTRW8","HL","","","","S",1,0,0,0,0,0
"WYBas3-999",3,14.5,"N","","","","","GR",0,0,0,0,0,0
"WYBas3-999",3,15,"N","","","","","S",0,0,0,0,0,0
"WYBas3-999",3,15.5,"N","","","","","S",0,0,0,0,0,0
"WYBas3-999",3,16,"N","","","","","GR",0,0,0,0,0,0
"WYBas3-999",3,16.5,"N","HL","","","","GR",0,0,0,0,0,0
"WYBas3-999",3,17,"N","","","","","GR",0,0,0,0,0,0
"WYBas3-999",3,17.5,"ARTRW8","","","","","S",1,0,0,0,0,0
"WYBas3-999",3,18,"N","","","","","GR",0,0,0,0,0,0
"WYBas3-999",3,18.5,"ACHY","HL","","","","S",1,0,0,0,0,0
"WYBas3-999",3,19,"ARTRW8","","","","","M",0,0,0,0,0,0
"WYBas3-999",3,19.5,"ARTRW8","HL","","","","S",0,0,0,0,0,0
"WYBas3-999",3,20,"ASPU9","","","","","S",0,0,0,0,0,0
"WYBas3-999",3,20.5,"N","","","","","S",0,0,0,0,0,0
"WYBas3-999",3,21,"PHHO","HL","","","","S",1,0,0,0,0,0
"WYBas3-999",3,21.5,"N","","","","","S",0,0,0,0,0,0
"WYBas3-999",3,22,"N","VL","","","","S",0,0,0,0,0,0
"WYBas3-999",3,22.5,"N","","","","","S",0,0,0,0,0,0
"WYBas3-999",3,23,"N","","","","","GR",0,0,0,0,0,0
"WYBas3-999",3,23.5,"N","","","","","S",0,0,0,0,0,0
"WYBas3-999",3,24,"N","","","","","S",0,0,0,0,0,0
"WYBas3-999",3,24.5,"N","HL","","","","S",0,0,0,0,0,0
"WYBas3-999",3,25,"ARTRW8","HL","","","","S",1,0,0,0,0,0
"WYBas4-010",1,0.5,"ELLA3","ARTRW8","HL","","","S",0,0,0,0,0,0
"WYBas4-010",1,1,"PHHO","HL","","","","S",1,0,0,0,0,0
"WYBas4-010",1,1.5,"N","","","","","S",0,0,0,0,0,0
"WYBas4-010",1,2,"N","HL","","","","S",0,0,0,0,0,0
"WYBas4-010",1,2.5,"POFE","HL","","","","S",0,0,0,0,0,0
"WYBas4-010",1,3,"POFE","","","","","S",0,0,0,0,0,0
"WYBas4-010",1,3.5,"N","","","","","S",0,0,0,0,0,0
"WYBas4-010",1,4,"N","HL","","","","S",0,0,0,0,0,0
"WYBas4-010",1,4.5,"HECO26","HL","","","","S",0,0,0,0,0,0
"WYBas4-010",1,5,"N","","","","","S",0,0,0,0,0,0
"WYBas4-010",1,5.5,"POFE","HL","","","","S",0,0,0,0,0,0
"WYBas4-010",1,6,"N","HL","","","","S",0,0,0,0,0,0
"WYBas4-010",1,6.5,"CAFI","HL","","","","S",0,0,0,0,0,0
"WYBas4-010",1,7,"N","HL","","","","S",0,0,0,0,0,0
"WYBas4-010",1,7.5,"CAFI","HL","","","","S",1,0,0,0,0,0
"WYBas4-010",1,8,"N","","","","","GR",0,0,0,0,0,0
"WYBas4-010",1,8.5,"POFE","HL","","","","S",0,0,0,0,0,0
"WYBas4-010",1,9,"CAFI","","","","","S",0,0,0,0,0,0
"WYBas4-010",1,9.5,"PHHO","HL","","","","S",1,0,0,0,0,0
"WYBas4-010",1,10,"ARTRW8","HL","","","","S",0,0,0,0,0,0
"WYBas4-010",1,10.5,"N","HL","","","","S",0,0,0,0,0,0
"WYBas4-010",1,11,"N","","","","","S",0,0,0,0,0,0
"WYBas4-010",1,11.5,"CAFI","HL","","","","S",0,0,0,0,0,0
"WYBas4-010",1,12,"ELLA3","HL","","","","S",0,0,0,0,0,0
"WYBas4-010",1,12.5,"ELLA3","HL","","","","S",1,0,0,0,0,0
"WYBas4-010",1,13,"ARTRW8","HL","","","","S",0,0,0,0,0,0
"WYBas4-010",1,13.5,"ARTRW8","HECO26","HL","","","S",0,1,0,0,0,0
"WYBas4-010",1,14,"N","","","","","GR",0,0,0,0,0,0
"WYBas4-010",1,14.5,"CAFI","HL","","","","S",0,0,0,0,0,0
"WYBas4-010",1,15,"ARTRW8","HL","","","","S",0,0,0,0,0,0
"WYBas4-010",1,15.5,"CAFI","HL","","","","GR",0,0,0,0,0,0
"WYBas4-010",1,16,"CAFI","HL","","","","S",0,0,0,0,0,0
"WYBas4-010",1,16.5,"ELLA3","","","","","S",1,0,0,0,0,0
"WYBas4-010",1,17,"HECO26","","","","","HECO26",0,0,0,0,0,0
"WYBas4-010",1,17.5,"ARTRW8","","","","","S",0,0,0,0,0,0
"WYBas4-010",1,18,"N","HL","","","","S",0,0,0,0,0,0
"WYBas4-010",1,18.5,"ELLA3","HL","","","","S",0,0,0,0,0,0
"WYBas4-010",1,19,"HECO26","HL","","","","S",0,0,0,0,0,0
"WYBas4-010",1,19.5,"N","HL","","","","S",0,0,0,0,0,0
"WYBas4-010",1,20,"POSE","HL","","","","S",0,0,0,0,0,0
"WYBas4-010",1,20.5,"CAFI","HL","","","","S",0,0,0,0,0,0
"WYBas4-010",1,21,"ARTRW8","HL","","","","S",1,0,0,0,0,0
"WYBas4-010",1,21.5,"N","HL","","","","S",0,0,0,0,0,0
"WYBas4-010",1,22,"N","","","","","GR",0,0,0,0,0,0
"WYBas4-010",1,22.5,"N","","","","","S",0,0,0,0,0,0
"WYBas4-010",1,23,"CAFI","HL","","","","S",0,0,0,0,0,0
"WYBas4-010",1,23.5,"ARTRW8","HL","","","","S",0,0,0,0,0,0
"WYBas4-010",1,24,"ELEL5","ARTRW8","HL","","","S",0,1,0,0,0,0
"WYBas4-010",1,24.5,"POSE","HL","","","","S",1,0,0,0,0,0
"WYBas4-010",1,25,"N","","","","","S",0,0,0,0,0,0
"WYBas4-010",2,0.5,"N","","","","","S",0,0,0,0,0,0
"WYBas4-010",2,1,"ACHY","HL","","","","S",0,0,0,0,0,0
"WYBas4-010",2,1.5,"CAFI","","","","","S",1,0,0,0,0,0
"WYBas4-010",2,2,"ARTRW8","ELEL5","HL","","","S",0,0,0,0,0,0
"WYBas4-010",2,2.5,"CAFI","HL","","","","S",0,0,0,0,0,0
"WYBas4-010",2,3,"N","","","","","S",0,0,0,0,0,0
"WYBas4-010",2,3.5,"ARTRW8","HL","","","","S",0,0,0,0,0,0
"WYBas4-010",2,4,"N","WL","","","","S",0,0,0,0,0,0
"WYBas4-010",2,4.5,"CAFI","","","","","S",0,0,0,0,0,0
"WYBas4-010",2,5,"N","HL","","","","GR",0,0,0,0,0,0
"WYBas4-010",2,5.5,"ARTRW8","HL","","","","S",0,0,0,0,0,0
"WYBas4-010",2,6,"ELLA3","ARTRW8","HL","","","S",1,1,0,0,0,0
"WYBas4-010",2,6.5,"N","","","","","S",0,0,0,0,0,0
"WYBas4-010",2,7,"N","","","","","S",0,0,0,0,0,0
"WYBas4-010",2,7.5,"POSE","HL","","","","S",0,0,0,0,0,0
"WYBas4-010",2,8,"N","HL","","","","S",0,0,0,0,0,0
"WYBas4-010",2,8.5,"CAFI","","","","","S",0,0,0,0,0,0
"WYBas4-010",2,9,"N","HL","","","","S",0,0,0,0,0,0
"WYBas4-010",2,9.5,"POSE","HL","","","","S",0,0,0,0,0,0
"WYBas4-010",2,10,"CAFI","","","","","S",0,0,0,0,0,0
"WYBas4-010",2,10.5,"ARTRW8","HL","","","","S",0,0,0,0,0,0
"WYBas4-010",2,11,"HECO26","HL","","","","S",0,0,0,0,0,0
"WYBas4-010",2,11.5,"N","","","","","GR",0,0,0,0,0,0
"WYBas4-010",2,12,"ARTRW8","HL","","","","S",0,0,0,0,0,0
"WYBas4-010",2,12.5,"N","HL","","","","S",0,0,0,0,0,0
"WYBas4-010",2,13,"N","","","","","S",0,0,0,0,0,0
"WYBas4-010",2,13.5,"CAFI","","","","","GR",0,0,0,0,0,0
"WYBas4-010",2,14,"CAFI","PHHO","","","","S",0,0,0,0,0,0
"WYBas4-010",2,14.5,"HECO26","HL","","","","S",0,0,0,0,0,0
"WYBas4-010",2,15,"ELLA3","HL","","","","S",0,0,0,0,0,0
"WYBas4-010",2,15.5,"ELLA3","HL","","","","S",0,0,0,0,0,0
"WYBas4-010",2,16,"POFE","","","","","S",0,0,0,0,0,0
"WYBas4-010",2,16.5,"ARTRW8","HL","","","","S",0,0,0,0,0,0
"WYBas4-010",2,17,"ARTRW8","CAFI","HL","","","S",0,1,0,0,0,0
"WYBas4-010",2,17.5,"POSE","HL","","","","S",0,0,0,0,0,0
"WYBas4-010",2,18,"POSE","HL","","","","S",0,0,0,0,0,0
"WYBas4-010",2,18.5,"N","","","","","GR",0,0,0,0,0,0
"WYBas4-010",2,19,"N","VL","","","","S",0,0,0,0,0,0
"WYBas4-010",2,19.5,"N","","","","","S",0,0,0,0,0,0
"WYBas4-010",2,20,"PHHO","","","","","S",1,0,0,0,0,0
"WYBas4-010",2,20.5,"HECO26","ASTRAPF","HL","","","S",0,1,0,0,0,0
"WYBas4-010",2,21,"CAFI","","","","","S",0,0,0,0,0,0
"WYBas4-010",2,21.5,"ARTRW8","HL","","","","S",0,0,0,0,0,0
"WYBas4-010",2,22,"N","HL","","","","S",0,0,0,0,0,0
"WYBas4-010",2,22.5,"N","","","","","GR",0,0,0,0,0,0
"WYBas4-010",2,23,"CAFI","","","","","S",0,0,0,0,0,0
"WYBas4-010",2,23.5,"ARTRW8","HL","","","","S",1,0,0,0,0,0
"WYBas4-010",2,24,"HECO26","","","","","S",0,0,0,0,0,0
"WYBas4-010",2,24.5,"N","HL","","","","S",0,0,0,0,0,0
"WYBas4-010",2,25,"CAFI","","","","","S",0,0,0,0,0,0
"WYBas4-010",3,0.5,"POSE","","","","","S",0,0,0,0,0,0
"WYBas4-010",3,1,"CORA5","HL","","","","S",0,0,0,0,0,0
"WYBas4-010",3,1.5,"CAFI","","","","","S",0,0,0,0,0,0
"WYBas4-010",3,2,"N","","","","","GR",0,0,0,0,0,0
"WYBas4-010",3,2.5,"CAFI","HL","","","","S",0,0,0,0,0,0
"WYBas4-010",3,3,"POSE","HL","","","","S",0,0,0,0,0,0
"WYBas4-010",3,3.5,"CAFI","HL","","","","S",0,0,0,0,0,0
"WYBas4-010",3,4,"CAFI","HL","","","","S",0,0,0,0,0,0
"WYBas4-010",3,4.5,"N","","","","","S",0,0,0,0,0,0
"WYBas4-010",3,5,"CAFI","HL","","","","S",0,0,0,0,0,0
"WYBas4-010",3,5.5,"N","","","","","GR",0,0,0,0,0,0
"WYBas4-010",3,6,"N","HL","","","","S",0,0,0,0,0,0
"WYBas4-010",3,6.5,"CAFI","HL","","","","S",0,0,0,0,0,0
"WYBas4-010",3,7,"N","","","","","GR",0,0,0,0,0,0
"WYBas4-010",3,7.5,"N","","","","","S",0,0,0,0,0,0
"WYBas4-010",3,8,"CAFI","","","","","S",0,0,0,0,0,0
"WYBas4-010",3,8.5,"POSE","HL","","","","S",0,0,0,0,0,0
"WYBas4-010",3,9,"CAFI","","","","","S",0,0,0,0,0,0
"WYBas4-010",3,9.5,"ARTRW8","","","","","S",0,0,0,0,0,0
"WYBas4-010",3,10,"ARTRW8","HL","","","","S",1,0,0,0,0,0
"WYBas4-010",3,10.5,"N","HL","","","","S",0,0,0,0,0,0
"WYBas4-010",3,11,"ELEL5","CAFI","HL","","","S",0,0,0,0,0,0
"WYBas4-010",3,11.5,"HECO26","HL","","","","HECO26",0,0,0,0,0,0
"WYBas4-010",3,12,"CAFI","HL","","","","S",0,0,0,0,0,0
"WYBas4-010",3,12.5,"POSE","","","","","S",0,0,0,0,0,0
"WYBas4-010",3,13,"CAFI","","","","","S",0,0,0,0,0,0
"WYBas4-010",3,13.5,"ARTRW8","HL","","","","S",0,0,0,0,0,0
"WYBas4-010",3,14,"N","","","","","S",0,0,0,0,0,0
"WYBas4-010",3,14.5,"CAFI","","","","","GR",0,0,0,0,0,0
"WYBas4-010",3,15,"N","HL","","","","S",0,0,0,0,0,0
"WYBas4-010",3,15.5,"PHHO","","","","","S",0,0,0,0,0,0
"WYBas4-010",3,16,"POSE","HL","","","","S",1,0,0,0,0,0
"WYBas4-010",3,16.5,"PHHO","HL","","","","S",0,0,0,0,0,0
"WYBas4-010",3,17,"CAFI","","","","","CAFI",0,0,0,0,0,0
"WYBas4-010",3,17.5,"N","","","","","S",0,0,0,0,0,0
"WYBas4-010",3,18,"POSE","HL","VL","","","S",0,0,0,0,0,0
"WYBas4-010",3,18.5,"ARTRW8","HL","","","","S",0,0,0,0,0,0
"WYBas4-010",3,19,"CAFI","HL","","","","S",0,0,0,0,0,0
"WYBas4-010",3,19.5,"ARTRW8","HL","","","","S",0,0,0,0,0,0
"WYBas4-010",3,20,"ARTRW8","HL","","","","S",0,0,0,0,0,0
"WYBas4-010",3,20.5,"POSE","HL","","","","S",0,0,0,0,0,0
"WYBas4-010",3,21,"N","","","","","S",0,0,0,0,0,0
"WYBas4-010",3,21.5,"N","","","","","S",0,0,0,0,0,0
"WYBas4-010",3,22,"N","","","","","S",0,0,0,0,0,0
"WYBas4-010",3,22.5,"PSSP6","HL","","","","S",0,0,0,0,0,0
"WYBas4-010",3,23,"CAFI","HL","","","","S",0,0,0,0,0,0
"WYBas4-010",3,23.5,"PSSP6","HL","","","","S",1,0,0,0,0,0
"WYBas4-010",3,24,"PSSP6","HL","","","","S",0,0,0,0,0,0
"WYBas4-010",3,24.5,"N","HL","","","","GR",0,0,0,0,0,0
"WYBas4-010",3,25,"N","","","","","GR",0,0,0,0,0,0
"WYBas4-019",1,0.5,"HECO26","","","","","S",0,0,0,0,0,0
"WYBas4-019",1,1,"HECO26","ARTRW8","CAREXPG","HL","","S",0,0,0,0,0,0
"WYBas4-019",1,1.5,"ELEL5","ACHY","HL","","","S",0,0,0,0,0,0
"WYBas4-019",1,2,"HECO26","","","","","S",0,0,0,0,0,0
"WYBas4-019",1,2.5,"CHVI8","HL","","","","S",0,0,0,0,0,0
"WYBas4-019",1,3,"N","HL","","","","S",0,0,0,0,0,0
"WYBas4-019",1,3.5,"ARTRW8","PG000","HL","","","S",0,1,0,0,0,0
"WYBas4-019",1,4,"HECO26","HL","","","","S",1,0,0,0,0,0
"WYBas4-019",1,4.5,"N","HL","","","","S",0,0,0,0,0,0
"WYBas4-019",1,5,"N","","","","","S",0,0,0,0,0,0
"WYBas4-019",1,5.5,"HECO26","HL","","","","S",0,0,0,0,0,0
"WYBas4-019",1,6,"HECO26","HL","","","","S",0,0,0,0,0,0
"WYBas4-019",1,6.5,"ELEL5","HL","","","","S",0,0,0,0,0,0
"WYBas4-019",1,7,"ARTRW8","","","","","ARTRW8",0,0,0,0,0,0
"WYBas4-019",1,7.5,"ARTRW8","HL","","","","S",0,0,0,0,0,0
"WYBas4-019",1,8,"N","","","","","S",0,0,0,0,0,0
"WYBas4-019",1,8.5,"ARTRW8","HECO26","LOFO","HL","","S",1,1,0,0,0,0
"WYBas4-019",1,9,"BRTE","PSSP6","HL","","","S",0,0,0,0,0,0
"WYBas4-019",1,9.5,"HECO26","HL","","","","S",0,0,0,0,0,0
"WYBas4-019",1,10,"HECO26","HL","","","","S",0,0,0,0,0,0
"WYBas4-019",1,10.5,"N","HL","","","","S",0,0,0,0,0,0
"WYBas4-019",1,11,"ARTRW8","HECO26","BRTE","HL","","S",1,0,0,0,0,0
"WYBas4-019",1,11.5,"N","HL","","","","S",0,0,0,0,0,0
"WYBas4-019",1,12,"ACHY","HL","","","","S",0,0,0,0,0,0
"WYBas4-019",1,12.5,"BRTE","HL","","","","S",0,0,0,0,0,0
"WYBas4-019",1,13,"ACHY","HL","","","","S",0,0,0,0,0,0
"WYBas4-019",1,13.5,"N","HL","","","","S",0,0,0,0,0,0
"WYBas4-019",1,14,"N","HL","","","","S",0,0,0,0,0,0
"WYBas4-019",1,14.5,"N","","","","","S",0,0,0,0,0,0
"WYBas4-019",1,15,"ARTRW8","BRTE","HL","","","S",0,0,0,0,0,0
"WYBas4-019",1,15.5,"BRTE","ARTRW8","HL","","","S",0,1,0,0,0,0
"WYBas4-019",1,16,"N","","","","","S",0,0,0,0,0,0
"WYBas4-019",1,16.5,"ARTRW8","BRTE","HL","","","S",1,0,0,0,0,0
"WYBas4-019",1,17,"ARTRW8","HL","","","","S",1,0,0,0,0,0
"WYBas4-019",1,17.5,"ARTRW8","CHVI8","BRTE","HL","","S",0,0,0,0,0,0
"WYBas4-019",1,18,"N","HL","","","","S",0,0,0,0,0,0
"WYBas4-019",1,18.5,"N","","","","","S",0,0,0,0,0,0
"WYBas4-019",1,19,"BRTE","HECO26","HL","","","S",0,0,0,0,0,0
"WYBas4-019",1,19.5,"BRTE","HL","","","","S",0,0,0,0,0,0
"WYBas4-019",1,20,"ELLA3","","","","","S",0,0,0,0,0,0
"WYBas4-019",1,20.5,"HECO26","HL","","","","S",0,0,0,0,0,0
"WYBas4-019",1,21,"ELLA3","","","","","S",1,0,0,0,0,0
"WYBas4-019",1,21.5,"BRTE","LAOC3","HL","","","S",0,0,0,0,0,0
"WYBas4-019",1,22,"BRTE","HL","WL","","","S",0,0,0,0,0,0
"WYBas4-019",1,22.5,"HECO26","","","","","S",0,0,0,0,0,0
"WYBas4-019",1,23,"HECO26","HL","","","","S",0,0,0,0,0,0
"WYBas4-019",1,23.5,"N","HL","","","","S",0,0,0,0,0,0
"WYBas4-019",1,24,"HECO26","HL","","","","S",1,0,0,0,0,0
"WYBas4-019",1,24.5,"N","","","","","S",0,0,0,0,0,0
"WYBas4-019",1,25,"HECO26","HL","","","","S",0,0,0,0,0,0
"WYBas4-019",2,0.5,"N","HL","","","","S",0,0,0,0,0,0
"WYBas4-019",2,1,"HECO26","ELLA3","HL","","","S",0,0,0,0,0,0
"WYBas4-019",2,1.5,"ARTRW8","HL","","","","S",0,0,0,0,0,0
"WYBas4-019",2,2,"ELLA3","","","","","S",0,0,0,0,0,0
"WYBas4-019",2,2.5,"N","","","","","S",0,0,0,0,0,0
"WYBas4-019",2,3,"HECO26","","","","","S",0,0,0,0,0,0
"WYBas4-019",2,3.5,"N","","","","","S",0,0,0,0,0,0
"WYBas4-019",2,4,"ARTRW8","HECO26","HL","","","S",0,0,0,0,0,0
"WYBas4-019",2,4.5,"CHVI8","HL","","","","S",0,0,0,0,0,0
"WYBas4-019",2,5,"AGGL","HL","","","","S",0,0,0,0,0,0
"WYBas4-019",2,5.5,"N","HL","","","","S",0,0,0,0,0,0
"WYBas4-019",2,6,"ACTH7","","","","","ACTH7",0,0,0,0,0,0
"WYBas4-019",2,6.5,"N","","","","","S",0,0,0,0,0,0
"WYBas4-019",2,7,"ACTH7","EROV","HL","","","S",0,0,0,0,0,0
"WYBas4-019",2,7.5,"ARTRT2","HL","","","","S",1,0,0,0,0,0
"WYBas4-019",2,8,"ARTRT2","","","","","S",0,0,0,0,0,0
"WYBas4-019",2,8.5,"N","","","","","S",0,0,0,0,0,0
"WYBas4-019",2,9,"ACTH7","HL","","","","S",0,0,0,0,0,0
"WYBas4-019",2,9.5,"CHVI8","HL","","","","S",0,0,0,0,0,0
"WYBas4-019",2,10,"ARTRW8","LIPU11","HL","","","S",1,1,0,0,0,0
"WYBas4-019",2,10.5,"ARTRW8","","","","","M",1,0,0,0,0,0
"WYBas4-019",2,11,"N","HL","","","","S",0,0,0,0,0,0
"WYBas4-019",2,11.5,"N","","","","","S",0,0,0,0,0,0
"WYBas4-019",2,12,"N","","","","","S",0,0,0,0,0,0
"WYBas4-019",2,12.5,"N","HL","","","","S",0,0,0,0,0,0
"WYBas4-019",2,13,"ACTH7","","","","","S",0,0,0,0,0,0
"WYBas4-019",2,13.5,"ARTRT2","HL","","","","S",0,0,0,0,0,0
"WYBas4-019",2,14,"ACHY","HL","","","","S",0,0,0,0,0,0
"WYBas4-019",2,14.5,"ACTH7","","","","","S",0,0,0,0,0,0
"WYBas4-019",2,15,"ARTRT2","HL","","","","S",0,0,0,0,0,0
"WYBas4-019",2,15.5,"ARTRT2","HL","","","","S",0,0,0,0,0,0
"WYBas4-019",2,16,"ARTRT2","HL","","","","S",0,0,0,0,0,0
"WYBas4-019",2,16.5,"ARTRT2","HL","","","","S",0,0,0,0,0,0
"WYBas4-019",2,17,"CHVI8","HL","","","","S",0,0,0,0,0,0
"WYBas4-019",2,17.5,"N","HL","","","","S",0,0,0,0,0,0
"WYBas4-019",2,18,"HECO26","","","","","S",0,0,0,0,0,0
"WYBas4-019",2,18.5,"ARTRW8","HL","","","","S",1,0,0,0,0,0
"WYBas4-019",2,19,"ARTRW8","HL","","","","S",0,0,0,0,0,0
"WYBas4-019",2,19.5,"N","","","","","S",0,0,0,0,0,0
"WYBas4-019",2,20,"N","","","","","S",0,0,0,0,0,0
"WYBas4-019",2,20.5,"ACHY","HL","","","","S",0,0,0,0,0,0
"WYBas4-019",2,21,"N","","","","","S",0,0,0,0,0,0
"WYBas4-019",2,21.5,"N","HL","","","","S",0,0,0,0,0,0
"WYBas4-019",2,22,"PHLO2","","","","","S",1,0,0,0,0,0
"WYBas4-019",2,22.5,"N","","","","","S",0,0,0,0,0,0
"WYBas4-019",2,23,"EROV","HL","","","","S",0,0,0,0,0,0
"WYBas4-019",2,23.5,"ELEL5","HL","","","","S",0,0,0,0,0,0
"WYBas4-019",2,24,"ARTRW8","HECO26","HL","","","S",1,1,0,0,0,0
"WYBas4-019",2,24.5,"N","","","","","S",0,0,0,0,0,0
"WYBas4-019",2,25,"HECO26","HL","","","","S",0,0,0,0,0,0
"WYBas4-019",3,0.5,"N","WL","","","","S",0,0,0,0,0,0
"WYBas4-019",3,1,"ELEL5","PHLO2","HL","","","S",0,0,0,0,0,0
"WYBas4-019",3,1.5,"N","HL","","","","S",0,0,0,0,0,0
"WYBas4-019",3,2,"ACTH7","HL","","","","S",0,0,0,0,0,0
"WYBas4-019",3,2.5,"CHVI8","HL","","","","S",0,0,0,0,0,0
"WYBas4-019",3,3,"N","HL","","","","S",0,0,0,0,0,0
"WYBas4-019",3,3.5,"N","HL","","","","S",0,0,0,0,0,0
"WYBas4-019",3,4,"N","","","","","S",0,0,0,0,0,0
"WYBas4-019",3,4.5,"ACTH7","HL","","","","S",0,0,0,0,0,0
"WYBas4-019",3,5,"ACTH7","HL","","","","S",0,0,0,0,0,0
"WYBas4-019",3,5.5,"ELLA3","","","","","S",0,0,0,0,0,0
"WYBas4-019",3,6,"CHVI8","HECO26","AGGL","HL","","S",0,0,0,0,0,0
"WYBas4-019",3,6.5,"N","","","","","S",0,0,0,0,0,0
"WYBas4-019",3,7,"N","","","","","S",0,0,0,0,0,0
"WYBas4-019",3,7.5,"N","","","","","S",0,0,0,0,0,0
"WYBas4-019",3,8,"ELEL5","ACTH7","HL","","","S",0,0,0,0,0,0
"WYBas4-019",3,8.5,"ARTRW8","","","","","ARTRW8",0,0,0,0,0,0
"WYBas4-019",3,9,"N","HL","","","","S",0,0,0,0,0,0
"WYBas4-019",3,9.5,"PG000","HL","","","","S",1,0,0,0,0,0
"WYBas4-019",3,10,"ARTRW8","ACTH7","","","","ACTH7",1,0,0,0,0,0
"WYBas4-019",3,10.5,"ACTH7","","","","","S",0,0,0,0,0,0
"WYBas4-019",3,11,"HECO26","HL","","","","S",0,0,0,0,0,0
"WYBas4-019",3,11.5,"HECO26","","","","","S",0,0,0,0,0,0
"WYBas4-019",3,12,"ARTRW8","BRTE","PHLO2","HL","","S",0,0,0,0,0,0
"WYBas4-019",3,12.5,"ACTH7","HL","","","","S",0,0,0,0,0,0
"WYBas4-019",3,13,"N","","","","","S",0,0,0,0,0,0
"WYBas4-019",3,13.5,"N","","","","","S",0,0,0,0,0,0
"WYBas4-019",3,14,"N","HL","","","","S",0,0,0,0,0,0
"WYBas4-019",3,14.5,"BRTE","","","","","S",0,0,0,0,0,0
"WYBas4-019",3,15,"N","","","","","S",0,0,0,0,0,0
"WYBas4-019",3,15.5,"N","","","","","S",0,0,0,0,0,0
"WYBas4-019",3,16,"ELEL5","ACTH7","","","","ACTH7",0,0,0,0,0,0
"WYBas4-019",3,16.5,"ARTRW8","HL","","","","S",0,0,0,0,0,0
"WYBas4-019",3,17,"ARTRW8","HECO26","HL","","","S",0,0,0,0,0,0
"WYBas4-019",3,17.5,"N","HL","","","","S",0,0,0,0,0,0
"WYBas4-019",3,18,"N","","","","","S",0,0,0,0,0,0
"WYBas4-019",3,18.5,"ELLA3","","","","","S",0,0,0,0,0,0
"WYBas4-019",3,19,"N","HL","","","","S",0,0,0,0,0,0
"WYBas4-019",3,19.5,"CHVI8","HL","","","","S",0,0,0,0,0,0
"WYBas4-019",3,20,"CHVI8","ELEL5","HL","","","S",1,0,0,0,0,0
"WYBas4-019",3,20.5,"ACTH7","HL","","","","S",0,0,0,0,0,0
"WYBas4-019",3,21,"ELEL5","GADI2","HL","","","S",0,0,0,0,0,0
"WYBas4-019",3,21.5,"N","","","","","S",0,0,0,0,0,0
"WYBas4-019",3,22,"N","HL","","","","S",0,0,0,0,0,0
"WYBas4-019",3,22.5,"ACTH7","HL","","","","S",0,0,0,0,0,0
"WYBas4-019",3,23,"ARTRW8","HL","","","","S",1,0,0,0,0,0
"WYBas4-019",3,23.5,"ELEL5","HL","","","","S",0,0,0,0,0,0
"WYBas4-019",3,24,"ARTRW8","HL","","","","S",0,0,0,0,0,0
"WYBas4-019",3,24.5,"N","HL","","","","S",0,0,0,0,0,0
"WYBas4-019",3,25,"ACTH7","HL","","","","S",0,0,0,0,0,0
"WYBas4-999",1,0.5,"ELEL5","","","","","S",1,0,0,0,0,0
"WYBas4-999",1,1,"N","VL","","","","S",0,0,0,0,0,0
"WYBas4-999",1,1.5,"N","","","","","S",0,0,0,0,0,0
"WYBas4-999",1,2,"N","HL","","","","S",0,0,0,0,0,0
"WYBas4-999",1,2.5,"N","","","","","S",0,0,0,0,0,0
"WYBas4-999",1,3,"PHHO","","","","","S",0,0,0,0,0,0
"WYBas4-999",1,3.5,"ARTRW8","PG000","","","","PG000",1,1,0,0,0,1
"WYBas4-999",1,4,"ELEL5","HL","","","","S",1,0,0,0,0,0
"WYBas4-999",1,4.5,"ARTRW8","VL","HL","","","S",0,0,0,0,0,0
"WYBas4-999",1,5,"N","WL","HL","","","S",0,0,0,0,0,0
"WYBas4-999",1,5.5,"N","WL","HL","","","S",0,0,0,0,0,0
"WYBas4-999",1,6,"N","VL","","","","S",0,0,0,0,0,0
"WYBas4-999",1,6.5,"N","","","","","GR",0,0,0,0,0,0
"WYBas4-999",1,7,"N","HL","","","","S",0,0,0,0,0,0
"WYBas4-999",1,7.5,"N","HL","","","","S",0,0,0,0,0,0
"WYBas4-999",1,8,"N","","","","","S",0,0,0,0,0,0
"WYBas4-999",1,8.5,"ARTRW8","HL","","","","S",0,0,0,0,0,0
"WYBas4-999",1,9,"ARTRW8","","","","","S",1,0,0,0,0,0
"WYBas4-999",1,9.5,"N","HL","","","","S",0,0,0,0,0,0
"WYBas4-999",1,10,"N","HL","","","","S",0,0,0,0,0,0
"WYBas4-999",1,10.5,"N","HL","","","","S",0,0,0,0,0,0
"WYBas4-999",1,11,"ARTRW8","ELEL5","HL","","","S",0,1,0,0,0,0
"WYBas4-999",1,11.5,"N","","","","","S",0,0,0,0,0,0
"WYBas4-999",1,12,"ARTRW8","HL","","","","S",1,0,0,0,0,0
"WYBas4-999",1,12.5,"ARTRW8","ELEL5","","","","ELEL5",0,1,0,0,0,1
"WYBas4-999",1,13,"N","HL","","","","S",0,0,0,0,0,0
"WYBas4-999",1,13.5,"ARTRW8","WL","HL","","","S",0,0,0,0,0,0
"WYBas4-999",1,14,"ARTRW8","HL","","","","S",0,0,0,0,0,0
"WYBas4-999",1,14.5,"N","HL","","","","S",0,0,0,0,0,0
"WYBas4-999",1,15,"ARTRW8","HL","","","","S",0,0,0,0,0,0
"WYBas4-999",1,15.5,"ARTRW8","HL","","","","S",0,0,0,0,0,0
"WYBas4-999",1,16,"ARTRW8","HL","","","","S",0,0,0,0,0,0
"WYBas4-999",1,16.5,"ARTRW8","HL","","","","S",0,0,0,0,0,0
"WYBas4-999",1,17,"N","","","","","S",0,0,0,0,0,0
"WYBas4-999",1,17.5,"N","HL","","","","S",0,0,0,0,0,0
"WYBas4-999",1,18,"ARTRW8","HL","","","","S",1,0,0,0,0,0
"WYBas4-999",1,18.5,"N","","","","","S",0,0,0,0,0,0
"WYBas4-999",1,19,"N","HL","","","","S",0,0,0,0,0,0
"WYBas4-999",1,19.5,"ARTRW8","HL","","","","S",0,0,0,0,0,0
"WYBas4-999",1,20,"ARTRW8","HL","","","","S",0,0,0,0,0,0
"WYBas4-999",1,20.5,"ELEL5","HL","","","","S",0,0,0,0,0,0
"WYBas4-999",1,21,"N","","","","","S",0,0,0,0,0,0
"WYBas4-999",1,21.5,"ELEL5","","","","","S",1,0,0,0,0,0
"WYBas4-999",1,22,"N","","","","","S",0,0,0,0,0,0
"WYBas4-999",1,22.5,"N","","","","","S",0,0,0,0,0,0
"WYBas4-999",1,23,"N","","","","","S",0,0,0,0,0,0
"WYBas4-999",1,23.5,"N","HL","","","","S",0,0,0,0,0,0
"WYBas4-999",1,24,"N","WL","","","","S",0,0,0,0,0,0
"WYBas4-999",1,24.5,"N","WL","HL","","","S",0,0,0,0,0,0
"WYBas4-999",1,25,"N","HL","","","","S",0,0,0,0,0,0
"WYBas4-999",2,0.5,"ARTRW8","HL","","","","S",0,0,0,0,0,0
"WYBas4-999",2,1,"N","","","","","S",0,0,0,0,0,0
"WYBas4-999",2,1.5,"ARTRW8","HL","","","","S",1,0,0,0,0,0
"WYBas4-999",2,2,"N","HL","","","","S",0,0,0,0,0,0
"WYBas4-999",2,2.5,"N","","","","","S",0,0,0,0,0,0
"WYBas4-999",2,3,"N","","","","","S",0,0,0,0,0,0
"WYBas4-999",2,3.5,"N","","","","","S",0,0,0,0,0,0
"WYBas4-999",2,4,"ARTRW8","ACPI2","HL","","","S",0,0,0,0,0,0
"WYBas4-999",2,4.5,"ARTRW8","HL","","","","S",0,0,0,0,0,0
"WYBas4-999",2,5,"ARTRW8","HL","","","","S",1,0,0,0,0,0
"WYBas4-999",2,5.5,"ARTRW8","HL","","","","S",0,0,0,0,0,0
"WYBas4-999",2,6,"N","","","","","S",0,0,0,0,0,0
"WYBas4-999",2,6.5,"ELEL5","HL","","","","S",1,0,0,0,0,0
"WYBas4-999",2,7,"N","WL","","","","S",0,0,0,0,0,0
"WYBas4-999",2,7.5,"ARTRW8","HL","","","","S",0,0,0,0,0,0
"WYBas4-999",2,8,"ELEL5","HL","","","","S",1,0,0,0,0,0
"WYBas4-999",2,8.5,"N","WL","HL","","","S",0,0,0,0,0,0
"WYBas4-999",2,9,"N","","","","","S",0,0,0,0,0,0
"WYBas4-999",2,9.5,"N","","","","","GR",0,0,0,0,0,0
"WYBas4-999",2,10,"N","HL","","","","S",0,0,0,0,0,0
"WYBas4-999",2,10.5,"ELEL5","","","","","S",1,0,0,0,0,0
"WYBas4-999",2,11,"N","HL","","","","S",0,0,0,0,0,0
"WYBas4-999",2,11.5,"N","HL","","","","GR",0,0,0,0,0,0
"WYBas4-999",2,12,"CHVA2","","","","","S",1,0,0,0,0,0
"WYBas4-999",2,12.5,"N","","","","","S",0,0,0,0,0,0
"WYBas4-999",2,13,"ARTRW8","","","","","ARTRW8",1,0,0,0,0,1
"WYBas4-999",2,13.5,"ARTRW8","","","","","S",0,0,0,0,0,0
"WYBas4-999",2,14,"N","","","","","S",0,0,0,0,0,0
"WYBas4-999",2,14.5,"N","HL","","","","S",0,0,0,0,0,0
"WYBas4-999",2,15,"ARTRW8","ELEL5","","","","ELEL5",0,0,0,0,0,0
"WYBas4-999",2,15.5,"N","HL","","","","S",0,0,0,0,0,0
"WYBas4-999",2,16,"N","","","","","S",0,0,0,0,0,0
"WYBas4-999",2,16.5,"ARTRW8","HL","","","","GR",0,0,0,0,0,0
"WYBas4-999",2,17,"ARTRW8","HL","","","","S",0,0,0,0,0,0
"WYBas4-999",2,17.5,"ARTRW8","HL","","","","S",0,0,0,0,0,0
"WYBas4-999",2,18,"ARTRW8","ELEL5","","","","M",1,0,0,0,0,0
"WYBas4-999",2,18.5,"ARTRW8","HL","","","","S",0,0,0,0,0,0
"WYBas4-999",2,19,"N","","","","","S",0,0,0,0,0,0
"WYBas4-999",2,19.5,"N","HL","","","","S",0,0,0,0,0,0
"WYBas4-999",2,20,"ARTRW8","HL","","","","S",0,0,0,0,0,0
"WYBas4-999",2,20.5,"N","HL","","","","S",0,0,0,0,0,0
"WYBas4-999",2,21,"ARTRW8","HL","","","","S",0,0,0,0,0,0
"WYBas4-999",2,21.5,"N","HL","","","","S",0,0,0,0,0,0
"WYBas4-999",2,22,"ARTRW8","HL","","","","S",0,0,0,0,0,0
"WYBas4-999",2,22.5,"N","HL","","","","S",0,0,0,0,0,0
"WYBas4-999",2,23,"N","","","","","S",0,0,0,0,0,0
"WYBas4-999",2,23.5,"N","HL","","","","S",0,0,0,0,0,0
"WYBas4-999",2,24,"ELEL5","ARTRW8","HL","","","S",1,1,0,0,0,0
"WYBas4-999",2,24.5,"ARTRW8","HL","","","","ARTRW8",0,0,0,0,0,0
"WYBas4-999",2,25,"N","WL","HL","","","S",0,0,0,0,0,0
"WYBas4-999",3,0.5,"N","","","","","GR",0,0,0,0,0,0
"WYBas4-999",3,1,"ARTRW8","HL","","","","S",0,0,0,0,0,0
"WYBas4-999",3,1.5,"N","HL","","","","S",0,0,0,0,0,0
"WYBas4-999",3,2,"N","HL","","","","S",0,0,0,0,0,0
"WYBas4-999",3,2.5,"ARTRW8","HL","","","","S",0,0,0,0,0,0
"WYBas4-999",3,3,"N","HL","","","","S",0,0,0,0,0,0
"WYBas4-999",3,3.5,"CHVA2","ELEL5","","","","S",0,0,0,0,0,0
"WYBas4-999",3,4,"ARTRW8","HL","","","","S",0,0,0,0,0,0
"WYBas4-999",3,4.5,"ARTRW8","","","","","S",1,0,0,0,0,0
"WYBas4-999",3,5,"N","","","","","S",0,0,0,0,0,0
"WYBas4-999",3,5.5,"N","HL","","","","S",0,0,0,0,0,0
"WYBas4-999",3,6,"CHVA2","HL","","","","S",0,0,0,0,0,0
"WYBas4-999",3,6.5,"N","","","","","M",0,0,0,0,0,0
"WYBas4-999",3,7,"N","HL","","","","S",0,0,0,0,0,0
"WYBas4-999",3,7.5,"N","HL","","","","S",0,0,0,0,0,0
"WYBas4-999",3,8,"N","HL","","","","S",0,0,0,0,0,0
"WYBas4-999",3,8.5,"ARTRW8","","","","","S",1,0,0,0,0,0
"WYBas4-999",3,9,"N","","","","","GR",0,0,0,0,0,0
"WYBas4-999",3,9.5,"ELEL5","HL","","","","S",0,0,0,0,0,0
"WYBas4-999",3,10,"N","HL","","","","S",0,0,0,0,0,0
"WYBas4-999",3,10.5,"N","","","","","S",0,0,0,0,0,0
"WYBas4-999",3,11,"ARTRW8","HL","","","","S",0,0,0,0,0,0
"WYBas4-999",3,11.5,"N","HL","","","","S",0,0,0,0,0,0
"WYBas4-999",3,12,"N","HL","","","","S",0,0,0,0,0,0
"WYBas4-999",3,12.5,"N","","","","","S",0,0,0,0,0,0
"WYBas4-999",3,13,"ARTRW8","HL","","","","S",1,0,0,0,0,0
"WYBas4-999",3,13.5,"ARTRW8","HL","","","","S",1,0,0,0,0,0
"WYBas4-999",3,14,"N","HL","","","","S",0,0,0,0,0,0
"WYBas4-999",3,14.5,"N","","","","","S",0,0,0,0,0,0
"WYBas4-999",3,15,"ARTRW8","HL","","","","S",1,0,0,0,0,0
"WYBas4-999",3,15.5,"ARTRW8","HL","","","","S",0,0,0,0,0,0
"WYBas4-999",3,16,"N","","","","","S",0,0,0,0,0,0
"WYBas4-999",3,16.5,"N","HL","","","","S",0,0,0,0,0,0
"WYBas4-999",3,17,"N","HL","","","","S",0,0,0,0,0,0
"WYBas4-999",3,17.5,"ELEL5","ARTRW8","HL","","","S",1,0,0,0,0,0
"WYBas4-999",3,18,"ARTRW8","WL","","","","S",1,0,0,0,0,0
"WYBas4-999",3,18.5,"ARTRW8","HL","","","","S",0,0,0,0,0,0
"WYBas4-999",3,19,"N","HL","","","","S",0,0,0,0,0,0
"WYBas4-999",3,19.5,"ARTRW8","HL","","","","S",0,0,0,0,0,0
"WYBas4-999",3,20,"ARTRW8","HL","","","","S",0,0,0,0,0,0
"WYBas4-999",3,20.5,"PG000","","","","","S",1,0,0,0,0,0
"WYBas4-999",3,21,"N","","","","","S",0,0,0,0,0,0
"WYBas4-999",3,21.5,"N","","","","","S",0,0,0,0,0,0
"WYBas4-999",3,22,"ARTRW8","HL","","","","S",0,0,0,0,0,0
"WYBas4-999",3,22.5,"ARTRW8","PHHO","HL","","","S",0,0,0,0,0,0
"WYBas4-999",3,23,"N","","","","","S",0,0,0,0,0,0
"WYBas4-999",3,23.5,"PHHO","","","","","S",0,0,0,0,0,0
"WYBas4-999",3,24,"N","","","","","S",0,0,0,0,0,0
"WYBas4-999",3,24.5,"ELEL5","HL","","","","S",1,0,0,0,0,0
"WYBas4-999",3,25,"ARTRW8","HL","","","","S",0,0,0,0,0,0
"WYBas5-020",1,0.5,"ARTRW8","HL","","","","S",1,0,0,0,0,0
"WYBas5-020",1,1,"ARTRW8","","","","","S",0,0,0,0,0,0
"WYBas5-020",1,1.5,"ARTRW8","HL","","","","S",0,0,0,0,0,0
"WYBas5-020",1,2,"ELLA3","HL","","","","S",0,0,0,0,0,0
"WYBas5-020",1,2.5,"N","","","","","S",0,0,0,0,0,0
"WYBas5-020",1,3,"N","","","","","S",0,0,0,0,0,0
"WYBas5-020",1,3.5,"N","","","","","S",0,0,0,0,0,0
"WYBas5-020",1,4,"N","HL","","","","S",0,0,0,0,0,0
"WYBas5-020",1,4.5,"N","","","","","S",0,0,0,0,0,0
"WYBas5-020",1,5,"N","","","","","S",0,0,0,0,0,0
"WYBas5-020",1,5.5,"N","","","","","S",0,0,0,0,0,0
"WYBas5-020",1,6,"N","","","","","GR",0,0,0,0,0,0
"WYBas5-020",1,6.5,"N","","","","","S",0,0,0,0,0,0
"WYBas5-020",1,7,"N","HL","","","","S",0,0,0,0,0,0
"WYBas5-020",1,7.5,"N","","","","","S",0,0,0,0,0,0
"WYBas5-020",1,8,"N","HL","","","","S",0,0,0,0,0,0
"WYBas5-020",1,8.5,"ARTRW8","PHHO","HL","","","S",1,0,0,0,0,0
"WYBas5-020",1,9,"N","HL","","","","S",0,0,0,0,0,0
"WYBas5-020",1,9.5,"N","","","","","GR",0,0,0,0,0,0
"WYBas5-020",1,10,"ELLA3","VL","HL","","","S",0,0,0,0,0,0
"WYBas5-020",1,10.5,"N","HL","","","","S",0,0,0,0,0,0
"WYBas5-020",1,11,"N","","","","","S",0,0,0,0,0,0
"WYBas5-020",1,11.5,"ARTRW8","HL","","","","S",0,0,0,0,0,0
"WYBas5-020",1,12,"STAC","HL","","","","S",0,0,0,0,0,0
"WYBas5-020",1,12.5,"ARTRW8","HL","","","","S",0,0,0,0,0,0
"WYBas5-020",1,13,"ARTRW8","HL","","","","S",0,0,0,0,0,0
"WYBas5-020",1,13.5,"N","HL","","","","GR",0,0,0,0,0,0
"WYBas5-020",1,14,"N","","","","","S",0,0,0,0,0,0
"WYBas5-020",1,14.5,"N","","","","","S",0,0,0,0,0,0
"WYBas5-020",1,15,"ARTRW8","HL","","","","S",0,0,0,0,0,0
"WYBas5-020",1,15.5,"ARTRW8","","","","","S",0,0,0,0,0,0
"WYBas5-020",1,16,"ARTRW8","HL","","","","S",0,0,0,0,0,0
"WYBas5-020",1,16.5,"N","HL","","","","S",0,0,0,0,0,0
"WYBas5-020",1,17,"CHVI8","HL","","","","S",1,0,0,0,0,0
"WYBas5-020",1,17.5,"ELLA3","HL","","","","S",1,0,0,0,0,0
"WYBas5-020",1,18,"N","VL","HL","","","S",0,0,0,0,0,0
"WYBas5-020",1,18.5,"N","","","","","M",0,0,0,0,0,0
"WYBas5-020",1,19,"N","","","","","S",0,0,0,0,0,0
"WYBas5-020",1,19.5,"STAC","","","","","S",1,0,0,0,0,0
"WYBas5-020",1,20,"POSE","","","","","POSE",0,0,0,0,0,0
"WYBas5-020",1,20.5,"ARTRW8","HL","","","","M",0,0,0,0,0,0
"WYBas5-020",1,21,"N","","","","","S",0,0,0,0,0,0
"WYBas5-020",1,21.5,"N","","","","","S",0,0,0,0,0,0
"WYBas5-020",1,22,"N","","","","","S",0,0,0,0,0,0
"WYBas5-020",1,22.5,"N","HL","","","","S",0,0,0,0,0,0
"WYBas5-020",1,23,"N","","","","","S",0,0,0,0,0,0
"WYBas5-020",1,23.5,"ARTRW8","HL","","","","S",0,0,0,0,0,0
"WYBas5-020",1,24,"STAC","HL","","","","S",0,0,0,0,0,0
"WYBas5-020",1,24.5,"ELLA3","STAC","","","","S",1,0,0,0,0,0
"WYBas5-020",1,25,"ARTRW8","HL","","","","M",0,0,0,0,0,0
"WYBas5-020",2,0.5,"N","","","","","S",0,0,0,0,0,0
"WYBas5-020",2,1,"N","","","","","GR",0,0,0,0,0,0
"WYBas5-020",2,1.5,"N","HL","","","","S",0,0,0,0,0,0
"WYBas5-020",2,2,"N","","","","","S",0,0,0,0,0,0
"WYBas5-020",2,2.5,"ARTRW8","HL","","","","S",0,0,0,0,0,0
"WYBas5-020",2,3,"N","","","","","GR",0,0,0,0,0,0
"WYBas5-020",2,3.5,"N","","","","","S",0,0,0,0,0,0
"WYBas5-020",2,4,"N","WL","HL","","","S",0,0,0,0,0,0
"WYBas5-020",2,4.5,"ARTRW8","ELEL5","HL","","","S",1,1,0,0,0,0
"WYBas5-020",2,5,"ARTRW8","HL","","","","S",1,0,0,0,0,0
"WYBas5-020",2,5.5,"N","","","","","S",0,0,0,0,0,0
"WYBas5-020",2,6,"N","HL","","","","S",0,0,0,0,0,0
"WYBas5-020",2,6.5,"ARTRW8","HL","","","","S",0,0,0,0,0,0
"WYBas5-020",2,7,"PHHO","","","","","S",0,0,0,0,0,0
"WYBas5-020",2,7.5,"N","VL","","","","S",0,0,0,0,0,0
"WYBas5-020",2,8,"ARTRW8","HL","","","","S",0,0,0,0,0,0
"WYBas5-020",2,8.5,"N","HL","","","","S",0,0,0,0,0,0
"WYBas5-020",2,9,"N","WL","","","","S",0,0,0,0,0,0
"WYBas5-020",2,9.5,"ARTRW8","HL","","","","S",0,0,0,0,0,0
"WYBas5-020",2,10,"N","WL","VL","","","S",0,0,0,0,0,0
"WYBas5-020",2,10.5,"N","","","","","S",0,0,0,0,0,0
"WYBas5-020",2,11,"N","","","","","GR",0,0,0,0,0,0
"WYBas5-020",2,11.5,"N","","","","","S",0,0,0,0,0,0
"WYBas5-020",2,12,"CHVI8","ELEL5","HL","","","S",0,0,0,0,0,0
"WYBas5-020",2,12.5,"N","HL","","","","S",0,0,0,0,0,0
"WYBas5-020",2,13,"N","","","","","GR",0,0,0,0,0,0
"WYBas5-020",2,13.5,"ARTRW8","","","","","S",1,0,0,0,0,0
"WYBas5-020",2,14,"N","","","","","S",0,0,0,0,0,0
"WYBas5-020",2,14.5,"ARTRW8","","","","","S",0,0,0,0,0,0
"WYBas5-020",2,15,"N","HL","","","","S",0,0,0,0,0,0
"WYBas5-020",2,15.5,"N","","","","","S",0,0,0,0,0,0
"WYBas5-020",2,16,"N","HL","","","","GR",0,0,0,0,0,0
"WYBas5-020",2,16.5,"N","VL","","","","S",0,0,0,0,0,0
"WYBas5-020",2,17,"N","VL","HL","","","S",0,0,0,0,0,0
"WYBas5-020",2,17.5,"STAC","HL","","","","S",0,0,0,0,0,0
"WYBas5-020",2,18,"N","","","","","S",0,0,0,0,0,0
"WYBas5-020",2,18.5,"STAC","HL","","","","S",0,0,0,0,0,0
"WYBas5-020",2,19,"N","","","","","S",0,0,0,0,0,0
"WYBas5-020",2,19.5,"ARTRW8","HL","","","","S",0,0,0,0,0,0
"WYBas5-020",2,20,"N","","","","","S",0,0,0,0,0,0
"WYBas5-020",2,20.5,"N","","","","","GR",0,0,0,0,0,0
"WYBas5-020",2,21,"PHHO","","","","","S",0,0,0,0,0,0
"WYBas5-020",2,21.5,"N","","","","","S",0,0,0,0,0,0
"WYBas5-020",2,22,"ARTRW8","","","","","M",1,0,0,0,0,0
"WYBas5-020",2,22.5,"N","HL","","","","S",0,0,0,0,0,0
"WYBas5-020",2,23,"N","","","","","S",0,0,0,0,0,0
"WYBas5-020",2,23.5,"ARTRW8","HL","","","","S",1,0,0,0,0,0
"WYBas5-020",2,24,"PHHO","HL","","","","S",0,0,0,0,0,0
"WYBas5-020",2,24.5,"ARTRW8","HL","","","","M",0,0,0,0,0,0
"WYBas5-020",2,25,"ARTRW8","","","","","M",0,0,0,0,0,0
"WYBas5-020",3,0.5,"ARTRW8","HL","","","","S",0,0,0,0,0,0
"WYBas5-020",3,1,"ARTRW8","HL","","","","S",0,0,0,0,0,0
"WYBas5-020",3,1.5,"STAC","HL","","","","S",1,0,0,0,0,0
"WYBas5-020",3,2,"N","","","","","S",0,0,0,0,0,0
"WYBas5-020",3,2.5,"N","HL","VL","","","S",0,0,0,0,0,0
"WYBas5-020",3,3,"ARTRW8","HL","","","","S",0,0,0,0,0,0
"WYBas5-020",3,3.5,"ELEL5","HL","","","","S",1,0,0,0,0,0
"WYBas5-020",3,4,"N","HL","","","","S",0,0,0,0,0,0
"WYBas5-020",3,4.5,"ARTRW8","HL","","","","S",0,0,0,0,0,0
"WYBas5-020",3,5,"N","","","","","S",0,0,0,0,0,0
"WYBas5-020",3,5.5,"N","","","","","S",0,0,0,0,0,0
"WYBas5-020",3,6,"N","","","","","GR",0,0,0,0,0,0
"WYBas5-020",3,6.5,"N","","","","","S",0,0,0,0,0,0
"WYBas5-020",3,7,"STAC","","","","","S",1,0,0,0,0,0
"WYBas5-020",3,7.5,"GUSA2","","","","","S",1,0,0,0,0,0
"WYBas5-020",3,8,"N","","","","","S",0,0,0,0,0,0
"WYBas5-020",3,8.5,"N","","","","","S",0,0,0,0,0,0
"WYBas5-020",3,9,"STAC","","","","","S",0,0,0,0,0,0
"WYBas5-020",3,9.5,"N","","","","","S",0,0,0,0,0,0
"WYBas5-020",3,10,"ARTRW8","","","","","S",0,0,0,0,0,0
"WYBas5-020",3,10.5,"ARTRW8","","","","","M",1,0,0,0,0,0
"WYBas5-020",3,11,"N","","","","","S",0,0,0,0,0,0
"WYBas5-020",3,11.5,"N","","","","","M",0,0,0,0,0,0
"WYBas5-020",3,12,"POSE","HL","","","","S",0,0,0,0,0,0
"WYBas5-020",3,12.5,"N","","","","","S",0,0,0,0,0,0
"WYBas5-020",3,13,"ARTRW8","HL","","","","S",0,0,0,0,0,0
"WYBas5-020",3,13.5,"N","","","","","S",0,0,0,0,0,0
"WYBas5-020",3,14,"CHVI8","HL","","","","S",1,0,0,0,0,0
"WYBas5-020",3,14.5,"CHVI8","HL","","","","S",0,0,0,0,0,0
"WYBas5-020",3,15,"N","","","","","S",0,0,0,0,0,0
"WYBas5-020",3,15.5,"ARTRW8","HL","","","","S",0,0,0,0,0,0
"WYBas5-020",3,16,"N","","","","","S",0,0,0,0,0,0
"WYBas5-020",3,16.5,"N","","","","","S",0,0,0,0,0,0
"WYBas5-020",3,17,"ARTRW8","HL","","","","S",0,0,0,0,0,0
"WYBas5-020",3,17.5,"N","","","","","GR",0,0,0,0,0,0
"WYBas5-020",3,18,"N","HL","","","","S",0,0,0,0,0,0
"WYBas5-020",3,18.5,"ARTRW8","HL","","","","S",0,0,0,0,0,0
"WYBas5-020",3,19,"ARTRW8","HL","","","","S",0,0,0,0,0,0
"WYBas5-020",3,19.5,"N","HL","","","","S",0,0,0,0,0,0
"WYBas5-020",3,20,"N","HL","","","","S",0,0,0,0,0,0
"WYBas5-020",3,20.5,"N","HL","","","","S",0,0,0,0,0,0
"WYBas5-020",3,21,"ARTRW8","HL","","","","S",0,0,0,0,0,0
"WYBas5-020",3,21.5,"N","HL","","","","S",0,0,0,0,0,0
"WYBas5-020",3,22,"ARTRW8","HL","","","","S",0,0,0,0,0,0
"WYBas5-020",3,22.5,"N","","","","","S",0,0,0,0,0,0
"WYBas5-020",3,23,"N","","","","","S",0,0,0,0,0,0
"WYBas5-020",3,23.5,"PHHO","","","","","S",0,0,0,0,0,0
"WYBas5-020",3,24,"STAC","","","","","S",0,0,0,0,0,0
"WYBas5-020",3,24.5,"N","WL","","","","S",0,0,0,0,0,0
"WYBas5-020",3,25,"ELLA3","","","","","S",1,0,0,0,0,0
"WYBas5-999",1,0.5,"PUTR2","HL","","","","S",1,0,0,0,0,0
"WYBas5-999",1,1,"N","HL","","","","S",0,0,0,0,0,0
"WYBas5-999",1,1.5,"N","HL","","","","S",0,0,0,0,0,0
"WYBas5-999",1,2,"ARTRT","HECO26","BRTE","HL","","S",0,0,0,0,0,0
"WYBas5-999",1,2.5,"N","HL","","","","S",0,0,0,0,0,0
"WYBas5-999",1,3,"N","HL","","","","S",0,0,0,0,0,0
"WYBas5-999",1,3.5,"N","HL","","","","S",0,0,0,0,0,0
"WYBas5-999",1,4,"N","HL","","","","S",0,0,0,0,0,0
"WYBas5-999",1,4.5,"ARTRT","HL","","","","S",0,0,0,0,0,0
"WYBas5-999",1,5,"N","HL","","","","S",0,0,0,0,0,0
"WYBas5-999",1,5.5,"HECO26","","","","","S",0,0,0,0,0,0
"WYBas5-999",1,6,"HECO26","HL","","","","S",0,0,0,0,0,0
"WYBas5-999",1,6.5,"HECO26","HL","","","","S",1,0,0,0,0,0
"WYBas5-999",1,7,"HECO26","HL","","","","S",0,0,0,0,0,0
"WYBas5-999",1,7.5,"HECO26","HL","","","","S",0,0,0,0,0,0
"WYBas5-999",1,8,"HECO26","HL","","","","S",0,0,0,0,0,0
"WYBas5-999",1,8.5,"PUTR2","TECA2","HL","","","S",0,1,0,0,0,0
"WYBas5-999",1,9,"PUTR2","HECO26","HL","","","S",1,0,0,0,0,0
"WYBas5-999",1,9.5,"HECO26","HL","","","","S",0,0,0,0,0,0
"WYBas5-999",1,10,"PUTR2","HECO26","HL","","","S",0,0,0,0,0,0
"WYBas5-999",1,10.5,"PHLO2","HL","","","","S",0,0,0,0,0,0
"WYBas5-999",1,11,"HECO26","HL","","","","S",0,0,0,0,0,0
"WYBas5-999",1,11.5,"N","HL","","","","S",0,0,0,0,0,0
"WYBas5-999",1,12,"N","HL","","","","S",0,0,0,0,0,0
"WYBas5-999",1,12.5,"PUTR2","HL","","","","S",1,0,0,0,0,0
"WYBas5-999",1,13,"ARTRT","HECO26","HL","","","S",1,1,0,0,0,0
"WYBas5-999",1,13.5,"PUTR2","HL","","","","S",1,0,0,0,0,0
"WYBas5-999",1,14,"OPPO","HL","","","","S",0,0,0,0,0,0
"WYBas5-999",1,14.5,"HECO26","HL","","","","S",0,0,0,0,0,0
"WYBas5-999",1,15,"PUTR2","HL","","","","S",0,0,0,0,0,0
"WYBas5-999",1,15.5,"N","","","","","S",0,0,0,0,0,0
"WYBas5-999",1,16,"OPPO","","","","","OPPO",0,0,0,0,0,0
"WYBas5-999",1,16.5,"ALDE","HL","","","","S",0,0,0,0,0,0
"WYBas5-999",1,17,"PUTR2","","","","","PUTR2",0,0,0,0,0,0
"WYBas5-999",1,17.5,"ARTRT","PUTR2","HL","","","S",1,0,0,0,0,0
"WYBas5-999",1,18,"ARTRT","HL","","","","S",1,0,0,0,0,0
"WYBas5-999",1,18.5,"N","","","","","S",0,0,0,0,0,0
"WYBas5-999",1,19,"N","HL","","","","S",0,0,0,0,0,0
"WYBas5-999",1,19.5,"N","HL","","","","S",0,0,0,0,0,0
"WYBas5-999",1,20,"N","","","","","S",0,0,0,0,0,0
"WYBas5-999",1,20.5,"N","HL","","","","S",0,0,0,0,0,0
"WYBas5-999",1,21,"N","HL","","","","S",0,0,0,0,0,0
"WYBas5-999",1,21.5,"AF000","HL","","","","S",1,0,0,0,0,0
"WYBas5-999",1,22,"PUTR2","HL","","","","S",1,0,0,0,0,0
"WYBas5-999",1,22.5,"HECO26","","","","","M",0,0,0,0,0,0
"WYBas5-999",1,23,"N","HL","","","","S",0,0,0,0,0,0
"WYBas5-999",1,23.5,"HECO26","HL","","","","S",1,0,0,0,0,0
"WYBas5-999",1,24,"PUTR2","HECO26","HL","","","S",0,0,0,0,0,0
"WYBas5-999",1,24.5,"N","HL","","","","M",0,0,0,0,0,0
"WYBas5-999",1,25,"N","HL","","","","S",0,0,0,0,0,0
"WYBas5-999",2,0.5,"N","HL","","","","S",0,0,0,0,0,0
"WYBas5-999",2,1,"BRTE","WL","HL","","","S",1,0,0,0,0,0
"WYBas5-999",2,1.5,"HECO26","HL","","","","S",0,0,0,0,0,0
"WYBas5-999",2,2,"BRTE","HECO26","HL","","","S",0,1,0,0,0,0
"WYBas5-999",2,2.5,"HECO26","HL","","","","S",0,0,0,0,0,0
"WYBas5-999",2,3,"PUTR2","BRTE","HL","","","S",0,1,0,0,0,0
"WYBas5-999",2,3.5,"PUTR2","HL","","","","S",0,0,0,0,0,0
"WYBas5-999",2,4,"ARTRT","HECO26","","","","HECO26",1,0,0,0,0,0
"WYBas5-999",2,4.5,"HECO26","HL","","","","S",0,0,0,0,0,0
"WYBas5-999",2,5,"N","HL","","","","S",0,0,0,0,0,0
"WYBas5-999",2,5.5,"N","HL","","","","S",0,0,0,0,0,0
"WYBas5-999",2,6,"ARTRT","HL","","","","S",0,0,0,0,0,0
"WYBas5-999",2,6.5,"HECO26","HL","","","","HECO26",0,0,0,0,0,0
"WYBas5-999",2,7,"ARTRT","HL","","","","S",0,0,0,0,0,0
"WYBas5-999",2,7.5,"HECO26","HL","","","","S",0,0,0,0,0,0
"WYBas5-999",2,8,"HECO26","HL","","","","S",0,0,0,0,0,0
"WYBas5-999",2,8.5,"PUTR2","HL","","","","S",0,0,0,0,0,0
"WYBas5-999",2,9,"PUTR2","HL","","","","S",0,0,0,0,0,0
"WYBas5-999",2,9.5,"N","HL","","","","S",0,0,0,0,0,0
"WYBas5-999",2,10,"N","HL","","","","S",0,0,0,0,0,0
"WYBas5-999",2,10.5,"PUTR2","HL","","","","S",0,0,0,0,0,0
"WYBas5-999",2,11,"BRTE","","","","","M",1,0,0,0,0,0
"WYBas5-999",2,11.5,"N","HL","","","","S",0,0,0,0,0,0
"WYBas5-999",2,12,"HECO26","HL","","","","S",0,0,0,0,0,0
"WYBas5-999",2,12.5,"PUTR2","HL","","","","S",0,0,0,0,0,0
"WYBas5-999",2,13,"HECO26","PUTR2","HL","","","S",0,0,0,0,0,0
"WYBas5-999",2,13.5,"PUTR2","BRTE","HL","","","S",0,1,0,0,0,0
"WYBas5-999",2,14,"PUTR2","HL","","","","S",1,0,0,0,0,0
"WYBas5-999",2,14.5,"HECO26","HL","","","","S",0,0,0,0,0,0
"WYBas5-999",2,15,"N","HL","","","","S",0,0,0,0,0,0
"WYBas5-999",2,15.5,"ARTRT","HECO26","HL","","","S",1,0,0,0,0,0
"WYBas5-999",2,16,"ARTRT","","","","","ARTRT",0,0,0,0,0,0
"WYBas5-999",2,16.5,"ARTRT","HECO26","HL","","","S",0,0,0,0,0,0
"WYBas5-999",2,17,"ARTRT","HL","","","","S",0,0,0,0,0,0
"WYBas5-999",2,17.5,"ARTRT","HECO26","HL","","","S",1,0,0,0,0,0
"WYBas5-999",2,18,"PUTR2","HL","","","","S",0,0,0,0,0,0
"WYBas5-999",2,18.5,"PUTR2","HL","","","","S",0,0,0,0,0,0
"WYBas5-999",2,19,"PUTR2","","","","","M",1,0,0,0,0,0
"WYBas5-999",2,19.5,"PUTR2","HECO26","HL","","","S",1,0,0,0,0,0
"WYBas5-999",2,20,"HECO26","HL","","","","S",0,0,0,0,0,0
"WYBas5-999",2,20.5,"HECO26","HL","","","","S",0,0,0,0,0,0
"WYBas5-999",2,21,"HECO26","HL","","","","S",1,0,0,0,0,0
"WYBas5-999",2,21.5,"HECO26","HL","","","","S",0,0,0,0,0,0
"WYBas5-999",2,22,"N","HL","","","","S",0,0,0,0,0,0
"WYBas5-999",2,22.5,"PUTR2","HL","","","","S",0,0,0,0,0,0
"WYBas5-999",2,23,"PUTR2","HECO26","HL","","","S",0,1,0,0,0,0
"WYBas5-999",2,23.5,"PUTR2","HECO26","HL","","","S",0,0,0,0,0,0
"WYBas5-999",2,24,"ARTRT","HECO26","HL","","","S",1,0,0,0,0,0
"WYBas5-999",2,24.5,"ARTRT","HL","","","","S",1,0,0,0,0,0
"WYBas5-999",2,25,"N","HL","","","","S",0,0,0,0,0,0
"WYBas5-999",3,0.5,"ARTRT","POSE","HL","","","S",0,0,0,0,0,0
"WYBas5-999",3,1,"HECO26","ARTRT","HL","","","S",0,1,0,0,0,0
"WYBas5-999",3,1.5,"HECO26","","","","","S",0,0,0,0,0,0
"WYBas5-999",3,2,"N","HL","","","","S",0,0,0,0,0,0
"WYBas5-999",3,2.5,"HECO26","HL","","","","S",0,0,0,0,0,0
"WYBas5-999",3,3,"ARTRT","HECO26","HL","","","S",1,1,0,0,0,0
"WYBas5-999",3,3.5,"PUTR2","HL","","","","S",0,0,0,0,0,0
"WYBas5-999",3,4,"PUTR2","BRTE","HL","","","S",0,1,0,0,0,0
"WYBas5-999",3,4.5,"HECO26","BRTE","HL","","","S",0,1,0,0,0,0
"WYBas5-999",3,5,"PUTR2","HL","","","","S",0,0,0,0,0,0
"WYBas5-999",3,5.5,"PUTR2","HECO26","HL","","","M",1,0,0,0,0,0
"WYBas5-999",3,6,"HECO26","HL","","","","S",0,0,0,0,0,0
"WYBas5-999",3,6.5,"HECO26","HL","","","","S",0,0,0,0,0,0
"WYBas5-999",3,7,"HECO26","HL","","","","S",0,0,0,0,0,0
"WYBas5-999",3,7.5,"HECO26","HL","","","","S",0,0,0,0,0,0
"WYBas5-999",3,8,"HECO26","HL","","","","S",0,0,0,0,0,0
"WYBas5-999",3,8.5,"HECO26","HL","","","","S",0,0,0,0,0,0
"WYBas5-999",3,9,"LAOC3","HECO26","HL","","","S",0,1,0,0,0,0
"WYBas5-999",3,9.5,"HECO26","HL","","","","S",0,0,0,0,0,0
"WYBas5-999",3,10,"HECO26","HL","","","","S",0,0,0,0,0,0
"WYBas5-999",3,10.5,"HECO26","HL","","","","S",0,0,0,0,0,0
"WYBas5-999",3,11,"ARTRT","HECO26","","","","HECO26",0,0,0,0,0,0
"WYBas5-999",3,11.5,"KOMA","HL","","","","S",0,0,0,0,0,0
"WYBas5-999",3,12,"HECO26","HL","","","","S",0,0,0,0,0,0
"WYBas5-999",3,12.5,"N","HL","","","","S",0,0,0,0,0,0
"WYBas5-999",3,13,"PUTR2","HECO26","HL","","","S",0,0,0,0,0,0
"WYBas5-999",3,13.5,"PUTR2","HECO26","HL","","","S",0,0,0,0,0,0
"WYBas5-999",3,14,"HECO26","HL","","","","S",1,0,0,0,0,0
"WYBas5-999",3,14.5,"HECO26","HL","","","","S",0,0,0,0,0,0
"WYBas5-999",3,15,"PUTR2","HECO26","HL","","","S",0,0,0,0,0,0
"WYBas5-999",3,15.5,"HECO26","","","","","HECO26",0,0,0,0,0,0
"WYBas5-999",3,16,"N","HL","","","","S",0,0,0,0,0,0
"WYBas5-999",3,16.5,"PUTR2","HECO26","HL","","","S",0,0,0,0,0,0
"WYBas5-999",3,17,"HECO26","HL","","","","S",1,0,0,0,0,0
"WYBas5-999",3,17.5,"HECO26","HL","","","","M",0,0,0,0,0,0
"WYBas5-999",3,18,"HECO26","HL","","","","S",0,0,0,0,0,0
"WYBas5-999",3,18.5,"PUTR2","HL","","","","S",0,0,0,0,0,0
"WYBas5-999",3,19,"HECO26","HL","","","","S",0,0,0,0,0,0
"WYBas5-999",3,19.5,"HECO26","PUTR2","HL","","","S",0,1,0,0,0,0
"WYBas5-999",3,20,"HECO26","HL","","","","S",0,0,0,0,0,0
"WYBas5-999",3,20.5,"N","HL","","","","S",0,0,0,0,0,0
"WYBas5-999",3,21,"PUTR2","HL","","","","S",0,0,0,0,0,0
"WYBas5-999",3,21.5,"ARTRT","HL","","","","S",1,0,0,0,0,0
"WYBas5-999",3,22,"HECO26","HL","","","","S",1,0,0,0,0,0
"WYBas5-999",3,22.5,"N","HL","","","","S",0,0,0,0,0,0
"WYBas5-999",3,23,"N","HL","","","","S",0,0,0,0,0,0
"WYBas5-999",3,23.5,"PUTR2","HL","","","","S",1,0,0,0,0,0
"WYBas5-999",3,24,"ARTRT","HECO26","HL","","","S",1,0,0,0,0,0
"WYBas5-999",3,24.5,"HECO26","OPPO","HL","","","S",0,0,0,0,0,0
"WYBas5-999",3,25,"LIPU11","HECO26","HL","","","S",0,0,0,0,0,0
"WYBas6-007",1,0.5,"BRTE","HL","","","","S",0,0,0,0,0,0
"WYBas6-007",1,1,"PUTR2","HL","","","","BR",0,0,0,0,0,0
"WYBas6-007",1,1.5,"ARTRV","HECO26","HL","","","S",0,0,0,0,0,0
"WYBas6-007",1,2,"POSE","HL","","","","S",0,0,0,0,0,0
"WYBas6-007",1,2.5,"PUTR2","LIPU11","HL","","","BR",0,0,0,0,0,0
"WYBas6-007",1,3,"N","HL","","","","BR",0,0,0,0,0,0
"WYBas6-007",1,3.5,"PUTR2","HL","","","","BR",0,0,0,0,0,0
"WYBas6-007",1,4,"PUTR2","ERHE2","HL","","","S",0,0,0,0,0,0
"WYBas6-007",1,4.5,"PUTR2","HL","","","","S",0,0,0,0,0,0
"WYBas6-007",1,5,"ARTRV","HL","","","","S",1,0,0,0,0,0
"WYBas6-007",1,5.5,"PUTR2","HECO26","HL","","","S",0,0,0,0,0,0
"WYBas6-007",1,6,"HECO26","HL","","","","S",0,0,0,0,0,0
"WYBas6-007",1,6.5,"N","WL","HL","","","S",0,0,0,0,0,0
"WYBas6-007",1,7,"PUTR2","HECO26","HL","","","S",1,0,0,0,0,0
"WYBas6-007",1,7.5,"PUTR2","HL","","","","S",0,0,0,0,0,0
"WYBas6-007",1,8,"HECO26","HL","","","","S",0,0,0,0,0,0
"WYBas6-007",1,8.5,"HECO26","HL","","","","S",1,0,0,0,0,0
"WYBas6-007",1,9,"HECO26","HL","","","","S",0,0,0,0,0,0
"WYBas6-007",1,9.5,"HECO26","HL","","","","S",0,0,0,0,0,0
"WYBas6-007",1,10,"PUTR2","HECO26","HL","","","S",0,0,0,0,0,0
"WYBas6-007",1,10.5,"HECO26","HL","","","","S",0,0,0,0,0,0
"WYBas6-007",1,11,"CAVA3","HL","","","","S",0,0,0,0,0,0
"WYBas6-007",1,11.5,"ARTRV","HL","","","","S",0,0,0,0,0,0
"WYBas6-007",1,12,"CAFI","HL","","","","S",0,0,0,0,0,0
"WYBas6-007",1,12.5,"N","HL","","","","S",0,0,0,0,0,0
"WYBas6-007",1,13,"ANMI3","HL","","","","S",0,0,0,0,0,0
"WYBas6-007",1,13.5,"PUTR2","ANMI3","HL","","","S",0,0,0,0,0,0
"WYBas6-007",1,14,"ARTRV","HECO26","HL","","","S",1,0,0,0,0,0
"WYBas6-007",1,14.5,"ARTRV","POPR","HL","","","S",0,0,0,0,0,0
"WYBas6-007",1,15,"ARTRV","POPR","HL","","","S",0,1,0,0,0,0
"WYBas6-007",1,15.5,"POPR","PUTR2","HL","","","S",0,0,0,0,0,0
"WYBas6-007",1,16,"POPR","HL","","","","S",1,0,0,0,0,0
"WYBas6-007",1,16.5,"PUTR2","HL","","","","S",1,0,0,0,0,0
"WYBas6-007",1,17,"PUTR2","POPR","HL","","","S",0,0,0,0,0,0
"WYBas6-007",1,17.5,"ARTRV","HL","","","","S",0,0,0,0,0,0
"WYBas6-007",1,18,"ARTRV","HL","","","","S",0,0,0,0,0,0
"WYBas6-007",1,18.5,"N","","","","","BR",0,0,0,0,0,0
"WYBas6-007",1,19,"N","WL","HL","","","S",0,0,0,0,0,0
"WYBas6-007",1,19.5,"PUTR2","HL","","","","S",0,0,0,0,0,0
"WYBas6-007",1,20,"N","HL","","","","BR",0,0,0,0,0,0
"WYBas6-007",1,20.5,"ARTRV","","","","","BR",0,0,0,0,0,0
"WYBas6-007",1,21,"ARTRV","","","","","BR",1,0,0,0,0,0
"WYBas6-007",1,21.5,"POPR","HL","","","","S",1,0,0,0,0,0
"WYBas6-007",1,22,"HECO26","HL","","","","S",0,0,0,0,0,0
"WYBas6-007",1,22.5,"N","HL","","","","S",0,0,0,0,0,0
"WYBas6-007",1,23,"PUTR2","","","","","BR",0,0,0,0,0,0
"WYBas6-007",1,23.5,"PUTR2","HECO26","HL","","","S",0,0,0,0,0,0
"WYBas6-007",1,24,"ARTRV","HL","","","","S",1,0,0,0,0,0
"WYBas6-007",1,24.5,"ARTRV","HL","","","","S",1,0,0,0,0,0
"WYBas6-007",1,25,"N","HL","","","","S",0,0,0,0,0,0
"WYBas6-007",2,0.5,"HECO26","PUTR2","HL","","","S",0,0,0,0,0,0
"WYBas6-007",2,1,"N","HL","","","","S",0,0,0,0,0,0
"WYBas6-007",2,1.5,"ELLA3","PUTR2","HL","","","S",0,0,0,0,0,0
"WYBas6-007",2,2,"PUTR2","POPR","HL","","","S",0,0,0,0,0,0
"WYBas6-007",2,2.5,"HECO26","","","","","S",0,0,0,0,0,0
"WYBas6-007",2,3,"N","","","","","LC",0,0,0,0,0,0
"WYBas6-007",2,3.5,"SYMPHSH","HL","","","","S",0,0,0,0,0,0
"WYBas6-007",2,4,"PUTR2","SYMPHSH","HL","","","S",0,1,0,0,0,0
"WYBas6-007",2,4.5,"PUTR2","POPR","HL","","","S",0,1,0,0,0,0
"WYBas6-007",2,5,"N","HL","","","","S",0,0,0,0,0,0
"WYBas6-007",2,5.5,"N","WL","HL","","","S",0,0,0,0,0,0
"WYBas6-007",2,6,"ERHE2","POPR","HL","","","S",0,0,0,0,0,0
"WYBas6-007",2,6.5,"PUTR2","HL","","","","S",0,0,0,0,0,0
"WYBas6-007",2,7,"ARTRV","HECO26","HL","","","S",0,0,0,0,0,0
"WYBas6-007",2,7.5,"N","HL","","","","S",0,0,0,0,0,0
"WYBas6-007",2,8,"POSE","HL","","","","S",0,0,0,0,0,0
"WYBas6-007",2,8.5,"N","","","","","CB",0,0,0,0,0,0
"WYBas6-007",2,9,"TRDU","","","","","ST",1,0,0,0,0,0
"WYBas6-007",2,9.5,"N","","","","","BR",0,0,0,0,0,0
"WYBas6-007",2,10,"N","","","","","BR",0,0,0,0,0,0
"WYBas6-007",2,10.5,"ARTRV","HEVI4","HL","","","S",0,0,0,0,0,0
"WYBas6-007",2,11,"ARTRV","","","","","BR",0,0,0,0,0,0
"WYBas6-007",2,11.5,"ARTRV","HECO26","HL","","","S",1,0,0,0,0,0
"WYBas6-007",2,12,"ELLA3","HL","","","","S",0,0,0,0,0,0
"WYBas6-007",2,12.5,"HECO26","HL","","","","M",0,0,0,0,0,0
"WYBas6-007",2,13,"PUTR2","HL","","","","S",0,0,0,0,0,0
"WYBas6-007",2,13.5,"DAUN","HL","","","","S",0,0,0,0,0,0
"WYBas6-007",2,14,"N","HL","","","","S",0,0,0,0,0,0
"WYBas6-007",2,14.5,"N","HL","","","","S",0,0,0,0,0,0
"WYBas6-007",2,15,"HECO26","HL","","","","S",0,0,0,0,0,0
"WYBas6-007",2,15.5,"N","","","","","CB",0,0,0,0,0,0
"WYBas6-007",2,16,"ARTRV","BRAR5","HL","","","S",0,1,0,0,0,0
"WYBas6-007",2,16.5,"ARTRV","BRAR5","HL","","","S",0,1,0,0,0,0
"WYBas6-007",2,17,"PUTR2","HL","","","","S",0,0,0,0,0,0
"WYBas6-007",2,17.5,"HECO26","HL","","","","LC",0,0,0,0,0,0
"WYBas6-007",2,18,"POSE","HL","","","","LC",1,0,0,0,0,0
"WYBas6-007",2,18.5,"N","HL","","","","S",0,0,0,0,0,0
"WYBas6-007",2,19,"PUTR2","POSE","HL","","","S",0,0,0,0,0,0
"WYBas6-007",2,19.5,"N","HL","","","","S",0,0,0,0,0,0
"WYBas6-007",2,20,"N","HL","","","","BR",0,0,0,0,0,0
"WYBas6-007",2,20.5,"ERHE2","","","","","BR",1,0,0,0,0,0
"WYBas6-007",2,21,"N","HL","","","","BR",0,0,0,0,0,0
"WYBas6-007",2,21.5,"N","","","","","BR",0,0,0,0,0,0
"WYBas6-007",2,22,"N","HL","","","","BR",0,0,0,0,0,0
"WYBas6-007",2,22.5,"ARTRV","POSE","HL","","","BR",1,0,0,0,0,0
"WYBas6-007",2,23,"ERHE2","BRAR5","HL","","","S",0,1,0,0,0,0
"WYBas6-007",2,23.5,"PUTR2","POPR","HL","","","S",0,1,0,0,0,0
"WYBas6-007",2,24,"PUTR2","ERHE2","HL","","","S",0,0,0,0,0,0
"WYBas6-007",2,24.5,"PUTR2","ERHE2","POPR","HL","","S",0,0,0,0,0,0
"WYBas6-007",2,25,"N","HL","","","","S",0,0,0,0,0,0
"WYBas6-007",3,0.5,"PUTR2","POPR","ARSO2","HL","","S",0,0,0,0,0,0
"WYBas6-007",3,1,"POPR","HL","","","","S",0,0,0,0,0,0
"WYBas6-007",3,1.5,"ARTRV","PUTR2","HL","","","S",0,0,0,0,0,0
"WYBas6-007",3,2,"ARTRV","POPR","PUTR2","HL","","S",1,0,0,0,0,0
"WYBas6-007",3,2.5,"ARTRV","HL","","","","S",1,0,0,0,0,0
"WYBas6-007",3,3,"ARTRV","HL","","","","S",1,0,0,0,0,0
"WYBas6-007",3,3.5,"ARTRV","ERHE2","HL","","","S",0,0,0,0,0,0
"WYBas6-007",3,4,"ERHE2","HECO26","HL","","","S",0,0,0,0,0,0
"WYBas6-007",3,4.5,"PUTR2","HL","","","","S",0,0,0,0,0,0
"WYBas6-007",3,5,"N","HL","","","","S",0,0,0,0,0,0
"WYBas6-007",3,5.5,"PUTR2","POPR","HL","","","S",0,1,0,0,0,0
"WYBas6-007",3,6,"SYMPHSH","ARTRV","POPR","HL","","S",0,0,0,0,0,0
"WYBas6-007",3,6.5,"HECO26","HL","","","","S",1,0,0,0,0,0
"WYBas6-007",3,7,"POPR","ERHE2","HL","","","S",0,0,0,0,0,0
"WYBas6-007",3,7.5,"POPR","HL","","","","S",1,0,0,0,0,0
"WYBas6-007",3,8,"POPR","HL","","","","S",0,0,0,0,0,0
"WYBas6-007",3,8.5,"PUTR2","HL","","","","S",0,0,0,0,0,0
"WYBas6-007",3,9,"PUTR2","HL","","","","S",0,0,0,0,0,0
"WYBas6-007",3,9.5,"PUTR2","HL","","","","S",0,0,0,0,0,0
"WYBas6-007",3,10,"PUTR2","ERHE2","HL","","","S",0,0,0,0,0,0
"WYBas6-007",3,10.5,"HECO26","ERHE2","HL","","","S",0,0,0,0,0,0
"WYBas6-007",3,11,"POPR","ERHE2","HL","","","S",0,1,0,0,0,0
"WYBas6-007",3,11.5,"PUTR2","HL","","","","S",0,0,0,0,0,0
"WYBas6-007",3,12,"PUTR2","HL","","","","S",0,0,0,0,0,0
"WYBas6-007",3,12.5,"HECO26","HL","","","","S",0,0,0,0,0,0
"WYBas6-007",3,13,"HECO26","ERHE2","HL","","","S",0,0,0,0,0,0
"WYBas6-007",3,13.5,"ARTRV","POPR","HL","","","S",0,0,0,0,0,0
"WYBas6-007",3,14,"HECO26","HL","","","","S",0,0,0,0,0,0
"WYBas6-007",3,14.5,"ARTRV","POPR","HL","","","S",0,0,0,0,0,0
"WYBas6-007",3,15,"HECO26","HL","","","","S",0,0,0,0,0,0
"WYBas6-007",3,15.5,"HECO26","HL","","","","S",0,0,0,0,0,0
"WYBas6-007",3,16,"N","","","","","S",0,0,0,0,0,0
"WYBas6-007",3,16.5,"ERHE2","ANMI3","HL","","","S",1,0,0,0,0,0
"WYBas6-007",3,17,"SYMPH4PF","HL","","","","S",0,0,0,0,0,0
"WYBas6-007",3,17.5,"PUTR2","HL","","","","S",1,0,0,0,0,0
"WYBas6-007",3,18,"PUTR2","HL","","","","S",0,0,0,0,0,0
"WYBas6-007",3,18.5,"PUTR2","HL","","","","S",1,0,0,0,0,0
"WYBas6-007",3,19,"PUTR2","ERHE2","HL","","","S",0,0,0,0,0,0
"WYBas6-007",3,19.5,"N","HL","","","","S",0,0,0,0,0,0
"WYBas6-007",3,20,"PUTR2","HL","","","","S",0,0,0,0,0,0
"WYBas6-007",3,20.5,"PUTR2","HL","","","","S",0,0,0,0,0,0
"WYBas6-007",3,21,"PUTR2","HL","","","","S",1,0,0,0,0,0
"WYBas6-007",3,21.5,"POPR","HL","","","","S",1,0,0,0,0,0
"WYBas6-007",3,22,"ERHE2","HL","","","","S",0,0,0,0,0,0
"WYBas6-007",3,22.5,"PUTR2","VINU2","HL","","","S",0,0,0,0,0,0
"WYBas6-007",3,23,"POPR","HL","","","","S",1,0,0,0,0,0
"WYBas6-007",3,23.5,"N","","","","","BR",0,0,0,0,0,0
"WYBas6-007",3,24,"PUTR2","","","","","BR",0,0,0,0,0,0
"WYBas6-007",3,24.5,"ARTRV","HL","","","","S",1,0,0,0,0,0
"WYBas6-007",3,25,"ARTRV","HL","","","","S",1,0,0,0,0,0
"WYBasX-001",1,0.5,"BOGR2","HL","","","","S",0,0,0,0,0,0
"WYBasX-001",1,1,"ERMI4","HECO26","HL","","","S",0,0,0,0,0,0
"WYBasX-001",1,1.5,"ARTRW8","ELEL5","HL","","","S",1,0,0,0,0,0
"WYBasX-001",1,2,"HECO26","BOGR2","","","","BOGR2",0,1,0,0,0,1
"WYBasX-001",1,2.5,"N","HL","","","","S",0,0,0,0,0,0
"WYBasX-001",1,3,"HECO26","","","","","S",0,0,0,0,0,0
"WYBasX-001",1,3.5,"HECO26","HL","","","","S",0,0,0,0,0,0
"WYBasX-001",1,4,"ARTRW8","HECO26","HL","","","S",0,0,0,0,0,0
"WYBasX-001",1,4.5,"HECO26","HL","","","","S",0,0,0,0,0,0
"WYBasX-001",1,5,"HECO26","","","","","S",0,0,0,0,0,0
"WYBasX-001",1,5.5,"HECO26","","","","","S",1,0,0,0,0,0
"WYBasX-001",1,6,"COUM","","","","","M",1,0,0,0,0,0
"WYBasX-001",1,6.5,"COUM","","","","","S",0,0,0,0,0,0
"WYBasX-001",1,7,"N","","","","","S",0,0,0,0,0,0
"WYBasX-001",1,7.5,"BOGR2","HL","","","","S",0,0,0,0,0,0
"WYBasX-001",1,8,"N","","","","","S",0,0,0,0,0,0
"WYBasX-001",1,8.5,"ARTRW8","","","","","ARTRW8",0,0,0,0,0,0
"WYBasX-001",1,9,"CHVI8","HL","","","","S",0,0,0,0,0,0
"WYBasX-001",1,9.5,"HECO26","","","","","S",0,0,0,0,0,0
"WYBasX-001",1,10,"HECO26","ARTRW8","","","","S",0,1,0,0,0,0
"WYBasX-001",1,10.5,"N","","","","","S",0,0,0,0,0,0
"WYBasX-001",1,11,"BOGR2","","","","","S",1,0,0,0,0,0
"WYBasX-001",1,11.5,"N","HL","","","","S",0,0,0,0,0,0
"WYBasX-001",1,12,"ARTRW8","ASTRAPF","HL","","","S",0,0,0,0,0,0
"WYBasX-001",1,12.5,"ARTRW8","OPPO","KOMA","","","M",0,0,0,0,0,0
"WYBasX-001",1,13,"N","HL","","","","S",0,0,0,0,0,0
"WYBasX-001",1,13.5,"N","","","","","S",0,0,0,0,0,0
"WYBasX-001",1,14,"BOGR2","","","","","BOGR2",0,0,0,0,0,0
"WYBasX-001",1,14.5,"N","","","","","S",0,0,0,0,0,0
"WYBasX-001",1,15,"N","","","","","S",0,0,0,0,0,0
"WYBasX-001",1,15.5,"N","","","","","S",0,0,0,0,0,0
"WYBasX-001",1,16,"N","HL","","","","S",0,0,0,0,0,0
"WYBasX-001",1,16.5,"HECO26","BOGR2","HL","","","S",0,0,0,0,0,0
"WYBasX-001",1,17,"HECO26","","","","","S",0,0,0,0,0,0
"WYBasX-001",1,17.5,"N","","","","","S",0,0,0,0,0,0
"WYBasX-001",1,18,"ARTRW8","HECO26","HL","","","S",0,0,0,0,0,0
"WYBasX-001",1,18.5,"N","HL","","","","S",0,0,0,0,0,0
"WYBasX-001",1,19,"HECO26","","","","","S",0,0,0,0,0,0
"WYBasX-001",1,19.5,"ARTRW8","HL","","","","S",0,0,0,0,0,0
"WYBasX-001",1,20,"HECO26","BOGR2","","","","S",0,0,0,0,0,0
"WYBasX-001",1,20.5,"ARTRW8","HL","","","","ARTRW8",0,0,0,0,0,0
"WYBasX-001",1,21,"N","HL","","","","S",0,0,0,0,0,0
"WYBasX-001",1,21.5,"N","HL","","","","S",0,0,0,0,0,0
"WYBasX-001",1,22,"N","","","","","S",0,0,0,0,0,0
"WYBasX-001",1,22.5,"ARFR4","HL","","","","S",1,0,0,0,0,0
"WYBasX-001",1,23,"N","HL","","","","S",0,0,0,0,0,0
"WYBasX-001",1,23.5,"ARTRW8","COUM","","","","M",0,0,0,0,0,0
"WYBasX-001",1,24,"ARTRW8","HL","","","","S",0,0,0,0,0,0
"WYBasX-001",1,24.5,"BOGR2","HL","","","","S",1,0,0,0,0,0
"WYBasX-001",1,25,"N","","","","","GR",0,0,0,0,0,0
"WYBasX-001",2,0.5,"N","","","","","S",0,0,0,0,0,0
"WYBasX-001",2,1,"N","","","","","S",0,0,0,0,0,0
"WYBasX-001",2,1.5,"N","","","","","S",0,0,0,0,0,0
"WYBasX-001",2,2,"BOGR2","","","","","S",1,0,0,0,0,0
"WYBasX-001",2,2.5,"N","","","","","S",0,0,0,0,0,0
"WYBasX-001",2,3,"ARTRW8","HL","","","","S",1,0,0,0,0,0
"WYBasX-001",2,3.5,"N","","","","","GR",0,0,0,0,0,0
"WYBasX-001",2,4,"N","","","","","S",0,0,0,0,0,0
"WYBasX-001",2,4.5,"HECO26","HL","","","","S",0,0,0,0,0,0
"WYBasX-001",2,5,"CHVI8","","","","","S",0,0,0,0,0,0
"WYBasX-001",2,5.5,"N","","","","","S",0,0,0,0,0,0
"WYBasX-001",2,6,"N","","","","","S",0,0,0,0,0,0
"WYBasX-001",2,6.5,"N","HL","","","","S",0,0,0,0,0,0
"WYBasX-001",2,7,"N","HL","","","","S",0,0,0,0,0,0
"WYBasX-001",2,7.5,"N","","","","","S",0,0,0,0,0,0
"WYBasX-001",2,8,"N","HL","","","","S",0,0,0,0,0,0
"WYBasX-001",2,8.5,"ARTRW8","HECO26","HL","","","S",0,0,0,0,0,0
"WYBasX-001",2,9,"N","","","","","S",0,0,0,0,0,0
"WYBasX-001",2,9.5,"N","","","","","S",0,0,0,0,0,0
"WYBasX-001",2,10,"N","","","","","S",0,0,0,0,0,0
"WYBasX-001",2,10.5,"N","","","","","S",0,0,0,0,0,0
"WYBasX-001",2,11,"N","HL","","","","S",0,0,0,0,0,0
"WYBasX-001",2,11.5,"ARTRW8","HL","","","","S",0,0,0,0,0,0
"WYBasX-001",2,12,"HECO26","HL","","","","S",0,0,0,0,0,0
"WYBasX-001",2,12.5,"N","HL","","","","S",0,0,0,0,0,0
"WYBasX-001",2,13,"N","","","","","S",0,0,0,0,0,0
"WYBasX-001",2,13.5,"ARTRW8","HYRI","HL","","","S",0,0,0,0,0,0
"WYBasX-001",2,14,"N","HL","","","","S",0,0,0,0,0,0
"WYBasX-001",2,14.5,"N","HL","","","","S",0,0,0,0,0,0
"WYBasX-001",2,15,"ARTRW8","VL","HL","","","S",1,0,0,0,0,0
"WYBasX-001",2,15.5,"ARTRW8","BOGR2","","","","BOGR2",0,0,0,0,0,0
"WYBasX-001",2,16,"N","","","","","S",0,0,0,0,0,0
"WYBasX-001",2,16.5,"N","HL","","","","S",0,0,0,0,0,0
"WYBasX-001",2,17,"N","","","","","S",0,0,0,0,0,0
"WYBasX-001",2,17.5,"N","HL","","","","S",0,0,0,0,0,0
"WYBasX-001",2,18,"ARTRW8","HL","","","","M",0,0,0,0,0,0
"WYBasX-001",2,18.5,"ASTRAPF","CHVI8","HL","","","S",0,0,0,0,0,0
"WYBasX-001",2,19,"N","WL","","","","S",0,0,0,0,0,0
"WYBasX-001",2,19.5,"N","","","","","S",0,0,0,0,0,0
"WYBasX-001",2,20,"N","HL","","","","S",0,0,0,0,0,0
"WYBasX-001",2,20.5,"ARTRW8","LIIN2","HL","","","S",0,0,0,0,0,0
"WYBasX-001",2,21,"N","HL","","","","S",0,0,0,0,0,0
"WYBasX-001",2,21.5,"ARTRW8","HL","","","","S",0,0,0,0,0,0
"WYBasX-001",2,22,"ARTRW8","HECO26","","","","S",0,0,0,0,0,0
"WYBasX-001",2,22.5,"ARFR4","HECO26","HL","","","S",0,0,0,0,0,0
"WYBasX-001",2,23,"HECO26","HL","","","","S",0,0,0,0,0,0
"WYBasX-001",2,23.5,"ARTRW8","HL","","","","ARTRW8",1,0,0,0,0,1
"WYBasX-001",2,24,"HECO26","HL","","","","S",0,0,0,0,0,0
"WYBasX-001",2,24.5,"BOGR2","","","","","BOGR2",1,0,0,0,0,1
"WYBasX-001",2,25,"N","HL","","","","S",0,0,0,0,0,0
"WYBasX-001",3,0.5,"ASTRAPF","BOGR2","","","","BOGR2",0,1,0,0,0,1
"WYBasX-001",3,1,"PASM","","","","","S",0,0,0,0,0,0
"WYBasX-001",3,1.5,"HECO26","HL","","","","S",0,0,0,0,0,0
"WYBasX-001",3,2,"ARTRW8","HL","","","","S",0,0,0,0,0,0
"WYBasX-001",3,2.5,"N","","","","","S",0,0,0,0,0,0
"WYBasX-001",3,3,"N","HL","","","","S",0,0,0,0,0,0
"WYBasX-001",3,3.5,"N","HL","","","","S",0,0,0,0,0,0
"WYBasX-001",3,4,"HECO26","HL","","","","S",0,0,0,0,0,0
"WYBasX-001",3,4.5,"ARTRW8","HECO26","","","","S",0,1,0,0,0,0
"WYBasX-001",3,5,"ARTRW8","","","","","S",1,0,0,0,0,0
"WYBasX-001",3,5.5,"N","","","","","S",0,0,0,0,0,0
"WYBasX-001",3,6,"BOGR2","","","","","S",0,0,0,0,0,0
"WYBasX-001",3,6.5,"HECO26","","","","","S",0,0,0,0,0,0
"WYBasX-001",3,7,"ARTRW8","","","","","S",0,0,0,0,0,0
"WYBasX-001",3,7.5,"ARTRW8","HL","","","","S",1,0,0,0,0,0
"WYBasX-001",3,8,"ARTRW8","HL","","","","S",1,0,0,0,0,0
"WYBasX-001",3,8.5,"ELEL5","","","","","S",0,0,0,0,0,0
"WYBasX-001",3,9,"N","HL","","","","S",0,0,0,0,0,0
"WYBasX-001",3,9.5,"N","","","","","S",0,0,0,0,0,0
"WYBasX-001",3,10,"N","HL","","","","M",0,0,0,0,0,0
"WYBasX-001",3,10.5,"N","HL","","","","S",0,0,0,0,0,0
"WYBasX-001",3,11,"BOGR2","","","","","BOGR2",0,0,0,0,0,0
"WYBasX-001",3,11.5,"N","HL","","","","S",0,0,0,0,0,0
"WYBasX-001",3,12,"BOGR2","","","","","S",1,0,0,0,0,0
"WYBasX-001",3,12.5,"N","","","","","S",0,0,0,0,0,0
"WYBasX-001",3,13,"BOGR2","HL","","","","S",0,0,0,0,0,0
"WYBasX-001",3,13.5,"N","HL","","","","S",0,0,0,0,0,0
"WYBasX-001",3,14,"ARTRW8","HL","","","","S",0,0,0,0,0,0
"WYBasX-001",3,14.5,"HECO26","","","","","S",0,0,0,0,0,0
"WYBasX-001",3,15,"N","HL","","","","S",0,0,0,0,0,0
"WYBasX-001",3,15.5,"N","","","","","S",0,0,0,0,0,0
"WYBasX-001",3,16,"HECO26","","","","","S",0,0,0,0,0,0
"WYBasX-001",3,16.5,"HECO26","","","","","S",0,0,0,0,0,0
"WYBasX-001",3,17,"N","HL","","","","S",0,0,0,0,0,0
"WYBasX-001",3,17.5,"N","HL","","","","S",0,0,0,0,0,0
"WYBasX-001",3,18,"N","HL","","","","S",0,0,0,0,0,0
"WYBasX-001",3,18.5,"ARTRW8","","","","","S",0,0,0,0,0,0
"WYBasX-001",3,19,"N","HL","","","","S",0,0,0,0,0,0
"WYBasX-001",3,19.5,"ARTRW8","COUM","HL","","","S",1,1,0,0,0,0
"WYBasX-001",3,20,"N","","","","","CB",0,0,0,0,0,0
"WYBasX-001",3,20.5,"N","","","","","S",0,0,0,0,0,0
"WYBasX-001",3,21,"ARTRW8","HL","","","","S",0,0,0,0,0,0
"WYBasX-001",3,21.5,"N","","","","","S",0,0,0,0,0,0
"WYBasX-001",3,22,"N","HL","","","","S",0,0,0,0,0,0
"WYBasX-001",3,22.5,"ELEL5","HL","","","","S",0,0,0,0,0,0
"WYBasX-001",3,23,"N","","","","","S",0,0,0,0,0,0
"WYBasX-001",3,23.5,"BOGR2","HL","","","","S",0,0,0,0,0,0
"WYBasX-001",3,24,"N","","","","","S",0,0,0,0,0,0
"WYBasX-001",3,24.5,"BOGR2","","","","","S",0,0,0,0,0,0
"WYBasX-001",3,25,"BOGR2","","","","","S",0,0,0,0,0,0
